Date,Open,High,Low,Close,Volume
1970-06-01,2.9167,3.0833,2.8958,3.0833,0
1970-06-02,3.0833,3.1042,3.0312,3.1042,0
1970-06-03,3.1042,3.1146,3.0312,3.0833,0
1970-06-04,3.0833,3.1250,2.9688,3.0938,0
1970-06-05,3.0833,3.0833,3.0208,3.0625,0
1970-06-08,3.0417,3.0417,2.9792,3.0104,0
1970-06-09,3.0104,3.0208,2.9583,2.9688,0
1970-06-10,2.9688,3.0208,2.9583,2.9688,0
1970-06-11,2.9479,2.9479,2.8958,2.9167,0
1970-06-12,2.9167,2.9271,2.8438,2.8750,0
1970-06-15,2.8750,2.9167,2.8646,2.8958,0
1970-06-16,2.8958,3.0417,2.8854,2.9792,0
1970-06-17,2.9896,3.0938,2.9896,2.9896,0
1970-06-18,2.9896,3.0625,2.9688,3.0000,0
1970-06-19,3.0000,3.0833,2.9583,3.0000,0
1970-06-22,3.0000,3.0417,2.9792,3.0208,0
1970-06-23,3.0208,3.0417,2.9792,3.0000,0
1970-06-24,3.0000,3.0625,2.9479,3.0000,0
1970-06-25,3.0000,3.0521,2.9688,2.9688,0
1970-06-26,2.9688,3.0000,2.9479,2.9479,0
1970-06-29,2.9479,2.9688,2.8854,2.8854,0
1970-06-30,2.8854,2.9271,2.8750,2.8854,0
1970-07-01,2.8750,2.8750,2.7812,2.8021,0
1970-07-02,2.8021,2.8229,2.7500,2.7708,0
1970-07-06,2.7083,2.7083,2.6250,2.6458,0
1970-07-07,2.6458,2.7708,2.5938,2.5938,0
1970-07-08,2.5938,2.6458,2.5625,2.6354,0
1970-07-09,2.6458,2.6979,2.6458,2.6562,0
1970-07-10,2.6562,2.6562,2.6458,2.6458,0
1970-07-13,2.6458,2.6562,2.5938,2.5938,0
1970-07-14,2.5938,2.6250,2.5104,2.5208,0
1970-07-15,2.5208,2.6042,2.5000,2.5833,0
1970-07-16,2.6042,2.7812,2.6042,2.7292,0
1970-07-17,2.7708,2.9167,2.7708,2.8229,0
1970-07-20,2.8229,2.8333,2.7917,2.8021,0
1970-07-21,2.8021,2.8229,2.7083,2.8229,0
1970-07-22,2.8229,2.8333,2.7604,2.7604,0
1970-07-23,2.7604,2.8333,2.7188,2.8333,0
1970-07-24,2.8021,2.8021,2.7292,2.7604,0
1970-07-27,2.7500,2.7500,2.6667,2.7083,0
1970-07-28,2.7083,2.7396,2.6875,2.6979,0
1970-07-29,2.7083,2.7708,2.7083,2.7083,0
1970-07-30,2.7083,2.7083,2.6771,2.6979,0
1970-07-31,2.6979,2.7292,2.6771,2.7292,0
1970-08-03,2.7292,2.7500,2.7188,2.7396,0
1970-08-04,2.7292,2.7292,2.6562,2.7292,0
1970-08-05,2.7292,2.7500,2.6667,2.7292,0
1970-08-06,2.7292,2.7708,2.7083,2.7292,0
1970-08-07,2.7292,2.7812,2.7292,2.7812,0
1970-08-10,2.7812,2.8021,2.7396,2.7812,0
1970-08-11,2.7500,2.7500,2.6979,2.7083,0
1970-08-12,2.7083,2.7188,2.6771,2.7083,0
1970-08-13,2.7083,2.7083,2.6667,2.6667,0
1970-08-14,2.6667,2.7083,2.6458,2.6458,0
1970-08-17,2.6458,2.6875,2.6042,2.6042,0
1970-08-18,2.6042,2.6667,2.6042,2.6562,0
1970-08-19,2.6562,2.6771,2.6354,2.6354,0
1970-08-20,2.6354,2.6562,2.6250,2.6458,0
1970-08-21,2.6458,2.8229,2.6146,2.8229,0
1970-08-24,2.8229,2.8542,2.7917,2.8333,0
1970-08-25,2.8333,2.8646,2.7500,2.8333,0
1970-08-26,2.8333,2.9271,2.7917,2.8958,0
1970-08-27,2.8958,2.9167,2.8125,2.8125,0
1970-08-28,2.8125,2.8750,2.8125,2.8125,0
1970-08-31,2.8125,2.8229,2.6875,2.7812,0
1970-09-01,2.7812,2.8021,2.7500,2.7604,0
1970-09-02,2.7708,2.8333,2.7708,2.7917,0
1970-09-03,2.7917,2.8125,2.7708,2.7708,0
1970-09-04,2.7708,2.8646,2.7604,2.8542,0
1970-09-08,2.8542,2.8542,2.8021,2.8333,0
1970-09-09,2.8333,2.8542,2.8021,2.8438,0
1970-09-10,2.8438,2.8542,2.8333,2.8542,0
1970-09-11,2.8542,2.8646,2.8333,2.8333,0
1970-09-14,2.8333,2.8542,2.8125,2.8229,0
1970-09-15,2.8229,2.8542,2.8229,2.8229,0
1970-09-16,2.8229,2.8438,2.8229,2.8333,0
1970-09-17,2.8438,2.8750,2.8438,2.8542,0
1970-09-18,2.8542,2.8958,2.8333,2.8750,0
1970-09-21,2.8750,2.8854,2.8438,2.8542,0
1970-09-22,2.8542,2.8750,2.8438,2.8542,0
1970-09-23,2.8542,2.9167,2.8438,2.9062,0
1970-09-24,2.9062,2.9792,2.8958,2.9167,0
1970-09-25,2.9271,2.9896,2.9271,2.9896,0
1970-09-28,2.9896,2.9896,2.9375,2.9479,0
1970-09-29,2.9479,2.9896,2.9167,2.9583,0
1970-09-30,2.9583,2.9896,2.9167,2.9688,0
1970-10-01,2.9688,2.9896,2.9271,2.9479,0
1970-10-02,2.9583,3.0000,2.9583,2.9896,0
1970-10-05,3.0000,3.0521,3.0000,3.0521,0
1970-10-06,3.0521,3.1146,3.0417,3.0938,0
1970-10-07,3.0938,3.1250,3.0104,3.0104,0
1970-10-08,3.0104,3.0729,2.9688,3.0312,0
1970-10-09,3.0208,3.0208,2.9583,2.9583,0
1970-10-12,2.9583,2.9583,2.8958,2.9167,0
1970-10-13,2.8958,2.8958,2.8021,2.8542,0
1970-10-14,2.8750,2.9375,2.8750,2.9062,0
1970-10-15,2.9062,2.9479,2.9062,2.9479,0
1970-10-16,2.9479,2.9583,2.8958,2.9375,0
1970-10-19,2.9375,2.9375,2.9062,2.9062,0
1970-10-20,2.9062,2.9271,2.8854,2.8958,0
1970-10-21,2.8958,2.8958,2.8646,2.8750,0
1970-10-22,2.8750,2.8750,2.8333,2.8438,0
1970-10-23,2.8438,2.8750,2.8438,2.8750,0
1970-10-26,2.8646,2.8646,2.8021,2.8646,0
1970-10-27,2.8646,2.8958,2.8542,2.8958,0
1970-10-28,2.8854,2.8854,2.8542,2.8854,0
1970-10-29,2.8750,2.8750,2.8438,2.8542,0
1970-10-30,2.8542,2.8750,2.8438,2.8750,0
1970-11-02,2.8750,2.8750,2.8333,2.8750,0
1970-11-03,2.8750,2.8854,2.8646,2.8646,0
1970-11-04,2.8854,2.9271,2.8854,2.8958,0
1970-11-05,2.8958,2.9375,2.8854,2.9375,0
1970-11-06,2.9375,2.9792,2.9375,2.9375,0
1970-11-09,2.9583,3.0312,2.9583,3.0104,0
1970-11-10,3.0104,3.0312,2.9792,2.9792,0
1970-11-11,2.9792,3.0625,2.9792,3.0208,0
1970-11-12,3.0208,3.0312,3.0000,3.0000,0
1970-11-13,2.9792,2.9792,2.9167,2.9271,0
1970-11-16,2.9271,2.9375,2.9167,2.9167,0
1970-11-17,2.9167,2.9688,2.9167,2.9375,0
1970-11-18,2.9375,3.0000,2.9375,3.0000,0
1970-11-19,3.0000,3.0208,2.9479,3.0000,0
1970-11-20,3.0000,3.0000,2.9583,2.9792,0
1970-11-23,2.9792,3.0521,2.9688,3.0417,0
1970-11-24,3.0417,3.0729,3.0104,3.0521,0
1970-11-25,3.0521,3.1146,3.0417,3.1042,0
1970-11-27,3.1146,3.1979,3.1146,3.1979,0
1970-11-30,3.1979,3.2604,3.1875,3.2292,0
1970-12-01,3.2500,3.3542,3.2500,3.3125,0
1970-12-02,3.3125,3.4167,3.3125,3.4167,0
1970-12-03,3.4167,3.5000,3.3750,3.4479,0
1970-12-04,3.4167,3.4167,3.3750,3.4062,0
1970-12-07,3.4271,3.4583,3.4271,3.4479,0
1970-12-08,3.4479,3.4688,3.4271,3.4375,0
1970-12-09,3.4375,3.4479,3.3958,3.3958,0
1970-12-10,3.3958,3.4896,3.3958,3.4583,0
1970-12-11,3.4583,3.5104,3.4583,3.5104,0
1970-12-14,3.5000,3.5000,3.4688,3.4896,0
1970-12-15,3.4896,3.4896,3.4062,3.4167,0
1970-12-16,3.4167,3.4583,3.4062,3.4479,0
1970-12-17,3.4479,3.4688,3.4271,3.4583,0
1970-12-18,3.4583,3.4896,3.4375,3.4583,0
1970-12-21,3.4583,3.4792,3.4271,3.4479,0
1970-12-22,3.4479,3.4792,3.4479,3.4479,0
1970-12-23,3.4479,3.4583,3.3958,3.4479,0
1970-12-24,3.4479,3.4688,3.4167,3.4479,0
1970-12-28,3.4479,3.4792,3.4271,3.4792,0
1970-12-29,3.4792,3.5833,3.4688,3.5625,0
1970-12-30,3.5833,3.6667,3.5833,3.5938,0
1970-12-31,3.5938,3.5938,3.5417,3.5625,0
1971-01-04,3.5625,3.5729,3.5104,3.5208,0
1971-01-05,3.5208,3.5729,3.5104,3.5208,0
1971-01-06,3.5312,3.5833,3.5312,3.5625,0
1971-01-07,3.5625,3.6250,3.5625,3.5625,0
1971-01-08,3.5625,3.6250,3.5417,3.5625,0
1971-01-11,3.5625,3.6146,3.5417,3.5521,0
1971-01-12,3.6875,3.7396,3.6875,3.7396,0
1971-01-13,3.7396,3.7396,3.6875,3.6875,0
1971-01-14,3.6875,3.7292,3.6562,3.6562,0
1971-01-15,3.6771,3.7812,3.6771,3.7292,0
1971-01-18,3.7396,3.8125,3.7396,3.7812,0
1971-01-19,3.8021,3.9583,3.8021,3.9375,0
1971-01-20,3.8750,3.8750,3.7708,3.8229,0
1971-01-21,3.7917,3.7917,3.7396,3.7604,0
1971-01-22,3.7604,3.8229,3.7604,3.8125,0
1971-01-25,3.8125,3.9062,3.8021,3.9062,0
1971-01-26,3.9062,3.9375,3.8854,3.9062,0
1971-01-27,3.9062,3.9062,3.8438,3.8646,0
1971-01-28,3.8750,3.9375,3.8750,3.9167,0
1971-01-29,3.9375,3.9792,3.9375,3.9688,0
1971-02-01,3.9688,4.0104,3.9688,4.0000,0
1971-02-02,4.0000,4.0000,3.9792,3.9792,0
1971-02-03,3.9792,4.0000,3.9688,3.9688,0
1971-02-04,3.9688,3.9896,3.9688,3.9792,0
1971-02-05,3.9792,4.0000,3.9688,3.9792,0
1971-02-08,3.9688,3.9688,3.9271,3.9375,0
1971-02-09,3.9375,3.9896,3.8854,3.9167,0
1971-02-10,3.9167,3.9375,3.8542,3.8542,0
1971-02-11,3.8646,3.9062,3.8646,3.8750,0
1971-02-12,3.9167,3.9688,3.9167,3.9375,0
1971-02-16,3.9375,3.9896,3.8958,3.9375,0
1971-02-17,3.9375,3.9375,3.8854,3.8854,0
1971-02-18,3.9375,4.0000,3.9375,3.9375,0
1971-02-19,3.9375,3.9375,3.8438,3.8438,0
1971-02-22,3.8229,3.8229,3.7292,3.7396,0
1971-02-23,3.7396,3.8229,3.7188,3.8021,0
1971-02-24,3.8229,3.8542,3.8229,3.8229,0
1971-02-25,3.8333,3.8958,3.8333,3.8750,0
1971-02-26,3.8750,3.9062,3.8750,3.9062,0
1971-03-01,3.9062,3.9167,3.8854,3.9167,0
1971-03-02,3.9271,3.9688,3.9271,3.9583,0
1971-03-03,3.9583,3.9792,3.9271,3.9271,0
1971-03-04,3.9271,3.9479,3.8958,3.9479,0
1971-03-05,3.9688,4.0417,3.9688,4.0208,0
1971-03-08,4.0312,4.0833,4.0312,4.0729,0
1971-03-09,4.0521,4.0521,3.9792,3.9896,0
1971-03-10,3.9896,4.0000,3.8854,3.8958,0
1971-03-11,3.8854,3.9688,3.8854,3.9375,0
1971-03-12,3.9375,3.9583,3.9271,3.9583,0
1971-03-15,3.9583,3.9896,3.9375,3.9375,0
1971-03-16,3.9375,3.9896,3.9271,3.9583,0
1971-03-17,3.9583,4.0625,3.9583,3.9688,0
1971-03-18,3.9688,4.0312,3.9688,3.9688,0
1971-03-19,3.9688,4.0000,3.9271,3.9792,0
1971-03-22,3.9792,4.0208,3.9375,3.9896,0
1971-03-23,3.9896,4.0104,3.9583,3.9792,0
1971-03-24,3.9688,3.9688,3.9271,3.9583,0
1971-03-25,3.9479,3.9479,3.9167,3.9167,0
1971-03-26,3.9167,3.9792,3.9167,3.9792,0
1971-03-29,3.9792,3.9792,3.9167,3.9271,0
1971-03-30,3.9167,3.9167,3.9062,3.9062,0
1971-03-31,3.9271,3.9792,3.9271,3.9688,0
1971-04-01,3.9688,3.9896,3.9375,3.9896,0
1971-04-02,3.9896,4.0000,3.9583,3.9792,0
1971-04-05,3.9792,4.0208,3.9375,4.0000,0
1971-04-06,4.0000,4.0938,3.9896,4.0729,0
1971-04-07,4.1146,4.1979,4.1146,4.1771,0
1971-04-08,4.1771,4.1979,4.1771,4.1771,0
1971-04-12,4.1771,4.2604,4.1667,4.2604,0
1971-04-13,4.2604,4.3333,4.2604,4.3229,0
1971-04-14,4.3229,4.4375,4.2917,4.3021,0
1971-04-15,4.3229,4.3750,4.3229,4.3438,0
1971-04-16,4.3438,4.3750,4.2917,4.3333,0
1971-04-19,4.3333,4.4167,4.3333,4.3958,0
1971-04-20,4.3958,4.4062,4.3646,4.4062,0
1971-04-21,4.4062,4.4792,4.3854,4.4583,0
1971-04-22,4.4583,4.4792,4.4271,4.4271,0
1971-04-23,4.4271,4.4479,4.3958,4.4062,0
1971-04-26,4.4062,4.4479,4.3438,4.3542,0
1971-04-27,4.3542,4.4479,4.3542,4.4062,0
1971-04-28,4.4167,4.4792,4.4167,4.4375,0
1971-04-29,4.4375,4.4583,4.4167,4.4271,0
1971-04-30,4.4271,4.4583,4.3958,4.4583,0
1971-05-03,4.4583,4.4792,4.4375,4.4688,0
1971-05-04,4.4688,4.5208,4.4167,4.5208,0
1971-05-05,4.5000,4.5000,4.4479,4.4792,0
1971-05-06,4.4583,4.4583,4.3542,4.3958,0
1971-05-07,4.3958,4.3958,4.3021,4.3854,0
1971-05-10,4.3646,4.3646,4.3021,4.3542,0
1971-05-11,4.3542,4.4479,4.3438,4.4167,0
1971-05-12,4.4167,4.4896,4.3958,4.4583,0
1971-05-13,4.4375,4.4375,4.3854,4.4271,0
1971-05-14,4.4271,4.4479,4.4062,4.4062,0
1971-05-17,4.3854,4.3854,4.3229,4.3542,0
1971-05-18,4.3542,4.3750,4.3021,4.3229,0
1971-05-19,4.3229,4.3542,4.2708,4.2917,0
1971-05-20,4.2917,4.2917,4.2604,4.2604,0
1971-05-21,4.2604,4.2917,4.2292,4.2917,0
1971-05-24,4.2812,4.2812,4.1875,4.2188,0
1971-05-25,4.1979,4.1979,4.0625,4.1667,0
1971-05-26,4.1667,4.1771,4.0938,4.1250,0
1971-05-27,4.1146,4.1146,4.0417,4.0417,0
1971-05-28,4.0417,4.1250,4.0312,4.1250,0
1971-06-01,4.1250,4.1667,4.0938,4.1562,0
1971-06-02,4.1562,4.2500,4.1562,4.2500,0
1971-06-03,4.2500,4.3333,4.2396,4.3333,0
1971-06-04,4.3333,4.3854,4.3333,4.3646,0
1971-06-07,4.3646,4.4062,4.3333,4.3542,0
1971-06-08,4.3542,4.3542,4.2500,4.2500,0
1971-06-09,4.2292,4.2292,4.1250,4.1562,0
1971-06-10,4.1562,4.2292,4.1354,4.1667,0
1971-06-11,4.1667,4.2083,4.1458,4.1667,0
1971-06-14,4.1771,4.2292,4.1771,4.2292,0
1971-06-15,4.2292,4.3125,4.1875,4.2812,0
1971-06-16,4.2812,4.2917,4.2083,4.2292,0
1971-06-17,4.2188,4.2188,4.1771,4.2083,0
1971-06-18,4.1667,4.1667,4.0625,4.1250,0
1971-06-21,4.1250,4.1250,4.0521,4.0521,0
1971-06-22,4.0521,4.0833,4.0417,4.0729,0
1971-06-23,4.0729,4.1875,4.0417,4.1562,0
1971-06-24,4.1354,4.1354,4.0833,4.1146,0
1971-06-25,4.1146,4.1250,4.0521,4.0521,0
1971-06-28,4.0521,4.0729,4.0521,4.0729,0
1971-06-29,4.0729,4.1354,4.0625,4.1250,0
1971-06-30,4.1250,4.1458,4.0625,4.0625,0
1971-07-01,4.0625,4.1146,4.0521,4.0625,0
1971-07-02,4.0625,4.0729,4.0521,4.0625,0
1971-07-06,4.0625,4.0625,4.0208,4.0312,0
1971-07-07,4.0417,4.0833,4.0417,4.0625,0
1971-07-08,4.0625,4.1042,4.0625,4.0833,0
1971-07-09,4.0833,4.0938,4.0417,4.0417,0
1971-07-12,4.0417,4.0833,4.0104,4.0417,0
1971-07-13,4.0417,4.0521,4.0104,4.0312,0
1971-07-14,4.0312,4.0938,4.0000,4.0104,0
1971-07-15,4.0104,4.0729,4.0104,4.0312,0
1971-07-16,4.0312,4.0833,4.0208,4.0521,0
1971-07-19,4.0417,4.0417,3.9792,3.9792,0
1971-07-20,3.9792,4.0625,3.9792,4.0417,0
1971-07-21,4.0417,4.1042,4.0417,4.0729,0
1971-07-22,4.0729,4.1562,4.0625,4.1042,0
1971-07-23,4.1042,4.1458,4.1042,4.1042,0
1971-07-26,4.1250,4.1667,4.1250,4.1667,0
1971-07-27,4.1667,4.1667,4.1354,4.1562,0
1971-07-28,4.1562,4.1875,4.1250,4.1562,0
1971-07-29,4.1562,4.1771,4.1042,4.1458,0
1971-07-30,4.1458,4.1562,4.0000,4.0625,0
1971-08-02,4.0729,4.1562,4.0729,4.1562,0
1971-08-03,4.1562,4.1562,4.0938,4.0938,0
1971-08-04,4.0938,4.1146,3.9167,3.9167,0
1971-08-05,3.9167,3.9375,3.8542,3.8646,0
1971-08-06,3.8646,3.9167,3.8438,3.9167,0
1971-08-09,3.8958,3.8958,3.7708,3.8229,0
1971-08-10,3.8229,3.8958,3.8125,3.8750,0
1971-08-11,3.8750,3.9062,3.8750,3.8750,0
1971-08-12,3.9167,4.1042,3.9167,4.1042,0
1971-08-13,4.1042,4.1042,3.9479,3.9792,0
1971-08-16,4.1979,4.2812,4.1979,4.2083,0
1971-08-17,4.2708,4.5729,4.2708,4.5521,0
1971-08-18,4.5312,4.5312,4.3854,4.4583,0
1971-08-19,4.4583,4.5000,4.3958,4.4271,0
1971-08-20,4.4271,4.4896,4.3958,4.4583,0
1971-08-23,4.4688,4.5729,4.4688,4.5729,0
1971-08-24,4.5729,4.6250,4.5521,4.5833,0
1971-08-25,4.5833,4.5938,4.5208,4.5312,0
1971-08-26,4.5312,4.5729,4.5312,4.5521,0
1971-08-27,4.5521,4.5729,4.5000,4.5000,0
1971-08-30,4.5000,4.5104,4.4583,4.4583,0
1971-08-31,4.4583,4.4896,4.4479,4.4896,0
1971-09-01,4.4896,4.5312,4.4375,4.5000,0
1971-09-02,4.5000,4.5417,4.5000,4.5208,0
1971-09-03,4.5417,4.5938,4.5417,4.5938,0
1971-09-07,4.5938,4.6458,4.5938,4.6250,0
1971-09-08,4.6250,4.6458,4.5625,4.6146,0
1971-09-09,4.6146,4.6562,4.5938,4.6250,0
1971-09-10,4.6250,4.6458,4.6146,4.6354,0
1971-09-13,4.6354,4.6562,4.6250,4.6458,0
1971-09-14,4.6250,4.6250,4.6146,4.6146,0
1971-09-15,4.6146,4.6458,4.6146,4.6354,0
1971-09-16,4.6354,4.6354,4.5938,4.5938,0
1971-09-17,4.5938,4.6250,4.5208,4.5833,0
1971-09-20,4.5729,4.5729,4.5312,4.5521,0
1971-09-21,4.5521,4.5729,4.5312,4.5312,0
1971-09-22,4.4896,4.4896,4.2500,4.2708,0
1971-09-23,4.2708,4.3125,4.2292,4.2292,0
1971-09-24,4.2292,4.2604,4.1667,4.1771,0
1971-09-27,4.1771,4.1979,4.1042,4.1771,0
1971-09-28,4.1771,4.2500,4.1771,4.2083,0
1971-09-29,4.2083,4.2500,4.2083,4.2292,0
1971-09-30,4.2292,4.2396,4.1875,4.2396,0
1971-10-01,4.1875,4.1875,4.0417,4.0625,0
1971-10-04,4.1146,4.1562,4.1146,4.1458,0
1971-10-05,4.1458,4.1979,4.1458,4.1667,0
1971-10-06,4.1667,4.1979,4.1146,4.1562,0
1971-10-07,4.1562,4.1771,4.1354,4.1562,0
1971-10-08,4.1562,4.1667,4.0938,4.0938,0
1971-10-11,4.0938,4.1146,4.0625,4.0625,0
1971-10-12,4.0625,4.1250,4.0625,4.1250,0
1971-10-13,4.1250,4.1562,4.0938,4.1042,0
1971-10-14,4.1042,4.1250,4.0729,4.0938,0
1971-10-15,4.0938,4.1042,4.0729,4.0729,0
1971-10-18,4.0729,4.1042,4.0208,4.0208,0
1971-10-19,3.8958,3.8958,3.7292,3.8021,0
1971-10-20,3.7917,3.7917,3.5938,3.6250,0
1971-10-21,3.6250,3.6667,3.5938,3.6667,0
1971-10-22,3.6667,3.7083,3.6250,3.6562,0
1971-10-25,3.6562,3.6667,3.6250,3.6562,0
1971-10-26,3.6562,3.7188,3.6458,3.6667,0
1971-10-27,3.6667,3.6667,3.6146,3.6562,0
1971-10-28,3.6562,3.7083,3.6042,3.6667,0
1971-10-29,3.6667,3.6979,3.6458,3.6771,0
1971-11-01,3.6771,3.6875,3.6458,3.6667,0
1971-11-02,3.6667,3.7188,3.6250,3.6771,0
1971-11-03,3.6875,3.7500,3.6875,3.7500,0
1971-11-04,3.7500,3.7708,3.7292,3.7604,0
1971-11-05,3.7604,3.8021,3.7604,3.8021,0
1971-11-08,3.8021,3.8542,3.8021,3.8438,0
1971-11-09,3.8438,3.8958,3.8229,3.8646,0
1971-11-10,3.8646,3.8854,3.7083,3.7500,0
1971-11-11,3.7292,3.7292,3.6042,3.6250,0
1971-11-12,3.6250,3.6562,3.5417,3.6146,0
1971-11-15,3.6146,3.6146,3.4792,3.4896,0
1971-11-16,3.4896,3.5104,3.4167,3.4896,0
1971-11-17,3.4896,3.5417,3.4896,3.5417,0
1971-11-18,3.5417,3.5417,3.4375,3.4479,0
1971-11-19,3.3750,3.3750,3.2708,3.2917,0
1971-11-22,3.2917,3.2917,3.2083,3.2188,0
1971-11-23,3.2188,3.2188,3.1771,3.1875,0
1971-11-24,3.1979,3.2188,3.1979,3.2083,0
1971-11-26,3.2083,3.2500,3.1979,3.2500,0
1971-11-29,3.2604,3.3646,3.2604,3.3646,0
1971-11-30,3.3750,3.4896,3.3750,3.4792,0
1971-12-01,3.4792,3.6979,3.4583,3.6562,0
1971-12-02,3.6562,3.6667,3.5729,3.6667,0
1971-12-03,3.6667,3.7917,3.6146,3.7396,0
1971-12-06,3.7396,3.8021,3.6667,3.6771,0
1971-12-07,3.6771,3.6979,3.6458,3.6771,0
1971-12-08,3.6771,3.6979,3.6458,3.6458,0
1971-12-09,3.6458,3.6562,3.6146,3.6354,0
1971-12-10,3.6458,3.6771,3.6458,3.6771,0
1971-12-13,3.6875,3.7292,3.6875,3.7292,0
1971-12-14,3.7500,3.8229,3.7500,3.8125,0
1971-12-15,3.8125,3.8125,3.7708,3.7917,0
1971-12-16,3.8125,3.9792,3.8125,3.9479,0
1971-12-17,3.9688,4.0208,3.9688,4.0208,0
1971-12-20,4.0208,4.1250,3.9688,4.0000,0
1971-12-21,4.0000,4.0000,3.9583,3.9896,0
1971-12-22,3.9896,4.0417,3.9688,4.0000,0
1971-12-23,4.0000,4.0417,3.9792,4.0312,0
1971-12-27,4.0208,4.0208,4.0104,4.0104,0
1971-12-28,4.0104,4.0208,3.9792,3.9896,0
1971-12-29,3.9896,4.0312,3.9792,4.0000,0
1971-12-30,4.0000,4.0104,3.9583,4.0000,0
1971-12-31,3.9896,3.9896,3.9375,3.9375,0
1972-01-03,3.9375,3.9792,3.9375,3.9375,0
1972-01-04,3.9375,3.9688,3.9375,3.9583,0
1972-01-05,3.9583,4.0104,3.9583,3.9896,0
1972-01-06,3.9896,4.0000,3.9688,3.9896,0
1972-01-07,3.9896,4.0000,3.9896,3.9896,0
1972-01-10,3.9896,4.0000,3.9792,4.0000,0
1972-01-11,4.0000,4.0000,3.9688,3.9792,0
1972-01-12,3.9792,4.0000,3.9583,3.9688,0
1972-01-13,3.9688,3.9688,3.8958,3.9271,0
1972-01-14,3.9271,3.9896,3.9062,3.9896,0
1972-01-17,4.0000,4.0833,4.0000,4.0625,0
1972-01-18,4.0625,4.0833,4.0521,4.0625,0
1972-01-19,4.0417,4.0417,3.9688,3.9688,0
1972-01-20,3.9688,4.0312,3.9688,4.0104,0
1972-01-21,4.0104,4.0417,3.9896,3.9896,0
1972-01-24,3.9896,4.0208,3.9792,4.0104,0
1972-01-25,4.0104,4.0312,4.0000,4.0208,0
1972-01-26,4.0208,4.0312,3.9896,4.0000,0
1972-01-27,4.0104,4.0625,4.0104,4.0417,0
1972-01-28,4.0521,4.1458,4.0521,4.0833,0
1972-01-31,4.0833,4.1042,4.0521,4.1042,0
1972-02-01,4.1042,4.1562,4.1042,4.1458,0
1972-02-02,4.1458,4.1562,4.1042,4.1562,0
1972-02-03,4.1458,4.1458,4.1146,4.1250,0
1972-02-04,4.1250,4.1354,4.0729,4.1146,0
1972-02-07,4.1146,4.1250,4.0521,4.0833,0
1972-02-08,4.0833,4.0938,4.0625,4.0625,0
1972-02-09,4.0625,4.0729,4.0417,4.0625,0
1972-02-10,4.0625,4.1146,4.0625,4.0833,0
1972-02-11,4.0833,4.1042,4.0625,4.0625,0
1972-02-14,4.0625,4.1042,4.0521,4.0625,0
1972-02-15,4.0625,4.1354,4.0625,4.1042,0
1972-02-16,4.1250,4.1562,4.1250,4.1250,0
1972-02-17,4.1250,4.1667,4.1250,4.1250,0
1972-02-18,4.1250,4.1458,4.0938,4.1042,0
1972-02-22,4.1354,4.1562,4.1354,4.1458,0
1972-02-23,4.1458,4.1667,4.1354,4.1562,0
1972-02-24,4.1562,4.1562,4.1042,4.1146,0
1972-02-25,4.1146,4.1458,4.0938,4.0938,0
1972-02-28,4.0938,4.1146,4.0521,4.0521,0
1972-02-29,4.0521,4.0625,4.0312,4.0417,0
1972-03-01,4.0417,4.0833,4.0312,4.0729,0
1972-03-02,4.0833,4.1458,4.0833,4.1354,0
1972-03-03,4.1354,4.1667,4.1146,4.1458,0
1972-03-06,4.1458,4.1875,4.1354,4.1771,0
1972-03-07,4.1771,4.2292,4.1771,4.1875,0
1972-03-08,4.1875,4.2500,4.1667,4.2188,0
1972-03-09,4.2188,4.2500,4.1771,4.2188,0
1972-03-10,4.2188,4.2396,4.2083,4.2396,0
1972-03-13,4.2396,4.2812,4.2188,4.2708,0
1972-03-14,4.2708,4.3125,4.2396,4.3021,0
1972-03-15,4.3021,4.4271,4.2917,4.4062,0
1972-03-16,4.4062,4.5312,4.3854,4.4375,0
1972-03-17,4.4375,4.4583,4.4062,4.4375,0
1972-03-20,4.4375,4.4479,4.4062,4.4375,0
1972-03-21,4.4375,4.4375,4.4062,4.4167,0
1972-03-22,4.4167,4.4792,4.4062,4.4583,0
1972-03-23,4.4583,4.4583,4.4271,4.4375,0
1972-03-24,4.4375,4.4375,4.4167,4.4167,0
1972-03-27,4.4167,4.4375,4.3958,4.4167,0
1972-03-28,4.4375,4.4583,4.4375,4.4479,0
1972-03-29,4.4479,4.4688,4.4479,4.4479,0
1972-03-30,4.4479,4.5000,4.4375,4.4792,0
1972-04-03,4.4792,4.5208,4.4792,4.5208,0
1972-04-04,4.5208,4.5312,4.4375,4.4375,0
1972-04-05,4.4479,4.5000,4.4479,4.4792,0
1972-04-06,4.5000,4.5833,4.5000,4.5521,0
1972-04-07,4.5521,4.5729,4.5000,4.5000,0
1972-04-10,4.5000,4.5208,4.4583,4.4583,0
1972-04-11,4.4583,4.5625,4.4583,4.5312,0
1972-04-12,4.5312,4.5833,4.5312,4.5417,0
1972-04-13,4.5417,4.5833,4.5000,4.5729,0
1972-04-14,4.5729,4.5938,4.5417,4.5729,0
1972-04-17,4.5625,4.5625,4.5312,4.5625,0
1972-04-18,4.5625,4.6146,4.5208,4.5938,0
1972-04-19,4.5938,4.6250,4.5833,4.5938,0
1972-04-20,4.5938,4.6042,4.5521,4.6042,0
1972-04-21,4.6042,4.6146,4.5521,4.5625,0
1972-04-24,4.5625,4.5833,4.5521,4.5625,0
1972-04-25,4.5625,4.6042,4.5312,4.5729,0
1972-04-26,4.5729,4.5833,4.5312,4.5312,0
1972-04-27,4.5312,4.5938,4.5208,4.5625,0
1972-04-28,4.5521,4.5521,4.5104,4.5208,0
1972-05-01,4.5208,4.5312,4.4583,4.4583,0
1972-05-02,4.4583,4.4688,4.3646,4.3646,0
1972-05-03,4.3958,4.4688,4.3958,4.3958,0
1972-05-04,4.3958,4.4062,4.3750,4.4062,0
1972-05-05,4.4062,4.4271,4.3750,4.3750,0
1972-05-08,4.3646,4.3646,4.2604,4.2604,0
1972-05-09,4.2604,4.3021,4.1562,4.2812,0
1972-05-10,4.2812,4.3229,4.2708,4.3229,0
1972-05-11,4.3229,4.3542,4.2917,4.3333,0
1972-05-12,4.3333,4.3854,4.3229,4.3854,0
1972-05-15,4.3854,4.3854,4.3438,4.3854,0
1972-05-16,4.4167,4.4792,4.4167,4.4375,0
1972-05-17,4.4375,4.5208,4.4167,4.5000,0
1972-05-18,4.5833,4.6667,4.5833,4.6458,0
1972-05-19,4.6458,4.6562,4.5833,4.6146,0
1972-05-22,4.6354,4.6875,4.6354,4.6667,0
1972-05-23,4.6667,4.7083,4.6562,4.6875,0
1972-05-24,4.6875,4.7917,4.6875,4.7708,0
1972-05-25,4.7812,4.8958,4.7812,4.8438,0
1972-05-26,4.8438,4.8542,4.8125,4.8333,0
1972-05-30,4.8438,4.8750,4.8438,4.8542,0
1972-05-31,4.8333,4.8333,4.6979,4.7292,0
1972-06-01,4.7292,4.7396,4.6771,4.7083,0
1972-06-02,4.7083,4.7396,4.6875,4.7188,0
1972-06-05,4.7083,4.7083,4.6354,4.6667,0
1972-06-06,4.6562,4.6562,4.6042,4.6042,0
1972-06-07,4.6042,4.6042,4.5000,4.5521,0
1972-06-08,4.5521,4.5729,4.5312,4.5729,0
1972-06-09,4.5521,4.5521,4.5104,4.5104,0
1972-06-12,4.5104,4.6146,4.5104,4.6042,0
1972-06-13,4.6042,4.6875,4.6042,4.6771,0
1972-06-14,4.6979,4.8125,4.6979,4.7812,0
1972-06-15,4.7812,4.8021,4.7604,4.7708,0
1972-06-16,4.7708,4.8125,4.7708,4.8021,0
1972-06-19,4.8021,4.8333,4.8021,4.8229,0
1972-06-20,4.8229,4.8542,4.8125,4.8542,0
1972-06-21,4.8438,4.8438,4.8021,4.8333,0
1972-06-22,4.8333,4.8438,4.8229,4.8333,0
1972-06-23,4.8333,4.8750,4.8333,4.8542,0
1972-06-26,4.8542,4.8750,4.8333,4.8542,0
1972-06-27,4.8646,4.9896,4.8646,4.8854,0
1972-06-28,4.9688,5.0833,4.9688,5.0833,0
1972-06-29,5.0521,5.0521,4.8958,4.8958,0
1972-06-30,4.8958,4.9792,4.8854,4.9167,0
1972-07-03,4.9167,5.0104,4.9167,5.0000,0
1972-07-05,5.0000,5.0833,4.9688,5.0312,0
1972-07-06,5.0833,5.1667,5.0833,5.1667,0
1972-07-07,5.1562,5.1562,5.0417,5.0417,0
1972-07-10,5.0417,5.0521,4.9583,5.0000,0
1972-07-11,4.9792,4.9792,4.9271,4.9375,0
1972-07-12,4.9583,5.0312,4.9583,5.0104,0
1972-07-13,5.0104,5.0208,4.9896,5.0000,0
1972-07-14,5.0000,5.0104,4.9688,5.0000,0
1972-07-17,5.0000,5.0000,4.9271,4.9479,0
1972-07-18,4.9167,4.9167,4.7812,4.8229,0
1972-07-19,4.8750,4.9479,4.8750,4.9479,0
1972-07-20,4.9271,4.9271,4.8854,4.8854,0
1972-07-21,4.8854,4.9062,4.8333,4.8958,0
1972-07-24,4.9583,5.0729,4.9583,5.0417,0
1972-07-25,5.0417,5.1667,5.0208,5.0521,0
1972-07-26,5.0521,5.0625,5.0000,5.0521,0
1972-07-27,5.0833,5.1250,5.0833,5.1146,0
1972-07-28,5.0938,5.0938,5.0312,5.0729,0
1972-07-31,5.0729,5.1146,5.0208,5.1146,0
1972-08-01,5.1146,5.1771,5.0312,5.1771,0
1972-08-02,5.1771,5.2500,5.1771,5.2083,0
1972-08-03,5.2083,5.2812,5.1875,5.2604,0
1972-08-04,5.2604,5.3229,5.2500,5.2500,0
1972-08-07,5.2500,5.3229,5.2292,5.2396,0
1972-08-08,5.2396,5.2708,5.1875,5.2708,0
1972-08-09,5.2917,5.3333,5.2917,5.3333,0
1972-08-10,5.3333,5.3542,5.3021,5.3438,0
1972-08-11,5.3438,5.4792,5.3333,5.4792,0
1972-08-14,5.4896,5.6250,5.4896,5.5938,0
1972-08-15,5.5521,5.5521,5.5104,5.5208,0
1972-08-16,5.5104,5.5104,5.4688,5.4792,0
1972-08-17,5.4792,5.5208,5.4167,5.4167,0
1972-08-18,5.4167,5.4167,5.3854,5.3854,0
1972-08-21,5.3854,5.3958,5.1979,5.2812,0
1972-08-22,5.2812,5.3125,5.2604,5.2604,0
1972-08-23,5.2604,5.3021,5.2292,5.3021,0
1972-08-24,5.3021,5.3542,5.2917,5.3125,0
1972-08-25,5.3125,5.3542,5.2917,5.3438,0
1972-08-28,5.3438,5.3750,5.3438,5.3438,0
1972-08-29,5.3438,5.3750,5.3125,5.3750,0
1972-08-30,5.3750,5.4479,5.3438,5.3958,0
1972-08-31,5.4271,5.4688,5.4271,5.4375,0
1972-09-01,5.4375,5.4688,5.4167,5.4583,0
1972-09-05,5.4479,5.4479,5.3958,5.4167,0
1972-09-06,5.4167,5.4271,5.3958,5.4271,0
1972-09-07,5.4375,5.4792,5.4375,5.4792,0
1972-09-08,5.4792,5.4896,5.4583,5.4688,0
1972-09-11,5.4688,5.5000,5.4583,5.4896,0
1972-09-12,5.4896,5.5000,5.4167,5.4167,0
1972-09-13,5.4062,5.4062,5.2917,5.2917,0
1972-09-14,5.2917,5.3646,5.2292,5.2812,0
1972-09-15,5.2917,5.3646,5.2917,5.3646,0
1972-09-18,5.3646,5.3854,5.3438,5.3646,0
1972-09-19,5.3646,5.4167,5.3542,5.3958,0
1972-09-20,5.3958,5.4167,5.3854,5.4167,0
1972-09-21,5.4167,5.5312,5.4167,5.5312,0
1972-09-22,5.5312,5.5417,5.5312,5.5312,0
1972-09-25,5.5312,5.5417,5.5104,5.5104,0
1972-09-26,5.5104,5.5104,5.4375,5.4375,0
1972-09-27,5.4375,5.5833,5.4271,5.5833,0
1972-09-28,5.5729,5.5729,5.4583,5.4792,0
1972-09-29,5.4792,5.5208,5.3542,5.3750,0
1972-10-02,5.3750,5.4062,5.3229,5.3229,0
1972-10-03,5.3229,5.3542,5.2708,5.3229,0
1972-10-04,5.3229,5.3542,5.2812,5.3333,0
1972-10-05,5.3021,5.3021,5.1667,5.1979,0
1972-10-06,5.1979,5.3229,5.1354,5.2500,0
1972-10-09,5.2500,5.2500,5.2188,5.2292,0
1972-10-10,5.2292,5.2812,5.1771,5.1771,0
1972-10-11,5.1771,5.1979,5.1250,5.1771,0
1972-10-12,5.1667,5.1667,5.0938,5.1458,0
1972-10-13,5.1042,5.1042,5.0312,5.0833,0
1972-10-16,5.0833,5.1042,4.9583,4.9792,0
1972-10-17,4.9792,5.0104,4.9271,5.0104,0
1972-10-18,5.0104,5.0833,4.9479,4.9792,0
1972-10-19,4.9792,4.9896,4.8958,4.9167,0
1972-10-20,4.9167,5.0417,4.9167,5.0104,0
1972-10-23,5.0625,5.1250,5.0625,5.1042,0
1972-10-24,5.1354,5.2083,5.1354,5.2083,0
1972-10-25,5.2292,5.3542,5.2292,5.3542,0
1972-10-26,5.3542,5.4062,5.3438,5.3646,0
1972-10-27,5.3646,5.3958,5.2604,5.2708,0
1972-10-30,5.2708,5.3438,5.2708,5.3125,0
1972-10-31,5.3229,5.3854,5.3229,5.3854,0
1972-11-01,5.3958,5.5312,5.3958,5.5104,0
1972-11-02,5.5521,5.6667,5.5521,5.6562,0
1972-11-03,5.6875,5.7604,5.6875,5.7188,0
1972-11-06,5.7188,5.7917,5.6667,5.7083,0
1972-11-08,5.7083,5.7708,5.6667,5.6667,0
1972-11-09,5.6667,5.6875,5.6042,5.6771,0
1972-11-10,5.6771,5.7500,5.6458,5.6875,0
1972-11-13,5.6875,5.6875,5.5729,5.5938,0
1972-11-14,5.5938,5.6458,5.5938,5.6042,0
1972-11-15,5.6042,5.6458,5.5521,5.5729,0
1972-11-16,5.5729,5.5729,5.4896,5.5729,0
1972-11-17,5.5729,5.6042,5.5729,5.5833,0
1972-11-20,5.6042,5.6354,5.6042,5.6250,0
1972-11-21,5.6667,5.7500,5.6667,5.7500,0
1972-11-22,5.7500,5.7708,5.7083,5.7292,0
1972-11-24,5.7292,5.7396,5.7083,5.7292,0
1972-11-27,5.7292,5.7500,5.6771,5.7083,0
1972-11-28,5.7083,5.7500,5.6875,5.6875,0
1972-11-29,5.6875,5.7396,5.6875,5.7188,0
1972-11-30,5.7188,5.7292,5.6458,5.6771,0
1972-12-01,5.6771,5.7083,5.6458,5.6875,0
1972-12-04,5.6771,5.6771,5.6146,5.6771,0
1972-12-05,5.6771,5.6875,5.6458,5.6875,0
1972-12-06,5.6771,5.6771,5.6458,5.6458,0
1972-12-07,5.6458,5.6771,5.5625,5.6458,0
1972-12-08,5.6458,5.7396,5.6354,5.7292,0
1972-12-11,5.7083,5.7083,5.6667,5.6771,0
1972-12-12,5.6771,5.6875,5.5208,5.5417,0
1972-12-13,5.5729,5.6354,5.5729,5.6146,0
1972-12-14,5.6146,5.6562,5.5625,5.6562,0
1972-12-15,5.6562,5.6562,5.5625,5.5625,0
1972-12-18,5.5625,5.5625,5.5312,5.5417,0
1972-12-19,5.5417,5.5521,5.5000,5.5417,0
1972-12-20,5.5417,5.6458,5.4896,5.5104,0
1972-12-21,5.5104,5.5104,5.4375,5.4583,0
1972-12-22,5.4583,5.4688,5.4167,5.4375,0
1972-12-26,5.4583,5.5417,5.4583,5.5417,0
1972-12-27,5.5417,5.6042,5.5104,5.5104,0
1972-12-29,5.5104,5.6562,5.5000,5.5417,0
1973-01-02,5.5417,5.6562,5.5312,5.6250,0
1973-01-03,5.6667,5.7812,5.6667,5.7812,0
1973-01-04,5.7812,5.7917,5.7188,5.7812,0
1973-01-05,5.7812,5.8854,5.7500,5.7604,0
1973-01-08,5.7812,5.8333,5.7812,5.7917,0
1973-01-09,5.7812,5.7812,5.7188,5.7188,0
1973-01-10,5.7188,5.7604,5.6667,5.6875,0
1973-01-11,5.6875,5.8646,5.6458,5.7708,0
1973-01-12,5.7708,5.8229,5.6667,5.6771,0
1973-01-15,5.6771,5.7292,5.6458,5.6458,0
1973-01-16,5.5729,5.5729,5.4271,5.5104,0
1973-01-17,5.5104,5.5312,5.4583,5.5000,0
1973-01-18,5.5000,5.5208,5.4583,5.4792,0
1973-01-19,5.4792,5.4896,5.4062,5.4583,0
1973-01-22,5.4583,5.4792,5.3958,5.3958,0
1973-01-23,5.3958,5.4167,5.3333,5.3646,0
1973-01-24,5.3646,5.3646,5.1875,5.2500,0
1973-01-26,5.2500,5.2708,5.2083,5.2292,0
1973-01-29,5.2292,5.2396,5.2083,5.2188,0
1973-01-30,5.2188,5.3438,5.2083,5.2292,0
1973-01-31,5.2292,5.3229,5.2292,5.2917,0
1973-02-01,5.3125,5.3750,5.3125,5.3333,0
1973-02-02,5.3229,5.3229,5.2708,5.3125,0
1973-02-05,5.3125,5.3229,5.2083,5.2188,0
1973-02-06,5.2188,5.2604,5.1979,5.2083,0
1973-02-07,5.2083,5.2292,5.1979,5.2188,0
1973-02-08,5.2188,5.2292,5.1875,5.2292,0
1973-02-09,5.2292,5.2604,5.1979,5.2500,0
1973-02-12,5.2812,5.4062,5.2812,5.4062,0
1973-02-13,5.6562,5.6979,5.6562,5.6667,0
1973-02-14,5.6667,5.6979,5.5729,5.5833,0
1973-02-15,5.5625,5.5625,5.4792,5.5104,0
1973-02-16,5.5104,5.5417,5.5000,5.5104,0
1973-02-20,5.5104,5.5521,5.5000,5.5104,0
1973-02-21,5.5104,5.5208,5.4792,5.5208,0
1973-02-22,5.5208,5.5208,5.4583,5.4792,0
1973-02-23,5.4792,5.4896,5.4271,5.4271,0
1973-02-26,5.4167,5.4167,5.3021,5.3542,0
1973-02-27,5.3542,5.4375,5.3333,5.3438,0
1973-02-28,5.3438,5.3750,5.3229,5.3646,0
1973-03-01,5.3750,5.4479,5.3750,5.3750,0
1973-03-02,5.3750,5.3750,5.3229,5.3646,0
1973-03-05,5.3646,5.3854,5.2604,5.2604,0
1973-03-06,5.2708,5.3646,5.2708,5.3438,0
1973-03-07,5.3438,5.3750,5.3229,5.3646,0
1973-03-08,5.3646,5.3854,5.3542,5.3854,0
1973-03-09,5.3854,5.4375,5.2917,5.4271,0
1973-03-12,5.4271,5.4583,5.3854,5.3958,0
1973-03-13,5.3958,5.3958,5.3333,5.3958,0
1973-03-14,5.3958,5.4375,5.3958,5.4271,0
1973-03-15,5.4271,5.4375,5.3750,5.4062,0
1973-03-16,5.4062,5.4479,5.4062,5.4375,0
1973-03-19,5.4375,5.4479,5.3958,5.4062,0
1973-03-20,5.4062,5.4062,5.3542,5.3750,0
1973-03-21,5.3750,5.3958,5.2917,5.2917,0
1973-03-22,5.2500,5.2500,5.1250,5.1250,0
1973-03-23,5.1250,5.1458,5.0417,5.0833,0
1973-03-26,5.0833,5.1042,5.0417,5.0417,0
1973-03-27,5.0938,5.2083,5.0938,5.1875,0
1973-03-28,5.1875,5.2083,5.1354,5.2083,0
1973-03-29,5.2396,5.3229,5.2396,5.2500,0
1973-03-30,5.2500,5.3021,5.2188,5.2500,0
1973-04-02,5.2500,5.2500,5.1771,5.1771,0
1973-04-03,5.1667,5.1667,5.1146,5.1562,0
1973-04-04,5.1667,5.2292,5.1667,5.2083,0
1973-04-05,5.2083,5.2500,5.1354,5.1458,0
1973-04-06,5.1562,5.2292,5.1562,5.2083,0
1973-04-09,5.2292,5.3021,5.2292,5.3021,0
1973-04-10,5.3125,5.3646,5.3125,5.3125,0
1973-04-11,5.3125,5.3333,5.3021,5.3333,0
1973-04-12,5.3333,5.4062,5.3125,5.3333,0
1973-04-13,5.3646,5.4271,5.3646,5.3958,0
1973-04-16,5.3750,5.3750,5.3542,5.3646,0
1973-04-17,5.3750,5.3958,5.3750,5.3958,0
1973-04-18,5.3958,5.4062,5.3750,5.3958,0
1973-04-19,5.3958,5.4167,5.3854,5.4062,0
1973-04-23,5.4062,5.4167,5.3646,5.3646,0
1973-04-24,5.3646,5.3854,5.3333,5.3333,0
1973-04-25,5.3333,5.3542,5.2083,5.2188,0
1973-04-26,5.2083,5.2083,5.1250,5.1458,0
1973-04-27,5.1458,5.1771,5.1042,5.1042,0
1973-04-30,5.1042,5.1875,5.1042,5.1875,0
1973-05-01,5.1875,5.2292,5.1042,5.1250,0
1973-05-02,5.1250,5.1458,5.1042,5.1354,0
1973-05-03,5.1354,5.1458,5.0521,5.0833,0
1973-05-04,5.1042,5.1771,5.1042,5.1458,0
1973-05-07,5.1458,5.1562,5.1250,5.1250,0
1973-05-08,5.1250,5.1771,5.1250,5.1667,0
1973-05-09,5.2083,5.2708,5.2083,5.2604,0
1973-05-10,5.2604,5.2708,5.2083,5.2292,0
1973-05-11,5.2292,5.2708,5.2083,5.2083,0
1973-05-14,5.2083,5.2500,5.1771,5.1771,0
1973-05-15,5.1771,5.2083,5.1354,5.1875,0
1973-05-16,5.1875,5.2917,5.1354,5.1979,0
1973-05-17,5.2083,5.2812,5.2083,5.2292,0
1973-05-18,5.1875,5.1875,5.1146,5.1354,0
1973-05-21,5.0625,5.0625,4.9583,5.0417,0
1973-05-22,5.0417,5.0729,4.9792,5.0208,0
1973-05-23,5.0208,5.0417,5.0104,5.0208,0
1973-05-24,5.0312,5.1458,5.0312,5.1250,0
1973-05-25,5.1458,5.2292,5.1458,5.1771,0
1973-05-29,5.1875,5.2188,5.1875,5.1979,0
1973-05-30,5.1771,5.1771,5.1250,5.1250,0
1973-05-31,5.0417,5.0417,4.9375,4.9375,0
1973-06-01,4.9062,4.9062,4.8438,4.8750,0
1973-06-04,4.7917,4.7917,4.6875,4.6875,0
1973-06-05,4.6875,4.7188,4.6354,4.7188,0
1973-06-06,4.6771,4.6771,4.4688,4.4896,0
1973-06-07,4.4896,4.5729,4.4896,4.5417,0
1973-06-08,4.5417,4.7292,4.5417,4.7292,0
1973-06-11,4.7292,4.7292,4.5938,4.6250,0
1973-06-12,4.6458,4.7292,4.6458,4.7292,0
1973-06-13,4.7396,4.8229,4.7396,4.7917,0
1973-06-14,4.7917,4.8021,4.7500,4.7604,0
1973-06-15,4.7500,4.7500,4.6354,4.6354,0
1973-06-18,4.6354,4.6458,4.5833,4.6250,0
1973-06-19,4.6250,4.6562,4.5833,4.6458,0
1973-06-20,4.6667,4.6875,4.6667,4.6771,0
1973-06-21,4.6771,4.7083,4.4688,4.4688,0
1973-06-22,4.6146,4.7188,4.6146,4.6979,0
1973-06-25,4.6562,4.6562,4.5104,4.5104,0
1973-06-26,4.5312,4.6042,4.5312,4.5729,0
1973-06-27,4.5938,4.6875,4.5938,4.6667,0
1973-06-28,4.6667,4.7604,4.6562,4.7500,0
1973-06-29,4.7604,4.8646,4.7604,4.8438,0
1973-07-02,4.8438,4.8750,4.7917,4.8229,0
1973-07-03,4.7708,4.7708,4.6771,4.7396,0
1973-07-05,4.7396,4.7917,4.6979,4.7917,0
1973-07-06,4.7917,4.7917,4.7188,4.7917,0
1973-07-09,4.7917,4.8125,4.7500,4.7917,0
1973-07-10,4.8125,4.8750,4.8125,4.8750,0
1973-07-11,4.9167,5.0104,4.9167,4.9896,0
1973-07-12,4.9896,5.0000,4.9062,4.9583,0
1973-07-13,4.9583,4.9583,4.9062,4.9583,0
1973-07-16,4.9583,4.9583,4.9062,4.9583,0
1973-07-17,4.9583,4.9792,4.9375,4.9583,0
1973-07-18,4.9583,4.9688,4.8750,4.9688,0
1973-07-19,4.9688,5.0000,4.9375,4.9688,0
1973-07-20,4.9792,5.0729,4.9792,5.0729,0
1973-07-23,5.0729,5.1250,5.0312,5.0521,0
1973-07-24,5.0521,5.2083,4.9896,5.1875,0
1973-07-25,5.1875,5.2292,5.1771,5.2083,0
1973-07-26,5.2083,5.2500,5.1979,5.2396,0
1973-07-27,5.2396,5.2500,5.1979,5.2500,0
1973-07-30,5.2500,5.2708,5.1979,5.1979,0
1973-07-31,5.1979,5.2396,5.1771,5.1771,0
1973-08-01,5.1667,5.1667,4.9688,4.9792,0
1973-08-02,4.9792,5.0417,4.9688,5.0000,0
1973-08-03,5.0000,5.0312,4.9688,5.0104,0
1973-08-06,5.0104,5.1042,5.0000,5.1042,0
1973-08-07,5.1146,5.1667,5.1146,5.1458,0
1973-08-08,5.1354,5.1354,5.0938,5.1042,0
1973-08-09,5.1042,5.1042,5.0417,5.0521,0
1973-08-10,5.0833,5.2083,5.0833,5.1667,0
1973-08-13,5.1667,5.1771,5.1146,5.1771,0
1973-08-14,5.1458,5.1458,4.9792,4.9896,0
1973-08-15,5.0000,5.1146,5.0000,5.1146,0
1973-08-16,5.1146,5.1458,5.0729,5.1042,0
1973-08-17,5.1146,5.2500,5.1146,5.2083,0
1973-08-20,5.1875,5.1875,5.1042,5.1146,0
1973-08-21,5.1146,5.1354,5.0833,5.0938,0
1973-08-22,5.0938,5.1042,5.0104,5.0938,0
1973-08-23,5.0938,5.1562,5.0521,5.0625,0
1973-08-24,5.0625,5.1146,5.0625,5.0729,0
1973-08-27,5.0729,5.1250,5.0625,5.1250,0
1973-08-28,5.1250,5.1667,5.1042,5.1250,0
1973-08-29,5.1250,5.1458,5.1146,5.1458,0
1973-08-30,5.1667,5.2917,5.1667,5.2812,0
1973-08-31,5.2812,5.3750,5.2604,5.3542,0
1973-09-04,5.4167,5.5625,5.4167,5.5208,0
1973-09-05,5.5208,5.5417,5.4792,5.4792,0
1973-09-06,5.4792,5.5417,5.4167,5.5000,0
1973-09-07,5.5000,5.5417,5.4688,5.5417,0
1973-09-10,5.5417,5.5833,5.5208,5.5625,0
1973-09-11,5.5625,5.6458,5.5312,5.6250,0
1973-09-12,5.6250,5.6667,5.6042,5.6250,0
1973-09-13,5.6667,5.6875,5.6667,5.6667,0
1973-09-14,5.6667,5.7188,5.6562,5.7083,0
1973-09-17,5.7083,5.7292,5.6875,5.6979,0
1973-09-18,5.6562,5.6562,5.6042,5.6458,0
1973-09-19,5.6458,5.7500,5.6354,5.6771,0
1973-09-20,5.6771,5.7500,5.6562,5.6562,0
1973-09-21,5.6562,5.6979,5.5938,5.6458,0
1973-09-24,5.6458,5.7188,5.6458,5.7188,0
1973-09-25,5.7500,5.8333,5.7500,5.8333,0
1973-09-26,5.8229,5.8229,5.7708,5.8229,0
1973-09-27,5.8229,5.8229,5.7708,5.7917,0
1973-09-28,5.8333,5.9271,5.8333,5.8958,0
1973-10-01,5.8958,5.8958,5.8542,5.8750,0
1973-10-02,5.8750,5.9479,5.8750,5.9375,0
1973-10-03,5.9688,6.0000,5.9688,6.0000,0
1973-10-04,6.1354,6.2083,6.1354,6.1667,0
1973-10-05,6.1667,6.2500,6.1146,6.2396,0
1973-10-08,6.2396,6.4062,6.2188,6.3958,0
1973-10-09,6.3958,6.4688,6.3750,6.4167,0
1973-10-10,6.4062,6.4062,6.3125,6.3125,0
1973-10-11,6.3125,6.3125,6.2500,6.2500,0
1973-10-12,6.2500,6.3333,6.1875,6.2917,0
1973-10-15,6.2917,6.3646,6.1875,6.3229,0
1973-10-16,6.2708,6.2708,6.1979,6.2083,0
1973-10-17,6.2083,6.3125,6.1979,6.2500,0
1973-10-18,6.2500,6.2500,6.0312,6.0625,0
1973-10-19,6.0625,6.1562,5.8750,5.8958,0
1973-10-22,5.8958,5.9375,5.8021,5.8958,0
1973-10-23,5.8958,6.1042,5.8333,6.0729,0
1973-10-24,6.0625,6.0625,5.8854,5.9792,0
1973-10-25,5.9688,5.9688,5.8958,5.9479,0
1973-10-26,5.9792,6.0312,5.9792,6.0208,0
1973-10-29,6.0833,6.2083,6.0833,6.2083,0
1973-10-30,6.1771,6.1771,6.1250,6.1458,0
1973-10-31,6.0833,6.0833,5.9583,5.9583,0
1973-11-01,5.9583,5.9792,5.7812,5.7812,0
1973-11-02,5.7604,5.7604,5.5417,5.5833,0
1973-11-05,5.5625,5.5625,5.4479,5.5208,0
1973-11-06,5.5625,5.7292,5.5625,5.6667,0
1973-11-07,5.6667,5.6771,5.6146,5.6354,0
1973-11-08,5.6979,5.7708,5.6979,5.7604,0
1973-11-09,5.7604,5.7708,5.7292,5.7396,0
1973-11-12,5.7083,5.7083,5.6146,5.6458,0
1973-11-13,5.6458,5.6771,5.5729,5.5833,0
1973-11-14,5.5833,5.6562,5.5000,5.5104,0
1973-11-15,5.4792,5.4792,5.1146,5.1667,0
1973-11-16,5.1667,5.2708,5.0729,5.2188,0
1973-11-19,5.2188,5.2500,5.1875,5.2083,0
1973-11-20,5.2083,5.2917,5.1667,5.2708,0
1973-11-21,5.3021,5.5833,5.3021,5.5625,0
1973-11-23,5.5417,5.5417,5.4375,5.4375,0
1973-11-26,5.4375,5.5625,5.4375,5.5521,0
1973-11-27,5.5521,5.6146,5.5208,5.5833,0
1973-11-28,5.5833,5.6979,5.5833,5.6771,0
1973-11-29,5.6875,5.7917,5.6875,5.7292,0
1973-11-30,5.6979,5.6979,5.5312,5.5521,0
1973-12-03,5.5208,5.5208,5.3542,5.3958,0
1973-12-04,5.3958,5.4792,5.3333,5.3542,0
1973-12-05,5.3542,5.3958,5.2812,5.2917,0
1973-12-06,5.2917,5.3542,5.2708,5.3438,0
1973-12-07,5.3750,5.6042,5.3750,5.5417,0
1973-12-10,5.5417,5.6979,5.5208,5.6979,0
1973-12-11,5.6979,5.7500,5.3333,5.3333,0
1973-12-12,5.2812,5.2812,5.1667,5.2188,0
1973-12-13,5.2188,5.3333,5.2083,5.2083,0
1973-12-14,5.2083,5.2604,5.0833,5.1250,0
1973-12-17,5.1146,5.1146,5.0417,5.0938,0
1973-12-18,5.0938,5.2083,4.9688,5.1771,0
1973-12-19,5.2188,5.3646,5.2188,5.2292,0
1973-12-20,5.2292,5.3333,5.1875,5.1875,0
1973-12-21,5.1875,5.2812,5.1875,5.2500,0
1973-12-24,5.2396,5.2396,5.1250,5.1250,0
1973-12-26,5.1875,5.3542,5.1875,5.3542,0
1973-12-27,5.3750,5.5729,5.3750,5.5729,0
1973-12-28,5.5938,5.6771,5.5938,5.6562,0
1973-12-31,5.6250,5.6250,5.5729,5.5833,0
1974-01-02,5.5625,5.5625,5.5312,5.5417,0
1974-01-03,5.5833,5.7500,5.5833,5.7292,0
1974-01-04,5.7292,5.8125,5.6354,5.6875,0
1974-01-07,5.6875,5.7396,5.6667,5.6875,0
1974-01-08,5.6771,5.6771,5.5417,5.5417,0
1974-01-09,5.5104,5.5104,5.3021,5.3333,0
1974-01-10,5.3229,5.3229,5.2188,5.2188,0
1974-01-11,5.2188,5.2812,5.2083,5.2292,0
1974-01-14,5.2292,5.2812,5.1354,5.1458,0
1974-01-15,5.1458,5.2292,5.1250,5.1875,0
1974-01-16,5.1875,5.2708,5.1354,5.2708,0
1974-01-17,5.2708,5.3021,5.2708,5.2708,0
1974-01-18,5.2708,5.2812,5.2188,5.2500,0
1974-01-21,5.2396,5.2396,5.1250,5.2083,0
1974-01-22,5.2500,5.3125,5.2500,5.2917,0
1974-01-23,5.3021,5.3750,5.3021,5.3229,0
1974-01-24,5.3021,5.3021,5.0521,5.1562,0
1974-01-25,5.1562,5.2292,5.1250,5.1667,0
1974-01-28,5.1458,5.1458,4.9688,5.0000,0
1974-01-29,5.0000,5.0000,4.9688,4.9792,0
1974-01-30,4.9792,5.0312,4.9583,5.0312,0
1974-01-31,5.0312,5.0625,4.9792,4.9896,0
1974-02-01,4.9792,4.9792,4.8854,4.8854,0
1974-02-04,4.8750,4.8750,4.7083,4.7292,0
1974-02-05,4.7292,4.7500,4.6771,4.7500,0
1974-02-06,4.7500,4.7604,4.6875,4.7500,0
1974-02-07,4.7500,4.8854,4.7396,4.8646,0
1974-02-08,4.8646,4.9583,4.8542,4.8646,0
1974-02-11,4.8646,4.8646,4.6875,4.7500,0
1974-02-12,4.7500,4.8333,4.6771,4.8125,0
1974-02-13,4.8125,4.8854,4.7917,4.8125,0
1974-02-14,4.8125,4.8229,4.8021,4.8021,0
1974-02-15,4.8333,4.8958,4.8333,4.8542,0
1974-02-19,4.8542,4.9792,4.7917,4.8229,0
1974-02-20,4.8229,4.8542,4.7708,4.8333,0
1974-02-21,4.9062,5.0000,4.9062,4.9896,0
1974-02-22,4.9896,5.0521,4.9792,5.0000,0
1974-02-25,5.0000,5.0312,4.9688,5.0000,0
1974-02-26,5.0000,5.0208,4.9583,5.0208,0
1974-02-27,5.0208,5.1667,5.0208,5.1458,0
1974-02-28,5.1250,5.1250,4.9792,5.0521,0
1974-03-01,5.0521,5.0521,4.9896,5.0000,0
1974-03-04,5.0000,5.0000,4.8958,4.9375,0
1974-03-05,4.9688,5.0729,4.9688,4.9688,0
1974-03-06,4.9688,5.0312,4.9167,5.0000,0
1974-03-07,5.0000,5.0000,4.8542,4.9167,0
1974-03-08,4.9167,4.9479,4.8958,4.8958,0
1974-03-11,4.8958,4.9688,4.8958,4.9688,0
1974-03-12,5.0417,5.1250,5.0417,5.0833,0
1974-03-13,5.0938,5.1979,5.0938,5.1458,0
1974-03-14,5.1458,5.1979,5.1042,5.1667,0
1974-03-15,5.1562,5.1562,5.0000,5.0312,0
1974-03-18,5.0312,5.0625,4.9896,5.0625,0
1974-03-19,5.0625,5.0938,5.0104,5.0521,0
1974-03-20,5.0521,5.0521,4.9896,5.0000,0
1974-03-21,5.0000,5.0312,4.9792,5.0000,0
1974-03-22,5.0000,5.0312,4.9271,5.0000,0
1974-03-25,5.0000,5.0208,4.9896,5.0104,0
1974-03-26,5.0104,5.0625,5.0000,5.0417,0
1974-03-27,5.0417,5.0625,5.0104,5.0208,0
1974-03-28,5.0000,5.0000,4.8750,4.8854,0
1974-03-29,4.8854,4.9167,4.8333,4.9167,0
1974-04-01,4.9167,4.9271,4.8229,4.8229,0
1974-04-02,4.8229,4.8438,4.7917,4.7917,0
1974-04-03,4.7500,4.7500,4.5417,4.6250,0
1974-04-04,4.6667,4.7292,4.6667,4.6771,0
1974-04-05,4.6771,4.7083,4.5938,4.6042,0
1974-04-08,4.5833,4.5833,4.5208,4.5417,0
1974-04-09,4.5417,4.6667,4.5312,4.6354,0
1974-04-10,4.6667,4.6875,4.6667,4.6667,0
1974-04-11,4.6667,4.6667,4.6250,4.6458,0
1974-04-15,4.6458,4.7292,4.6250,4.6875,0
1974-04-16,4.6875,4.8438,4.6667,4.8438,0
1974-04-17,4.9167,4.9583,4.9167,4.9479,0
1974-04-18,4.9688,5.0312,4.9688,5.0312,0
1974-04-19,5.0104,5.0104,4.9167,4.9792,0
1974-04-22,4.9792,4.9896,4.9375,4.9792,0
1974-04-23,4.9792,4.9792,4.9479,4.9583,0
1974-04-24,4.9479,4.9479,4.8854,4.8958,0
1974-04-25,4.8958,4.9062,4.8333,4.8542,0
1974-04-26,4.9062,4.9375,4.9062,4.9062,0
1974-04-29,4.9062,4.9167,4.8854,4.8958,0
1974-04-30,4.8958,4.8958,4.8646,4.8854,0
1974-05-01,4.8854,4.9792,4.8854,4.9583,0
1974-05-02,4.9792,5.0833,4.9792,5.0833,0
1974-05-03,5.0833,5.0833,4.9792,5.0521,0
1974-05-06,5.0521,5.0729,5.0312,5.0625,0
1974-05-07,5.0625,5.1146,5.0417,5.0625,0
1974-05-08,5.0833,5.1250,5.0833,5.1146,0
1974-05-09,5.1146,5.1875,5.0833,5.1771,0
1974-05-10,5.1979,5.3333,5.1979,5.2500,0
1974-05-13,5.2083,5.2083,5.1146,5.1562,0
1974-05-14,5.1562,5.1771,5.1354,5.1458,0
1974-05-15,5.1458,5.1667,5.0208,5.0729,0
1974-05-16,5.0729,5.0833,5.0521,5.0625,0
1974-05-17,5.0521,5.0521,5.0208,5.0312,0
1974-05-20,5.0312,5.0833,4.9896,5.0521,0
1974-05-21,5.0521,5.0521,5.0208,5.0312,0
1974-05-22,5.0000,5.0000,4.9271,4.9375,0
1974-05-23,4.9375,4.9792,4.9167,4.9583,0
1974-05-24,4.9583,5.0000,4.9583,4.9792,0
1974-05-28,4.9792,5.0104,4.9688,5.0000,0
1974-05-29,5.0000,5.0625,4.9792,5.0104,0
1974-05-30,5.0104,5.1042,5.0000,5.0208,0
1974-05-31,5.0208,5.0417,4.9792,5.0417,0
1974-06-03,5.0417,5.1146,5.0208,5.1042,0
1974-06-04,5.2083,5.3333,5.2083,5.2917,0
1974-06-05,5.2917,5.3125,5.2083,5.2708,0
1974-06-06,5.2708,5.3438,5.2500,5.3438,0
1974-06-07,5.3438,5.4167,5.3438,5.3646,0
1974-06-10,5.3646,5.4375,5.3542,5.4271,0
1974-06-11,5.4271,5.4792,5.3542,5.3750,0
1974-06-12,5.3125,5.3125,5.2292,5.2708,0
1974-06-13,5.2708,5.3333,5.2500,5.2812,0
1974-06-14,5.2812,5.3125,5.1667,5.3125,0
1974-06-17,5.3125,5.3438,5.2500,5.2604,0
1974-06-18,5.2604,5.3333,5.2500,5.3333,0
1974-06-19,5.3333,5.3542,5.3125,5.3125,0
1974-06-20,5.3125,5.3438,5.2500,5.2500,0
1974-06-21,5.2500,5.2500,5.1458,5.1562,0
1974-06-24,5.0833,5.0833,5.0208,5.0417,0
1974-06-25,5.0417,5.0521,4.9792,4.9792,0
1974-06-26,4.9792,4.9896,4.8542,4.8542,0
1974-06-27,4.8542,4.8750,4.8125,4.8542,0
1974-06-28,4.8542,4.9375,4.7917,4.8958,0
1974-07-01,4.8958,4.9271,4.8854,4.8958,0
1974-07-02,4.8958,4.9375,4.8750,4.8854,0
1974-07-03,4.8854,4.9375,4.8542,4.8854,0
1974-07-05,4.8854,4.9167,4.8229,4.8229,0
1974-07-08,4.8229,4.8542,4.7708,4.8542,0
1974-07-09,4.8542,4.9792,4.8438,4.9375,0
1974-07-10,4.9375,4.9583,4.8438,4.8438,0
1974-07-11,4.8438,4.8438,4.7917,4.8125,0
1974-07-12,4.8125,5.0104,4.8125,4.8750,0
1974-07-15,4.8750,4.9375,4.8646,4.8750,0
1974-07-16,4.8229,4.8229,4.7708,4.7708,0
1974-07-17,4.7708,4.7708,4.6250,4.7083,0
1974-07-18,4.7083,4.7083,4.5833,4.5833,0
1974-07-19,4.5833,4.6458,4.5625,4.6250,0
1974-07-22,4.6250,4.6667,4.6250,4.6667,0
1974-07-23,4.6771,4.8229,4.6771,4.7500,0
1974-07-24,4.7083,4.7083,4.6771,4.7083,0
1974-07-25,4.7083,4.7396,4.6667,4.6667,0
1974-07-26,4.6667,4.7188,4.6042,4.6354,0
1974-07-29,4.5938,4.5938,4.5833,4.5833,0
1974-07-30,4.5833,4.6042,4.5625,4.5938,0
1974-07-31,4.5938,4.6042,4.5625,4.5625,0
1974-08-01,4.5521,4.5521,4.3646,4.3958,0
1974-08-02,4.3958,4.4479,4.3542,4.4062,0
1974-08-05,4.4062,4.5104,4.3854,4.3958,0
1974-08-06,4.4167,4.6875,4.4167,4.6250,0
1974-08-07,4.6250,4.7500,4.5625,4.7500,0
1974-08-08,4.7500,4.8229,4.6146,4.6458,0
1974-08-09,4.6458,4.7292,4.6042,4.6667,0
1974-08-12,4.6667,4.6875,4.5521,4.5729,0
1974-08-13,4.5729,4.5833,4.4271,4.4479,0
1974-08-14,4.4167,4.4167,4.3438,4.4167,0
1974-08-15,4.4167,4.4479,4.3438,4.3750,0
1974-08-16,4.3750,4.3854,4.3438,4.3438,0
1974-08-19,4.3438,4.3646,4.2708,4.2708,0
1974-08-20,4.2708,4.3229,4.2188,4.2500,0
1974-08-21,4.2500,4.2708,4.1875,4.1875,0
1974-08-22,4.1667,4.1667,4.0000,4.1146,0
1974-08-23,4.1146,4.1250,3.8646,3.8646,0
1974-08-26,3.8646,3.9167,3.7812,3.8750,0
1974-08-27,3.8438,3.8438,3.7292,3.7500,0
1974-08-28,3.7500,3.9375,3.7500,3.8958,0
1974-08-29,3.8958,4.0000,3.8958,3.9792,0
1974-08-30,3.9792,4.0521,3.9688,4.0208,0
1974-09-03,4.0208,4.1667,4.0208,4.0208,0
1974-09-04,4.0104,4.0104,3.9062,4.0000,0
1974-09-05,4.0000,4.0938,3.9688,4.0312,0
1974-09-06,4.0312,4.0625,3.9792,4.0625,0
1974-09-09,4.0625,4.0625,4.0208,4.0417,0
1974-09-10,4.0417,4.0417,3.9271,3.9583,0
1974-09-11,3.9583,3.9896,3.9375,3.9688,0
1974-09-12,3.9583,3.9583,3.8333,3.8333,0
1974-09-13,3.8333,3.8333,3.7500,3.7604,0
1974-09-16,3.7604,3.8229,3.6979,3.8021,0
1974-09-17,3.8021,3.8542,3.8021,3.8021,0
1974-09-18,3.7708,3.7708,3.6458,3.6562,0
1974-09-19,3.6875,3.8542,3.6875,3.8542,0
1974-09-20,3.8542,3.8958,3.7917,3.8542,0
1974-09-23,3.8542,3.8958,3.7917,3.8750,0
1974-09-24,3.8542,3.8542,3.7917,3.8229,0
1974-09-25,3.8229,3.9062,3.7812,3.8750,0
1974-09-26,3.8750,3.8750,3.7604,3.7917,0
1974-09-27,3.7917,3.7917,3.6875,3.6875,0
1974-09-30,3.6875,3.6875,3.3750,3.4375,0
1974-10-01,3.4375,3.4688,3.2812,3.3646,0
1974-10-02,3.3646,3.3854,3.3438,3.3750,0
1974-10-03,3.3750,3.4167,3.3438,3.3958,0
1974-10-04,3.3958,3.4271,3.3438,3.4271,0
1974-10-07,3.4271,3.5938,3.4271,3.5833,0
1974-10-08,3.5833,3.6667,3.5833,3.6250,0
1974-10-09,3.6250,3.7500,3.5833,3.7292,0
1974-10-10,3.7708,3.9062,3.7708,3.8750,0
1974-10-11,3.9167,4.1146,3.9167,4.0312,0
1974-10-14,4.0625,4.3125,4.0625,4.2083,0
1974-10-15,4.2083,4.2083,4.0104,4.0833,0
1974-10-16,4.0833,4.1250,3.9896,4.0000,0
1974-10-17,4.0000,4.1771,3.9583,4.0833,0
1974-10-18,4.2292,4.3438,4.2292,4.2708,0
1974-10-21,4.2708,4.2917,4.1562,4.2917,0
1974-10-22,4.3125,4.3958,4.3125,4.3125,0
1974-10-23,4.2604,4.2604,4.0000,4.0521,0
1974-10-24,4.0521,4.1042,4.0000,4.0625,0
1974-10-25,4.1146,4.2083,4.1146,4.1771,0
1974-10-28,4.1250,4.1250,4.0625,4.1250,0
1974-10-29,4.1250,4.2292,4.1146,4.2292,0
1974-10-30,4.2292,4.3542,4.1875,4.2917,0
1974-10-31,4.2917,4.4792,4.2917,4.4271,0
1974-11-01,4.4271,4.5833,4.3750,4.5625,0
1974-11-04,4.5625,4.5729,4.4271,4.5625,0
1974-11-05,4.5625,4.7500,4.4792,4.7292,0
1974-11-06,4.7292,4.8229,4.7083,4.7500,0
1974-11-07,4.7500,4.7917,4.6667,4.6875,0
1974-11-08,4.6875,4.6979,4.6146,4.6979,0
1974-11-11,4.6667,4.6667,4.5625,4.6667,0
1974-11-12,4.6562,4.6562,4.5417,4.5521,0
1974-11-13,4.5417,4.5417,4.4583,4.4792,0
1974-11-14,4.4792,4.5625,4.4271,4.4792,0
1974-11-15,4.4271,4.4271,4.1979,4.2083,0
1974-11-18,4.2083,4.2083,4.0833,4.0833,0
1974-11-19,4.0833,4.1250,4.0729,4.1042,0
1974-11-20,4.1042,4.2188,4.0938,4.1146,0
1974-11-21,4.1146,4.2500,4.1042,4.2292,0
1974-11-22,4.2604,4.3021,4.2604,4.2604,0
1974-11-25,4.2604,4.2708,4.1875,4.2604,0
1974-11-26,4.2604,4.2708,4.1771,4.2396,0
1974-11-27,4.2812,4.3438,4.2812,4.3333,0
1974-11-29,4.3229,4.3229,4.2708,4.3021,0
1974-12-02,4.2917,4.2917,4.1458,4.1875,0
1974-12-03,4.1667,4.1667,4.0833,4.0833,0
1974-12-04,4.0625,4.0625,3.9167,3.9479,0
1974-12-05,3.9375,3.9375,3.7188,3.7188,0
1974-12-06,3.7188,3.7604,3.5833,3.6979,0
1974-12-09,3.6979,3.7917,3.6667,3.7812,0
1974-12-10,3.8438,3.9688,3.8438,3.9167,0
1974-12-11,3.9167,4.0938,3.9167,4.0208,0
1974-12-12,4.0208,4.1146,3.9688,4.0312,0
1974-12-13,4.0104,4.0104,3.8542,3.8542,0
1974-12-16,3.8542,3.8750,3.7708,3.7708,0
1974-12-17,3.7708,3.8542,3.7083,3.8542,0
1974-12-18,3.8542,3.9271,3.8542,3.8750,0
1974-12-19,3.8750,3.9271,3.8333,3.9167,0
1974-12-20,3.9167,3.9688,3.8750,3.8854,0
1974-12-23,3.8438,3.8438,3.7083,3.7083,0
1974-12-24,3.7083,3.7708,3.6979,3.7396,0
1974-12-26,3.7500,3.8333,3.7500,3.7708,0
1974-12-27,3.7708,3.7708,3.7292,3.7708,0
1974-12-30,3.7812,3.8438,3.7812,3.8438,0
1974-12-31,3.9167,4.0417,3.9167,4.0417,0
1975-01-02,4.0833,4.1875,4.0833,4.1042,0
1975-01-03,4.1042,4.1042,4.0000,4.0729,0
1975-01-06,4.0729,4.1562,4.0729,4.1354,0
1975-01-07,4.1354,4.1771,4.1146,4.1354,0
1975-01-08,4.1354,4.1979,4.1250,4.1458,0
1975-01-09,4.1458,4.1979,4.1042,4.1667,0
1975-01-10,4.2292,4.3125,4.2292,4.2708,0
1975-01-13,4.2708,4.3542,4.2292,4.2396,0
1975-01-14,4.1771,4.1771,4.1042,4.1458,0
1975-01-15,4.1458,4.2812,4.1354,4.2604,0
1975-01-16,4.2604,4.3646,4.2083,4.2396,0
1975-01-17,4.2396,4.2708,4.1979,4.2604,0
1975-01-20,4.2604,4.3021,4.2396,4.2917,0
1975-01-21,4.3229,4.3646,4.3229,4.3438,0
1975-01-22,4.3438,4.3542,4.3125,4.3542,0
1975-01-23,4.3542,4.4375,4.3333,4.3750,0
1975-01-24,4.3750,4.4792,4.3333,4.4583,0
1975-01-27,4.5938,4.6771,4.5938,4.6771,0
1975-01-28,4.6979,4.9062,4.6979,4.8333,0
1975-01-29,4.8229,4.8229,4.7812,4.8021,0
1975-01-30,4.8021,4.8958,4.7083,4.7083,0
1975-01-31,4.6667,4.6667,4.5625,4.6458,0
1975-02-03,4.6562,4.8333,4.6562,4.7292,0
1975-02-04,4.7292,4.7604,4.6042,4.7188,0
1975-02-05,4.7188,4.8333,4.7083,4.8333,0
1975-02-06,4.8333,4.9896,4.7917,4.7917,0
1975-02-07,4.7917,4.8229,4.6979,4.8125,0
1975-02-10,4.8125,4.8646,4.8021,4.8333,0
1975-02-11,4.8333,4.8750,4.7917,4.8333,0
1975-02-12,4.8333,4.8542,4.7500,4.8333,0
1975-02-13,4.8854,5.2083,4.8854,5.1042,0
1975-02-14,5.1042,5.1771,4.9271,5.0000,0
1975-02-18,5.0000,5.0625,4.9375,4.9688,0
1975-02-19,4.9688,5.0521,4.9375,5.0312,0
1975-02-20,5.0417,5.2292,5.0417,5.2083,0
1975-02-21,5.2604,5.4062,5.2604,5.3125,0
1975-02-24,5.3125,5.3333,5.2188,5.3021,0
1975-02-25,5.3021,5.3125,5.1979,5.2083,0
1975-02-26,5.2083,5.2396,5.1250,5.1979,0
1975-02-27,5.1979,5.2396,5.1458,5.1667,0
1975-02-28,5.1667,5.2812,5.1458,5.2708,0
1975-03-03,5.3333,5.4688,5.3333,5.4375,0
1975-03-04,5.6250,5.7917,5.6250,5.6250,0
1975-03-05,5.6250,5.6250,5.4792,5.5000,0
1975-03-06,5.4792,5.4792,5.3438,5.4688,0
1975-03-07,5.4688,5.5208,5.4688,5.4688,0
1975-03-10,5.4688,5.5000,5.3854,5.4583,0
1975-03-11,5.4583,5.4583,5.3125,5.3542,0
1975-03-12,5.3229,5.3229,5.1875,5.2917,0
1975-03-13,5.2917,5.3021,5.2500,5.2812,0
1975-03-14,5.3021,5.3646,5.3021,5.3646,0
1975-03-17,5.3646,5.4792,5.3646,5.4688,0
1975-03-18,5.4688,5.5312,5.4167,5.4167,0
1975-03-19,5.3750,5.3750,5.2917,5.3542,0
1975-03-20,5.3542,5.4896,5.3542,5.4271,0
1975-03-21,5.4271,5.4688,5.4062,5.4688,0
1975-03-24,5.4167,5.4167,5.2812,5.3229,0
1975-03-25,5.3229,5.4583,5.2083,5.4479,0
1975-03-26,5.4479,5.5625,5.4271,5.4583,0
1975-03-27,5.4479,5.4479,5.3750,5.4271,0
1975-03-31,5.4271,5.5000,5.4271,5.4896,0
1975-04-01,5.4688,5.4688,5.3646,5.3646,0
1975-04-02,5.3646,5.3854,5.2500,5.3750,0
1975-04-03,5.3750,5.4062,5.2188,5.2396,0
1975-04-04,5.2396,5.2708,5.1667,5.2708,0
1975-04-07,5.2500,5.2500,5.1771,5.2083,0
1975-04-08,5.2292,5.3021,5.2292,5.2500,0
1975-04-09,5.3021,5.4792,5.3021,5.4688,0
1975-04-10,5.4688,5.4688,5.2500,5.2500,0
1975-04-11,5.2500,5.2708,5.2396,5.2708,0
1975-04-14,5.3125,5.4271,5.3125,5.4271,0
1975-04-15,5.4271,5.4792,5.3646,5.4375,0
1975-04-16,5.4375,5.4792,5.4062,5.4479,0
1975-04-17,5.4896,5.6354,5.4896,5.5938,0
1975-04-18,5.5729,5.5729,5.4688,5.5000,0
1975-04-21,5.5625,5.7188,5.5625,5.6667,0
1975-04-22,5.6667,5.7500,5.6250,5.6250,0
1975-04-23,5.6250,5.6250,5.5625,5.6042,0
1975-04-24,5.6042,5.6771,5.5729,5.6458,0
1975-04-25,5.6458,5.6979,5.6250,5.6667,0
1975-04-28,5.6667,5.6979,5.5833,5.6250,0
1975-04-29,5.6250,5.6458,5.5417,5.5729,0
1975-04-30,5.5729,5.5833,5.5104,5.5625,0
1975-05-01,5.5625,5.6250,5.5521,5.5729,0
1975-05-02,5.5833,5.7188,5.5833,5.7188,0
1975-05-05,5.7188,5.7812,5.5833,5.5833,0
1975-05-06,5.5833,5.6354,5.5000,5.5000,0
1975-05-07,5.5000,5.5208,5.4062,5.4896,0
1975-05-08,5.4896,5.5208,5.3958,5.5208,0
1975-05-09,5.5208,5.6250,5.5000,5.5625,0
1975-05-12,5.5625,5.5833,5.4792,5.4896,0
1975-05-13,5.4896,5.6458,5.4323,5.6458,0
1975-05-14,5.6354,5.6354,5.5521,5.5833,0
1975-05-15,5.5833,5.6042,5.5000,5.5312,0
1975-05-16,5.5000,5.5000,5.4062,5.4062,0
1975-05-19,5.4062,5.4062,5.3125,5.3125,0
1975-05-20,5.3438,5.3854,5.3438,5.3750,0
1975-05-21,5.3750,5.3854,5.2708,5.2812,0
1975-05-22,5.3021,5.3750,5.3021,5.3542,0
1975-05-23,5.3542,5.4271,5.3438,5.4271,0
1975-05-27,5.4271,5.4688,5.3750,5.4375,0
1975-05-28,5.4375,5.5104,5.4375,5.5104,0
1975-05-29,5.5104,5.5104,5.4479,5.4688,0
1975-05-30,5.4688,5.4792,5.4375,5.4375,0
1975-06-02,5.4375,5.5104,5.4271,5.4792,0
1975-06-03,5.5000,5.5417,5.5000,5.5417,0
1975-06-04,5.5417,5.5938,5.5208,5.5625,0
1975-06-05,5.5625,5.6042,5.5312,5.6042,0
1975-06-06,5.5938,5.5938,5.4167,5.4479,0
1975-06-09,5.4479,5.4896,5.4271,5.4375,0
1975-06-10,5.4167,5.4167,5.3229,5.3229,0
1975-06-11,5.3229,5.3438,5.1979,5.2083,0
1975-06-12,5.2083,5.2188,5.0833,5.1250,0
1975-06-13,5.1458,5.2500,5.1458,5.2500,0
1975-06-16,5.2708,5.3542,5.2708,5.3125,0
1975-06-17,5.3125,5.3438,5.3125,5.3125,0
1975-06-18,5.3125,5.3229,5.1875,5.2396,0
1975-06-19,5.2396,5.2812,5.1979,5.2708,0
1975-06-20,5.2708,5.3958,5.2708,5.3021,0
1975-06-23,5.3021,5.3333,5.2812,5.3021,0
1975-06-24,5.3125,5.4479,5.3125,5.4062,0
1975-06-25,5.4062,5.5208,5.4062,5.4792,0
1975-06-26,5.4792,5.5000,5.4271,5.4271,0
1975-06-27,5.4375,5.5521,5.4375,5.5208,0
1975-06-30,5.5417,5.6146,5.5417,5.5729,0
1975-07-01,5.5729,5.5833,5.4792,5.5417,0
1975-07-02,5.5312,5.5312,5.4479,5.4583,0
1975-07-03,5.4583,5.4688,5.4271,5.4583,0
1975-07-07,5.4583,5.5208,5.4583,5.4688,0
1975-07-08,5.4688,5.5104,5.4583,5.4896,0
1975-07-09,5.5000,5.5625,5.5000,5.5625,0
1975-07-10,5.5625,5.6667,5.5417,5.5417,0
1975-07-11,5.5417,5.7083,5.5312,5.6667,0
1975-07-14,5.6667,5.7812,5.6667,5.6771,0
1975-07-15,5.7083,5.8229,5.7083,5.7708,0
1975-07-16,5.8125,5.8854,5.8125,5.8333,0
1975-07-17,5.8333,5.8854,5.7083,5.7292,0
1975-07-18,5.7292,5.7292,5.6667,5.6875,0
1975-07-21,5.6979,5.7292,5.6979,5.7188,0
1975-07-22,5.7188,5.7292,5.6354,5.7083,0
1975-07-23,5.7083,5.7083,5.5417,5.5521,0
1975-07-24,5.5521,5.5833,5.5417,5.5625,0
1975-07-25,5.5521,5.5521,5.3958,5.4062,0
1975-07-28,5.4062,5.4792,5.4062,5.4167,0
1975-07-29,5.4479,5.5000,5.4479,5.4896,0
1975-07-30,5.5208,5.5521,5.5208,5.5417,0
1975-07-31,5.5625,5.7083,5.5625,5.6667,0
1975-08-01,5.6667,5.6771,5.5417,5.5625,0
1975-08-04,5.5625,5.5625,5.5208,5.5312,0
1975-08-05,5.5312,5.6042,5.5208,5.5208,0
1975-08-06,5.5208,5.6354,5.5000,5.6042,0
1975-08-07,5.6146,5.7188,5.6146,5.6667,0
1975-08-08,5.6771,5.7292,5.6771,5.6875,0
1975-08-11,5.6875,5.7083,5.6667,5.7083,0
1975-08-12,5.7188,5.8125,5.7188,5.7812,0
1975-08-13,5.7812,5.8021,5.7083,5.7500,0
1975-08-14,5.7292,5.7292,5.5938,5.6042,0
1975-08-15,5.6146,5.6667,5.6146,5.6562,0
1975-08-18,5.6562,5.6875,5.6354,5.6458,0
1975-08-19,5.6458,5.6562,5.5521,5.5521,0
1975-08-20,5.5312,5.5312,5.3750,5.3958,0
1975-08-21,5.3958,5.4167,5.3542,5.3750,0
1975-08-22,5.4167,5.5417,5.4167,5.4792,0
1975-08-25,5.4896,5.5208,5.4896,5.5000,0
1975-08-26,5.5000,5.5104,5.4792,5.4896,0
1975-08-27,5.4688,5.4688,5.4167,5.4479,0
1975-08-28,5.4479,5.5104,5.4375,5.5000,0
1975-08-29,5.5104,5.5938,5.5104,5.5729,0
1975-09-02,5.5833,5.6771,5.5833,5.5833,0
1975-09-03,5.5625,5.5625,5.5312,5.5625,0
1975-09-04,5.6146,5.6562,5.6146,5.6250,0
1975-09-05,5.6250,5.6354,5.5833,5.5833,0
1975-09-08,5.5521,5.5521,5.4688,5.5417,0
1975-09-09,5.5417,5.6042,5.5000,5.5000,0
1975-09-10,5.5000,5.5000,5.4583,5.4792,0
1975-09-11,5.4792,5.5104,5.4688,5.4792,0
1975-09-12,5.4792,5.5312,5.4271,5.4479,0
1975-09-15,5.4479,5.4583,5.2917,5.3333,0
1975-09-16,5.3333,5.3958,5.1875,5.2292,0
1975-09-17,5.2292,5.2500,5.2083,5.2292,0
1975-09-18,5.2292,5.3125,5.2292,5.3125,0
1975-09-19,5.3125,5.5208,5.3125,5.5208,0
1975-09-22,5.5208,5.6042,5.5000,5.5000,0
1975-09-23,5.5000,5.5000,5.4375,5.4896,0
1975-09-24,5.5000,5.5417,5.5000,5.5417,0
1975-09-25,5.5417,5.5625,5.5208,5.5208,0
1975-09-26,5.5208,5.6250,5.5208,5.5521,0
1975-09-29,5.5521,5.5833,5.5208,5.5208,0
1975-09-30,5.4792,5.4792,5.4167,5.4271,0
1975-10-01,5.4271,5.4375,5.3229,5.3229,0
1975-10-02,5.3229,5.3958,5.2812,5.2812,0
1975-10-03,5.3021,5.4688,5.3021,5.4583,0
1975-10-06,5.4792,5.5729,5.4792,5.4792,0
1975-10-07,5.4792,5.5104,5.3958,5.4479,0
1975-10-08,5.4792,5.6146,5.4792,5.6042,0
1975-10-09,5.6042,5.6562,5.5938,5.6354,0
1975-10-10,5.6354,5.6771,5.6250,5.6667,0
1975-10-13,5.6667,5.7500,5.6250,5.7500,0
1975-10-14,5.7500,5.8021,5.6562,5.6875,0
1975-10-15,5.6875,5.6875,5.6458,5.6875,0
1975-10-16,5.6875,5.8229,5.6875,5.8229,0
1975-10-17,5.8229,6.0000,5.8021,5.9062,0
1975-10-20,5.9375,6.1354,5.9375,6.0833,0
1975-10-21,6.1562,6.2500,6.1562,6.2396,0
1975-10-22,6.2396,6.3229,6.1458,6.1667,0
1975-10-23,6.1146,6.1146,6.0312,6.1042,0
1975-10-24,6.0833,6.0833,5.9792,6.0000,0
1975-10-27,6.0000,6.0417,5.9896,6.0000,0
1975-10-28,6.0000,6.0729,5.9792,6.0625,0
1975-10-29,6.0625,6.0625,5.9583,5.9896,0
1975-10-30,5.9896,6.0312,5.9479,5.9688,0
1975-10-31,5.9688,6.0208,5.9167,5.9271,0
1975-11-03,5.9271,5.9792,5.9062,5.9375,0
1975-11-04,5.9375,5.9792,5.8958,5.8958,0
1975-11-05,5.9271,6.0729,5.9271,6.0000,0
1975-11-06,6.0000,6.0625,5.9792,6.0312,0
1975-11-07,6.0312,6.0417,5.9167,5.9583,0
1975-11-10,5.9375,5.9375,5.8438,5.8542,0
1975-11-11,5.8542,5.9375,5.8333,5.8438,0
1975-11-12,5.8542,5.9271,5.8542,5.9167,0
1975-11-13,6.0000,6.0729,6.0000,6.0000,0
1975-11-14,6.0000,6.0208,5.9271,5.9375,0
1975-11-17,5.9375,5.9375,5.8958,5.9062,0
1975-11-18,5.9062,5.9479,5.8333,5.8333,0
1975-11-19,5.8021,5.8021,5.5938,5.6562,0
1975-11-20,5.6667,5.7708,5.6667,5.7083,0
1975-11-21,5.7083,5.7396,5.6458,5.6667,0
1975-11-24,5.6667,5.7188,5.6667,5.6771,0
1975-11-25,5.6875,5.7604,5.6875,5.7292,0
1975-11-26,5.7292,5.7708,5.6875,5.7083,0
1975-11-28,5.7083,5.7917,5.7083,5.7500,0
1975-12-01,5.7500,5.7708,5.6458,5.6979,0
1975-12-02,5.6979,5.6979,5.6042,5.6458,0
1975-12-03,5.5833,5.5833,5.4583,5.4688,0
1975-12-04,5.4688,5.5625,5.4167,5.5312,0
1975-12-05,5.5312,5.5729,5.5208,5.5208,0
1975-12-08,5.5208,5.5417,5.4375,5.5208,0
1975-12-09,5.5208,5.5938,5.4896,5.5938,0
1975-12-10,5.6146,5.6562,5.6146,5.6354,0
1975-12-11,5.6458,5.6979,5.6458,5.6979,0
1975-12-12,5.6979,5.7396,5.6771,5.7396,0
1975-12-15,5.7396,5.7708,5.6979,5.6979,0
1975-12-16,5.6979,5.7604,5.6875,5.7292,0
1975-12-17,5.7188,5.7188,5.6875,5.6979,0
1975-12-18,5.6979,5.6979,5.6771,5.6979,0
1975-12-19,5.6979,5.7083,5.6146,5.6250,0
1975-12-22,5.5833,5.5833,5.5417,5.5417,0
1975-12-23,5.5417,5.6250,5.5208,5.6042,0
1975-12-24,5.6042,5.6562,5.6042,5.6458,0
1975-12-26,5.6458,5.7500,5.6354,5.7396,0
1975-12-29,5.7396,5.8021,5.7396,5.7917,0
1975-12-30,5.7917,5.8646,5.7604,5.7708,0
1975-12-31,5.7708,5.8229,5.7708,5.8125,0
1976-01-02,5.8125,5.9479,5.8021,5.9271,0
1976-01-05,5.9792,6.0729,5.9792,6.0208,0
1976-01-06,6.0208,6.1562,6.0000,6.0833,0
1976-01-07,6.0833,6.2083,6.0417,6.1250,0
1976-01-08,6.1250,6.2083,6.1042,6.1146,0
1976-01-09,6.1146,6.1979,6.0938,6.1667,0
1976-01-12,6.1667,6.2812,6.1354,6.2812,0
1976-01-13,6.2812,6.3750,6.1771,6.1771,0
1976-01-14,6.1771,6.2292,6.1458,6.2292,0
1976-01-15,6.2292,6.2812,6.2083,6.2292,0
1976-01-16,6.2292,6.2708,6.2188,6.2500,0
1976-01-19,6.2500,6.3333,6.2083,6.3333,0
1976-01-20,6.3542,6.4375,6.3542,6.4167,0
1976-01-21,6.4167,6.4583,6.3229,6.4167,0
1976-01-22,6.4062,6.4062,6.3542,6.3958,0
1976-01-23,6.3958,6.5000,6.3958,6.5000,0
1976-01-26,6.5000,6.6771,6.5000,6.5833,0
1976-01-27,6.5833,6.6562,6.5625,6.6146,0
1976-01-28,6.6146,6.6771,6.5521,6.6354,0
1976-01-29,6.6458,6.7500,6.6458,6.6562,0
1976-01-30,6.6562,6.7292,6.6458,6.6667,0
1976-02-02,6.6667,6.7188,6.6146,6.6875,0
1976-02-03,6.6875,6.6979,6.6562,6.6667,0
1976-02-04,6.6667,6.7188,6.6562,6.6667,0
1976-02-05,6.6667,6.6875,6.5417,6.5625,0
1976-02-06,6.5625,6.6458,6.5417,6.5521,0
1976-02-09,6.5521,6.6146,6.5312,6.5938,0
1976-02-10,6.5938,6.6250,6.5417,6.6250,0
1976-02-11,6.6354,6.6979,6.6354,6.6771,0
1976-02-12,6.6771,6.8333,6.6562,6.7708,0
1976-02-13,6.7500,6.7500,6.6875,6.7292,0
1976-02-17,6.7292,6.7396,6.6667,6.6875,0
1976-02-18,6.6875,6.7604,6.6875,6.7292,0
1976-02-19,6.7292,6.8646,6.7188,6.8333,0
1976-02-20,6.8958,6.9479,6.8958,6.9167,0
1976-02-23,6.9167,6.9792,6.8646,6.9792,0
1976-02-24,6.9792,7.0729,6.9583,7.0417,0
1976-02-25,7.0729,7.2292,7.0729,7.2188,0
1976-02-26,7.2188,7.3958,7.2188,7.2500,0
1976-02-27,7.2500,7.2604,7.1875,7.1875,0
1976-03-01,7.2292,7.3333,7.2292,7.3333,0
1976-03-02,7.3333,7.4375,7.3021,7.3750,0
1976-03-03,7.3750,7.4583,7.3333,7.4375,0
1976-03-04,7.4167,7.4167,7.3229,7.3438,0
1976-03-05,7.3438,7.3646,7.1875,7.2500,0
1976-03-08,7.2500,7.3125,7.2292,7.3125,0
1976-03-09,7.3125,7.4375,7.3021,7.3750,0
1976-03-10,7.3750,7.4792,7.3750,7.4479,0
1976-03-11,7.4896,7.5625,7.4896,7.5000,0
1976-03-12,7.5208,7.6250,7.5208,7.5312,0
1976-03-15,7.5312,7.5625,7.3750,7.4167,0
1976-03-16,7.4167,7.4167,7.3125,7.3438,0
1976-03-17,7.3438,7.3750,7.2292,7.3229,0
1976-03-18,7.2917,7.2917,7.1042,7.1458,0
1976-03-19,7.1458,7.1667,6.9583,6.9896,0
1976-03-22,6.9896,7.0521,6.9688,7.0000,0
1976-03-23,7.0000,7.0417,6.9167,7.0312,0
1976-03-24,7.0312,7.1146,6.9688,6.9896,0
1976-03-25,6.9792,6.9792,6.8125,6.8646,0
1976-03-26,6.8646,6.8854,6.8333,6.8854,0
1976-03-29,6.8646,6.8646,6.7188,6.7396,0
1976-03-30,6.7396,6.8125,6.6771,6.7917,0
1976-03-31,6.8125,6.8958,6.8125,6.8750,0
1976-04-01,6.8750,6.9583,6.8646,6.9167,0
1976-04-02,6.9167,7.0417,6.8750,6.9896,0
1976-04-05,7.0104,7.0938,7.0104,7.0833,0
1976-04-06,7.0833,7.1458,7.0833,7.0833,0
1976-04-07,7.0729,7.0729,7.0000,7.0312,0
1976-04-08,7.0312,7.0312,6.8854,6.8854,0
1976-04-09,6.8542,6.8542,6.7083,6.7500,0
1976-04-12,6.7500,6.8542,6.7188,6.7500,0
1976-04-13,6.7812,6.8542,6.7812,6.8021,0
1976-04-14,6.8021,6.9479,6.8021,6.8958,0
1976-04-15,6.9167,7.0417,6.9167,7.0417,0
1976-04-19,7.1042,7.2083,7.1042,7.2083,0
1976-04-20,7.2083,7.3750,7.1771,7.3542,0
1976-04-21,7.3542,7.4688,7.3438,7.3854,0
1976-04-22,7.3854,7.4479,7.3854,7.4167,0
1976-04-23,7.4167,7.4167,7.3438,7.3438,0
1976-04-26,7.3438,7.3646,7.3021,7.3646,0
1976-04-27,7.3646,7.3958,7.3229,7.3542,0
1976-04-28,7.3542,7.3542,7.2812,7.3021,0
1976-04-29,7.3021,7.3333,7.2917,7.3125,0
1976-04-30,7.3125,7.3333,7.2292,7.2708,0
1976-05-03,7.2500,7.2500,7.1667,7.1875,0
1976-05-04,7.1875,7.2292,7.1562,7.1875,0
1976-05-05,7.1875,7.2500,7.1875,7.2188,0
1976-05-06,7.2188,7.2500,7.1979,7.2292,0
1976-05-07,7.2396,7.3333,7.2396,7.3125,0
1976-05-10,7.3542,7.4688,7.3542,7.4375,0
1976-05-11,7.4583,7.5625,7.4583,7.5104,0
1976-05-12,7.5104,7.5312,7.4688,7.5000,0
1976-05-13,7.5000,7.5000,7.4583,7.4792,0
1976-05-14,7.4792,7.4792,7.3750,7.3958,0
1976-05-17,7.3958,7.4062,7.3542,7.3854,0
1976-05-18,7.3958,7.4375,7.3958,7.4062,0
1976-05-19,7.4062,7.4688,7.3958,7.4271,0
1976-05-20,7.4271,7.5312,7.4167,7.5000,0
1976-05-21,7.5000,7.5000,7.4583,7.4688,0
1976-05-24,7.4479,7.4479,7.3542,7.3854,0
1976-05-25,7.3854,7.4167,7.3646,7.3854,0
1976-05-26,7.3854,7.4167,7.3646,7.3854,0
1976-05-27,7.3854,7.3958,7.3438,7.3854,0
1976-05-28,7.3854,7.4062,7.3542,7.3958,0
1976-06-01,7.3958,7.4167,7.3646,7.3854,0
1976-06-02,7.3854,7.4167,7.3438,7.3958,0
1976-06-03,7.3958,7.4271,7.3854,7.3958,0
1976-06-04,7.3958,7.3958,7.3333,7.3646,0
1976-06-07,7.3438,7.3438,7.2917,7.3021,0
1976-06-08,7.3021,7.3854,7.3021,7.3333,0
1976-06-09,7.3333,7.4062,7.3229,7.3333,0
1976-06-10,7.3438,7.3958,7.3438,7.3750,0
1976-06-11,7.3750,7.4167,7.3646,7.4062,0
1976-06-14,7.4167,7.5417,7.4167,7.5104,0
1976-06-15,7.5104,7.5312,7.4479,7.4792,0
1976-06-16,7.4792,7.5521,7.4792,7.4896,0
1976-06-17,7.5000,7.5417,7.5000,7.5000,0
1976-06-18,7.5000,7.5417,7.4688,7.4688,0
1976-06-21,7.4688,7.5521,7.4479,7.5104,0
1976-06-22,7.5208,7.6562,7.5208,7.6042,0
1976-06-23,7.5833,7.5833,7.4896,7.5833,0
1976-06-24,7.5833,7.6458,7.5729,7.6146,0
1976-06-25,7.6146,7.6771,7.6042,7.6250,0
1976-06-28,7.6250,7.6458,7.5625,7.5729,0
1976-06-29,7.5729,7.5729,7.5417,7.5625,0
1976-06-30,7.5625,7.6146,7.5208,7.5938,0
1976-07-01,7.5938,7.6146,7.5208,7.5208,0
1976-07-02,7.5208,7.5521,7.5208,7.5417,0
1976-07-06,7.5417,7.5938,7.5417,7.5521,0
1976-07-07,7.5312,7.5312,7.4896,7.5000,0
1976-07-08,7.5000,7.5521,7.5000,7.5208,0
1976-07-09,7.5208,7.5625,7.5104,7.5625,0
1976-07-12,7.5625,7.5625,7.5104,7.5208,0
1976-07-13,7.5208,7.5625,7.5208,7.5625,0
1976-07-14,7.5625,7.7500,7.5417,7.7500,0
1976-07-15,7.7500,7.7604,7.6875,7.7188,0
1976-07-16,7.7188,7.7500,7.6667,7.7396,0
1976-07-19,7.7396,7.7500,7.6771,7.6771,0
1976-07-20,7.6771,7.6979,7.6354,7.6562,0
1976-07-21,7.6562,7.6979,7.6354,7.6875,0
1976-07-22,7.6875,7.7188,7.6250,7.7188,0
1976-07-23,7.7188,7.7708,7.7083,7.7292,0
1976-07-26,7.7500,7.7500,7.6719,7.6875,0
1976-07-27,7.6875,7.7500,7.6875,7.7344,0
1976-07-28,7.6875,7.6875,7.5938,7.6562,0
1976-07-29,7.6562,7.7656,7.6562,7.7656,0
1976-07-30,7.7500,7.7500,7.6719,7.7031,0
1976-08-02,7.7031,7.7031,7.5938,7.6406,0
1976-08-03,7.6406,7.7031,7.6094,7.6719,0
1976-08-04,7.6719,7.7656,7.6719,7.7188,0
1976-08-05,7.7031,7.7031,7.6406,7.6562,0
1976-08-06,7.6406,7.6406,7.5781,7.5938,0
1976-08-09,7.5938,7.5938,7.5000,7.5312,0
1976-08-10,7.5312,7.5781,7.5156,7.5625,0
1976-08-11,7.5625,7.5938,7.5000,7.5156,0
1976-08-12,7.5156,7.5781,7.5000,7.5625,0
1976-08-13,7.5625,7.6094,7.3594,7.3594,0
1976-08-16,7.3594,7.4062,7.3438,7.3594,0
1976-08-17,7.3281,7.3281,7.2656,7.3281,0
1976-08-18,7.3281,7.3594,7.0781,7.0938,0
1976-08-19,7.0938,7.1250,7.0000,7.0938,0
1976-08-20,7.0625,7.0625,6.9688,7.0625,0
1976-08-23,7.0625,7.1875,7.0156,7.1719,0
1976-08-24,7.1875,7.2969,7.1875,7.2031,0
1976-08-25,7.2031,7.2188,7.1562,7.1875,0
1976-08-26,7.1875,7.2500,7.1875,7.2031,0
1976-08-27,7.2031,7.2812,7.2031,7.2812,0
1976-08-30,7.2812,7.2812,7.1875,7.2500,0
1976-08-31,7.2656,7.3281,7.2656,7.3125,0
1976-09-01,7.3125,7.5000,7.2969,7.4844,0
1976-09-02,7.4844,7.5625,7.4844,7.5625,0
1976-09-03,7.5625,7.5938,7.5312,7.5781,0
1976-09-07,7.6250,7.7031,7.6250,7.6875,0
1976-09-08,7.6875,7.7344,7.6094,7.6250,0
1976-09-09,7.5938,7.5938,7.5312,7.5781,0
1976-09-10,7.5469,7.5469,7.4844,7.5156,0
1976-09-13,7.5156,7.5781,7.4688,7.5156,0
1976-09-14,7.5000,7.5000,7.4375,7.4688,0
1976-09-15,7.4688,7.4688,7.2656,7.2656,0
1976-09-16,7.2656,7.4062,7.2500,7.4062,0
1976-09-17,7.4062,7.4531,7.2969,7.2969,0
1976-09-20,7.2969,7.3281,7.0938,7.1250,0
1976-09-21,7.1250,7.1406,7.0625,7.1406,0
1976-09-22,7.1406,7.1562,6.8125,6.9531,0
1976-09-23,6.9531,7.0469,6.8750,6.9844,0
1976-09-24,6.9844,7.1250,6.9531,7.0469,0
1976-09-27,7.0469,7.0938,6.9844,7.0312,0
1976-09-28,7.0312,7.1250,7.0000,7.0469,0
1976-09-29,7.0469,7.0625,6.9531,7.0000,0
1976-09-30,6.9844,6.9844,6.9062,6.9219,0
1976-10-01,6.9375,7.0312,6.9375,6.9688,0
1976-10-04,6.9688,7.0312,6.9375,7.0000,0
1976-10-05,7.0000,7.0156,6.8438,6.8594,0
1976-10-06,6.8594,6.9375,6.7969,6.8281,0
1976-10-07,6.8281,6.9219,6.7969,6.9062,0
1976-10-08,6.9062,6.9531,6.8594,6.9062,0
1976-10-11,6.9062,6.9062,6.8125,6.9062,0
1976-10-12,6.9062,6.9219,6.8281,6.8594,0
1976-10-13,6.8594,6.8594,6.7812,6.8594,0
1976-10-14,6.8281,6.8281,6.6875,6.7188,0
1976-10-15,6.7188,6.7188,6.6406,6.7031,0
1976-10-18,6.7031,6.8438,6.7031,6.7969,0
1976-10-19,6.7969,6.8750,6.7969,6.8594,0
1976-10-20,6.8594,6.8906,6.8281,6.8438,0
1976-10-21,6.8438,6.8906,6.8281,6.8594,0
1976-10-22,6.8594,6.8906,6.8281,6.8438,0
1976-10-25,6.8438,6.9688,6.8281,6.9688,0
1976-10-26,6.9688,7.1094,6.9531,7.0781,0
1976-10-27,7.0781,7.1719,7.0625,7.0781,0
1976-10-28,7.0781,7.1875,7.0625,7.1250,0
1976-10-29,7.1250,7.2656,7.1250,7.2500,0
1976-11-01,7.2500,7.2500,7.1094,7.2188,0
1976-11-03,7.1406,7.1406,7.0469,7.0625,0
1976-11-04,7.0625,7.0781,6.9688,7.0156,0
1976-11-05,7.0156,7.0312,6.8438,6.8750,0
1976-11-08,6.8750,6.9688,6.7188,6.7500,0
1976-11-09,6.7500,6.7969,6.6719,6.7812,0
1976-11-10,6.7812,6.8281,6.7188,6.7188,0
1976-11-11,6.7188,6.7500,6.7031,6.7188,0
1976-11-12,6.7188,6.7344,6.6875,6.7344,0
1976-11-15,6.7344,6.7969,6.6719,6.7656,0
1976-11-16,6.7812,6.8906,6.7812,6.8281,0
1976-11-17,6.8281,6.9844,6.8281,6.9375,0
1976-11-18,6.9531,7.0312,6.9531,7.0000,0
1976-11-19,7.0000,7.0938,7.0000,7.0625,0
1976-11-22,7.0625,7.1719,7.0156,7.1562,0
1976-11-23,7.1562,7.1562,7.0781,7.0781,0
1976-11-24,7.1094,7.2031,7.1094,7.1719,0
1976-11-26,7.1719,7.2500,7.1250,7.2500,0
1976-11-29,7.2500,7.2500,7.1406,7.1406,0
1976-11-30,7.1406,7.1875,7.0938,7.1719,0
1976-12-01,7.1250,7.1250,7.0625,7.0781,0
1976-12-02,7.0781,7.1562,7.0156,7.0312,0
1976-12-03,7.0312,7.1562,7.0156,7.1094,0
1976-12-06,7.1094,7.1250,7.0469,7.0781,0
1976-12-07,7.0781,7.0781,6.9688,6.9844,0
1976-12-08,6.9844,6.9844,6.9531,6.9688,0
1976-12-09,6.9062,6.9062,6.8125,6.8594,0
1976-12-10,6.8594,6.9062,6.7656,6.7812,0
1976-12-13,6.7812,6.7812,6.6719,6.7656,0
1976-12-14,6.7656,6.8906,6.7500,6.8594,0
1976-12-15,6.8594,6.9219,6.8594,6.9062,0
1976-12-16,6.9062,6.9062,6.8281,6.8438,0
1976-12-17,6.8438,6.9062,6.8438,6.8750,0
1976-12-20,6.8750,6.9062,6.8594,6.8906,0
1976-12-21,6.8906,7.0312,6.8594,7.0312,0
1976-12-22,7.0312,7.0625,6.9375,6.9375,0
1976-12-23,6.9375,7.0312,6.9375,6.9844,0
1976-12-27,6.9844,7.0938,6.9844,7.0938,0
1976-12-28,7.0938,7.1562,7.0625,7.1094,0
1976-12-29,7.1094,7.1250,7.0625,7.0938,0
1976-12-30,7.0938,7.1562,7.0781,7.1250,0
1976-12-31,7.1250,7.2500,7.1250,7.2500,0
1977-01-03,7.2500,7.2500,7.1250,7.1719,0
1977-01-04,7.1719,7.2344,7.0625,7.0625,0
1977-01-05,7.0625,7.1094,6.9531,7.0000,0
1977-01-06,7.0000,7.0625,7.0000,7.0000,0
1977-01-07,7.0000,7.0938,7.0000,7.0312,0
1977-01-10,7.0312,7.0469,7.0000,7.0469,0
1977-01-11,7.0469,7.1094,6.9531,6.9688,0
1977-01-12,6.9688,6.9844,6.8750,6.8750,0
1977-01-13,6.8750,6.9688,6.8281,6.9531,0
1977-01-14,6.9531,7.0469,6.9375,7.0312,0
1977-01-17,7.0000,7.0000,6.9375,6.9531,0
1977-01-18,6.9531,6.9688,6.8438,6.8438,0
1977-01-19,6.8438,6.9062,6.4688,6.5312,0
1977-01-20,6.5312,6.6875,6.5312,6.5938,0
1977-01-21,6.5938,6.6875,6.5781,6.6562,0
1977-01-24,6.6562,6.7500,6.6406,6.7031,0
1977-01-25,6.7031,6.7031,6.6406,6.6406,0
1977-01-26,6.6250,6.6250,6.4062,6.4062,0
1977-01-27,6.4062,6.4375,6.3750,6.4219,0
1977-01-28,6.4219,6.5000,6.4062,6.4844,0
1977-01-31,6.4688,6.4688,6.3125,6.4531,0
1977-02-01,6.4844,6.6406,6.4844,6.5781,0
1977-02-02,6.5781,6.6250,6.5000,6.5000,0
1977-02-03,6.5000,6.5156,6.4375,6.5000,0
1977-02-04,6.5000,6.5625,6.5000,6.5156,0
1977-02-07,6.5156,6.5469,6.4531,6.4531,0
1977-02-08,6.4531,6.4844,6.2656,6.2969,0
1977-02-09,6.2969,6.3125,6.0938,6.0938,0
1977-02-10,6.1406,6.2188,6.1406,6.1562,0
1977-02-11,6.1562,6.1719,6.1250,6.1719,0
1977-02-14,6.1719,6.1875,6.1250,6.1719,0
1977-02-15,6.1875,6.4062,6.1875,6.4062,0
1977-02-16,6.4062,6.5000,6.3125,6.3438,0
1977-02-17,6.3438,6.3750,6.2969,6.3281,0
1977-02-18,6.3281,6.3594,6.2188,6.2656,0
1977-02-22,6.2969,6.4062,6.2969,6.2969,0
1977-02-23,6.2969,6.2969,6.2031,6.2031,0
1977-02-24,6.2188,6.2500,6.2188,6.2500,0
1977-02-25,6.2500,6.3281,6.2344,6.2969,0
1977-02-28,6.2969,6.3438,6.2812,6.3438,0
1977-03-01,6.3750,6.4219,6.3750,6.3906,0
1977-03-02,6.4062,6.4688,6.4062,6.4219,0
1977-03-03,6.4219,6.5312,6.4219,6.4688,0
1977-03-04,6.4688,6.5625,6.4062,6.5312,0
1977-03-07,6.5312,6.5781,6.5312,6.5625,0
1977-03-08,6.5625,6.6719,6.5312,6.5469,0
1977-03-09,6.5469,6.5469,6.4531,6.5312,0
1977-03-10,6.5312,6.6094,6.4688,6.6094,0
1977-03-11,6.6094,6.6875,6.5781,6.6875,0
1977-03-14,6.6875,6.9531,6.6719,6.8438,0
1977-03-15,6.8438,6.9062,6.8125,6.8438,0
1977-03-16,6.8438,6.8906,6.7812,6.8125,0
1977-03-17,6.7812,6.7812,6.6562,6.7656,0
1977-03-18,6.7969,6.8906,6.7969,6.8438,0
1977-03-21,6.8438,6.8750,6.8125,6.8594,0
1977-03-22,6.8594,6.8594,6.7812,6.8281,0
1977-03-23,6.8281,6.8750,6.8281,6.8438,0
1977-03-24,6.8438,6.8594,6.7812,6.7812,0
1977-03-25,6.7812,6.8750,6.7812,6.8125,0
1977-03-28,6.8125,6.8281,6.7656,6.8125,0
1977-03-29,6.8281,6.8906,6.8281,6.8438,0
1977-03-30,6.8438,6.8750,6.8125,6.8125,0
1977-03-31,6.8125,6.8594,6.7656,6.8281,0
1977-04-01,6.8438,6.9219,6.8438,6.8906,0
1977-04-04,6.8906,6.9062,6.8281,6.8438,0
1977-04-05,6.8438,6.8594,6.7812,6.7969,0
1977-04-06,6.7969,6.8125,6.7031,6.7188,0
1977-04-07,6.7188,6.7500,6.6875,6.7500,0
1977-04-11,6.7500,6.7969,6.7188,6.7969,0
1977-04-12,6.8281,6.9062,6.8281,6.8906,0
1977-04-13,6.8906,6.9844,6.8750,6.9531,0
1977-04-14,7.0781,7.2188,7.0781,7.1250,0
1977-04-15,7.1250,7.2344,7.1094,7.1875,0
1977-04-18,7.1875,7.2031,7.1406,7.1875,0
1977-04-19,7.1250,7.1250,7.0312,7.0625,0
1977-04-20,7.0625,7.1875,7.0469,7.1719,0
1977-04-21,7.1719,7.2031,7.0938,7.1406,0
1977-04-22,7.1406,7.1406,6.9531,6.9688,0
1977-04-25,6.9688,6.9844,6.9219,6.9219,0
1977-04-26,6.9219,6.9688,6.8281,6.8281,0
1977-04-27,6.8281,6.9844,6.8125,6.8906,0
1977-04-28,6.8906,6.9062,6.8281,6.8594,0
1977-04-29,6.8594,6.8750,6.7969,6.8125,0
1977-05-02,6.8125,6.9219,6.7656,6.9062,0
1977-05-03,6.9062,6.9844,6.9062,6.9688,0
1977-05-04,6.9688,7.0938,6.9531,7.0469,0
1977-05-05,7.0469,7.0781,7.0000,7.0469,0
1977-05-06,7.0469,7.0469,7.0000,7.0000,0
1977-05-09,7.0000,7.0312,6.9844,7.0000,0
1977-05-10,7.0156,7.2031,7.0156,7.1406,0
1977-05-11,7.1406,7.2188,7.1406,7.1562,0
1977-05-12,7.1562,7.2031,7.1094,7.1875,0
1977-05-13,7.2031,7.3281,7.2031,7.2969,0
1977-05-16,7.2969,7.3281,7.2812,7.2812,0
1977-05-17,7.2812,7.3281,7.2656,7.3281,0
1977-05-18,7.3438,7.4375,7.3438,7.4219,0
1977-05-19,7.4062,7.4062,7.2812,7.3125,0
1977-05-20,7.2969,7.2969,7.2500,7.2656,0
1977-05-23,7.2500,7.2500,7.1406,7.2344,0
1977-05-24,7.2344,7.2344,7.1250,7.2188,0
1977-05-25,7.2188,7.2188,7.1250,7.1250,0
1977-05-26,7.1250,7.2031,7.0938,7.1562,0
1977-05-27,7.1250,7.1250,7.0781,7.0938,0
1977-05-31,7.0938,7.1250,7.0312,7.0625,0
1977-06-01,7.0625,7.0625,7.0000,7.0469,0
1977-06-02,7.0469,7.0625,6.9688,6.9844,0
1977-06-03,6.9844,7.0156,6.9531,6.9688,0
1977-06-06,6.9688,7.0000,6.8906,6.9062,0
1977-06-07,6.9062,6.9531,6.8750,6.9219,0
1977-06-08,6.9375,7.0156,6.9375,6.9531,0
1977-06-09,6.9531,6.9844,6.9219,6.9844,0
1977-06-10,6.9844,7.0469,6.9688,7.0156,0
1977-06-13,7.0156,7.0938,7.0156,7.0312,0
1977-06-14,7.0312,7.0938,7.0156,7.0469,0
1977-06-15,7.0469,7.0625,6.9062,6.9688,0
1977-06-16,6.9688,7.0625,6.9375,7.0469,0
1977-06-17,7.0469,7.0625,7.0156,7.0625,0
1977-06-20,7.0625,7.1094,7.0469,7.0938,0
1977-06-21,7.0938,7.1562,7.0938,7.0938,0
1977-06-22,7.0938,7.1406,7.0469,7.0625,0
1977-06-23,7.0625,7.0938,7.0625,7.0938,0
1977-06-24,7.1094,7.1562,7.1094,7.1562,0
1977-06-27,7.1562,7.1719,7.1250,7.1250,0
1977-06-28,7.1250,7.1406,7.0781,7.1094,0
1977-06-29,7.1094,7.1094,7.0781,7.1094,0
1977-06-30,7.1094,7.2188,7.1094,7.2188,0
1977-07-01,7.2188,7.2188,7.1406,7.2031,0
1977-07-05,7.2031,7.2188,7.1094,7.1250,0
1977-07-06,7.1250,7.1250,7.0625,7.0625,0
1977-07-07,7.0625,7.0781,7.0000,7.0469,0
1977-07-08,7.0469,7.0938,7.0312,7.0312,0
1977-07-11,7.0312,7.0312,6.9062,6.9219,0
1977-07-12,6.9062,6.9062,6.8438,6.8594,0
1977-07-13,6.8594,6.8750,6.7812,6.7969,0
1977-07-15,6.7812,6.7812,6.7031,6.7500,0
1977-07-18,6.7500,6.8438,6.7188,6.8438,0
1977-07-19,6.8438,6.8594,6.7500,6.7500,0
1977-07-20,6.7969,6.8750,6.7969,6.7969,0
1977-07-21,6.7969,6.8125,6.7500,6.8125,0
1977-07-22,6.8125,6.8438,6.7969,6.8125,0
1977-07-25,6.8125,6.9062,6.7656,6.7969,0
1977-07-26,6.7812,6.7812,6.7344,6.7500,0
1977-07-27,6.7500,6.7656,6.5938,6.6250,0
1977-07-28,6.6250,6.6562,6.5781,6.6094,0
1977-07-29,6.6094,6.6406,6.5781,6.6250,0
1977-08-01,6.6406,6.8281,6.6406,6.6562,0
1977-08-02,6.6562,6.6719,6.6406,6.6719,0
1977-08-03,6.6562,6.6562,6.6094,6.6406,0
1977-08-04,6.6406,6.6406,6.6094,6.6250,0
1977-08-05,6.6250,6.6406,6.5625,6.5625,0
1977-08-08,6.5625,6.5781,6.4688,6.4688,0
1977-08-09,6.4688,6.5000,6.4688,6.4688,0
1977-08-10,6.4844,6.5312,6.4844,6.5156,0
1977-08-11,6.5156,6.5312,6.5000,6.5156,0
1977-08-12,6.5156,6.5312,6.4844,6.5156,0
1977-08-15,6.5156,6.5625,6.4844,6.5469,0
1977-08-16,6.5469,6.5625,6.5156,6.5156,0
1977-08-17,6.5156,6.5312,6.5156,6.5312,0
1977-08-18,6.5312,6.5938,6.5156,6.5156,0
1977-08-19,6.5156,6.5469,6.5156,6.5469,0
1977-08-22,6.5469,6.6562,6.5312,6.6562,0
1977-08-23,6.6562,6.6875,6.6094,6.6250,0
1977-08-24,6.6250,6.6250,6.5781,6.5781,0
1977-08-25,6.5000,6.5000,6.3281,6.3438,0
1977-08-26,6.3438,6.3750,6.3281,6.3594,0
1977-08-29,6.3594,6.3750,6.3125,6.3438,0
1977-08-30,6.3594,6.4531,6.3594,6.3594,0
1977-08-31,6.3594,6.4219,6.3438,6.4062,0
1977-09-01,6.4062,6.4375,6.3906,6.3906,0
1977-09-02,6.3906,6.4219,6.3906,6.4219,0
1977-09-06,6.4688,6.5625,6.4688,6.5625,0
1977-09-07,6.5781,6.6875,6.5781,6.6719,0
1977-09-08,6.6719,6.7188,6.6562,6.6719,0
1977-09-09,6.6719,6.7031,6.6406,6.6875,0
1977-09-12,6.6875,6.6875,6.5938,6.6094,0
1977-09-13,6.6250,6.6719,6.6250,6.6719,0
1977-09-14,6.6719,6.7031,6.6406,6.6875,0
1977-09-15,6.6875,6.7812,6.6719,6.7812,0
1977-09-16,6.7812,6.8125,6.7344,6.7344,0
1977-09-19,6.7344,6.7500,6.6875,6.7188,0
1977-09-20,6.7188,6.7344,6.6719,6.7188,0
1977-09-21,6.7188,6.7500,6.6719,6.7188,0
1977-09-22,6.7188,6.7344,6.6719,6.7188,0
1977-09-23,6.7188,6.7344,6.7188,6.7344,0
1977-09-26,6.7344,6.7812,6.7188,6.7812,0
1977-09-27,6.7812,6.7969,6.7656,6.7969,0
1977-09-28,6.7969,6.8281,6.7656,6.7969,0
1977-09-29,6.7969,6.8750,6.7812,6.8750,0
1977-09-30,6.8750,6.9219,6.8438,6.8750,0
1977-10-03,6.8594,6.8594,6.8438,6.8438,0
1977-10-04,6.8750,6.9062,6.8750,6.8906,0
1977-10-05,6.8750,6.8750,6.8438,6.8594,0
1977-10-06,6.8594,6.8750,6.8594,6.8750,0
1977-10-07,6.8750,6.8750,6.7500,6.7969,0
1977-10-10,6.7969,6.8281,6.7812,6.7969,0
1977-10-11,6.7969,6.7969,6.7344,6.7500,0
1977-10-12,6.7031,6.7031,6.6094,6.6562,0
1977-10-13,6.6562,6.6719,6.5625,6.6250,0
1977-10-14,6.6250,6.6875,6.6250,6.6562,0
1977-10-17,6.6562,6.7188,6.6250,6.7188,0
1977-10-18,6.7188,6.7188,6.6250,6.6250,0
1977-10-19,6.5625,6.5625,6.3750,6.3906,0
1977-10-20,6.3906,6.4688,6.3906,6.4688,0
1977-10-21,6.4375,6.4375,6.3594,6.3906,0
1977-10-24,6.3594,6.3594,6.2969,6.3125,0
1977-10-25,6.2812,6.2812,6.1875,6.2500,0
1977-10-26,6.2500,6.3906,6.2188,6.3438,0
1977-10-27,6.3750,6.4531,6.3750,6.4219,0
1977-10-28,6.4219,6.4375,6.4062,6.4375,0
1977-10-31,6.4375,6.4531,6.4062,6.4375,0
1977-11-01,6.3750,6.3750,6.2969,6.2969,0
1977-11-02,6.2969,6.3125,6.2500,6.2500,0
1977-11-03,6.2500,6.2656,6.2031,6.2656,0
1977-11-04,6.2812,6.3281,6.2812,6.2969,0
1977-11-07,6.3125,6.3594,6.3125,6.3438,0
1977-11-08,6.3594,6.4062,6.3594,6.3750,0
1977-11-09,6.3750,6.4531,6.3594,6.4531,0
1977-11-10,6.4531,6.5938,6.3750,6.5625,0
1977-11-11,6.6250,6.7500,6.6250,6.7188,0
1977-11-14,6.7344,6.7969,6.7344,6.7812,0
1977-11-15,6.7812,6.9375,6.7656,6.8750,0
1977-11-16,6.8750,6.8906,6.8125,6.8125,0
1977-11-17,6.7969,6.7969,6.7500,6.7500,0
1977-11-18,6.7500,6.8125,6.7500,6.7969,0
1977-11-21,6.7969,6.8281,6.7656,6.8281,0
1977-11-22,6.8281,6.9219,6.8125,6.8906,0
1977-11-23,6.9062,7.1250,6.9062,7.0469,0
1977-11-25,7.0469,7.1094,7.0469,7.0781,0
1977-11-28,7.0781,7.1562,7.0469,7.0625,0
1977-11-29,7.0469,7.0469,6.8438,6.8438,0
1977-11-30,6.8438,6.8906,6.8125,6.8594,0
1977-12-01,6.8594,6.8594,6.7656,6.7812,0
1977-12-02,6.7812,6.8125,6.6875,6.7344,0
1977-12-05,6.7344,6.7656,6.7188,6.7500,0
1977-12-06,6.7188,6.7188,6.5625,6.5781,0
1977-12-07,6.5781,6.6094,6.5469,6.5938,0
1977-12-08,6.6250,6.7344,6.6250,6.6719,0
1977-12-09,6.6875,6.7969,6.6875,6.7969,0
1977-12-12,6.7969,6.8438,6.7812,6.8125,0
1977-12-13,6.7812,6.7812,6.7188,6.7500,0
1977-12-14,6.7500,6.7656,6.6875,6.7500,0
1977-12-15,6.7500,6.7969,6.7188,6.7188,0
1977-12-16,6.7188,6.7344,6.7031,6.7031,0
1977-12-19,6.7031,6.7188,6.6406,6.6875,0
1977-12-20,6.6719,6.6719,6.6250,6.6562,0
1977-12-21,6.6562,6.6875,6.6094,6.6562,0
1977-12-22,6.6875,6.7500,6.6875,6.7500,0
1977-12-23,6.7500,6.7969,6.7500,6.7969,0
1977-12-27,6.7969,6.8281,6.7656,6.8125,0
1977-12-28,6.8125,6.8594,6.7812,6.8594,0
1977-12-29,6.8594,6.8906,6.8281,6.8750,0
1977-12-30,6.8594,6.8594,6.8438,6.8594,0
1978-01-03,6.8438,6.8438,6.7188,6.7188,0
1978-01-04,6.7188,6.7969,6.6719,6.7344,0
1978-01-05,6.7344,6.8281,6.6562,6.6562,0
1978-01-06,6.6562,6.6875,6.5312,6.5625,0
1978-01-09,6.5469,6.5469,6.4688,6.5156,0
1978-01-10,6.5156,6.5469,6.4844,6.5156,0
1978-01-11,6.5156,6.5625,6.5000,6.5312,0
1978-01-12,6.5312,6.6250,6.5312,6.5469,0
1978-01-13,6.5469,6.6094,6.5469,6.5625,0
1978-01-16,6.5469,6.5469,6.4844,6.5156,0
1978-01-17,6.5156,6.5938,6.5156,6.5781,0
1978-01-18,6.5781,6.6562,6.5469,6.6250,0
1978-01-19,6.6250,6.6250,6.5000,6.5312,0
1978-01-20,6.5312,6.5312,6.4219,6.4375,0
1978-01-23,6.4375,6.4531,6.2188,6.2969,0
1978-01-24,6.2969,6.3281,6.2344,6.2812,0
1978-01-25,6.2812,6.3594,6.2500,6.2969,0
1978-01-26,6.2969,6.3281,6.2031,6.2188,0
1978-01-27,6.1719,6.1719,6.1250,6.1562,0
1978-01-30,6.1719,6.2344,6.1719,6.2031,0
1978-01-31,6.2031,6.2500,6.1406,6.1875,0
1978-02-01,6.1875,6.2812,6.1875,6.2812,0
1978-02-02,6.2812,6.3281,6.2500,6.2812,0
1978-02-03,6.2812,6.2969,6.2344,6.2500,0
1978-02-06,6.2500,6.2500,6.2031,6.2500,0
1978-02-07,6.2500,6.3125,6.2500,6.3125,0
1978-02-08,6.3125,6.3125,6.2500,6.2500,0
1978-02-09,6.2500,6.2812,6.2188,6.2500,0
1978-02-10,6.2500,6.2969,6.2344,6.2812,0
1978-02-13,6.2812,6.2812,6.2344,6.2812,0
1978-02-14,6.2656,6.2656,6.2188,6.2344,0
1978-02-15,6.2344,6.2656,6.2188,6.2500,0
1978-02-16,6.2344,6.2344,6.1719,6.2031,0
1978-02-17,6.2031,6.2344,6.2031,6.2031,0
1978-02-21,6.2031,6.2188,6.1562,6.2188,0
1978-02-22,6.2188,6.2188,6.1875,6.1875,0
1978-02-23,6.1875,6.1875,6.1406,6.1719,0
1978-02-24,6.1719,6.2500,6.1562,6.2344,0
1978-02-27,6.2344,6.2969,6.2188,6.2344,0
1978-02-28,6.1875,6.1875,6.1562,6.1562,0
1978-03-01,6.1562,6.2031,6.1406,6.1719,0
1978-03-02,6.1719,6.2031,6.1406,6.1875,0
1978-03-03,6.1875,6.1875,6.0938,6.1094,0
1978-03-06,6.1094,6.1094,5.9688,6.0312,0
1978-03-07,6.0312,6.0625,6.0156,6.0156,0
1978-03-08,6.0156,6.0938,6.0156,6.0938,0
1978-03-09,6.0938,6.0938,6.0312,6.0312,0
1978-03-10,6.0469,6.0938,6.0469,6.0625,0
1978-03-13,6.0625,6.1406,6.0469,6.0469,0
1978-03-14,6.0469,6.0625,5.9844,6.0625,0
1978-03-15,6.0625,6.0625,5.9375,5.9531,0
1978-03-16,5.9531,5.9688,5.8438,5.8750,0
1978-03-17,5.8906,5.9688,5.8906,5.9375,0
1978-03-20,5.9375,5.9844,5.9375,5.9688,0
1978-03-21,5.9688,6.0000,5.8750,5.8906,0
1978-03-22,5.8906,5.9062,5.8125,5.8438,0
1978-03-23,5.7812,5.7812,5.6719,5.7031,0
1978-03-27,5.7031,5.7344,5.6719,5.7344,0
1978-03-28,5.7344,5.7812,5.7344,5.7812,0
1978-03-29,5.7812,5.8594,5.7812,5.8281,0
1978-03-30,5.8281,5.9375,5.8125,5.8750,0
1978-03-31,5.8750,5.9219,5.8438,5.9219,0
1978-04-03,5.9062,5.9062,5.8438,5.8750,0
1978-04-04,5.8750,5.9688,5.8750,5.9531,0
1978-04-05,5.9531,6.0312,5.9219,6.0000,0
1978-04-06,6.0156,6.1094,6.0156,6.0156,0
1978-04-07,6.0156,6.0781,6.0156,6.0781,0
1978-04-10,6.0781,6.0938,6.0469,6.0781,0
1978-04-11,6.0781,6.1094,6.0469,6.0938,0
1978-04-12,6.1094,6.1875,6.1094,6.1562,0
1978-04-13,6.1562,6.2188,6.1406,6.1875,0
1978-04-14,6.3125,6.4688,6.3125,6.4531,0
1978-04-17,6.6875,6.9375,6.6875,6.7188,0
1978-04-18,6.6562,6.6562,6.4375,6.5000,0
1978-04-19,6.5000,6.5312,6.4062,6.4844,0
1978-04-20,6.5156,6.5938,6.5156,6.5312,0
1978-04-21,6.5312,6.5469,6.4844,6.5312,0
1978-04-24,6.5312,6.7188,6.5312,6.6875,0
1978-04-25,6.8125,6.9062,6.8125,6.8438,0
1978-04-26,6.8438,7.0000,6.8281,6.8906,0
1978-04-27,6.8906,6.9844,6.8438,6.8750,0
1978-04-28,6.8750,6.9375,6.8750,6.9219,0
1978-05-01,6.9219,6.9219,6.8438,6.8906,0
1978-05-02,6.8906,6.9062,6.7656,6.7812,0
1978-05-03,6.7812,6.7812,6.7031,6.7188,0
1978-05-04,6.7188,6.7344,6.5781,6.7188,0
1978-05-05,6.7188,6.8906,6.6875,6.7656,0
1978-05-08,6.7656,6.8594,6.7188,6.7344,0
1978-05-09,6.7344,6.7812,6.7188,6.7656,0
1978-05-10,6.7656,6.8125,6.7188,6.7344,0
1978-05-11,6.7344,6.9375,6.7344,6.9219,0
1978-05-12,6.9375,7.1250,6.9375,7.1250,0
1978-05-15,7.1250,7.2500,7.1250,7.2188,0
1978-05-16,7.2656,7.3594,7.2656,7.3594,0
1978-05-17,7.3594,7.4062,7.3438,7.3750,0
1978-05-18,7.3750,7.3750,7.2188,7.2188,0
1978-05-19,7.2188,7.2812,7.1250,7.2656,0
1978-05-22,7.2656,7.2656,7.2188,7.2500,0
1978-05-23,7.2344,7.2344,7.1094,7.1250,0
1978-05-24,7.0781,7.0781,6.9688,7.0156,0
1978-05-25,7.0156,7.0469,6.8750,6.9062,0
1978-05-26,6.9062,6.9062,6.8281,6.8594,0
1978-05-30,6.8594,6.9062,6.8438,6.8750,0
1978-05-31,6.9219,7.0156,6.9219,6.9531,0
1978-06-01,6.9531,7.0156,6.9531,6.9844,0
1978-06-02,7.0000,7.0938,7.0000,7.0781,0
1978-06-05,7.1562,7.2656,7.1562,7.2500,0
1978-06-06,7.2812,7.4375,7.2812,7.2812,0
1978-06-07,7.2500,7.2500,7.1406,7.1719,0
1978-06-08,7.1719,7.2500,7.1250,7.1719,0
1978-06-09,7.1719,7.2188,7.1250,7.1562,0
1978-06-12,7.1562,7.2031,7.1562,7.1719,0
1978-06-13,7.1719,7.1719,7.0781,7.1719,0
1978-06-14,7.1875,7.2500,7.1875,7.2188,0
1978-06-15,7.2188,7.2188,7.0938,7.1406,0
1978-06-16,7.1406,7.1719,7.0156,7.0312,0
1978-06-19,7.0312,7.0469,6.9531,6.9688,0
1978-06-20,6.9688,6.9844,6.8125,6.8281,0
1978-06-21,6.8281,6.8438,6.7656,6.7656,0
1978-06-22,6.7656,6.9062,6.7656,6.9062,0
1978-06-23,6.9062,6.9375,6.8281,6.8750,0
1978-06-26,6.8438,6.8438,6.7031,6.7188,0
1978-06-27,6.7188,6.8281,6.6719,6.8281,0
1978-06-28,6.8281,6.9219,6.8125,6.9219,0
1978-06-29,6.9219,6.9844,6.8906,6.9688,0
1978-06-30,6.9688,6.9844,6.9062,6.9844,0
1978-07-03,6.9688,6.9688,6.8906,6.9375,0
1978-07-05,6.9375,6.9375,6.8750,6.8750,0
1978-07-06,6.8750,6.9062,6.8594,6.9062,0
1978-07-07,6.9062,7.0625,6.9062,7.0312,0
1978-07-10,7.0312,7.1562,7.0312,7.1562,0
1978-07-11,7.1562,7.3281,7.1562,7.3125,0
1978-07-12,7.3125,7.3594,7.3125,7.3281,0
1978-07-13,7.2969,7.2969,7.2188,7.2812,0
1978-07-14,7.2656,7.2656,7.1875,7.2500,0
1978-07-17,7.2500,7.3438,7.2500,7.2500,0
1978-07-18,7.2344,7.2344,7.1250,7.1562,0
1978-07-19,7.2031,7.3438,7.2031,7.3281,0
1978-07-20,7.3281,7.3438,7.2500,7.3125,0
1978-07-21,7.2812,7.2812,7.0938,7.1719,0
1978-07-24,7.1562,7.1562,7.0469,7.1562,0
1978-07-25,7.1562,7.1875,7.0312,7.1875,0
1978-07-26,7.1875,7.2812,7.1719,7.2344,0
1978-07-27,7.2344,7.3438,7.2188,7.3125,0
1978-07-28,7.3125,7.3906,7.2656,7.3750,0
1978-07-31,7.3750,7.4844,7.3281,7.4688,0
1978-08-01,7.4688,7.5312,7.3906,7.4688,0
1978-08-02,7.4688,7.6562,7.4688,7.6406,0
1978-08-03,7.6875,7.9062,7.6875,7.7656,0
1978-08-04,7.7656,7.8125,7.6719,7.7656,0
1978-08-07,7.7656,7.7969,7.6719,7.6875,0
1978-08-08,7.6875,7.6875,7.5625,7.6719,0
1978-08-09,7.6875,7.7656,7.6875,7.7344,0
1978-08-10,7.7344,7.7500,7.6875,7.6875,0
1978-08-11,7.6875,7.7344,7.6562,7.6875,0
1978-08-14,7.6875,7.7188,7.6250,7.6875,0
1978-08-15,7.6719,7.6719,7.6250,7.6562,0
1978-08-16,7.6719,7.7344,7.6719,7.7188,0
1978-08-17,7.7188,7.7500,7.6250,7.6562,0
1978-08-18,7.6562,7.6562,7.5000,7.5000,0
1978-08-21,7.5000,7.5312,7.3438,7.3594,0
1978-08-22,7.3594,7.5000,7.3438,7.4844,0
1978-08-23,7.5312,7.6250,7.5312,7.5625,0
1978-08-24,7.5625,7.6562,7.5312,7.6250,0
1978-08-25,7.6250,7.6719,7.5625,7.6094,0
1978-08-28,7.6094,7.6250,7.4531,7.5156,0
1978-08-29,7.5000,7.5000,7.4062,7.4688,0
1978-08-30,7.4688,7.5000,7.4531,7.4531,0
1978-08-31,7.4531,7.5312,7.4375,7.5000,0
1978-09-01,7.5000,7.6406,7.5000,7.5625,0
1978-09-05,7.5625,7.6875,7.5625,7.6875,0
1978-09-06,7.6875,7.7344,7.6719,7.7031,0
1978-09-07,7.7344,7.8281,7.7344,7.7969,0
1978-09-08,7.8438,8.0000,7.8438,8.0000,0
1978-09-11,8.0156,8.0781,8.0156,8.0156,0
1978-09-12,8.0156,8.0625,8.0156,8.0469,0
1978-09-13,8.0469,8.1250,8.0156,8.0469,0
1978-09-14,8.0469,8.0625,7.8750,7.8750,0
1978-09-15,7.8750,7.9219,7.8125,7.8438,0
1978-09-18,7.8438,7.8750,7.7344,7.8438,0
1978-09-19,7.8125,7.8125,7.5625,7.5938,0
1978-09-20,7.5938,7.7031,7.4688,7.4844,0
1978-09-21,7.4844,7.5000,7.3438,7.4062,0
1978-09-22,7.4062,7.5000,7.3594,7.4844,0
1978-09-25,7.4375,7.4375,7.4062,7.4375,0
1978-09-26,7.4375,7.4844,7.4062,7.4531,0
1978-09-27,7.4531,7.5000,7.3906,7.3906,0
1978-09-28,7.3125,7.3125,7.2500,7.3125,0
1978-09-29,7.3125,7.3750,7.2969,7.3594,0
1978-10-02,7.3594,7.3594,7.2188,7.2812,0
1978-10-03,7.2812,7.3125,7.1719,7.1719,0
1978-10-04,7.1719,7.2031,7.1094,7.1719,0
1978-10-05,7.1719,7.2656,7.1719,7.2188,0
1978-10-06,7.2188,7.2344,7.1562,7.2344,0
1978-10-09,7.2344,7.3750,7.2188,7.3594,0
1978-10-10,7.3594,7.5312,7.3125,7.4375,0
1978-10-11,7.4375,7.7031,7.3906,7.6719,0
1978-10-12,7.6719,7.6719,7.5000,7.5000,0
1978-10-13,7.5000,7.5312,7.4531,7.5000,0
1978-10-16,7.4688,7.4688,7.2969,7.3125,0
1978-10-17,7.3125,7.3438,7.2500,7.2500,0
1978-10-18,7.2500,7.3281,7.2344,7.2344,0
1978-10-19,7.2344,7.2656,7.1875,7.2188,0
1978-10-20,7.1562,7.1562,7.0469,7.0625,0
1978-10-23,7.0625,7.1406,6.9688,7.0781,0
1978-10-24,7.0781,7.1406,7.0469,7.0469,0
1978-10-25,7.0469,7.0625,6.9062,6.9844,0
1978-10-26,6.9844,7.0156,6.8438,6.8438,0
1978-10-27,6.8438,6.9375,6.6875,6.6875,0
1978-10-30,6.6875,7.0000,6.6094,6.9531,0
1978-10-31,6.9531,7.1094,6.8906,6.9062,0
1978-11-01,7.1406,7.3750,7.1406,7.3750,0
1978-11-02,7.3750,7.4531,7.2969,7.3594,0
1978-11-03,7.3594,7.3906,7.2188,7.3125,0
1978-11-06,7.2812,7.2812,7.0156,7.0156,0
1978-11-07,6.9688,6.9688,6.8438,6.9531,0
1978-11-08,6.9531,7.0000,6.8906,7.0000,0
1978-11-09,7.0000,7.0938,7.0000,7.0312,0
1978-11-10,7.0312,7.0938,7.0156,7.0781,0
1978-11-13,7.0781,7.0781,6.9844,6.9844,0
1978-11-14,6.9844,7.0156,6.9375,6.9844,0
1978-11-15,6.9844,7.1094,6.9375,6.9375,0
1978-11-16,6.9375,7.0469,6.9375,7.0156,0
1978-11-17,7.0156,7.0312,6.9375,6.9688,0
1978-11-20,6.9688,7.0938,6.9531,7.0781,0
1978-11-21,7.0781,7.1094,7.0000,7.0625,0
1978-11-22,7.0625,7.0781,7.0312,7.0469,0
1978-11-24,7.0469,7.0625,7.0156,7.0625,0
1978-11-27,7.0625,7.1250,7.0312,7.0781,0
1978-11-28,7.0781,7.1250,7.0625,7.0625,0
1978-11-29,7.0312,7.0312,6.9531,6.9844,0
1978-11-30,6.9844,7.0625,6.8750,7.0625,0
1978-12-01,7.1719,7.2656,7.1719,7.2188,0
1978-12-04,7.2188,7.2344,7.1562,7.2344,0
1978-12-05,7.2344,7.2969,7.2031,7.2812,0
1978-12-06,7.2812,7.4688,7.2812,7.2812,0
1978-12-07,7.2812,7.3281,7.1875,7.1875,0
1978-12-08,7.1719,7.1719,7.0625,7.0781,0
1978-12-11,7.0781,7.1719,7.0312,7.1250,0
1978-12-12,7.1250,7.1406,7.0312,7.0625,0
1978-12-13,7.0625,7.0781,7.0000,7.0625,0
1978-12-14,7.0625,7.0781,7.0156,7.0781,0
1978-12-15,7.0781,7.0781,7.0156,7.0156,0
1978-12-18,6.9219,6.9219,6.7969,6.8750,0
1978-12-19,6.8750,6.9688,6.8438,6.9688,0
1978-12-20,6.9531,6.9531,6.8750,6.9375,0
1978-12-21,7.0000,7.1250,7.0000,7.0312,0
1978-12-22,7.0781,7.2500,7.0781,7.2500,0
1978-12-26,7.2500,7.3594,7.2500,7.3594,0
1978-12-27,7.3438,7.3438,7.2656,7.2812,0
1978-12-28,7.2812,7.3438,7.2656,7.2656,0
1978-12-29,7.2969,7.3594,7.2969,7.3438,0
1979-01-02,7.3438,7.3594,7.2031,7.3281,0
1979-01-03,7.3438,7.4844,7.3438,7.4688,0
1979-01-04,7.4688,7.6562,7.4531,7.5312,0
1979-01-05,7.5312,7.5781,7.5000,7.5000,0
1979-01-08,7.5000,7.5625,7.4844,7.5469,0
1979-01-09,7.5469,7.6094,7.5312,7.5781,0
1979-01-10,7.5625,7.5625,7.4531,7.5000,0
1979-01-11,7.5000,7.5000,7.4219,7.5000,0
1979-01-12,7.5781,7.6875,7.5781,7.6250,0
1979-01-15,7.6250,7.6875,7.6250,7.6719,0
1979-01-16,7.6406,7.6406,7.5469,7.5469,0
1979-01-17,7.5469,7.6094,7.4531,7.5938,0
1979-01-18,7.5938,7.6250,7.5625,7.6094,0
1979-01-19,7.6094,7.6562,7.5625,7.6094,0
1979-01-22,7.5781,7.5781,7.4688,7.5469,0
1979-01-23,7.5469,7.7031,7.5312,7.7031,0
1979-01-24,7.7031,7.7500,7.6875,7.7031,0
1979-01-25,7.7031,7.7656,7.6875,7.7500,0
1979-01-26,7.7500,7.8594,7.7500,7.8125,0
1979-01-29,7.8125,7.8125,7.7500,7.7812,0
1979-01-30,7.7812,7.7969,7.6875,7.7188,0
1979-01-31,7.7188,7.7500,7.5781,7.5938,0
1979-02-01,7.5625,7.5625,7.5312,7.5625,0
1979-02-02,7.5625,7.5781,7.5000,7.5469,0
1979-02-05,7.4844,7.4844,7.4375,7.4375,0
1979-02-06,7.4375,7.4688,7.4375,7.4688,0
1979-02-07,7.4531,7.4531,7.3125,7.3594,0
1979-02-08,7.3594,7.3750,7.3281,7.3438,0
1979-02-09,7.3438,7.4062,7.3281,7.3281,0
1979-02-12,7.3281,7.4219,7.3281,7.4219,0
1979-02-13,7.4219,7.5000,7.4219,7.4219,0
1979-02-14,7.4219,7.4844,7.4219,7.4531,0
1979-02-15,7.4375,7.4375,7.4062,7.4375,0
1979-02-16,7.4375,7.4375,7.4062,7.4062,0
1979-02-20,7.4219,7.5000,7.4219,7.5000,0
1979-02-21,7.5000,7.5312,7.4531,7.4688,0
1979-02-22,7.4688,7.5156,7.4062,7.4062,0
1979-02-23,7.4219,7.4688,7.4219,7.4531,0
1979-02-26,7.4531,7.4844,7.3594,7.3906,0
1979-02-27,7.3906,7.4062,7.2188,7.2656,0
1979-02-28,7.2344,7.2344,7.1562,7.2188,0
1979-03-01,7.2188,7.2500,7.1875,7.2500,0
1979-03-02,7.2500,7.2500,7.2188,7.2344,0
1979-03-05,7.2812,7.4375,7.2812,7.3906,0
1979-03-06,7.3906,7.3906,7.2188,7.2812,0
1979-03-07,7.2812,7.3906,7.2656,7.3438,0
1979-03-08,7.3438,7.4844,7.3281,7.4844,0
1979-03-09,7.4844,7.5469,7.4688,7.5000,0
1979-03-12,7.5000,7.5000,7.3906,7.4688,0
1979-03-13,7.4688,7.5312,7.4219,7.4531,0
1979-03-14,7.4531,7.4531,7.3906,7.4219,0
1979-03-15,7.4219,7.4688,7.3750,7.4375,0
1979-03-16,7.4375,7.5156,7.4219,7.5000,0
1979-03-19,7.5000,7.5469,7.4375,7.4688,0
1979-03-20,7.4688,7.4844,7.3906,7.4219,0
1979-03-21,7.4219,7.4688,7.4062,7.4688,0
1979-03-22,7.4688,7.5312,7.4375,7.5000,0
1979-03-23,7.5000,7.5781,7.4688,7.5469,0
1979-03-26,7.5469,7.6250,7.5000,7.5781,0
1979-03-27,7.5781,7.7188,7.5781,7.7188,0
1979-03-28,7.7031,7.7031,7.6094,7.6094,0
1979-03-29,7.6094,7.6094,7.4062,7.4531,0
1979-03-30,7.4531,7.4531,7.4062,7.4219,0
1979-04-02,7.3906,7.3906,7.2969,7.3281,0
1979-04-03,7.3281,7.4062,7.2812,7.3750,0
1979-04-04,7.3750,7.4531,7.2656,7.3125,0
1979-04-05,7.3125,7.3281,7.2812,7.3125,0
1979-04-06,7.3125,7.3594,7.3125,7.3438,0
1979-04-09,7.3438,7.3438,7.2500,7.2656,0
1979-04-10,7.2656,7.3438,7.2344,7.3125,0
1979-04-11,7.3125,7.3438,7.2344,7.2656,0
1979-04-12,7.2344,7.2344,7.0625,7.0625,0
1979-04-16,7.0625,7.1406,7.0156,7.1250,0
1979-04-17,7.1250,7.1406,7.0625,7.0781,0
1979-04-18,7.0781,7.0938,7.0625,7.0781,0
1979-04-19,7.0781,7.1406,7.0625,7.0781,0
1979-04-20,7.0781,7.1094,7.0625,7.0938,0
1979-04-23,7.0938,7.0938,7.0625,7.0938,0
1979-04-24,7.0938,7.1094,7.0781,7.0781,0
1979-04-25,7.0781,7.1094,7.0625,7.1094,0
1979-04-26,7.1094,7.1094,7.0312,7.0312,0
1979-04-27,7.0000,7.0000,6.8594,6.8750,0
1979-04-30,6.8750,6.9062,6.8125,6.8750,0
1979-05-01,6.8750,6.9375,6.8750,6.9219,0
1979-05-02,6.9219,6.9219,6.8594,6.8906,0
1979-05-03,6.8906,6.9219,6.8594,6.8750,0
1979-05-04,6.8594,6.8594,6.8125,6.8281,0
1979-05-07,6.7500,6.7500,6.6406,6.6562,0
1979-05-08,6.6562,6.7812,6.6250,6.7656,0
1979-05-09,6.7656,6.8125,6.7031,6.7656,0
1979-05-10,6.7656,6.7969,6.7188,6.7188,0
1979-05-11,6.7188,6.8125,6.7188,6.7969,0
1979-05-14,6.7812,6.7812,6.7188,6.7188,0
1979-05-15,6.7188,6.7969,6.7031,6.7500,0
1979-05-16,6.7500,6.8281,6.7500,6.7812,0
1979-05-17,6.8125,7.0000,6.8125,7.0000,0
1979-05-18,7.0000,7.0000,6.9531,6.9688,0
1979-05-21,6.9688,7.0312,6.9531,7.0312,0
1979-05-22,7.0312,7.0938,6.9844,7.0938,0
1979-05-23,7.0938,7.1562,7.0781,7.0781,0
1979-05-24,7.0781,7.0781,7.0000,7.0469,0
1979-05-25,7.0469,7.0469,7.0000,7.0156,0
1979-05-29,7.0156,7.0312,6.9688,6.9844,0
1979-05-30,6.9844,7.0000,6.8281,6.8438,0
1979-05-31,6.8438,6.9219,6.8125,6.9062,0
1979-06-01,6.9062,6.9062,6.8594,6.9062,0
1979-06-04,6.9062,6.9688,6.8750,6.9531,0
1979-06-05,6.9531,6.9844,6.9219,6.9375,0
1979-06-06,6.9375,7.0000,6.8906,6.9219,0
1979-06-07,6.9219,6.9844,6.9062,6.9688,0
1979-06-08,6.9688,6.9844,6.8750,6.8750,0
1979-06-11,6.8750,6.9219,6.8594,6.8750,0
1979-06-12,6.8906,6.9844,6.8906,6.9688,0
1979-06-13,6.9688,6.9844,6.8750,6.9062,0
1979-06-14,6.9062,6.9531,6.7969,6.8594,0
1979-06-15,6.8594,6.8750,6.7969,6.8125,0
1979-06-18,6.8125,6.8125,6.6562,6.6875,0
1979-06-19,6.6875,6.7188,6.6406,6.7031,0
1979-06-20,6.7031,6.7188,6.6719,6.6875,0
1979-06-21,6.6875,6.7500,6.6719,6.7344,0
1979-06-22,6.7344,6.7656,6.7344,6.7500,0
1979-06-25,6.7500,6.7656,6.7031,6.7344,0
1979-06-26,6.7344,6.8125,6.7031,6.7188,0
1979-06-27,6.7188,6.7969,6.6875,6.7500,0
1979-06-28,6.7656,6.8594,6.7656,6.8438,0
1979-06-29,6.8438,6.9219,6.8438,6.8906,0
1979-07-02,6.8594,6.8594,6.8281,6.8281,0
1979-07-03,6.8281,6.8281,6.7969,6.8281,0
1979-07-05,6.8281,6.8281,6.7656,6.8125,0
1979-07-06,6.8125,6.8906,6.8125,6.8750,0
1979-07-09,6.8750,6.9688,6.8750,6.9688,0
1979-07-10,6.9688,7.0156,6.9688,6.9688,0
1979-07-11,6.8438,6.8438,6.7656,6.7656,0
1979-07-12,6.7656,6.7656,6.7031,6.7031,0
1979-07-13,6.7188,6.7656,6.7188,6.7500,0
1979-07-16,6.7500,6.7969,6.6875,6.7500,0
1979-07-17,6.7344,6.7344,6.6719,6.6875,0
1979-07-18,6.6875,6.7500,6.6250,6.7500,0
1979-07-19,6.7656,6.8125,6.7656,6.7656,0
1979-07-20,6.7656,6.8750,6.7656,6.8281,0
1979-07-23,6.8281,6.8906,6.7969,6.8906,0
1979-07-24,6.8906,6.9375,6.8438,6.8750,0
1979-07-25,6.8750,6.9062,6.8594,6.8750,0
1979-07-26,6.8750,6.9062,6.8594,6.8750,0
1979-07-27,6.8750,6.8906,6.8438,6.8906,0
1979-07-30,6.8906,6.9062,6.8281,6.8906,0
1979-07-31,6.8906,6.9375,6.8906,6.9375,0
1979-08-01,6.9375,6.9844,6.9375,6.9688,0
1979-08-02,7.0000,7.0625,7.0000,7.0625,0
1979-08-03,7.0625,7.1094,7.0469,7.0938,0
1979-08-06,7.0938,7.1875,7.0781,7.1562,0
1979-08-07,7.1875,7.2812,7.1875,7.2812,0
1979-08-08,7.2812,7.3281,7.2656,7.3125,0
1979-08-09,7.3125,7.3125,7.2500,7.2656,0
1979-08-10,7.2656,7.4062,7.2344,7.3906,0
1979-08-13,7.3906,7.4375,7.3906,7.4375,0
1979-08-14,7.4375,7.4375,7.3906,7.4219,0
1979-08-15,7.4219,7.4219,7.2656,7.3906,0
1979-08-16,7.3906,7.4375,7.2812,7.3594,0
1979-08-17,7.2969,7.2969,7.2188,7.2344,0
1979-08-20,7.2344,7.2500,7.1875,7.2344,0
1979-08-21,7.2344,7.2812,7.2031,7.2344,0
1979-08-22,7.2344,7.2344,7.1875,7.2188,0
1979-08-23,7.2031,7.2031,7.1562,7.1719,0
1979-08-24,7.1562,7.1562,7.0156,7.0312,0
1979-08-27,7.0312,7.0469,6.9688,7.0312,0
1979-08-28,7.0312,7.0781,7.0156,7.0469,0
1979-08-29,7.0469,7.0781,7.0469,7.0469,0
1979-08-30,7.0469,7.1094,7.0469,7.1094,0
1979-08-31,7.1094,7.1250,7.0938,7.1094,0
1979-09-04,7.1094,7.1094,7.0312,7.0312,0
1979-09-05,7.0000,7.0000,6.9688,7.0000,0
1979-09-06,7.0000,7.0312,6.9844,7.0156,0
1979-09-07,7.0156,7.0156,6.9062,7.0000,0
1979-09-10,7.0156,7.0781,7.0156,7.0312,0
1979-09-11,7.0312,7.1094,6.9844,7.0000,0
1979-09-12,7.0000,7.1719,6.9844,7.0000,0
1979-09-13,7.0000,7.0312,6.9062,6.9062,0
1979-09-14,6.9062,7.0156,6.9062,7.0000,0
1979-09-17,7.0000,7.0312,6.9219,6.9219,0
1979-09-18,6.9219,6.9375,6.8750,6.8750,0
1979-09-19,6.8750,6.8906,6.7969,6.8750,0
1979-09-20,6.8750,6.9531,6.8125,6.9531,0
1979-09-21,6.9531,6.9531,6.9062,6.9531,0
1979-09-24,6.9531,7.0000,6.9375,6.9531,0
1979-09-25,6.9531,6.9844,6.9219,6.9844,0
1979-09-26,6.9844,7.0312,6.9688,7.0000,0
1979-09-27,7.0000,7.0156,6.9688,7.0156,0
1979-09-28,7.0156,7.0312,6.9531,6.9688,0
1979-10-01,6.9062,6.9062,6.7969,6.8281,0
1979-10-02,6.8281,6.8750,6.7969,6.8750,0
1979-10-03,6.8750,6.8906,6.8438,6.8594,0
1979-10-04,6.8594,6.8906,6.8125,6.8281,0
1979-10-05,6.8281,6.9062,6.8281,6.8594,0
1979-10-08,6.8438,6.8438,6.7969,6.7969,0
1979-10-09,6.7812,6.7812,6.6406,6.6406,0
1979-10-10,6.6406,6.6562,6.4844,6.5469,0
1979-10-11,6.5469,6.6562,6.5469,6.5781,0
1979-10-12,6.5781,6.6406,6.5781,6.5938,0
1979-10-15,6.5938,6.5938,6.5781,6.5781,0
1979-10-16,6.5781,6.5938,6.4844,6.5000,0
1979-10-17,6.5000,6.5156,6.4531,6.5156,0
1979-10-18,6.5156,6.5312,6.4375,6.4531,0
1979-10-19,6.4531,6.4531,6.4062,6.4062,0
1979-10-22,6.4062,6.4062,6.1719,6.2812,0
1979-10-23,6.2812,6.3125,6.2344,6.2344,0
1979-10-24,6.2344,6.2656,6.1875,6.1875,0
1979-10-25,6.1875,6.2344,6.1875,6.1875,0
1979-10-26,6.2188,6.2812,6.2188,6.2500,0
1979-10-29,6.2500,6.2969,6.2188,6.2188,0
1979-10-30,6.2188,6.2656,6.2031,6.2656,0
1979-10-31,6.2656,6.2656,6.2031,6.2188,0
1979-11-01,6.2500,6.2812,6.2500,6.2656,0
1979-11-02,6.2969,6.3438,6.2969,6.3281,0
1979-11-05,6.3281,6.3281,6.2656,6.2656,0
1979-11-06,6.2656,6.2656,6.2344,6.2344,0
1979-11-07,6.2188,6.2188,6.1406,6.1406,0
1979-11-08,6.1406,6.3125,6.1406,6.2656,0
1979-11-09,6.2969,6.3594,6.2969,6.3281,0
1979-11-12,6.3438,6.4688,6.3438,6.4688,0
1979-11-13,6.4688,6.4844,6.4219,6.4375,0
1979-11-14,6.4375,6.4531,6.3750,6.4531,0
1979-11-15,6.4531,6.4688,6.4531,6.4688,0
1979-11-16,6.4688,6.4688,6.4375,6.4375,0
1979-11-19,6.4375,6.4844,6.4219,6.4219,0
1979-11-20,6.4531,6.5469,6.4531,6.4844,0
1979-11-21,6.4844,6.5156,6.4375,6.5156,0
1979-11-23,6.5156,6.5625,6.5156,6.5625,0
1979-11-26,6.5938,6.7969,6.5938,6.7500,0
1979-11-27,6.7500,6.7969,6.7188,6.7812,0
1979-11-28,6.7812,6.8125,6.7344,6.7812,0
1979-11-29,6.7812,6.8906,6.7656,6.8438,0
1979-11-30,6.8438,6.8594,6.7188,6.7500,0
1979-12-03,6.7500,6.7656,6.6875,6.7031,0
1979-12-04,6.7031,6.7500,6.6562,6.6719,0
1979-12-05,6.6719,6.7344,6.6719,6.6719,0
1979-12-06,6.6719,6.7188,6.6250,6.7188,0
1979-12-07,6.7188,6.8125,6.7031,6.7188,0
1979-12-10,6.7188,6.7969,6.7188,6.7969,0
1979-12-11,6.7969,6.8281,6.7812,6.8125,0
1979-12-12,6.7969,6.7969,6.7344,6.7500,0
1979-12-13,6.7500,6.7656,6.7344,6.7656,0
1979-12-14,6.7656,6.8125,6.7500,6.8125,0
1979-12-17,6.8125,6.8438,6.7969,6.8281,0
1979-12-18,6.8281,6.8594,6.7969,6.8281,0
1979-12-19,6.8125,6.8125,6.7344,6.7500,0
1979-12-20,6.7500,6.7656,6.7188,6.7344,0
1979-12-21,6.7344,6.7656,6.6250,6.6250,0
1979-12-24,6.6406,6.7188,6.6406,6.7188,0
1979-12-26,6.7344,6.7656,6.7344,6.7500,0
1979-12-27,6.7500,6.7969,6.7500,6.7969,0
1979-12-28,6.7969,6.7969,6.7656,6.7812,0
1979-12-31,6.7812,6.7969,6.7188,6.7500,0
1980-01-02,6.7344,6.7344,6.6250,6.6562,0
1980-01-03,6.6406,6.6406,6.5781,6.5938,0
1980-01-04,6.5938,6.6875,6.5938,6.6875,0
1980-01-07,6.6875,6.6875,6.6406,6.6562,0
1980-01-08,6.6562,6.7188,6.6250,6.7188,0
1980-01-09,6.8125,6.9062,6.8125,6.9062,0
1980-01-10,6.9062,6.9062,6.8438,6.8594,0
1980-01-11,6.8594,6.8906,6.7812,6.7812,0
1980-01-14,6.8125,6.8594,6.8125,6.8438,0
1980-01-15,6.8438,6.8438,6.7812,6.8438,0
1980-01-16,6.8594,7.0156,6.8594,6.9375,0
1980-01-17,6.9375,6.9375,6.8906,6.9062,0
1980-01-18,6.9062,6.9062,6.6875,6.7969,0
1980-01-21,6.7969,6.9375,6.7500,6.8438,0
1980-01-22,6.8438,6.9062,6.7969,6.8438,0
1980-01-23,6.8438,6.9219,6.7812,6.9219,0
1980-01-24,6.9844,7.1250,6.9844,7.0781,0
1980-01-25,7.0781,7.1406,7.0469,7.1250,0
1980-01-28,7.1250,7.1406,7.0781,7.1250,0
1980-01-29,7.1250,7.1719,7.0781,7.0938,0
1980-01-30,7.0938,7.1719,7.0938,7.1562,0
1980-01-31,7.1562,7.2812,7.0938,7.0938,0
1980-02-01,7.0938,7.1094,7.0625,7.0781,0
1980-02-04,7.0781,7.1094,7.0625,7.0625,0
1980-02-05,7.0625,7.0625,6.9844,7.0000,0
1980-02-06,6.9844,6.9844,6.8438,6.8438,0
1980-02-07,6.8438,6.8594,6.7812,6.8125,0
1980-02-08,6.8125,6.9062,6.7812,6.8906,0
1980-02-11,6.8906,6.9219,6.8125,6.8594,0
1980-02-12,6.8594,6.9375,6.8438,6.9219,0
1980-02-13,7.0000,7.1719,7.0000,7.1250,0
1980-02-14,7.1250,7.1719,7.0625,7.0938,0
1980-02-15,7.0938,7.0938,7.0469,7.0625,0
1980-02-19,7.0469,7.0469,6.9531,6.9688,0
1980-02-20,6.9688,7.0000,6.9219,6.9688,0
1980-02-21,6.9688,7.0938,6.8125,6.8125,0
1980-02-22,6.8125,6.8281,6.7188,6.8125,0
1980-02-25,6.7969,6.7969,6.7344,6.7656,0
1980-02-26,6.7656,6.7812,6.7188,6.7500,0
1980-02-27,6.7500,6.7500,6.5000,6.5000,0
1980-02-28,6.5000,6.5781,6.5000,6.5625,0
1980-02-29,6.5625,6.6562,6.5469,6.6562,0
1980-03-03,6.6562,6.6562,6.4375,6.4375,0
1980-03-04,6.4375,6.4531,6.3438,6.3750,0
1980-03-05,6.3750,6.3750,6.2344,6.2344,0
1980-03-06,6.2344,6.2969,6.1875,6.2656,0
1980-03-07,6.2344,6.2344,6.1250,6.1406,0
1980-03-10,6.1406,6.2188,6.0938,6.1250,0
1980-03-11,6.1250,6.2031,6.1250,6.2031,0
1980-03-12,6.2031,6.2031,6.1250,6.1719,0
1980-03-13,6.1719,6.1719,6.1406,6.1562,0
1980-03-14,6.1562,6.1562,6.0781,6.1250,0
1980-03-17,6.0625,6.0625,5.8281,5.8750,0
1980-03-18,5.8750,5.9375,5.8281,5.9375,0
1980-03-19,5.9375,6.0312,5.8594,5.8594,0
1980-03-20,5.8594,5.8906,5.6875,5.6875,0
1980-03-21,5.6875,5.7188,5.5938,5.5938,0
1980-03-24,5.5938,5.6250,5.4375,5.4688,0
1980-03-25,5.4688,5.6406,5.4531,5.6406,0
1980-03-26,5.6562,5.7969,5.6562,5.7188,0
1980-03-27,5.7031,5.7031,5.5938,5.6562,0
1980-03-28,5.7188,6.0312,5.7188,5.9531,0
1980-03-31,5.9531,6.0000,5.8750,5.9531,0
1980-04-01,5.9531,6.0000,5.9062,5.9531,0
1980-04-02,5.9531,6.0156,5.9531,6.0000,0
1980-04-03,5.9844,5.9844,5.8281,5.8438,0
1980-04-07,5.8438,5.8438,5.7500,5.7812,0
1980-04-08,5.7812,5.8281,5.7656,5.8125,0
1980-04-09,5.8281,6.0781,5.8281,6.0312,0
1980-04-10,6.0312,6.0469,5.9375,5.9375,0
1980-04-11,5.9375,5.9688,5.8750,5.9219,0
1980-04-14,5.8906,5.8906,5.8281,5.8281,0
1980-04-15,5.8125,5.8125,5.6250,5.6875,0
1980-04-16,5.6875,5.7656,5.5625,5.5625,0
1980-04-17,5.5625,5.5938,5.4844,5.5938,0
1980-04-18,5.5938,5.5938,5.5156,5.5625,0
1980-04-21,5.5625,5.5938,5.5156,5.5469,0
1980-04-22,5.5781,5.7344,5.5781,5.7188,0
1980-04-23,5.7188,5.7812,5.6719,5.7656,0
1980-04-24,5.7656,5.9688,5.7656,5.9219,0
1980-04-25,5.9219,6.0000,5.8750,6.0000,0
1980-04-28,6.0000,6.0469,5.9531,6.0000,0
1980-04-29,6.0000,6.0469,6.0000,6.0000,0
1980-04-30,5.9844,5.9844,5.8281,5.8750,0
1980-05-01,5.8438,5.8438,5.7188,5.7344,0
1980-05-02,5.7031,5.7031,5.6094,5.6094,0
1980-05-05,5.6094,5.6719,5.6094,5.6406,0
1980-05-06,5.6406,5.7344,5.6250,5.7031,0
1980-05-07,5.7344,5.8594,5.7344,5.8125,0
1980-05-08,5.8125,5.8750,5.8125,5.8594,0
1980-05-09,5.8281,5.8281,5.5000,5.5625,0
1980-05-12,5.5625,5.6094,5.4688,5.5781,0
1980-05-13,5.5781,5.8125,5.5625,5.8125,0
1980-05-14,5.8594,5.9219,5.8594,5.9062,0
1980-05-15,5.8906,5.8906,5.8594,5.8750,0
1980-05-16,5.8750,5.8906,5.8594,5.8906,0
1980-05-19,5.8906,5.9375,5.8281,5.9062,0
1980-05-20,5.9062,5.9531,5.8750,5.8750,0
1980-05-21,5.8750,5.8750,5.8438,5.8750,0
1980-05-22,5.8750,5.9375,5.8438,5.9375,0
1980-05-23,6.0000,6.2031,6.0000,6.1250,0
1980-05-27,6.1406,6.2969,6.1406,6.2500,0
1980-05-28,6.2500,6.3281,6.2031,6.2969,0
1980-05-29,6.2812,6.2812,6.1094,6.1094,0
1980-05-30,6.1094,6.1875,6.0469,6.1719,0
1980-06-02,6.1406,6.1406,6.0156,6.0156,0
1980-06-03,6.0000,6.0000,5.9531,5.9688,0
1980-06-04,5.9688,6.0625,5.8906,6.0625,0
1980-06-05,6.0938,6.2969,6.0938,6.2656,0
1980-06-06,6.2656,6.3125,6.2344,6.3125,0
1980-06-09,6.3125,6.3594,6.2188,6.2344,0
1980-06-10,6.2344,6.3125,6.2031,6.2188,0
1980-06-11,6.2344,6.2969,6.2344,6.2969,0
1980-06-12,6.2969,6.2969,6.2188,6.2969,0
1980-06-13,6.2969,6.3125,6.2344,6.2812,0
1980-06-16,6.2812,6.2812,6.2500,6.2500,0
1980-06-17,6.2500,6.3281,6.2500,6.3281,0
1980-06-18,6.3281,6.4062,6.2969,6.4062,0
1980-06-19,6.3750,6.3750,6.2344,6.2500,0
1980-06-20,6.2344,6.2344,6.1875,6.2031,0
1980-06-23,6.2031,6.2969,6.1875,6.2188,0
1980-06-24,6.2188,6.2969,6.2188,6.2969,0
1980-06-25,6.2969,6.5625,6.2812,6.5312,0
1980-06-26,6.5469,6.7500,6.5469,6.6562,0
1980-06-27,6.6562,6.7188,6.6250,6.6875,0
1980-06-30,6.6719,6.6719,6.5938,6.5938,0
1980-07-01,6.5938,6.6406,6.5312,6.6250,0
1980-07-02,6.6250,6.7188,6.6250,6.6562,0
1980-07-03,6.6562,6.6719,6.5938,6.6094,0
1980-07-07,6.6094,6.6406,6.5938,6.5938,0
1980-07-08,6.5938,6.6875,6.5938,6.6250,0
1980-07-09,6.6250,6.7812,6.6250,6.7188,0
1980-07-10,6.7188,6.7500,6.6875,6.6875,0
1980-07-11,6.6875,6.7500,6.6562,6.7344,0
1980-07-14,6.7344,6.8594,6.7344,6.8281,0
1980-07-15,6.8281,6.8750,6.8125,6.8438,0
1980-07-16,6.8438,6.8594,6.7969,6.8594,0
1980-07-17,6.8594,7.0469,6.8594,7.0469,0
1980-07-18,7.1094,7.1719,7.1094,7.1719,0
1980-07-21,7.1719,7.2500,7.1562,7.2188,0
1980-07-22,7.2188,7.3281,7.2031,7.2812,0
1980-07-23,7.2812,7.2969,7.2656,7.2812,0
1980-07-24,7.2500,7.2500,7.0938,7.1094,0
1980-07-25,7.0781,7.0781,7.0156,7.0312,0
1980-07-28,7.0469,7.1250,7.0469,7.1250,0
1980-07-29,7.1406,7.2188,7.1406,7.2031,0
1980-07-30,7.2656,7.3438,7.2656,7.2656,0
1980-07-31,7.2656,7.3750,7.2344,7.3750,0
1980-08-01,7.3125,7.3125,7.2344,7.2344,0
1980-08-04,7.2344,7.2812,7.1250,7.2812,0
1980-08-05,7.2812,7.3125,7.2500,7.2656,0
1980-08-06,7.2656,7.2656,7.1875,7.2031,0
1980-08-07,7.2031,7.2344,7.1719,7.2344,0
1980-08-08,7.2344,7.2656,7.2031,7.2188,0
1980-08-11,7.2188,7.2656,7.2188,7.2344,0
1980-08-12,7.2344,7.2656,7.1719,7.1719,0
1980-08-13,7.1719,7.2188,7.1406,7.1562,0
1980-08-14,7.1719,7.3125,7.1719,7.3125,0
1980-08-15,7.3125,7.4219,7.2812,7.3906,0
1980-08-18,7.3750,7.3750,7.2812,7.3125,0
1980-08-19,7.2500,7.2500,7.2031,7.2188,0
1980-08-20,7.2188,7.2344,7.1875,7.1875,0
1980-08-21,7.1875,7.1875,7.0156,7.1094,0
1980-08-22,7.1094,7.1562,7.0469,7.0781,0
1980-08-25,7.0469,7.0469,6.9531,6.9688,0
1980-08-26,6.9688,6.9688,6.7969,6.8594,0
1980-08-27,6.8281,6.8281,6.7188,6.7656,0
1980-08-28,6.7656,6.7656,6.6250,6.6250,0
1980-08-29,6.6250,6.6875,6.5938,6.6250,0
1980-09-02,6.6250,6.6406,6.5625,6.6094,0
1980-09-03,6.6250,6.7031,6.6250,6.7031,0
1980-09-04,6.7031,6.7969,6.6719,6.7031,0
1980-09-05,6.6875,6.6875,6.6094,6.6094,0
1980-09-08,6.6094,6.6250,6.5625,6.5781,0
1980-09-09,6.5781,6.6875,6.5156,6.6875,0
1980-09-10,6.6719,6.6719,6.5469,6.5938,0
1980-09-11,6.5938,6.6719,6.5938,6.6406,0
1980-09-12,6.6562,6.7344,6.6562,6.7031,0
1980-09-15,6.7031,6.7812,6.6562,6.7812,0
1980-09-16,6.7812,6.9844,6.7656,6.9062,0
1980-09-17,6.9531,7.0312,6.9531,7.0156,0
1980-09-18,7.0156,7.0938,7.0156,7.0781,0
1980-09-19,7.1094,7.2188,7.1094,7.2188,0
1980-09-22,7.2188,7.2812,7.1875,7.2500,0
1980-09-23,7.2500,7.3125,7.1406,7.1406,0
1980-09-24,7.1406,7.2031,7.0781,7.0938,0
1980-09-25,7.0938,7.1094,7.0312,7.0469,0
1980-09-26,6.9688,6.9688,6.8594,6.9531,0
1980-09-29,6.9062,6.9062,6.8438,6.8906,0
1980-09-30,6.8906,7.0000,6.8750,6.9844,0
1980-10-01,6.9844,7.0625,6.9844,7.0625,0
1980-10-02,7.0625,7.1875,7.0469,7.1875,0
1980-10-03,7.1875,7.2500,7.1562,7.2344,0
1980-10-06,7.2344,7.2969,7.1250,7.2969,0
1980-10-07,7.2969,7.3594,7.2500,7.3281,0
1980-10-08,7.3281,7.4531,7.2656,7.3906,0
1980-10-09,7.3906,7.5312,7.2812,7.4844,0
1980-10-10,7.4844,7.4844,7.4062,7.4062,0
1980-10-13,7.4062,7.4531,7.3750,7.4531,0
1980-10-14,7.4062,7.4062,7.2969,7.2969,0
1980-10-15,7.2969,7.3438,7.2656,7.3125,0
1980-10-16,7.3125,7.3906,7.2344,7.2344,0
1980-10-17,7.2344,7.2344,7.0938,7.1250,0
1980-10-20,7.1250,7.1875,7.0781,7.1875,0
1980-10-21,7.1875,7.1875,7.0469,7.1094,0
1980-10-22,7.1094,7.1094,7.0312,7.0469,0
1980-10-23,7.0469,7.0469,6.9219,6.9844,0
1980-10-24,6.9844,7.0312,6.9219,7.0000,0
1980-10-27,7.0000,7.0469,6.9844,7.0156,0
1980-10-28,7.0156,7.1094,7.0156,7.0781,0
1980-10-29,7.0781,7.2188,7.0781,7.1719,0
1980-10-30,7.1406,7.1406,7.0469,7.0781,0
1980-10-31,7.0781,7.1562,7.0156,7.1406,0
1980-11-03,7.1406,7.2031,7.0938,7.1719,0
1980-11-05,7.2969,7.4688,7.2969,7.2969,0
1980-11-06,7.2969,7.3125,7.2188,7.2500,0
1980-11-07,7.2500,7.3125,7.2500,7.2500,0
1980-11-10,7.2500,7.2969,7.2188,7.2500,0
1980-11-11,7.2500,7.2812,7.2500,7.2500,0
1980-11-12,7.2656,7.3438,7.2656,7.2656,0
1980-11-13,7.2969,7.4219,7.2969,7.3906,0
1980-11-14,7.4375,7.5469,7.4375,7.5000,0
1980-11-17,7.5000,7.5312,7.4219,7.4844,0
1980-11-18,7.5312,7.6562,7.5312,7.6094,0
1980-11-19,7.6719,7.7500,7.6719,7.7031,0
1980-11-20,7.7031,7.9219,7.6562,7.9219,0
1980-11-21,7.9531,8.0000,7.9531,8.0000,0
1980-11-24,7.9531,7.9531,7.8750,7.9219,0
1980-11-25,7.9219,7.9531,7.8281,7.8281,0
1980-11-26,7.8281,7.8594,7.7812,7.8438,0
1980-11-28,7.8438,7.8750,7.7656,7.8438,0
1980-12-01,7.8438,7.8438,7.7500,7.7656,0
1980-12-02,7.7344,7.7344,7.6562,7.6875,0
1980-12-03,7.6875,7.7500,7.6875,7.6875,0
1980-12-04,7.6875,7.7344,7.6406,7.6875,0
1980-12-05,7.6875,7.7812,7.6562,7.6719,0
1980-12-08,7.5781,7.5781,7.5000,7.5000,0
1980-12-09,7.5000,7.5000,7.3750,7.4062,0
1980-12-10,7.4062,7.4219,7.2656,7.2812,0
1980-12-11,7.2344,7.2344,7.0625,7.1094,0
1980-12-12,7.1406,7.3594,7.1406,7.3438,0
1980-12-15,7.3438,7.3906,7.3438,7.3750,0
1980-12-16,7.3594,7.3594,7.3281,7.3281,0
1980-12-17,7.3281,7.3750,7.3125,7.3125,0
1980-12-18,7.3125,7.3594,7.2344,7.2812,0
1980-12-19,7.2812,7.2812,7.1250,7.1719,0
1980-12-22,7.1719,7.2188,7.0469,7.2031,0
1980-12-23,7.2031,7.2969,7.1875,7.1875,0
1980-12-24,7.1875,7.2188,7.0000,7.0156,0
1980-12-26,7.0156,7.1250,7.0156,7.1250,0
1980-12-29,7.1250,7.1562,7.0938,7.1406,0
1980-12-30,7.1406,7.1562,7.0938,7.1250,0
1980-12-31,7.1250,7.2500,7.1250,7.2500,0
1981-01-02,7.2500,7.2656,7.2500,7.2500,0
1981-01-05,7.2656,7.4219,7.2656,7.3750,0
1981-01-06,7.3750,7.4219,7.3125,7.3438,0
1981-01-07,7.3438,7.3750,7.1406,7.3125,0
1981-01-08,7.3125,7.3594,7.2500,7.2656,0
1981-01-09,7.2656,7.3438,7.2500,7.3125,0
1981-01-12,7.3125,7.3906,7.3125,7.3750,0
1981-01-13,7.3750,7.4062,7.2500,7.2812,0
1981-01-14,7.2188,7.2188,7.1875,7.1875,0
1981-01-15,7.1875,7.2031,7.1250,7.1406,0
1981-01-16,7.1406,7.1875,7.1250,7.1562,0
1981-01-19,7.1562,7.1719,7.1250,7.1250,0
1981-01-20,7.1250,7.1406,7.0000,7.0000,0
1981-01-21,7.0000,7.0156,6.9375,6.9688,0
1981-01-22,6.9688,6.9688,6.8906,6.9219,0
1981-01-23,6.9219,6.9688,6.8750,6.9219,0
1981-01-26,6.9219,6.9688,6.9062,6.9531,0
1981-01-27,6.9531,7.0469,6.9531,7.0156,0
1981-01-28,7.0156,7.0156,6.9844,7.0000,0
1981-01-29,6.9844,6.9844,6.8906,6.9219,0
1981-01-30,6.9219,6.9688,6.8906,6.9375,0
1981-02-02,6.9375,6.9531,6.8750,6.8750,0
1981-02-03,6.8750,6.8906,6.8281,6.8750,0
1981-02-04,6.8750,6.9062,6.8281,6.8438,0
1981-02-05,6.8594,6.9219,6.8594,6.8750,0
1981-02-06,6.8750,6.9844,6.8438,6.9844,0
1981-02-09,6.9375,6.9375,6.8750,6.9219,0
1981-02-10,6.9219,6.9375,6.8906,6.9219,0
1981-02-11,6.9219,6.9375,6.8906,6.8906,0
1981-02-12,6.9062,7.0000,6.9062,6.9688,0
1981-02-13,6.9688,7.0312,6.9688,7.0156,0
1981-02-17,7.0781,7.1719,7.0781,7.0938,0
1981-02-18,7.1406,7.2656,7.1406,7.2500,0
1981-02-19,7.2500,7.2969,7.2031,7.2344,0
1981-02-20,7.2344,7.2812,7.2188,7.2344,0
1981-02-23,7.2344,7.3281,7.2344,7.3281,0
1981-02-24,7.3594,7.5938,7.3594,7.5781,0
1981-02-25,7.6250,7.7344,7.6250,7.7031,0
1981-02-26,7.7500,8.1250,7.7500,8.0312,0
1981-02-27,8.0312,8.0312,7.9375,8.0312,0
1981-03-02,8.0156,8.0156,7.9688,8.0000,0
1981-03-03,8.0000,8.0625,7.9688,7.9688,0
1981-03-04,7.9688,8.0156,7.9688,8.0156,0
1981-03-05,8.0156,8.0938,7.9844,8.0156,0
1981-03-06,8.0156,8.0625,8.0000,8.0156,0
1981-03-09,8.0156,8.0469,7.9844,8.0156,0
1981-03-10,8.0156,8.0625,7.9688,7.9844,0
1981-03-11,7.9844,8.0625,7.9531,7.9844,0
1981-03-12,7.9844,8.0312,7.9531,8.0312,0
1981-03-13,8.0312,8.0625,7.9688,8.0000,0
1981-03-16,8.0156,8.4844,8.0156,8.4688,0
1981-03-17,8.4688,8.5000,8.2500,8.3125,0
1981-03-18,8.3125,8.4688,8.2969,8.4219,0
1981-03-19,8.4219,8.4375,8.3750,8.3750,0
1981-03-20,8.3750,8.3750,8.3438,8.3438,0
1981-03-23,8.3438,8.3750,8.2812,8.3125,0
1981-03-24,8.3125,8.3750,8.2031,8.2188,0
1981-03-25,8.2188,8.2188,8.1562,8.2188,0
1981-03-26,8.2188,8.2500,8.1875,8.1875,0
1981-03-27,8.1875,8.2812,8.1094,8.1094,0
1981-03-30,8.1094,8.1094,8.0156,8.0469,0
1981-03-31,8.0781,8.1094,8.0781,8.0781,0
1981-04-01,8.0781,8.0781,8.0156,8.0312,0
1981-04-02,8.0312,8.0781,7.9062,8.0000,0
1981-04-03,7.9531,7.9531,7.7500,7.7500,0
1981-04-06,7.7188,7.7188,7.6406,7.7031,0
1981-04-07,7.7031,7.8281,7.6719,7.7812,0
1981-04-08,7.7812,8.1875,7.7031,8.1875,0
1981-04-09,8.1875,8.6562,8.1719,8.5625,0
1981-04-10,8.5625,8.6875,8.5000,8.6094,0
1981-04-13,8.5312,8.5312,8.4375,8.4844,0
1981-04-14,8.4844,8.5000,8.3906,8.4219,0
1981-04-15,8.4219,8.4219,8.3281,8.4062,0
1981-04-16,8.4062,8.4688,8.4062,8.4688,0
1981-04-20,8.4688,8.5781,8.4375,8.5469,0
1981-04-21,8.5469,8.6250,8.5312,8.5312,0
1981-04-22,8.5625,8.7188,8.5625,8.7188,0
1981-04-23,8.7188,9.1562,8.7188,9.0156,0
1981-04-24,9.0156,9.1250,9.0000,9.0938,0
1981-04-27,9.0938,9.1250,9.0000,9.0000,0
1981-04-28,9.0000,9.0625,8.9531,8.9531,0
1981-04-29,8.9375,8.9375,8.8594,8.8906,0
1981-04-30,8.9062,8.9844,8.9062,8.9844,0
1981-05-01,8.9844,9.0312,8.9062,8.9375,0
1981-05-04,8.9219,8.9219,8.7344,8.7969,0
1981-05-05,8.7969,8.7969,8.7031,8.7031,0
1981-05-06,8.7031,8.8125,8.6719,8.6875,0
1981-05-07,8.6875,8.7031,8.6562,8.7031,0
1981-05-08,8.7031,8.7031,8.6719,8.7031,0
1981-05-11,8.7031,8.7188,8.6406,8.6406,0
1981-05-12,8.6406,8.6562,8.6094,8.6406,0
1981-05-13,8.6562,8.7344,8.6562,8.6719,0
1981-05-14,8.7031,8.7656,8.7031,8.7500,0
1981-05-15,8.7500,8.7969,8.7188,8.7188,0
1981-05-18,8.7188,8.7344,8.6875,8.7188,0
1981-05-19,8.6875,8.6875,8.5625,8.6406,0
1981-05-20,8.6562,8.7344,8.6562,8.7188,0
1981-05-21,8.7188,8.7344,8.5000,8.5000,0
1981-05-22,8.5000,8.5469,8.4375,8.5000,0
1981-05-26,8.5000,8.5000,8.4062,8.4062,0
1981-05-27,8.4375,8.5000,8.4375,8.4531,0
1981-05-28,8.4531,8.5156,8.4531,8.4688,0
1981-05-29,8.4688,8.5156,8.4375,8.5000,0
1981-06-01,8.6250,8.8125,8.6250,8.7500,0
1981-06-02,8.7500,8.7500,8.6719,8.7031,0
1981-06-03,8.6719,8.6719,8.5469,8.5781,0
1981-06-04,8.5781,8.6250,8.5312,8.5938,0
1981-06-05,8.5938,8.7344,8.5625,8.7188,0
1981-06-08,8.7188,8.7500,8.6875,8.7031,0
1981-06-09,8.7031,8.7188,8.5469,8.5469,0
1981-06-10,8.5469,8.5625,8.5000,8.5000,0
1981-06-11,8.5156,8.5781,8.5156,8.5781,0
1981-06-12,8.6094,8.6875,8.6094,8.6562,0
1981-06-15,8.6562,8.7812,8.6406,8.7031,0
1981-06-16,8.7031,8.7188,8.6719,8.7188,0
1981-06-17,8.7188,8.7188,8.6406,8.6875,0
1981-06-18,8.7188,8.7969,8.7188,8.7969,0
1981-06-19,8.7500,8.7500,8.5312,8.5312,0
1981-06-22,8.5312,8.5469,8.2188,8.2188,0
1981-06-23,8.2188,8.2344,8.0781,8.2344,0
1981-06-24,8.2344,8.2969,8.2031,8.2188,0
1981-06-25,8.2188,8.3125,8.2188,8.2188,0
1981-06-26,8.2188,8.2188,8.0781,8.0938,0
1981-06-29,8.0938,8.2031,8.0781,8.0938,0
1981-06-30,8.0938,8.2344,8.0938,8.2031,0
1981-07-01,8.2031,8.2500,8.1562,8.2188,0
1981-07-02,8.2188,8.2188,8.1250,8.1562,0
1981-07-06,8.1250,8.1250,8.0469,8.0469,0
1981-07-07,8.0469,8.0938,7.9062,7.9688,0
1981-07-08,7.9219,7.9219,7.7812,7.8438,0
1981-07-09,7.8281,7.8281,7.6719,7.8125,0
1981-07-10,7.8125,7.9062,7.7812,7.8750,0
1981-07-13,7.8750,7.8750,7.7969,7.8281,0
1981-07-14,7.7969,7.7969,7.7500,7.7969,0
1981-07-15,7.7969,7.8594,7.7656,7.8281,0
1981-07-16,7.8594,7.9219,7.8594,7.9219,0
1981-07-17,7.9219,7.9688,7.8906,7.9062,0
1981-07-20,7.9062,7.9062,7.7031,7.7188,0
1981-07-21,7.7188,7.8125,7.7031,7.7969,0
1981-07-22,7.7969,7.8125,7.7812,7.7812,0
1981-07-23,7.7656,7.7656,7.7188,7.7188,0
1981-07-24,7.7188,7.7344,7.6406,7.6406,0
1981-07-27,7.6406,7.6719,7.6406,7.6406,0
1981-07-28,7.6406,7.7188,7.6406,7.7031,0
1981-07-29,7.7188,7.7656,7.7188,7.7656,0
1981-07-30,7.7656,7.8125,7.7500,7.7969,0
1981-07-31,7.7969,7.8281,7.7812,7.8125,0
1981-08-03,7.8125,7.8125,7.7969,7.8125,0
1981-08-04,7.8125,7.8125,7.7812,7.8125,0
1981-08-05,7.8125,7.8594,7.7969,7.8594,0
1981-08-06,7.8594,7.9688,7.8438,7.9375,0
1981-08-07,7.9375,7.9531,7.9062,7.9531,0
1981-08-10,7.9531,8.0000,7.9531,7.9844,0
1981-08-11,7.9844,8.0000,7.9688,8.0000,0
1981-08-12,8.0156,8.1094,8.0156,8.0625,0
1981-08-13,8.0625,8.0781,8.0156,8.0312,0
1981-08-14,8.0312,8.0781,7.9062,7.9062,0
1981-08-17,7.8906,7.8906,7.8594,7.8594,0
1981-08-18,7.8438,7.8438,7.7812,7.7969,0
1981-08-19,7.7969,7.8125,7.7812,7.8125,0
1981-08-20,7.8125,7.8594,7.7969,7.8125,0
1981-08-21,7.8125,7.8281,7.6562,7.6562,0
1981-08-24,7.6250,7.6250,7.5000,7.5156,0
1981-08-25,7.5156,7.5469,7.4688,7.5469,0
1981-08-26,7.5469,7.5625,7.4375,7.4375,0
1981-08-27,7.4219,7.4219,7.2812,7.2969,0
1981-08-28,7.2969,7.3438,7.2812,7.2812,0
1981-08-31,7.2812,7.3281,7.2656,7.2656,0
1981-09-01,7.2344,7.2344,7.1719,7.2188,0
1981-09-02,7.2188,7.2812,7.2188,7.2344,0
1981-09-03,7.2344,7.2969,7.2031,7.2031,0
1981-09-04,7.2031,7.2188,7.1719,7.1875,0
1981-09-08,7.1875,7.2031,7.1562,7.1875,0
1981-09-09,7.1875,7.2500,7.1875,7.2344,0
1981-09-10,7.2344,7.2500,7.1875,7.1875,0
1981-09-11,7.2031,7.2969,7.2031,7.2969,0
1981-09-14,7.2969,7.3438,7.2656,7.3125,0
1981-09-15,7.3281,7.3906,7.3281,7.3438,0
1981-09-16,7.3281,7.3281,7.2344,7.2500,0
1981-09-17,7.2500,7.2969,7.2500,7.2500,0
1981-09-18,7.2500,7.2500,7.0312,7.0312,0
1981-09-21,7.0469,7.1562,7.0469,7.0938,0
1981-09-22,7.0938,7.0938,6.9375,6.9375,0
1981-09-23,6.9062,6.9062,6.6562,6.8594,0
1981-09-24,6.8594,6.9219,6.8438,6.8438,0
1981-09-25,6.8125,6.8125,6.7188,6.7656,0
1981-09-28,6.7656,6.7812,6.6875,6.7500,0
1981-09-29,6.7500,6.7969,6.7031,6.7031,0
1981-09-30,6.7031,6.7500,6.6875,6.7031,0
1981-10-01,6.7031,6.7344,6.6719,6.7188,0
1981-10-02,6.7188,6.7969,6.7188,6.7969,0
1981-10-05,6.7969,6.8438,6.7656,6.7812,0
1981-10-06,6.7812,6.8281,6.6875,6.7812,0
1981-10-07,6.7969,6.8750,6.7969,6.8750,0
1981-10-08,6.9062,7.0469,6.9062,6.9531,0
1981-10-09,6.9531,6.9531,6.8594,6.8594,0
1981-10-12,6.8594,6.8594,6.8125,6.8438,0
1981-10-13,6.8750,6.9688,6.8750,6.9688,0
1981-10-14,6.9688,7.0156,6.9219,6.9219,0
1981-10-15,6.9219,6.9375,6.8594,6.8594,0
1981-10-16,6.8594,6.8906,6.7969,6.7969,0
1981-10-19,6.7969,6.7969,6.7344,6.7344,0
1981-10-20,6.6562,6.6562,6.6094,6.6406,0
1981-10-21,6.6250,6.6250,6.5781,6.6250,0
1981-10-22,6.5938,6.5938,6.5000,6.5156,0
1981-10-23,6.5000,6.5000,6.2188,6.2500,0
1981-10-26,6.2500,6.2656,6.2031,6.2500,0
1981-10-27,6.2500,6.4062,6.2500,6.3438,0
1981-10-28,6.3438,6.5000,6.3438,6.4219,0
1981-10-29,6.3906,6.3906,6.2500,6.2500,0
1981-10-30,6.2500,6.3125,6.2188,6.2812,0
1981-11-02,6.4219,6.5156,6.4219,6.5156,0
1981-11-03,6.5156,6.5625,6.4688,6.5156,0
1981-11-04,6.5156,6.5469,6.5000,6.5156,0
1981-11-05,6.5469,6.6562,6.5469,6.6094,0
1981-11-06,6.6094,6.6250,6.5781,6.5938,0
1981-11-09,6.5938,6.6406,6.5938,6.6406,0
1981-11-10,6.6406,6.7031,6.6406,6.6719,0
1981-11-11,6.6875,6.7969,6.6875,6.7969,0
1981-11-12,6.7969,6.8281,6.7812,6.7812,0
1981-11-13,6.7656,6.7656,6.7031,6.7031,0
1981-11-16,6.6875,6.6875,6.6250,6.6406,0
1981-11-17,6.6406,6.6562,6.5000,6.5156,0
1981-11-18,6.5156,6.5156,6.4688,6.4688,0
1981-11-19,6.4688,6.4688,6.4219,6.4531,0
1981-11-20,6.5000,6.5781,6.5000,6.5000,0
1981-11-23,6.5000,6.5312,6.5000,6.5000,0
1981-11-24,6.5000,6.5625,6.5000,6.5469,0
1981-11-25,6.5938,6.7656,6.5938,6.7656,0
1981-11-27,6.7969,6.8906,6.7969,6.8750,0
1981-11-30,6.9219,7.1250,6.9219,7.1250,0
1981-12-01,7.1250,7.1875,7.0938,7.1719,0
1981-12-02,7.1719,7.1719,7.0938,7.1250,0
1981-12-03,7.1250,7.1250,7.0625,7.0781,0
1981-12-04,7.0781,7.1250,6.9375,6.9531,0
1981-12-07,6.9531,6.9531,6.8750,6.9062,0
1981-12-08,6.9062,6.9375,6.8594,6.9375,0
1981-12-09,6.9531,7.0938,6.9531,7.0469,0
1981-12-10,7.0469,7.1719,7.0469,7.1250,0
1981-12-11,7.1250,7.1250,7.0625,7.0781,0
1981-12-14,7.0469,7.0469,6.9688,6.9688,0
1981-12-15,6.9688,7.0312,6.9688,7.0312,0
1981-12-16,7.0312,7.0469,6.9688,6.9688,0
1981-12-17,6.9688,7.0000,6.9531,7.0000,0
1981-12-18,7.0000,7.1250,6.9844,7.1250,0
1981-12-21,7.1250,7.1250,7.0469,7.0625,0
1981-12-22,7.0625,7.0781,7.0469,7.0625,0
1981-12-23,7.0469,7.0469,6.9219,6.9375,0
1981-12-24,6.9375,7.0469,6.9219,7.0312,0
1981-12-28,7.0312,7.1250,7.0156,7.0938,0
1981-12-29,7.0781,7.0781,7.0312,7.0625,0
1981-12-30,7.0156,7.0156,6.9531,7.0156,0
1981-12-31,7.0000,7.0000,6.9375,6.9375,0
1982-01-04,6.9062,6.9062,6.7812,6.7969,0
1982-01-05,6.7812,6.7812,6.7188,6.7500,0
1982-01-06,6.7500,6.7812,6.6719,6.7344,0
1982-01-07,6.7344,6.7969,6.7188,6.7656,0
1982-01-08,6.7969,6.9062,6.7969,6.8125,0
1982-01-11,6.8125,6.8125,6.6406,6.6406,0
1982-01-12,6.6406,6.6875,6.6094,6.6875,0
1982-01-13,6.6875,6.7188,6.6094,6.6094,0
1982-01-14,6.5156,6.5156,6.3750,6.3750,0
1982-01-15,6.3906,6.4688,6.3906,6.4688,0
1982-01-18,6.4688,6.4844,6.3750,6.4688,0
1982-01-19,6.4844,6.5469,6.4844,6.4844,0
1982-01-20,6.4844,6.4844,6.3594,6.3594,0
1982-01-21,6.3438,6.3438,6.2500,6.2500,0
1982-01-22,6.2500,6.2500,6.0781,6.0781,0
1982-01-25,6.0625,6.0625,5.9844,6.0469,0
1982-01-26,6.0469,6.0781,6.0000,6.0000,0
1982-01-27,6.0000,6.0625,5.9844,6.0625,0
1982-01-28,6.0625,6.3438,6.0625,6.3438,0
1982-01-29,6.5156,6.5781,6.5156,6.5625,0
1982-02-01,6.5469,6.5469,6.4375,6.4844,0
1982-02-02,6.4844,6.5469,6.4531,6.5000,0
1982-02-03,6.5000,6.5469,6.4375,6.4531,0
1982-02-04,6.4375,6.4375,6.3906,6.3906,0
1982-02-05,6.3906,6.4375,6.3906,6.4219,0
1982-02-08,6.3594,6.3594,5.9375,5.9375,0
1982-02-09,6.0000,6.1562,6.0000,6.0781,0
1982-02-10,6.0938,6.2500,6.0938,6.2344,0
1982-02-11,6.2344,6.2500,6.1719,6.2188,0
1982-02-12,6.2188,6.2500,6.2031,6.2031,0
1982-02-16,6.2031,6.2188,6.0938,6.2031,0
1982-02-17,6.2031,6.2344,6.1875,6.2188,0
1982-02-18,6.2188,6.2344,6.1406,6.1875,0
1982-02-19,6.1562,6.1562,6.0000,6.0000,0
1982-02-22,6.0312,6.1406,6.0312,6.0312,0
1982-02-23,6.0312,6.0469,5.9375,5.9531,0
1982-02-24,5.9531,6.0000,5.9219,6.0000,0
1982-02-25,6.0000,6.0312,6.0000,6.0000,0
1982-02-26,6.0000,6.0312,5.8906,5.8906,0
1982-03-01,5.8906,5.9844,5.8750,5.9688,0
1982-03-02,5.9688,6.0156,5.9688,5.9688,0
1982-03-03,5.9531,5.9531,5.8906,5.9219,0
1982-03-04,5.9219,5.9531,5.8125,5.8438,0
1982-03-05,5.8281,5.8281,5.7500,5.7656,0
1982-03-08,5.7656,5.8281,5.7031,5.7344,0
1982-03-09,5.7344,5.8750,5.6875,5.8438,0
1982-03-10,5.8750,5.9844,5.8750,5.9531,0
1982-03-11,5.9531,6.0000,5.9375,5.9375,0
1982-03-12,5.9375,5.9531,5.8750,5.9531,0
1982-03-15,5.9531,5.9844,5.9062,5.9688,0
1982-03-16,5.9688,6.0156,5.9375,6.0000,0
1982-03-17,6.0000,6.0312,5.9844,5.9844,0
1982-03-18,5.9844,6.0312,5.9688,6.0312,0
1982-03-19,6.0312,6.0312,5.9844,6.0156,0
1982-03-22,6.0156,6.1094,6.0156,6.0625,0
1982-03-23,6.0938,6.2812,6.0938,6.2344,0
1982-03-24,6.2188,6.2188,6.1719,6.2031,0
1982-03-25,6.2031,6.2188,6.1719,6.2188,0
1982-03-26,6.2188,6.2188,6.0156,6.0312,0
1982-03-29,6.0312,6.0625,5.9531,6.0469,0
1982-03-30,6.0469,6.0625,6.0000,6.0156,0
1982-03-31,6.0156,6.0625,6.0156,6.0469,0
1982-04-01,6.0469,6.1094,6.0156,6.0938,0
1982-04-02,6.1250,6.2188,6.1250,6.2188,0
1982-04-05,6.2188,6.2188,6.0938,6.0938,0
1982-04-06,6.0938,6.0938,6.0469,6.0469,0
1982-04-07,6.0469,6.1094,6.0469,6.0469,0
1982-04-08,6.0469,6.0781,6.0312,6.0312,0
1982-04-12,6.0312,6.0625,6.0000,6.0156,0
1982-04-13,6.0156,6.0938,6.0156,6.0781,0
1982-04-14,6.0781,6.0938,5.9219,5.9531,0
1982-04-15,5.9219,5.9219,5.7969,5.8125,0
1982-04-16,5.8125,5.8594,5.7656,5.8281,0
1982-04-19,5.8281,5.8750,5.8125,5.8125,0
1982-04-20,5.7188,5.7188,5.5625,5.5938,0
1982-04-21,5.5938,5.6250,5.5469,5.6250,0
1982-04-22,5.6250,5.7344,5.6250,5.7188,0
1982-04-23,5.7344,5.8125,5.7344,5.7969,0
1982-04-26,5.8125,5.9688,5.8125,5.9219,0
1982-04-27,5.9219,5.9531,5.8281,5.8438,0
1982-04-28,5.8438,5.8438,5.7188,5.7969,0
1982-04-29,5.7500,5.7500,5.6719,5.7188,0
1982-04-30,5.7188,5.7500,5.6875,5.7344,0
1982-05-03,5.7344,5.7344,5.6250,5.6250,0
1982-05-04,5.6250,5.6562,5.2969,5.3125,0
1982-05-05,5.3125,5.4531,5.2969,5.4219,0
1982-05-06,5.4375,5.5625,5.4375,5.4531,0
1982-05-07,5.4531,5.5312,5.4219,5.5000,0
1982-05-10,5.5000,5.5469,5.5000,5.5156,0
1982-05-11,5.5156,5.5312,5.4688,5.4688,0
1982-05-12,5.4688,5.5469,5.4531,5.4688,0
1982-05-13,5.4688,5.5469,5.3750,5.4062,0
1982-05-14,5.3750,5.3750,5.1875,5.1875,0
1982-05-17,5.1719,5.1719,5.0000,5.0312,0
1982-05-18,5.0312,5.0781,4.9688,5.0781,0
1982-05-19,5.0781,5.0781,4.9844,5.0000,0
1982-05-20,5.0000,5.1094,5.0000,5.0312,0
1982-05-21,5.0312,5.0625,4.9844,5.0625,0
1982-05-24,5.0625,5.1094,5.0000,5.0312,0
1982-05-25,5.0156,5.0156,4.9219,4.9219,0
1982-05-26,4.9219,4.9219,4.8750,4.9062,0
1982-05-27,4.9062,4.9219,4.8125,4.8281,0
1982-05-28,4.8281,4.8281,4.5625,4.5938,0
1982-06-01,4.6094,4.7031,4.6094,4.6562,0
1982-06-02,4.6562,4.7188,4.5938,4.7031,0
1982-06-03,4.7500,4.7812,4.7500,4.7656,0
1982-06-04,4.7344,4.7344,4.6094,4.6250,0
1982-06-07,4.6250,4.7188,4.5938,4.6719,0
1982-06-08,4.6719,4.7188,4.6719,4.7031,0
1982-06-09,4.7031,4.7812,4.6875,4.7656,0
1982-06-10,4.7656,4.7656,4.7188,4.7500,0
1982-06-11,4.7500,4.8125,4.7500,4.7812,0
1982-06-14,4.7812,4.7812,4.6875,4.7031,0
1982-06-15,4.7031,4.7344,4.6719,4.6875,0
1982-06-16,4.6875,4.6875,4.5000,4.5000,0
1982-06-17,4.4688,4.4688,4.3438,4.3594,0
1982-06-18,4.3438,4.3438,4.3125,4.3438,0
1982-06-21,4.3438,4.4531,4.3125,4.4062,0
1982-06-22,4.4219,4.5156,4.4219,4.5000,0
1982-06-23,4.5156,4.6562,4.5156,4.6562,0
1982-06-24,4.6719,4.7031,4.6719,4.6875,0
1982-06-25,4.6875,4.6875,4.6406,4.6562,0
1982-06-28,4.6562,4.6875,4.6406,4.6875,0
1982-06-29,4.6875,4.6875,4.6406,4.6406,0
1982-06-30,4.6406,4.7188,4.5938,4.6406,0
1982-07-01,4.6406,4.6875,4.6250,4.6562,0
1982-07-02,4.6562,4.7188,4.6094,4.7188,0
1982-07-06,4.7188,4.7188,4.6562,4.6875,0
1982-07-07,4.6875,4.7031,4.6719,4.6875,0
1982-07-08,4.6719,4.6719,4.6250,4.6406,0
1982-07-09,4.6406,4.6406,4.3281,4.4844,0
1982-07-12,4.4844,4.6094,4.4844,4.6094,0
1982-07-13,4.6094,4.6719,4.5938,4.6719,0
1982-07-14,4.6562,4.6562,4.6250,4.6406,0
1982-07-15,4.6562,4.7344,4.6562,4.7188,0
1982-07-16,4.7031,4.7031,4.6406,4.6562,0
1982-07-19,4.6562,4.7188,4.5625,4.5781,0
1982-07-20,4.5781,4.6094,4.5625,4.5938,0
1982-07-21,4.5938,4.6719,4.5938,4.6250,0
1982-07-22,4.6250,4.8750,4.6250,4.7969,0
1982-07-23,4.7969,4.8750,4.7344,4.7344,0
1982-07-26,4.7344,4.7344,4.6875,4.7031,0
1982-07-27,4.7031,4.7656,4.7031,4.7656,0
1982-07-28,4.7656,4.7656,4.5312,4.5938,0
1982-07-29,4.5938,4.6094,4.5469,4.5938,0
1982-07-30,4.5938,4.6094,4.5625,4.5781,0
1982-08-02,4.5781,4.6406,4.5781,4.5938,0
1982-08-03,4.5781,4.5781,4.4375,4.4375,0
1982-08-04,4.4375,4.4531,4.3750,4.4375,0
1982-08-05,4.4375,4.4844,4.4219,4.4688,0
1982-08-06,4.4688,4.5000,4.4688,4.4688,0
1982-08-09,4.4688,4.4688,4.3906,4.4531,0
1982-08-10,4.4531,4.5156,4.4219,4.4219,0
1982-08-11,4.4219,4.4531,4.4062,4.4062,0
1982-08-12,4.4062,4.4531,4.3438,4.3438,0
1982-08-13,4.3438,4.4375,4.3438,4.4375,0
1982-08-16,4.4375,4.5469,4.4375,4.5000,0
1982-08-17,4.5312,4.7500,4.5312,4.7500,0
1982-08-18,4.7500,4.9375,4.7188,4.7344,0
1982-08-19,4.7344,4.7500,4.6094,4.6562,0
1982-08-20,4.6719,4.8906,4.6719,4.8750,0
1982-08-23,4.8750,4.9844,4.8594,4.9531,0
1982-08-24,4.9531,5.0000,4.8750,4.8750,0
1982-08-25,4.8750,4.9844,4.8438,4.8438,0
1982-08-26,4.8438,4.8594,4.7500,4.8125,0
1982-08-27,4.8125,4.8594,4.7188,4.7188,0
1982-08-30,4.7188,4.7969,4.6719,4.7969,0
1982-08-31,4.8125,5.0469,4.8125,5.0312,0
1982-09-01,5.0312,5.0781,4.9375,4.9375,0
1982-09-02,4.9375,5.0312,4.9062,5.0156,0
1982-09-03,5.0938,5.2812,5.0938,5.1719,0
1982-09-07,5.1719,5.1719,5.0938,5.1250,0
1982-09-08,5.1250,5.1562,5.1094,5.1250,0
1982-09-09,5.1250,5.2812,5.1094,5.2344,0
1982-09-10,5.2344,5.2344,5.1562,5.2031,0
1982-09-13,5.2031,5.3281,5.1719,5.2812,0
1982-09-14,5.2812,5.3594,5.2656,5.2812,0
1982-09-15,5.2812,5.3438,5.2344,5.3438,0
1982-09-16,5.3438,5.3594,5.2500,5.2656,0
1982-09-17,5.2500,5.2500,5.1406,5.1406,0
1982-09-20,5.1250,5.1250,5.0312,5.0469,0
1982-09-21,5.0469,5.1250,5.0469,5.0781,0
1982-09-22,5.1094,5.2500,5.1094,5.1562,0
1982-09-23,5.0938,5.0938,4.9531,4.9844,0
1982-09-24,4.9688,4.9688,4.9062,4.9375,0
1982-09-27,4.9375,4.9688,4.8750,4.9219,0
1982-09-28,4.9219,4.9688,4.8750,4.8750,0
1982-09-29,4.6562,4.6562,4.2812,4.3438,0
1982-09-30,4.3125,4.3125,4.1875,4.2188,0
1982-10-01,4.2188,4.2812,4.1406,4.2656,0
1982-10-04,4.2500,4.2500,4.1719,4.1875,0
1982-10-05,4.1875,4.2500,4.1875,4.1875,0
1982-10-06,4.1875,4.2500,4.1406,4.2344,0
1982-10-07,4.2500,4.3750,4.2500,4.2656,0
1982-10-08,4.2656,4.3438,4.2656,4.3438,0
1982-10-11,4.3750,4.6094,4.3750,4.5938,0
1982-10-12,4.6875,4.8281,4.6875,4.7344,0
1982-10-13,4.7344,5.0312,4.7188,4.9375,0
1982-10-14,4.9375,5.0938,4.8750,4.8906,0
1982-10-15,4.8906,4.9062,4.7812,4.8594,0
1982-10-18,4.8594,4.9688,4.8594,4.9062,0
1982-10-19,4.9062,4.9375,4.8594,4.8906,0
1982-10-20,4.8906,4.9375,4.8750,4.9375,0
1982-10-21,4.9375,4.9531,4.8281,4.9219,0
1982-10-22,4.9219,4.9531,4.8594,4.9219,0
1982-10-25,4.9219,4.9375,4.7188,4.7188,0
1982-10-26,4.7188,4.7656,4.6719,4.7344,0
1982-10-27,4.7344,4.7812,4.6875,4.7188,0
1982-10-28,4.7188,4.7500,4.6875,4.6875,0
1982-10-29,4.6875,4.7500,4.6406,4.7188,0
1982-11-01,4.7188,4.7188,4.6406,4.6875,0
1982-11-02,4.6875,4.7656,4.6719,4.7031,0
1982-11-03,4.7031,4.9688,4.6719,4.9531,0
1982-11-04,4.9531,5.2812,4.9375,5.0625,0
1982-11-05,5.0625,5.1250,5.0000,5.1250,0
1982-11-08,5.1250,5.3906,5.0781,5.3125,0
1982-11-09,5.3125,5.7812,5.3125,5.6250,0
1982-11-10,5.6250,5.7969,5.5000,5.5312,0
1982-11-11,5.5312,5.6094,5.3750,5.6094,0
1982-11-12,5.6250,5.7969,5.6250,5.6406,0
1982-11-15,5.5781,5.5781,5.4688,5.5000,0
1982-11-16,5.4062,5.4062,5.2500,5.3594,0
1982-11-17,5.3594,5.4531,5.2344,5.2812,0
1982-11-18,5.2812,5.3906,5.2500,5.3125,0
1982-11-19,5.3125,5.3906,5.2812,5.3125,0
1982-11-22,5.3125,5.3438,5.1094,5.1094,0
1982-11-23,5.1094,5.1562,5.0312,5.0469,0
1982-11-24,5.0156,5.0156,4.9219,4.9688,0
1982-11-26,4.9688,5.0156,4.9688,4.9688,0
1982-11-29,4.9688,4.9688,4.8438,4.8906,0
1982-11-30,4.8906,4.9844,4.8750,4.9062,0
1982-12-01,4.9062,4.9375,4.8281,4.8750,0
1982-12-02,4.8750,4.9844,4.8750,4.9531,0
1982-12-03,4.9531,5.0469,4.9531,4.9688,0
1982-12-06,4.9375,4.9375,4.6875,4.8750,0
1982-12-07,4.8750,5.0312,4.8438,4.8750,0
1982-12-08,4.8750,4.8906,4.7812,4.7812,0
1982-12-09,4.7188,4.7188,4.6406,4.6719,0
1982-12-10,4.6719,4.6875,4.6406,4.6406,0
1982-12-13,4.6875,4.7500,4.6875,4.7031,0
1982-12-14,4.7031,4.9219,4.7031,4.7188,0
1982-12-15,4.7188,4.7188,4.5938,4.6094,0
1982-12-16,4.6094,4.7969,4.5781,4.6406,0
1982-12-17,4.6562,4.7812,4.6562,4.7500,0
1982-12-20,4.7500,4.8594,4.7031,4.7031,0
1982-12-21,4.7188,4.8125,4.7188,4.7812,0
1982-12-22,4.7812,4.8594,4.6875,4.7031,0
1982-12-23,4.7188,4.7812,4.7188,4.7500,0
1982-12-27,4.7656,4.9219,4.7656,4.9219,0
1982-12-28,4.9375,5.0469,4.9375,4.9531,0
1982-12-29,4.9844,5.2031,4.9844,5.0938,0
1982-12-30,5.0938,5.1562,5.0000,5.0000,0
1982-12-31,5.0000,5.0625,4.9844,5.0156,0
1983-01-03,5.0625,5.1406,5.0625,5.0781,0
1983-01-04,5.0781,5.0938,5.0000,5.0781,0
1983-01-05,5.0938,5.4062,5.0938,5.3125,0
1983-01-06,5.3594,5.7500,5.3594,5.6719,0
1983-01-07,5.6719,6.0781,5.6562,5.8438,0
1983-01-10,5.8438,6.0000,5.7500,5.9688,0
1983-01-11,5.8906,5.8906,5.7188,5.8125,0
1983-01-12,5.8281,6.0000,5.8281,5.8906,0
1983-01-13,5.8906,5.9688,5.8438,5.8594,0
1983-01-14,5.8594,5.8750,5.7500,5.7812,0
1983-01-17,5.7812,5.8438,5.7031,5.7344,0
1983-01-18,5.7344,5.7812,5.6406,5.6875,0
1983-01-19,5.6875,5.7031,5.4375,5.5156,0
1983-01-20,5.5156,5.5781,5.4219,5.5469,0
1983-01-21,5.5469,5.5469,5.4062,5.5156,0
1983-01-24,5.4062,5.4062,5.2969,5.3906,0
1983-01-25,5.3906,5.4219,5.2500,5.3438,0
1983-01-26,5.3438,5.3906,5.0781,5.1094,0
1983-01-27,5.1406,5.4375,5.1406,5.3594,0
1983-01-28,5.3594,5.5156,5.3125,5.3438,0
1983-01-31,5.3438,5.3594,5.2656,5.3438,0
1983-02-01,5.3438,5.4062,5.2188,5.2500,0
1983-02-02,5.2344,5.2344,5.1250,5.1719,0
1983-02-03,5.1875,5.2656,5.1875,5.2188,0
1983-02-04,5.2188,5.3906,5.2188,5.3438,0
1983-02-07,5.4062,5.6562,5.4062,5.6094,0
1983-02-08,5.6094,5.6406,5.5625,5.5781,0
1983-02-09,5.5781,5.6406,5.5625,5.6094,0
1983-02-10,5.6094,5.6719,5.6094,5.6719,0
1983-02-11,5.6719,5.7344,5.6562,5.6875,0
1983-02-14,5.6875,5.8125,5.6875,5.7812,0
1983-02-15,5.7812,5.8281,5.7656,5.7969,0
1983-02-16,5.7969,5.8125,5.7031,5.7188,0
1983-02-17,5.7188,5.7188,5.5781,5.6406,0
1983-02-18,5.6406,5.6875,5.5938,5.6094,0
1983-02-22,5.6094,5.6406,5.5781,5.5781,0
1983-02-23,5.5469,5.5469,5.4688,5.5312,0
1983-02-24,5.5781,5.6875,5.5781,5.6406,0
1983-02-25,5.6406,5.7500,5.6094,5.6250,0
1983-02-28,5.6094,5.6094,5.5156,5.5312,0
1983-03-01,5.5469,5.6562,5.5469,5.6250,0
1983-03-02,5.5938,5.5938,5.4375,5.5781,0
1983-03-03,5.5781,5.6406,5.5469,5.6094,0
1983-03-04,5.6094,5.6094,5.5312,5.5781,0
1983-03-07,5.5781,5.5938,5.5312,5.5781,0
1983-03-08,5.5781,5.5781,5.4688,5.4688,0
1983-03-09,5.4688,5.5312,5.4531,5.5312,0
1983-03-10,5.5312,5.5469,5.4062,5.4062,0
1983-03-11,5.3906,5.3906,5.3281,5.3281,0
1983-03-14,5.3281,5.3281,5.2344,5.2812,0
1983-03-15,5.2656,5.2656,5.1719,5.2188,0
1983-03-16,5.2188,5.2344,5.0156,5.0312,0
1983-03-17,5.0312,5.0469,5.0000,5.0156,0
1983-03-18,5.0156,5.0781,5.0000,5.0000,0
1983-03-21,5.0156,5.1875,5.0156,5.1875,0
1983-03-22,5.2031,5.3125,5.2031,5.2656,0
1983-03-23,5.2969,5.6562,5.2969,5.6250,0
1983-03-24,5.6250,5.7031,5.5625,5.6094,0
1983-03-25,5.6094,5.6406,5.5781,5.6094,0
1983-03-28,5.5938,5.5938,5.4531,5.5312,0
1983-03-29,5.5312,5.5625,5.3906,5.4062,0
1983-03-30,5.4062,5.4688,5.3906,5.4375,0
1983-03-31,5.4375,5.5000,5.3125,5.3281,0
1983-04-04,5.3281,5.4062,5.3125,5.3438,0
1983-04-05,5.3438,5.3906,5.2656,5.2812,0
1983-04-06,5.2500,5.2500,5.0781,5.1250,0
1983-04-07,5.0312,5.0312,4.9375,4.9844,0
1983-04-08,4.9844,4.9844,4.9375,4.9688,0
1983-04-11,5.0000,5.1094,5.0000,5.0469,0
1983-04-12,5.0469,5.0625,4.9375,4.9688,0
1983-04-13,4.9844,5.0938,4.9844,5.0625,0
1983-04-14,5.0938,5.3594,5.0938,5.3438,0
1983-04-15,5.3438,5.5625,5.3125,5.4531,0
1983-04-18,5.4531,5.5625,5.3125,5.5000,0
1983-04-19,5.5000,5.6250,5.4688,5.5156,0
1983-04-20,5.5312,5.6875,5.5312,5.6562,0
1983-04-21,5.7031,5.8750,5.7031,5.7500,0
1983-04-22,5.7500,5.8281,5.6719,5.7500,0
1983-04-25,5.7500,5.7812,5.6719,5.7031,0
1983-04-26,5.7031,5.7031,5.5156,5.6094,0
1983-04-27,5.6094,5.6406,5.5781,5.6094,0
1983-04-28,5.6094,5.7188,5.5781,5.6875,0
1983-04-29,5.6875,5.8594,5.6875,5.8125,0
1983-05-02,5.8125,5.8906,5.7500,5.7656,0
1983-05-03,5.7656,5.7812,5.7031,5.7344,0
1983-05-04,5.7344,5.7969,5.7344,5.7656,0
1983-05-05,5.7812,5.8594,5.7812,5.8594,0
1983-05-06,5.8594,6.1875,5.8594,6.1250,0
1983-05-09,6.1250,6.1719,6.0000,6.0938,0
1983-05-10,6.0938,6.1406,6.0625,6.1094,0
1983-05-11,6.1094,6.1250,6.0000,6.0156,0
1983-05-12,6.0156,6.0156,5.8750,5.9062,0
1983-05-13,5.8906,5.8906,5.8750,5.8906,0
1983-05-16,5.8750,5.8750,5.7812,5.7812,0
1983-05-17,5.7812,5.8125,5.7500,5.8125,0
1983-05-18,5.8125,5.8594,5.7500,5.7656,0
1983-05-19,5.7656,5.8281,5.6875,5.7031,0
1983-05-20,5.6875,5.6875,5.5781,5.6562,0
1983-05-23,5.6562,5.6719,5.5625,5.5781,0
1983-05-24,5.5781,5.7344,5.5625,5.7344,0
1983-05-25,5.7344,5.8281,5.7188,5.7969,0
1983-05-26,5.8125,5.9531,5.8125,5.9219,0
1983-05-27,5.9219,6.0000,5.9219,5.9375,0
1983-05-31,5.9375,5.9844,5.8125,5.8438,0
1983-06-01,5.8438,5.9062,5.8125,5.8906,0
1983-06-02,5.8906,5.9062,5.8281,5.8750,0
1983-06-03,5.8750,5.8906,5.8438,5.8750,0
1983-06-06,5.8750,5.8750,5.7812,5.8438,0
1983-06-07,5.8438,5.9062,5.7812,5.7969,0
1983-06-08,5.7969,5.7969,5.7188,5.7188,0
1983-06-09,5.7188,5.7969,5.6875,5.7656,0
1983-06-10,5.7656,5.8125,5.6719,5.7031,0
1983-06-13,5.7031,5.8281,5.6875,5.7812,0
1983-06-14,5.7812,5.8906,5.7656,5.7812,0
1983-06-15,5.7812,5.9531,5.7500,5.9531,0
1983-06-16,6.0312,6.1250,6.0312,6.0625,0
1983-06-17,6.0625,6.0781,5.9375,5.9688,0
1983-06-20,5.9688,6.0000,5.9375,5.9375,0
1983-06-21,5.9375,5.9375,5.8438,5.8906,0
1983-06-22,5.8906,5.9219,5.8125,5.8125,0
1983-06-23,5.8125,5.8594,5.7969,5.8438,0
1983-06-24,5.8438,5.8906,5.8281,5.8750,0
1983-06-27,5.8750,5.8750,5.7812,5.8438,0
1983-06-28,5.8438,5.8906,5.7656,5.7812,0
1983-06-29,5.7812,5.8281,5.7656,5.7969,0
1983-06-30,5.7969,5.9062,5.7656,5.9062,0
1983-07-01,5.8750,5.8750,5.7812,5.8594,0
1983-07-05,5.8281,5.8281,5.7344,5.7812,0
1983-07-06,5.7812,5.7969,5.7188,5.7656,0
1983-07-07,5.7656,5.7812,5.7031,5.7500,0
1983-07-08,5.7500,5.7812,5.7188,5.7500,0
1983-07-11,5.7031,5.7031,5.6094,5.6406,0
1983-07-12,5.6406,5.6875,5.5469,5.5625,0
1983-07-13,5.5625,5.6406,5.5625,5.6094,0
1983-07-14,5.6094,5.7031,5.5938,5.6406,0
1983-07-15,5.6406,5.6562,5.5312,5.5469,0
1983-07-18,5.5312,5.5312,5.4062,5.4531,0
1983-07-19,5.4844,5.5781,5.4844,5.5469,0
1983-07-20,5.5469,5.6250,5.5000,5.5625,0
1983-07-21,5.5625,5.5938,5.4531,5.5312,0
1983-07-22,5.5312,5.6250,5.4531,5.6094,0
1983-07-25,5.6094,5.6094,5.5156,5.5938,0
1983-07-26,5.5938,5.5938,5.5312,5.5781,0
1983-07-27,5.5781,5.6250,5.4688,5.4844,0
1983-07-28,5.4844,5.5312,5.4531,5.5156,0
1983-07-29,5.5156,5.5625,5.4688,5.5000,0
1983-08-01,5.5000,5.5156,5.4688,5.4688,0
1983-08-02,5.4688,5.5938,5.4219,5.5312,0
1983-08-03,5.5312,5.5469,5.4062,5.5156,0
1983-08-04,5.5156,5.5312,5.2656,5.2969,0
1983-08-05,5.2969,5.3125,5.1875,5.2031,0
1983-08-08,5.1094,5.1094,5.0156,5.0781,0
1983-08-09,5.0781,5.2031,5.0469,5.2031,0
1983-08-10,5.2031,5.2031,5.1250,5.2031,0
1983-08-11,5.2031,5.2031,4.9062,4.9844,0
1983-08-12,4.9844,5.0469,4.8906,5.0312,0
1983-08-15,5.0312,5.2031,4.9844,5.0000,0
1983-08-16,4.8750,4.8750,4.7812,4.7812,0
1983-08-17,4.7812,4.8281,4.7031,4.7344,0
1983-08-18,4.7344,4.7500,4.6719,4.6875,0
1983-08-19,4.6875,4.7500,4.6719,4.6875,0
1983-08-22,4.8281,4.9531,4.8281,4.9531,0
1983-08-23,4.9531,5.0781,4.9531,5.0156,0
1983-08-24,5.0156,5.1094,4.9844,5.0156,0
1983-08-25,5.0156,5.0781,4.9531,5.0000,0
1983-08-26,5.0000,5.0000,4.9219,4.9844,0
1983-08-29,4.9688,4.9688,4.8125,4.9219,0
1983-08-30,4.9219,4.9375,4.8125,4.8594,0
1983-08-31,4.8594,4.9219,4.8125,4.9062,0
1983-09-01,4.9062,4.9844,4.9062,4.9844,0
1983-09-02,4.9844,5.0156,4.9219,5.0000,0
1983-09-06,5.0000,5.0938,4.9688,5.0000,0
1983-09-07,5.0156,5.1094,5.0156,5.0312,0
1983-09-08,5.0312,5.1875,5.0000,5.1875,0
1983-09-09,5.1875,5.5781,5.1406,5.1875,0
1983-09-12,5.2188,5.4375,5.2188,5.2500,0
1983-09-13,5.2500,5.2656,5.1875,5.1875,0
1983-09-14,5.1875,5.2500,5.1875,5.2031,0
1983-09-15,5.2031,5.2812,5.2031,5.2344,0
1983-09-16,5.2500,5.4531,5.2500,5.4062,0
1983-09-19,5.4062,5.5625,5.3906,5.5156,0
1983-09-20,5.5469,5.6406,5.5469,5.5938,0
1983-09-21,5.5938,5.6250,5.5156,5.5938,0
1983-09-22,5.5938,5.7344,5.5781,5.6875,0
1983-09-23,5.6875,5.7500,5.5156,5.7031,0
1983-09-26,5.7031,5.7812,5.6562,5.7344,0
1983-09-27,5.7344,5.7500,5.5938,5.6250,0
1983-09-28,5.5781,5.5781,5.4844,5.5156,0
1983-09-29,5.5156,5.5469,5.4375,5.4688,0
1983-09-30,5.4688,5.4844,5.4062,5.4531,0
1983-10-03,5.4531,5.4531,5.3750,5.4531,0
1983-10-04,5.4531,5.4844,5.4219,5.4531,0
1983-10-05,5.4531,5.5312,5.4219,5.5312,0
1983-10-06,5.5312,5.6406,5.5312,5.6406,0
1983-10-07,5.6406,5.7031,5.5625,5.5781,0
1983-10-10,5.5312,5.5312,5.4688,5.5312,0
1983-10-11,5.5000,5.5000,5.3594,5.3750,0
1983-10-12,5.3750,5.4062,5.3281,5.3750,0
1983-10-13,5.3750,5.4062,5.3281,5.4062,0
1983-10-14,5.4062,5.4062,5.3438,5.3906,0
1983-10-17,5.3906,5.4531,5.3750,5.4062,0
1983-10-18,5.4062,5.4219,5.2812,5.3125,0
1983-10-19,5.3125,5.4375,5.2656,5.3750,0
1983-10-20,5.3594,5.3594,5.2656,5.2812,0
1983-10-21,5.2656,5.2656,5.0938,5.1562,0
1983-10-24,5.1406,5.1406,5.0469,5.0781,0
1983-10-25,5.0781,5.1875,5.0781,5.1562,0
1983-10-26,5.1562,5.1875,5.0938,5.1094,0
1983-10-27,5.1094,5.1406,4.9375,4.9531,0
1983-10-28,4.9531,4.9844,4.8906,4.9531,0
1983-10-31,4.9531,4.9531,4.8438,4.8906,0
1983-11-01,4.8906,4.9219,4.8438,4.8750,0
1983-11-02,4.9062,5.1094,4.9062,5.0938,0
1983-11-03,5.0938,5.1406,5.0781,5.0781,0
1983-11-04,5.0781,5.2188,5.0312,5.2188,0
1983-11-07,5.2812,5.4375,5.2812,5.4062,0
1983-11-08,5.4062,5.4062,5.2812,5.3125,0
1983-11-09,5.3125,5.4375,5.2969,5.3750,0
1983-11-10,5.4062,5.4688,5.4062,5.4375,0
1983-11-11,5.4375,5.5156,5.4375,5.5000,0
1983-11-14,5.5000,5.5469,5.4375,5.4531,0
1983-11-15,5.4375,5.4375,5.2656,5.3438,0
1983-11-16,5.3438,5.3906,5.3125,5.3438,0
1983-11-17,5.3438,5.4844,5.2969,5.4688,0
1983-11-18,5.4375,5.4375,5.3438,5.4062,0
1983-11-21,5.4062,5.5000,5.3125,5.5000,0
1983-11-22,5.5000,5.5312,5.4688,5.5000,0
1983-11-23,5.5000,5.5000,5.4531,5.4844,0
1983-11-25,5.5000,5.5469,5.5000,5.5469,0
1983-11-28,5.5469,5.5469,5.4688,5.4844,0
1983-11-29,5.4844,5.5469,5.4844,5.5469,0
1983-11-30,5.5469,5.6250,5.5156,5.5938,0
1983-12-01,5.5938,5.6406,5.5469,5.5625,0
1983-12-02,5.5625,5.6875,5.5469,5.6719,0
1983-12-05,5.6719,5.8125,5.6250,5.7656,0
1983-12-06,5.7969,5.8750,5.7969,5.7969,0
1983-12-07,5.7969,5.9688,5.7969,5.9688,0
1983-12-08,5.9688,6.0938,5.9375,6.0156,0
1983-12-09,5.9688,5.9688,5.9062,5.9375,0
1983-12-12,5.9375,5.9375,5.8281,5.8594,0
1983-12-13,5.8594,6.0000,5.8438,5.9688,0
1983-12-14,5.9688,6.0000,5.9219,5.9375,0
1983-12-15,5.9375,5.9531,5.9219,5.9375,0
1983-12-16,5.9062,5.9062,5.7969,5.8750,0
1983-12-19,5.8750,6.0312,5.8750,5.9688,0
1983-12-20,5.9688,6.0312,5.9219,5.9531,0
1983-12-21,5.9531,6.0156,5.8906,5.9844,0
1983-12-22,6.0000,6.0625,6.0000,6.0469,0
1983-12-23,6.0469,6.0469,6.0156,6.0312,0
1983-12-27,6.0312,6.0625,6.0156,6.0625,0
1983-12-28,6.0625,6.0625,5.9219,5.9219,0
1983-12-29,5.9219,5.9531,5.8906,5.9219,0
1983-12-30,5.9219,5.9688,5.8906,5.9062,0
1984-01-03,5.8906,5.8906,5.7344,5.7344,0
1984-01-04,5.7500,6.0938,5.7500,6.0625,0
1984-01-05,6.0938,6.2344,6.0938,6.1250,0
1984-01-06,6.1250,6.1250,6.0469,6.0781,0
1984-01-09,6.0781,6.1875,6.0625,6.1406,0
1984-01-10,6.1406,6.2656,6.1094,6.1719,0
1984-01-11,6.1719,6.2188,6.1250,6.1719,0
1984-01-12,6.1719,6.3125,6.1719,6.2656,0
1984-01-13,6.2656,6.3438,6.2500,6.2969,0
1984-01-16,6.2969,6.2969,6.1562,6.2188,0
1984-01-17,6.2188,6.2344,6.1719,6.2188,0
1984-01-18,6.2188,6.2344,6.0156,6.1562,0
1984-01-19,6.1562,6.1875,6.0156,6.0156,0
1984-01-20,6.0156,6.1094,5.9062,6.0938,0
1984-01-23,6.0938,6.1719,6.0312,6.1094,0
1984-01-24,6.1094,6.2188,6.1094,6.1250,0
1984-01-25,6.1406,6.2500,6.1406,6.1406,0
1984-01-26,6.1406,6.2656,6.1094,6.1406,0
1984-01-27,6.1406,6.1406,6.0469,6.1250,0
1984-01-30,6.1250,6.1406,5.9531,5.9688,0
1984-01-31,5.9688,6.0938,5.9531,6.0469,0
1984-02-01,6.0469,6.1250,5.9219,5.9219,0
1984-02-02,5.9375,6.0938,5.9375,6.0781,0
1984-02-03,6.0781,6.0938,5.9375,5.9375,0
1984-02-06,5.9062,5.9062,5.7812,5.8281,0
1984-02-07,5.8281,5.8750,5.7031,5.8750,0
1984-02-08,5.8750,5.8750,5.6094,5.6562,0
1984-02-09,5.6562,5.7344,5.5938,5.5938,0
1984-02-10,5.5938,5.6562,5.5938,5.6094,0
1984-02-13,5.6094,5.6562,5.5625,5.6406,0
1984-02-14,5.6406,5.7812,5.6406,5.7812,0
1984-02-15,5.7812,5.8750,5.7344,5.7500,0
1984-02-16,5.7500,5.7656,5.7031,5.7656,0
1984-02-17,5.7656,5.7656,5.6406,5.6406,0
1984-02-21,5.6406,5.6719,5.5469,5.5625,0
1984-02-22,5.5625,5.6719,5.5469,5.6094,0
1984-02-23,5.6094,5.6875,5.5781,5.6562,0
1984-02-24,5.6562,5.8750,5.6250,5.8750,0
1984-02-27,5.8438,5.8438,5.7500,5.7969,0
1984-02-28,5.7812,5.7812,5.5781,5.6406,0
1984-02-29,5.6406,5.7188,5.6250,5.6719,0
1984-03-01,5.6719,5.7344,5.5781,5.5781,0
1984-03-02,5.5781,5.7188,5.5781,5.6719,0
1984-03-05,5.6719,5.6875,5.6250,5.6406,0
1984-03-06,5.6406,5.8125,5.6406,5.7656,0
1984-03-07,5.7656,5.7812,5.7188,5.7656,0
1984-03-08,5.7500,5.7500,5.6875,5.7031,0
1984-03-09,5.7031,5.7188,5.6562,5.6875,0
1984-03-12,5.7188,6.0938,5.7188,6.0625,0
1984-03-13,6.0625,6.1094,6.0312,6.0312,0
1984-03-14,6.0312,6.1875,6.0312,6.1250,0
1984-03-15,6.1250,6.1406,6.0312,6.0469,0
1984-03-16,6.1250,6.2344,6.1250,6.1875,0
1984-03-19,6.1875,6.2188,6.1250,6.2188,0
1984-03-20,6.2188,6.2500,6.2031,6.2500,0
1984-03-21,6.2500,6.2969,6.2031,6.2656,0
1984-03-22,6.2344,6.2344,6.0938,6.1406,0
1984-03-23,6.1406,6.1719,6.0781,6.1719,0
1984-03-26,6.2031,6.3438,6.2031,6.2656,0
1984-03-27,6.2656,6.2969,6.2344,6.2500,0
1984-03-28,6.2500,6.5625,6.2344,6.5625,0
1984-03-29,6.5625,6.5938,6.5000,6.5781,0
1984-03-30,6.5625,6.5625,6.3594,6.4062,0
1984-04-02,6.4062,6.4531,6.3125,6.4062,0
1984-04-03,6.4062,6.4062,6.3438,6.3594,0
1984-04-04,6.3750,6.4531,6.3750,6.4219,0
1984-04-05,6.4219,6.4375,6.3281,6.3281,0
1984-04-06,6.3281,6.4375,6.3281,6.4062,0
1984-04-09,6.4062,6.4062,6.2031,6.2031,0
1984-04-10,6.2031,6.3281,6.2031,6.2656,0
1984-04-11,6.2656,6.2969,5.7500,5.7500,0
1984-04-12,5.7500,5.8594,5.6094,5.8594,0
1984-04-13,5.8594,5.9219,5.6875,5.7500,0
1984-04-16,5.7188,5.7188,5.6562,5.7188,0
1984-04-17,5.7188,5.8438,5.7188,5.8281,0
1984-04-18,5.8281,5.8750,5.8125,5.8281,0
1984-04-19,5.8281,5.9062,5.8281,5.8594,0
1984-04-23,5.8750,5.9375,5.8750,5.8750,0
1984-04-24,5.8750,6.0469,5.8750,6.0000,0
1984-04-25,6.0000,6.1406,6.0000,6.1406,0
1984-04-26,6.1406,6.1875,6.1094,6.1094,0
1984-04-27,6.1094,6.1094,5.9219,5.9219,0
1984-04-30,5.9219,5.9375,5.7969,5.8750,0
1984-05-01,5.8750,5.9062,5.7812,5.8125,0
1984-05-02,5.8125,5.8281,5.7656,5.7969,0
1984-05-03,5.7969,5.7969,5.7188,5.7500,0
1984-05-04,5.7500,5.8125,5.7188,5.7500,0
1984-05-07,5.7656,5.8281,5.7656,5.8125,0
1984-05-08,5.8125,5.9219,5.8125,5.9219,0
1984-05-09,5.9219,5.9219,5.8281,5.8438,0
1984-05-10,5.8438,5.9062,5.7969,5.8438,0
1984-05-11,5.8438,5.8438,5.7031,5.7500,0
1984-05-14,5.7500,5.7500,5.6406,5.6406,0
1984-05-15,5.6406,5.6719,5.5781,5.6406,0
1984-05-16,5.6406,5.6719,5.5938,5.6406,0
1984-05-17,5.5938,5.5938,5.4844,5.5469,0
1984-05-18,5.5469,5.5781,5.5000,5.5469,0
1984-05-21,5.5469,5.5469,5.3438,5.3438,0
1984-05-22,5.3125,5.3125,5.1875,5.2031,0
1984-05-23,5.2031,5.2500,5.1875,5.2031,0
1984-05-24,5.2031,5.2344,5.0625,5.1250,0
1984-05-25,5.1250,5.2031,5.0625,5.1094,0
1984-05-29,5.1094,5.1562,4.9375,4.9844,0
1984-05-30,4.9844,5.1250,4.9062,5.0781,0
1984-05-31,5.0781,5.1094,5.0000,5.0938,0
1984-06-01,5.1250,5.2188,5.1250,5.2188,0
1984-06-04,5.2344,5.3281,5.2344,5.3125,0
1984-06-05,5.3125,5.3594,5.2969,5.3594,0
1984-06-06,5.3594,5.3906,5.2812,5.3125,0
1984-06-07,5.3125,5.3125,5.1719,5.1875,0
1984-06-08,5.1875,5.1875,5.0000,5.0000,0
1984-06-11,5.0000,5.0469,4.9531,4.9531,0
1984-06-12,4.9531,4.9844,4.8906,4.8906,0
1984-06-13,4.8906,4.9375,4.8750,4.9062,0
1984-06-14,4.9062,4.9531,4.8594,4.9219,0
1984-06-15,4.9219,5.0000,4.8750,4.8750,0
1984-06-18,4.8750,4.9062,4.8125,4.9062,0
1984-06-19,4.9062,4.9375,4.8438,4.8750,0
1984-06-20,4.8594,4.8594,4.7188,4.7969,0
1984-06-21,4.7969,4.8906,4.7656,4.8438,0
1984-06-22,4.8438,4.8594,4.7031,4.7812,0
1984-06-25,4.7812,4.7812,4.6094,4.6250,0
1984-06-26,4.6250,4.6406,4.5000,4.5000,0
1984-06-27,4.5000,4.5625,4.4062,4.4531,0
1984-06-28,4.4531,4.6719,4.4375,4.6250,0
1984-06-29,4.6562,4.7344,4.6562,4.6875,0
1984-07-02,4.6875,4.7344,4.5781,4.6094,0
1984-07-03,4.6094,4.6875,4.6094,4.6875,0
1984-07-05,4.6875,4.7500,4.6562,4.6719,0
1984-07-06,4.6719,4.6719,4.6094,4.6094,0
1984-07-09,4.6094,4.8125,4.5156,4.8125,0
1984-07-10,4.8125,4.8125,4.7031,4.7500,0
1984-07-11,4.7188,4.7188,4.6406,4.6406,0
1984-07-12,4.6406,4.6719,4.6094,4.6250,0
1984-07-13,4.6250,4.6719,4.6250,4.6562,0
1984-07-16,4.6562,4.7188,4.5938,4.7031,0
1984-07-17,4.6875,4.6875,4.5625,4.5625,0
1984-07-18,4.5625,4.6562,4.5000,4.5469,0
1984-07-19,4.5469,4.5625,4.5000,4.5156,0
1984-07-20,4.5156,4.5156,4.2812,4.3125,0
1984-07-23,4.3125,4.3438,4.2188,4.3438,0
1984-07-24,4.3438,4.4062,4.2656,4.2812,0
1984-07-25,4.2812,4.3438,4.2344,4.2344,0
1984-07-26,4.2344,4.2812,4.1875,4.2656,0
1984-07-27,4.2656,4.2812,4.2344,4.2812,0
1984-07-30,4.2812,4.3125,4.2344,4.2344,0
1984-07-31,4.2344,4.3281,4.2344,4.2969,0
1984-08-01,4.3438,4.4688,4.3438,4.4531,0
1984-08-02,4.4844,4.7969,4.4844,4.7812,0
1984-08-03,4.8594,5.0312,4.8594,4.8750,0
1984-08-06,4.8750,4.9688,4.7656,4.8125,0
1984-08-07,4.8125,4.8281,4.6250,4.6250,0
1984-08-08,4.6250,4.6719,4.3750,4.4844,0
1984-08-09,4.4844,4.9062,4.4844,4.8594,0
1984-08-10,4.8594,5.0156,4.8438,4.8750,0
1984-08-13,4.8750,4.8906,4.7969,4.8750,0
1984-08-14,4.8750,4.9219,4.7188,4.7344,0
1984-08-15,4.7344,4.7969,4.6875,4.7031,0
1984-08-16,4.7031,4.8281,4.6719,4.7969,0
1984-08-17,4.7969,4.8594,4.7188,4.7500,0
1984-08-20,4.7656,4.8281,4.7656,4.8281,0
1984-08-21,4.8438,4.9219,4.8438,4.9062,0
1984-08-22,4.9062,4.9531,4.8750,4.9062,0
1984-08-23,4.9062,4.9375,4.8750,4.8906,0
1984-08-24,4.8906,4.9062,4.8438,4.8750,0
1984-08-27,4.8750,5.0000,4.8594,5.0000,0
1984-08-28,5.0000,5.0000,4.8906,4.9375,0
1984-08-29,4.9375,4.9375,4.8594,4.8594,0
1984-08-30,4.8594,4.9062,4.8438,4.8594,0
1984-08-31,4.8594,4.8906,4.8438,4.8594,0
1984-09-04,4.8750,4.9219,4.8750,4.9062,0
1984-09-05,4.8750,4.8750,4.7656,4.7812,0
1984-09-06,4.7812,4.7812,4.7500,4.7812,0
1984-09-07,4.7812,4.7812,4.5938,4.6094,0
1984-09-10,4.6094,4.6406,4.5156,4.6250,0
1984-09-11,4.6250,4.7188,4.6250,4.6562,0
1984-09-12,4.6562,4.8125,4.6562,4.8125,0
1984-09-13,4.8125,4.9219,4.7969,4.9219,0
1984-09-14,4.3438,4.3438,4.2500,4.3125,0
1984-09-17,4.3281,4.3906,4.3281,4.3438,0
1984-09-18,4.3438,4.3438,4.2969,4.3125,0
1984-09-19,4.3125,4.3281,4.2500,4.2500,0
1984-09-20,4.2500,4.2969,4.2344,4.2812,0
1984-09-21,4.2812,4.5469,4.2812,4.3438,0
1984-09-24,4.3594,4.4531,4.3594,4.4375,0
1984-09-25,4.4375,4.4844,4.3906,4.3906,0
1984-09-26,4.3906,4.4688,4.3906,4.4219,0
1984-09-27,4.4375,4.4688,4.4375,4.4531,0
1984-09-28,4.4531,4.4531,4.3281,4.3750,0
1984-10-01,4.3594,4.3594,4.3125,4.3438,0
1984-10-02,4.3438,4.3750,4.3125,4.3438,0
1984-10-03,4.3281,4.3281,4.2812,4.2969,0
1984-10-04,4.2969,4.3125,4.2188,4.2344,0
1984-10-05,4.2344,4.2500,3.8906,3.9531,0
1984-10-08,3.9375,3.9375,3.8281,3.9062,0
1984-10-09,3.9062,3.9375,3.8281,3.8438,0
1984-10-10,3.8438,4.1094,3.6250,3.8125,0
1984-10-11,3.8750,4.0156,3.8750,3.9375,0
1984-10-12,3.9375,3.9688,3.8281,3.8594,0
1984-10-15,3.8594,3.9062,3.8438,3.8594,0
1984-10-16,3.8594,3.8594,3.7500,3.7656,0
1984-10-17,3.7656,3.7656,3.6562,3.7188,0
1984-10-18,3.7188,4.0000,3.6719,4.0000,0
1984-10-19,4.0000,4.2188,3.9688,4.0156,0
1984-10-22,4.0156,4.0469,3.9688,3.9844,0
1984-10-23,3.9844,4.0156,3.9688,4.0156,0
1984-10-24,4.0156,4.1094,4.0000,4.0938,0
1984-10-25,4.0938,4.1250,3.9531,3.9688,0
1984-10-26,3.9688,3.9688,3.8281,3.8750,0
1984-10-29,3.8750,3.9062,3.8438,3.8750,0
1984-10-30,3.8594,3.8594,3.8125,3.8438,0
1984-10-31,3.8438,3.8750,3.8281,3.8750,0
1984-11-01,3.8750,3.9062,3.8438,3.8594,0
1984-11-02,3.8750,4.0469,3.8750,3.9844,0
1984-11-05,3.9844,4.0938,3.9844,4.0938,0
1984-11-06,4.0938,4.1719,4.0781,4.1719,0
1984-11-07,4.1719,4.2500,4.1406,4.2188,0
1984-11-08,4.2188,4.2812,4.2031,4.2188,0
1984-11-09,4.2188,4.2656,4.1719,4.1719,0
1984-11-12,4.1719,4.2031,4.1406,4.1719,0
1984-11-13,4.1719,4.2031,4.1406,4.1562,0
1984-11-14,4.1562,4.1719,4.0781,4.1406,0
1984-11-15,4.1094,4.1094,4.0312,4.0625,0
1984-11-16,4.0625,4.0938,4.0156,4.0156,0
1984-11-19,4.0156,4.0312,3.9219,3.9219,0
1984-11-20,3.9219,3.9531,3.9062,3.9219,0
1984-11-21,3.9062,3.9062,3.7969,3.8594,0
1984-11-23,3.8594,3.8750,3.8438,3.8594,0
1984-11-26,3.8594,3.9375,3.8281,3.8906,0
1984-11-27,3.8906,3.9844,3.8906,3.9531,0
1984-11-28,3.9531,3.9688,3.8594,3.8906,0
1984-11-29,3.8906,3.9375,3.8594,3.8750,0
1984-11-30,3.8750,3.8906,3.8125,3.8594,0
1984-12-03,3.8594,3.8594,3.7656,3.7969,0
1984-12-04,3.7969,3.8438,3.7812,3.7969,0
1984-12-05,3.7969,3.8125,3.7031,3.7344,0
1984-12-06,3.7344,3.8281,3.7031,3.8281,0
1984-12-07,3.8281,3.8281,3.7656,3.7812,0
1984-12-10,3.7812,3.7812,3.7031,3.7344,0
1984-12-11,3.7344,3.7656,3.7188,3.7500,0
1984-12-12,3.7500,3.7500,3.6406,3.7188,0
1984-12-13,3.7188,3.7188,3.5469,3.5781,0
1984-12-14,3.5781,3.6562,3.5781,3.6094,0
1984-12-17,3.6094,3.7344,3.5156,3.6875,0
1984-12-18,3.7500,3.8594,3.7500,3.8594,0
1984-12-19,3.8594,3.9062,3.8438,3.8750,0
1984-12-20,3.8750,3.8750,3.7500,3.7656,0
1984-12-21,3.7656,3.7656,3.6250,3.6875,0
1984-12-24,3.6875,3.8594,3.6719,3.8594,0
1984-12-26,3.8594,3.8750,3.7969,3.7969,0
1984-12-27,3.7969,3.8594,3.7969,3.8281,0
1984-12-28,3.8281,3.8750,3.8281,3.8750,0
1984-12-31,3.8750,3.9219,3.8438,3.8750,0
1985-01-02,3.8750,3.8906,3.8438,3.8750,0
1985-01-03,3.8750,3.9062,3.8438,3.8594,0
1985-01-04,3.8594,3.8750,3.8438,3.8750,0
1985-01-07,3.8750,3.9531,3.8438,3.8438,0
1985-01-08,3.8438,3.8750,3.7500,3.7500,0
1985-01-09,3.7500,3.8281,3.7500,3.8125,0
1985-01-10,3.7969,3.7969,3.7188,3.7500,0
1985-01-11,3.7500,3.7500,3.6562,3.6719,0
1985-01-14,3.6719,3.7500,3.6250,3.7344,0
1985-01-15,3.7344,3.7812,3.6875,3.7500,0
1985-01-16,3.7500,3.7812,3.7188,3.7500,0
1985-01-17,3.7500,3.8281,3.7500,3.8125,0
1985-01-18,3.8125,3.8125,3.6875,3.7969,0
1985-01-21,3.7969,4.0156,3.7969,4.0000,0
1985-01-22,4.0000,4.0781,3.9219,4.0312,0
1985-01-23,4.0312,4.1875,4.0156,4.1562,0
1985-01-24,4.1562,4.3125,4.1406,4.1875,0
1985-01-25,4.1875,4.2500,4.1719,4.2031,0
1985-01-28,4.2031,4.2344,4.1562,4.1719,0
1985-01-29,4.1875,4.2812,4.1875,4.2812,0
1985-01-30,4.2812,4.3125,4.1719,4.2188,0
1985-01-31,4.2188,4.2188,4.1562,4.1719,0
1985-02-01,4.1719,4.2188,4.1562,4.2031,0
1985-02-04,4.2031,4.2344,4.1719,4.2031,0
1985-02-05,4.2031,4.2188,4.1094,4.1406,0
1985-02-06,4.1406,4.1719,4.1094,4.1406,0
1985-02-07,4.1406,4.1719,4.1094,4.1562,0
1985-02-08,4.1562,4.3281,4.1562,4.3281,0
1985-02-11,4.3125,4.3125,4.1875,4.2188,0
1985-02-12,4.2031,4.2031,4.0781,4.0781,0
1985-02-13,4.0781,4.1406,4.0625,4.0938,0
1985-02-14,4.0938,4.1094,4.0312,4.0312,0
1985-02-15,4.0312,4.0781,3.9844,4.0000,0
1985-02-19,3.9844,3.9844,3.9375,3.9688,0
1985-02-20,3.9688,4.0625,3.9375,3.9844,0
1985-02-21,3.9688,3.9688,3.9219,3.9219,0
1985-02-22,3.9375,4.0312,3.9375,3.9844,0
1985-02-25,3.9844,4.0312,3.9375,4.0000,0
1985-02-26,4.0000,4.1250,3.8906,4.1250,0
1985-02-27,4.1250,4.1250,4.0625,4.0938,0
1985-02-28,4.0938,4.1094,4.0781,4.1094,0
1985-03-01,4.1094,4.1406,4.0781,4.0938,0
1985-03-04,4.0938,4.0938,4.0156,4.0312,0
1985-03-05,4.0312,4.0469,4.0000,4.0312,0
1985-03-06,4.0156,4.0156,3.9531,3.9688,0
1985-03-07,3.9688,3.9688,3.8438,3.8594,0
1985-03-08,3.8750,3.9688,3.8750,3.9375,0
1985-03-11,3.9375,3.9688,3.9219,3.9219,0
1985-03-12,3.9219,3.9688,3.9062,3.9219,0
1985-03-13,3.9219,3.9375,3.8438,3.8906,0
1985-03-14,3.8906,3.9062,3.8750,3.8906,0
1985-03-15,3.8906,3.8906,3.8281,3.8281,0
1985-03-18,3.8281,3.8438,3.6719,3.6719,0
1985-03-19,3.6719,3.7500,3.6250,3.7188,0
1985-03-20,3.7188,3.7656,3.7188,3.7500,0
1985-03-21,3.7500,3.7500,3.7031,3.7188,0
1985-03-22,3.7188,3.7812,3.7031,3.7500,0
1985-03-25,3.7500,3.7812,3.7344,3.7656,0
1985-03-26,3.7656,3.8438,3.7500,3.8281,0
1985-03-27,3.8438,3.9062,3.8438,3.9062,0
1985-03-28,3.9062,4.0000,3.8906,3.9531,0
1985-03-29,3.9531,4.0156,3.9375,3.9844,0
1985-04-01,4.0156,4.1250,4.0156,4.1094,0
1985-04-02,4.1094,4.1406,4.0781,4.0938,0
1985-04-03,4.0938,4.0938,3.9531,4.0000,0
1985-04-04,4.0000,4.0000,3.9375,3.9531,0
1985-04-08,3.9531,3.9844,3.9219,3.9531,0
1985-04-09,3.9531,3.9531,3.8281,3.8438,0
1985-04-10,3.8438,3.8438,3.7500,3.8125,0
1985-04-11,3.8750,4.0000,3.8750,3.9844,0
1985-04-12,3.9844,4.0156,3.9531,3.9844,0
1985-04-15,4.0000,4.0625,4.0000,4.0312,0
1985-04-16,4.0312,4.1406,4.0156,4.0938,0
1985-04-17,4.0938,4.1719,3.9688,4.1406,0
1985-04-18,4.1406,4.1562,4.0625,4.0938,0
1985-04-19,4.0938,4.1250,4.0625,4.0781,0
1985-04-22,4.0781,4.1094,4.0781,4.0781,0
1985-04-23,4.0781,4.1094,4.0625,4.1094,0
1985-04-24,4.1094,4.1094,4.0781,4.1094,0
1985-04-25,4.1094,4.1250,4.0781,4.0938,0
1985-04-26,4.0938,4.1250,4.0938,4.0938,0
1985-04-29,4.0938,4.1094,4.0469,4.0938,0
1985-04-30,4.0938,4.0938,3.9531,3.9531,0
1985-05-01,3.9531,3.9688,3.9062,3.9219,0
1985-05-02,3.9219,3.9219,3.8750,3.8906,0
1985-05-03,3.8906,3.8906,3.8438,3.8750,0
1985-05-06,3.8750,3.9375,3.8438,3.8594,0
1985-05-07,3.8594,3.9062,3.8438,3.8906,0
1985-05-08,3.9062,3.9375,3.9062,3.9062,0
1985-05-09,3.9062,3.9375,3.8906,3.9219,0
1985-05-10,3.9219,4.0781,3.9219,4.0625,0
1985-05-13,4.0781,4.1094,4.0781,4.0938,0
1985-05-14,4.0938,4.1406,4.0625,4.0781,0
1985-05-15,4.0781,4.1094,4.0312,4.0781,0
1985-05-16,4.0781,4.0938,4.0469,4.0781,0
1985-05-17,4.0781,4.2344,4.0469,4.2344,0
1985-05-20,4.2656,4.3438,4.2656,4.3281,0
1985-05-21,4.3281,4.4219,4.3125,4.3750,0
1985-05-22,4.3438,4.3438,4.3125,4.3281,0
1985-05-23,4.3281,4.3438,4.2812,4.2969,0
1985-05-24,4.2969,4.3438,4.2969,4.3281,0
1985-05-28,4.3281,4.3750,4.3125,4.3438,0
1985-05-29,4.3438,4.3594,4.3125,4.3438,0
1985-05-30,4.3438,4.3594,4.2969,4.3125,0
1985-05-31,4.3125,4.3594,4.2969,4.3281,0
1985-06-03,4.3438,4.3906,4.3438,4.3906,0
1985-06-04,4.4219,4.5000,4.4219,4.4688,0
1985-06-05,4.4688,4.5000,4.4219,4.4219,0
1985-06-06,4.4062,4.4062,4.3125,4.3125,0
1985-06-07,4.3125,4.3125,4.2500,4.2500,0
1985-06-10,4.2500,4.2500,4.2188,4.2500,0
1985-06-11,4.2500,4.2656,4.2188,4.2188,0
1985-06-12,4.2188,4.2188,4.1875,4.2031,0
1985-06-13,4.2031,4.2344,4.1719,4.1875,0
1985-06-14,4.1875,4.2344,4.1875,4.2188,0
1985-06-17,4.2188,4.2188,4.1875,4.1875,0
1985-06-18,4.1875,4.2344,4.1875,4.2031,0
1985-06-19,4.2031,4.2188,4.1875,4.2031,0
1985-06-20,4.2031,4.2344,4.1562,4.1875,0
1985-06-21,4.1875,4.2344,4.1562,4.2344,0
1985-06-24,4.2031,4.2031,4.1719,4.2031,0
1985-06-25,4.2031,4.2344,4.1719,4.1875,0
1985-06-26,4.1719,4.1719,4.1250,4.1562,0
1985-06-27,4.1562,4.1562,4.1250,4.1562,0
1985-06-28,4.1562,4.1562,4.0938,4.1406,0
1985-07-01,4.1406,4.2188,4.1406,4.2031,0
1985-07-02,4.2031,4.2812,4.2031,4.2656,0
1985-07-03,4.2812,4.3438,4.2812,4.3125,0
1985-07-05,4.3281,4.4375,4.3281,4.4375,0
1985-07-08,4.4219,4.4219,4.3750,4.4062,0
1985-07-09,4.4062,4.5312,4.4062,4.4688,0
1985-07-10,4.4688,4.7031,4.4688,4.6875,0
1985-07-11,4.6875,4.6875,4.5469,4.5938,0
1985-07-12,4.5938,4.6094,4.5625,4.5938,0
1985-07-15,4.5938,4.6094,4.5625,4.5625,0
1985-07-16,4.5625,4.5625,4.4688,4.5469,0
1985-07-17,4.5469,4.5469,4.4844,4.5156,0
1985-07-18,4.5156,4.5938,4.5000,4.5312,0
1985-07-19,4.5312,4.5625,4.5312,4.5625,0
1985-07-22,4.5625,4.5781,4.5312,4.5781,0
1985-07-23,4.5781,4.6719,4.5781,4.6250,0
1985-07-24,4.6250,4.6719,4.6250,4.6719,0
1985-07-25,4.6719,4.7812,4.6719,4.7188,0
1985-07-26,4.7188,4.7812,4.7031,4.7656,0
1985-07-29,4.7500,4.7500,4.6094,4.6250,0
1985-07-30,4.6094,4.6094,4.4375,4.5000,0
1985-07-31,4.5469,4.6094,4.5469,4.6094,0
1985-08-01,4.6719,4.7344,4.6719,4.7188,0
1985-08-02,4.7031,4.7031,4.6562,4.6562,0
1985-08-05,4.6562,4.6875,4.5781,4.5938,0
1985-08-06,4.5938,4.5938,4.4375,4.4531,0
1985-08-07,4.4531,4.5312,4.4531,4.5312,0
1985-08-08,4.5312,4.5938,4.4844,4.5000,0
1985-08-09,4.5000,4.5156,4.4531,4.4844,0
1985-08-12,4.4844,4.5000,4.4531,4.4844,0
1985-08-13,4.4844,4.4844,4.4375,4.4531,0
1985-08-14,4.4531,4.5156,4.4531,4.4688,0
1985-08-15,4.4688,4.5000,4.4531,4.4844,0
1985-08-16,4.4844,4.4844,4.4375,4.4531,0
1985-08-19,4.4531,4.5156,4.4531,4.5000,0
1985-08-20,4.5000,4.5312,4.4688,4.5000,0
1985-08-21,4.5000,4.5938,4.5000,4.5938,0
1985-08-22,4.5938,4.5938,4.5156,4.5156,0
1985-08-23,4.5156,4.5156,4.4688,4.5156,0
1985-08-26,4.5156,4.5469,4.5000,4.5312,0
1985-08-27,4.5312,4.5625,4.5312,4.5469,0
1985-08-28,4.5469,4.5469,4.5156,4.5312,0
1985-08-29,4.5312,4.5469,4.5000,4.5156,0
1985-08-30,4.5156,4.5469,4.5000,4.5000,0
1985-09-03,4.5000,4.5156,4.4219,4.4375,0
1985-09-04,4.4375,4.4688,4.4375,4.4531,0
1985-09-05,4.4531,4.4844,4.4531,4.4688,0
1985-09-06,4.4688,4.5156,4.4531,4.5156,0
1985-09-09,4.5312,4.6250,4.5312,4.6250,0
1985-09-10,4.6094,4.6094,4.5000,4.5000,0
1985-09-11,4.5000,4.5312,4.3594,4.4219,0
1985-09-12,4.4219,4.4219,4.2344,4.2344,0
1985-09-13,4.2344,4.2656,4.1250,4.1875,0
1985-09-16,4.1875,4.2344,4.1875,4.2188,0
1985-09-17,4.2188,4.2969,4.2031,4.2969,0
1985-09-18,4.2812,4.2812,4.2344,4.2656,0
1985-09-19,4.2969,4.3594,4.2969,4.3438,0
1985-09-20,4.3438,4.3750,4.2656,4.2656,0
1985-09-23,4.4375,4.5312,4.4375,4.5312,0
1985-09-24,4.5312,4.5781,4.5000,4.5156,0
1985-09-25,4.5156,4.5156,4.3906,4.4062,0
1985-09-26,4.4062,4.4531,4.3750,4.4531,0
1985-09-30,4.4531,4.4688,4.4062,4.4219,0
1985-10-01,4.4219,4.5469,4.3906,4.5469,0
1985-10-02,4.5469,4.5938,4.5469,4.5625,0
1985-10-03,4.5625,4.5781,4.5156,4.5469,0
1985-10-04,4.5469,4.5469,4.4688,4.4688,0
1985-10-07,4.4688,4.5000,4.4219,4.4375,0
1985-10-08,4.4375,4.4844,4.4062,4.4531,0
1985-10-09,4.4531,4.5469,4.4531,4.5312,0
1985-10-10,4.5312,4.5781,4.5312,4.5625,0
1985-10-11,4.5625,4.6250,4.5156,4.6094,0
1985-10-14,4.6094,4.6406,4.5625,4.5938,0
1985-10-15,4.5938,4.6406,4.5781,4.6094,0
1985-10-16,4.6094,4.7031,4.5000,4.5781,0
1985-10-17,4.5781,4.6094,4.4531,4.4531,0
1985-10-18,4.4531,4.4688,4.3750,4.3750,0
1985-10-21,4.3750,4.3750,4.3125,4.3438,0
1985-10-22,4.3438,4.3906,4.3281,4.3438,0
1985-10-23,4.3438,4.3594,4.2969,4.2969,0
1985-10-24,4.3281,4.4062,4.3281,4.3906,0
1985-10-25,4.3594,4.3594,4.2969,4.3438,0
1985-10-28,4.3438,4.3594,4.3281,4.3438,0
1985-10-29,4.3438,4.3906,4.3281,4.3750,0
1985-10-30,4.3750,4.4219,4.3750,4.4062,0
1985-10-31,4.4062,4.4375,4.3906,4.4375,0
1985-11-01,4.4375,4.5156,4.4062,4.5000,0
1985-11-04,4.5000,4.5625,4.4844,4.5625,0
1985-11-05,4.5625,4.5625,4.5000,4.5312,0
1985-11-06,4.5312,4.5469,4.4531,4.4688,0
1985-11-07,4.4688,4.5469,4.4531,4.5469,0
1985-11-08,4.5469,4.7344,4.5156,4.7188,0
1985-11-11,4.7188,4.7969,4.7031,4.7812,0
1985-11-12,4.7812,4.7969,4.7188,4.7344,0
1985-11-13,4.7344,4.7344,4.6094,4.6250,0
1985-11-14,4.6250,4.7188,4.6250,4.7031,0
1985-11-15,4.7031,4.8906,4.7031,4.7969,0
1985-11-18,4.7969,4.7969,4.7031,4.7812,0
1985-11-19,4.8125,4.9219,4.8125,4.8750,0
1985-11-20,4.8750,4.8750,4.7969,4.8125,0
1985-11-21,4.8125,4.8906,4.7812,4.8281,0
1985-11-22,4.8438,4.9844,4.8438,4.9531,0
1985-11-25,4.9531,5.0000,4.9219,4.9844,0
1985-11-26,4.9844,4.9844,4.9375,4.9531,0
1985-11-27,4.9531,5.0156,4.9531,4.9844,0
1985-11-29,4.9844,4.9844,4.9062,4.9844,0
1985-12-02,4.9844,5.0000,4.9375,4.9531,0
1985-12-03,4.9531,5.0156,4.9375,4.9688,0
1985-12-04,5.0000,5.1094,5.0000,5.0938,0
1985-12-05,5.0938,5.1250,5.0156,5.0156,0
1985-12-06,5.0156,5.0156,4.9219,5.0000,0
1985-12-09,5.0156,5.0781,5.0156,5.0312,0
1985-12-10,5.0312,5.1094,5.0000,5.0625,0
1985-12-11,5.0625,5.1094,5.0625,5.1094,0
1985-12-12,5.1094,5.1875,5.1094,5.1719,0
1985-12-13,5.1719,5.2969,5.1719,5.2969,0
1985-12-16,5.2969,5.3906,5.2500,5.3594,0
1985-12-17,5.3594,5.3906,5.3438,5.3438,0
1985-12-18,5.3438,5.3438,5.3125,5.3125,0
1985-12-19,5.3125,5.3281,5.2500,5.2656,0
1985-12-20,5.2656,5.2969,5.0625,5.2344,0
1985-12-23,5.2344,5.2344,4.9688,5.0000,0
1985-12-24,5.0000,5.0312,4.9531,4.9688,0
1985-12-26,4.9688,4.9844,4.9531,4.9688,0
1985-12-27,4.9688,5.1562,4.9688,5.1562,0
1985-12-30,5.1719,5.2344,5.1719,5.2344,0
1985-12-31,5.2344,5.2969,5.2031,5.2500,0
1986-01-02,5.2500,5.2500,5.1562,5.1875,0
1986-01-03,5.1875,5.2500,5.1719,5.1875,0
1986-01-06,5.1875,5.2344,5.1875,5.2344,0
1986-01-07,5.2500,5.3906,5.2500,5.2500,0
1986-01-08,5.2500,5.3438,4.9062,4.9688,0
1986-01-09,4.9688,5.0938,4.9375,5.0469,0
1986-01-10,5.0781,5.2188,5.0781,5.1406,0
1986-01-13,5.1406,5.2031,5.1250,5.2031,0
1986-01-14,5.2344,5.3125,5.2344,5.3125,0
1986-01-15,5.3125,5.4062,5.3125,5.3750,0
1986-01-16,5.3750,5.3906,5.2969,5.2969,0
1986-01-17,5.3438,5.4531,5.3438,5.3906,0
1986-01-20,5.3906,5.4688,5.3594,5.3750,0
1986-01-21,5.3750,5.5156,5.3750,5.4062,0
1986-01-22,5.4062,5.4688,5.3906,5.3906,0
1986-01-23,5.3906,5.4531,5.3906,5.4375,0
1986-01-24,5.4375,5.5938,5.4375,5.5781,0
1986-01-27,5.5781,5.6875,5.5625,5.6562,0
1986-01-28,5.6562,5.7188,5.6406,5.7031,0
1986-01-29,5.7031,5.8750,5.7031,5.8594,0
1986-01-30,5.8594,5.8594,5.6562,5.7031,0
1986-01-31,5.7031,5.7969,5.7031,5.7188,0
1986-02-03,5.7188,5.8594,5.7031,5.8438,0
1986-02-04,5.8438,5.9062,5.6094,5.7188,0
1986-02-05,5.7188,5.7500,5.6562,5.7500,0
1986-02-06,5.7500,5.8906,5.7500,5.8750,0
1986-02-07,5.8750,5.9844,5.8438,5.9844,0
1986-02-10,5.9844,6.0781,5.9688,6.0781,0
1986-02-11,6.0781,6.1250,6.0312,6.1250,0
1986-02-12,6.1250,6.2344,6.1094,6.2031,0
1986-02-13,6.2031,6.2656,6.1875,6.2188,0
1986-02-14,6.2188,6.2344,6.1719,6.2031,0
1986-02-18,6.1875,6.1875,6.0938,6.1094,0
1986-02-19,6.1094,6.1406,6.0000,6.0000,0
1986-02-20,6.0000,6.0312,5.9531,5.9844,0
1986-02-21,6.0156,6.1094,6.0156,6.0938,0
1986-02-24,6.0938,6.1094,6.0312,6.0938,0
1986-02-25,6.0781,6.0781,5.9219,6.0000,0
1986-02-26,6.0000,6.0938,5.9688,6.0625,0
1986-02-27,6.0781,6.2500,6.0781,6.2500,0
1986-02-28,6.2812,6.3906,6.2812,6.3438,0
1986-03-03,6.3438,6.3906,6.3125,6.3438,0
1986-03-04,6.3594,6.6562,6.3594,6.6250,0
1986-03-05,6.6094,6.6094,6.4062,6.4844,0
1986-03-06,6.4844,6.5938,6.4844,6.4844,0
1986-03-07,6.4844,6.4844,6.2969,6.3438,0
1986-03-10,6.3438,6.3594,6.2656,6.2812,0
1986-03-11,6.2812,6.5625,6.2656,6.5000,0
1986-03-12,6.5000,6.5625,6.4219,6.4531,0
1986-03-13,6.4531,6.4531,6.3125,6.3750,0
1986-03-14,6.3750,6.4688,6.3281,6.4531,0
1986-03-17,6.4531,6.4531,6.2500,6.2656,0
1986-03-18,6.2656,6.5469,6.2656,6.5312,0
1986-03-19,6.5312,6.5312,6.4219,6.4375,0
1986-03-20,6.4375,6.6094,6.4375,6.6094,0
1986-03-21,6.6094,6.7031,6.4375,6.4375,0
1986-03-24,6.4375,6.6562,6.4375,6.6562,0
1986-03-25,6.6250,6.6250,6.5469,6.5625,0
1986-03-26,6.5625,6.6562,6.5000,6.5312,0
1986-03-27,6.5625,6.6875,6.5625,6.6250,0
1986-03-31,6.6094,6.6094,6.5156,6.5781,0
1986-04-01,6.5781,6.5938,6.4062,6.5156,0
1986-04-02,6.4688,6.4688,6.4219,6.4688,0
1986-04-03,6.4688,6.5312,6.3906,6.4219,0
1986-04-04,6.4219,6.4688,6.1719,6.1875,0
1986-04-07,6.1562,6.1562,5.9375,6.1250,0
1986-04-08,6.1250,6.1719,6.0469,6.1250,0
1986-04-09,6.1719,6.3125,6.1719,6.2344,0
1986-04-10,6.2344,6.3281,6.2344,6.3125,0
1986-04-11,6.3125,6.3281,6.1875,6.2031,0
1986-04-14,6.2031,6.2188,6.1562,6.2031,0
1986-04-15,6.2031,6.2344,6.0938,6.1250,0
1986-04-16,6.2188,6.5156,6.2188,6.4219,0
1986-04-17,6.4688,6.7188,6.4688,6.6406,0
1986-04-18,6.6406,6.6562,6.1250,6.6250,0
1986-04-21,6.6250,6.6562,6.5625,6.6094,0
1986-04-22,6.6094,6.6094,6.5000,6.5312,0
1986-04-23,6.5312,6.6250,6.5000,6.5938,0
1986-04-24,6.6094,6.7812,6.6094,6.7656,0
1986-04-25,6.7656,6.9219,6.7500,6.9062,0
1986-04-28,6.9062,6.9219,6.8438,6.9062,0
1986-04-29,6.9062,6.9219,6.7812,6.8125,0
1986-04-30,6.8125,6.8438,6.5938,6.6250,0
1986-05-01,6.6250,6.6562,6.5312,6.6250,0
1986-05-02,6.6250,6.7031,6.5000,6.5000,0
1986-05-05,6.5000,6.5469,6.4531,6.4688,0
1986-05-06,6.4688,6.4844,6.3594,6.4375,0
1986-05-07,6.4375,6.4531,6.3438,6.3906,0
1986-05-08,6.4219,6.5000,6.4219,6.4375,0
1986-05-09,6.4375,6.5312,6.4375,6.5156,0
1986-05-12,6.5156,6.5781,6.4844,6.5156,0
1986-05-13,6.5156,6.5156,6.3906,6.4219,0
1986-05-14,6.4219,6.4375,6.3594,6.4062,0
1986-05-15,6.4062,6.4375,6.2188,6.2656,0
1986-05-16,6.2656,6.2656,6.2031,6.2500,0
1986-05-19,6.2812,6.3750,6.2812,6.3750,0
1986-05-20,6.3750,6.3750,6.2344,6.3750,0
1986-05-21,6.3750,6.5156,6.3750,6.5156,0
1986-05-22,6.5156,6.6094,6.5156,6.6094,0
1986-05-23,6.6094,6.7500,6.5781,6.7344,0
1986-05-27,6.7344,6.8438,6.7031,6.8438,0
1986-05-28,6.8438,6.8906,6.8281,6.8750,0
1986-05-29,6.8594,6.8594,6.7656,6.8594,0
1986-05-30,6.8281,6.8281,6.7031,6.7812,0
1986-06-02,6.7500,6.7500,6.6094,6.6719,0
1986-06-03,6.6406,6.6406,6.5625,6.6094,0
1986-06-04,6.6094,6.6406,6.5625,6.5781,0
1986-06-05,6.5781,6.6094,6.5156,6.6094,0
1986-06-06,6.6094,6.6406,6.5781,6.5781,0
1986-06-09,6.5781,6.5938,6.4531,6.5000,0
1986-06-10,6.4844,6.4844,6.3750,6.4219,0
1986-06-11,6.4219,6.4375,6.3750,6.4219,0
1986-06-12,6.4219,6.4219,6.2656,6.3125,0
1986-06-13,6.3438,6.5625,6.3438,6.5000,0
1986-06-16,6.5000,6.6094,6.4531,6.4531,0
1986-06-17,6.4531,6.5000,6.3594,6.5000,0
1986-06-18,6.5000,6.5625,6.4219,6.5156,0
1986-06-19,6.5156,6.5156,6.3750,6.3750,0
1986-06-20,6.3750,6.3906,6.2969,6.3906,0
1986-06-23,6.3906,6.4844,6.2500,6.2656,0
1986-06-24,6.2656,6.2812,6.2031,6.2031,0
1986-06-25,6.2031,6.2969,6.1875,6.2188,0
1986-06-26,6.2188,6.2812,6.1562,6.1719,0
1986-06-27,6.1719,6.2031,6.1094,6.1562,0
1986-06-30,6.1562,6.2344,6.1406,6.2188,0
1986-07-01,6.2188,6.2500,6.1719,6.2500,0
1986-07-02,6.2500,6.3750,6.2500,6.3438,0
1986-07-03,6.3438,6.6094,6.3438,6.5000,0
1986-07-07,6.5000,6.5156,6.3281,6.3281,0
1986-07-08,6.3281,6.3594,6.2656,6.3594,0
1986-07-09,6.3594,6.3906,6.3281,6.3750,0
1986-07-10,6.3750,6.4062,6.2969,6.3125,0
1986-07-11,6.3125,6.3594,6.1094,6.1250,0
1986-07-14,6.0938,6.0938,5.7812,5.8438,0
1986-07-15,5.8125,5.8125,5.5156,5.5312,0
1986-07-16,5.5312,5.5938,5.4844,5.5312,0
1986-07-17,5.5469,5.7031,5.5469,5.7031,0
1986-07-18,5.7031,5.8125,5.7031,5.7656,0
1986-07-21,5.7656,5.7812,5.6875,5.7656,0
1986-07-22,5.7656,5.7812,5.7031,5.7031,0
1986-07-23,5.7031,5.7188,5.6250,5.6562,0
1986-07-24,5.6562,5.7031,5.6094,5.7031,0
1986-07-25,5.7031,5.7031,5.6406,5.6719,0
1986-07-28,5.6719,5.7031,5.5312,5.5625,0
1986-07-29,5.5625,5.5625,5.3750,5.4062,0
1986-07-30,5.3594,5.3594,5.1250,5.2656,0
1986-07-31,5.3750,5.6562,5.3750,5.5781,0
1986-08-01,5.5781,5.7500,5.5312,5.6719,0
1986-08-04,5.6719,5.7656,5.6250,5.7344,0
1986-08-05,5.7344,5.7344,5.6094,5.7031,0
1986-08-06,5.6406,5.6406,5.5781,5.5938,0
1986-08-07,5.5938,5.8438,5.5938,5.7969,0
1986-08-08,5.7969,5.9062,5.7500,5.7656,0
1986-08-11,5.7656,5.8594,5.7656,5.8438,0
1986-08-12,5.8438,5.8750,5.7812,5.8594,0
1986-08-13,5.8594,5.9219,5.8281,5.8906,0
1986-08-14,5.8906,5.9375,5.7188,5.7812,0
1986-08-15,5.7188,5.7188,5.5938,5.6250,0
1986-08-18,5.6250,5.6719,5.5938,5.6719,0
1986-08-19,5.6719,5.6719,5.6250,5.6406,0
1986-08-20,5.6406,5.7656,5.6406,5.7500,0
1986-08-21,5.7500,5.9062,5.7344,5.9062,0
1986-08-22,5.9062,5.9531,5.8750,5.9219,0
1986-08-25,5.9219,6.0312,5.9219,6.0156,0
1986-08-26,6.0469,6.2344,6.0469,6.2031,0
1986-08-27,6.2031,6.2344,6.1719,6.2031,0
1986-08-28,6.2031,6.2344,6.1094,6.2344,0
1986-08-29,6.2344,6.2969,6.2188,6.2344,0
1986-09-02,6.2500,6.3750,6.2500,6.2500,0
1986-09-03,6.2500,6.3125,6.2031,6.2812,0
1986-09-04,6.2812,6.3281,6.2344,6.3125,0
1986-09-05,6.3125,6.4219,6.2188,6.2344,0
1986-09-08,6.2344,6.2344,6.1250,6.1406,0
1986-09-09,6.1406,6.2500,6.1406,6.2188,0
1986-09-10,6.2188,6.2656,6.1875,6.2188,0
1986-09-11,6.1406,6.1406,5.7812,5.8438,0
1986-09-12,5.8438,5.8906,5.6875,5.8281,0
1986-09-15,5.8281,5.9062,5.8125,5.8750,0
1986-09-16,5.8750,5.8906,5.7969,5.8906,0
1986-09-17,5.8906,5.9219,5.8438,5.8906,0
1986-09-18,5.8906,5.9062,5.7344,5.7500,0
1986-09-19,5.6875,5.6875,5.5312,5.5625,0
1986-09-22,5.5625,5.6406,5.5469,5.6406,0
1986-09-23,5.6406,5.7500,5.6250,5.7188,0
1986-09-24,5.1562,5.1562,5.0312,5.0781,0
1986-09-25,5.0625,5.0625,4.9375,4.9688,0
1986-09-26,4.9688,4.9688,4.8125,4.8438,0
1986-09-29,4.8438,4.8594,4.6406,4.6562,0
1986-09-30,4.6562,4.8125,4.6406,4.7344,0
1986-10-01,4.7344,4.8594,4.6875,4.8125,0
1986-10-02,4.8125,4.8281,4.6719,4.6719,0
1986-10-03,4.6719,4.7188,4.6406,4.6562,0
1986-10-06,4.6562,4.6875,4.6562,4.6719,0
1986-10-07,4.6719,4.6875,4.6406,4.6719,0
1986-10-08,4.6719,4.6875,4.6406,4.6875,0
1986-10-09,4.6875,4.8594,4.6875,4.7500,0
1986-10-10,4.7500,4.7812,4.7031,4.7344,0
1986-10-13,4.7344,4.7500,4.6875,4.6875,0
1986-10-14,4.6875,4.7344,4.6719,4.7188,0
1986-10-15,4.7188,4.7188,4.6562,4.7031,0
1986-10-16,4.7031,4.7500,4.6719,4.7344,0
1986-10-17,4.7344,4.7500,4.6562,4.7188,0
1986-10-20,4.6719,4.6719,4.5781,4.6562,0
1986-10-21,4.6562,4.6719,4.5938,4.6562,0
1986-10-22,4.6562,4.6719,4.5781,4.5938,0
1986-10-23,4.5938,4.6406,4.5781,4.6250,0
1986-10-24,4.6250,4.6250,4.5781,4.6094,0
1986-10-27,4.6094,4.6562,4.5938,4.6250,0
1986-10-28,4.6250,4.6406,4.6094,4.6250,0
1986-10-29,4.6250,4.7656,4.6250,4.7188,0
1986-10-30,4.7656,4.8125,4.7656,4.8125,0
1986-10-31,4.8125,4.9844,4.7969,4.9844,0
1986-11-03,4.9844,5.0156,4.9375,5.0156,0
1986-11-04,5.0156,5.0156,4.9688,5.0000,0
1986-11-05,5.0000,5.0000,4.9219,4.9219,0
1986-11-06,4.9219,4.9375,4.7812,4.9062,0
1986-11-07,4.9062,4.9219,4.8594,4.8906,0
1986-11-10,4.8906,4.8906,4.8281,4.8438,0
1986-11-11,4.8438,4.8594,4.7812,4.8594,0
1986-11-12,4.8281,4.8281,4.7500,4.7812,0
1986-11-13,4.7812,4.8125,4.6562,4.6562,0
1986-11-14,4.6562,4.8281,4.6562,4.7969,0
1986-11-17,4.7969,4.7969,4.7031,4.7344,0
1986-11-18,4.7344,4.7656,4.6719,4.6875,0
1986-11-19,4.6875,4.6875,4.6406,4.6562,0
1986-11-20,4.6875,4.8281,4.6875,4.8125,0
1986-11-21,4.8125,4.9375,4.8125,4.9219,0
1986-11-24,4.9219,5.0625,4.9219,4.9688,0
1986-11-25,4.9688,4.9844,4.9219,4.9531,0
1986-11-26,4.9531,4.9688,4.9062,4.9062,0
1986-11-28,4.9375,4.9688,4.9375,4.9531,0
1986-12-01,4.9531,4.9531,4.8594,4.9062,0
1986-12-02,4.9062,4.9375,4.7656,4.8594,0
1986-12-03,4.8750,5.1094,4.8750,5.0312,0
1986-12-04,5.0312,5.1562,5.0000,5.0781,0
1986-12-05,5.0781,5.1562,5.0469,5.0938,0
1986-12-08,5.0781,5.0781,4.9219,5.0000,0
1986-12-09,5.0000,5.0156,4.8906,5.0000,0
1986-12-10,4.9844,4.9844,4.8906,4.9062,0
1986-12-11,4.9062,4.9531,4.8594,4.9531,0
1986-12-12,4.9219,4.9219,4.8594,4.8906,0
1986-12-15,4.8906,4.9688,4.8438,4.9688,0
1986-12-16,4.9688,5.0156,4.9375,5.0156,0
1986-12-17,5.0156,5.0312,4.9688,4.9688,0
1986-12-18,4.9688,5.0469,4.9688,5.0000,0
1986-12-19,5.0000,5.2188,4.9375,5.2188,0
1986-12-22,5.1406,5.1406,5.0312,5.0625,0
1986-12-23,5.0625,5.0781,5.0000,5.0156,0
1986-12-24,5.0312,5.0781,5.0312,5.0625,0
1986-12-26,5.0625,5.0781,5.0312,5.0469,0
1986-12-29,5.0469,5.0469,4.9688,5.0156,0
1986-12-30,5.0000,5.0000,4.9531,4.9688,0
1986-12-31,4.9844,5.0469,4.9844,5.0156,0
1987-01-02,5.0156,5.0938,4.9844,5.0312,0
1987-01-05,5.0312,5.1875,5.0156,5.1719,0
1987-01-06,5.1719,5.1719,5.1406,5.1719,0
1987-01-07,5.1719,5.2188,5.1250,5.1250,0
1987-01-08,5.1094,5.1094,5.0469,5.1094,0
1987-01-09,5.1094,5.2344,5.0938,5.2188,0
1987-01-12,5.2188,5.2656,5.2031,5.2500,0
1987-01-13,5.2500,5.3281,5.2031,5.2969,0
1987-01-14,5.2969,5.4844,5.2812,5.3750,0
1987-01-15,5.4219,5.6094,5.4219,5.5156,0
1987-01-16,5.5156,5.5469,5.4531,5.5469,0
1987-01-19,5.5469,5.6094,5.5156,5.6094,0
1987-01-20,5.6094,5.6875,5.5625,5.6094,0
1987-01-21,5.5625,5.5625,5.4375,5.5000,0
1987-01-22,5.5000,5.5156,5.3125,5.4688,0
1987-01-23,5.4688,5.5000,5.1250,5.2344,0
1987-01-26,5.2344,5.2812,5.1406,5.2188,0
1987-01-27,5.2344,5.4219,5.2344,5.3438,0
1987-01-28,5.3438,5.4062,5.2969,5.3281,0
1987-01-29,5.3438,5.4688,5.3438,5.3750,0
1987-01-30,5.3750,5.4531,5.3281,5.4375,0
1987-02-02,5.4375,5.6250,5.4062,5.5625,0
1987-02-03,5.6719,5.8594,5.6719,5.7812,0
1987-02-04,5.7812,5.8125,5.7031,5.7969,0
1987-02-05,5.8125,5.9062,5.8125,5.9062,0
1987-02-06,5.9062,5.9219,5.8125,5.8281,0
1987-02-09,5.8281,5.8281,5.7500,5.7656,0
1987-02-10,5.7344,5.7344,5.4219,5.7188,0
1987-02-11,5.7188,6.0000,5.6875,5.7969,0
1987-02-12,5.7969,5.8281,5.7500,5.8125,0
1987-02-13,5.8125,5.9375,5.7969,5.9219,0
1987-02-17,5.9219,6.0469,5.9219,6.0156,0
1987-02-18,6.0156,6.0781,5.8906,5.9844,0
1987-02-19,5.9844,6.0156,5.9375,5.9531,0
1987-02-20,5.9219,5.9219,5.8438,5.8594,0
1987-02-23,5.8438,5.8438,5.6094,5.8125,0
1987-02-24,5.8125,6.1406,5.6719,5.6875,0
1987-02-25,5.6875,5.8125,5.6406,5.7812,0
1987-02-26,5.7812,5.7969,5.6875,5.7500,0
1987-02-27,5.7500,5.7969,5.6562,5.7344,0
1987-03-02,5.7344,5.7969,5.6875,5.7344,0
1987-03-03,5.7188,5.7188,5.6562,5.6562,0
1987-03-04,5.6875,5.7344,5.6875,5.7188,0
1987-03-05,5.7188,5.7344,5.6406,5.6562,0
1987-03-06,5.6562,5.6719,5.5781,5.6562,0
1987-03-09,5.6562,5.7344,5.6406,5.7188,0
1987-03-10,5.7500,5.8906,5.7500,5.8750,0
1987-03-11,5.8750,5.9531,5.8438,5.8750,0
1987-03-12,5.8750,5.9062,5.8125,5.8438,0
1987-03-13,5.8438,5.8438,5.7969,5.8438,0
1987-03-16,5.8281,5.8281,5.7812,5.7812,0
1987-03-17,5.7812,5.8281,5.7188,5.7969,0
1987-03-18,5.7969,5.8281,5.6719,5.7188,0
1987-03-19,5.7656,5.8281,5.7656,5.8281,0
1987-03-20,5.8281,5.8906,5.8125,5.8906,0
1987-03-23,5.8906,6.0312,5.8594,6.0000,0
1987-03-24,6.0000,6.0469,6.0000,6.0000,0
1987-03-25,6.0000,6.0312,5.9844,5.9844,0
1987-03-26,6.0000,6.0625,6.0000,6.0156,0
1987-03-27,6.0156,6.1719,5.9844,5.9844,0
1987-03-30,5.9844,6.1562,5.8281,5.9688,0
1987-03-31,5.9688,6.0469,5.9688,6.0312,0
1987-04-01,6.0312,6.0625,5.9688,6.0625,0
1987-04-02,6.0625,6.1094,6.0000,6.0469,0
1987-04-03,6.0625,6.2500,6.0625,6.2500,0
1987-04-06,6.2969,6.3438,6.2969,6.3281,0
1987-04-07,6.3281,6.5469,6.3125,6.3438,0
1987-04-08,6.3125,6.3125,6.1719,6.2188,0
1987-04-09,6.1562,6.1562,5.9688,5.9688,0
1987-04-10,5.9688,6.0469,5.9375,5.9688,0
1987-04-13,5.9531,5.9531,5.8594,5.8750,0
1987-04-14,5.8750,5.8750,5.6719,5.8125,0
1987-04-15,5.8125,5.8906,5.8125,5.8750,0
1987-04-16,5.8906,5.9375,5.8906,5.9062,0
1987-04-20,5.9062,5.9219,5.8281,5.8438,0
1987-04-21,5.8438,6.0781,5.7812,6.0781,0
1987-04-22,6.0781,6.0781,5.9062,5.9531,0
1987-04-23,5.9531,5.9688,5.7812,5.9062,0
1987-04-24,5.9062,5.9062,5.7500,5.8281,0
1987-04-27,5.8281,5.8438,5.6094,5.7031,0
1987-04-28,5.7031,5.7500,5.7031,5.7031,0
1987-04-29,5.7812,5.9062,5.7812,5.8906,0
1987-04-30,5.8906,6.0156,5.8750,6.0156,0
1987-05-01,6.0156,6.0938,6.0000,6.0625,0
1987-05-04,6.0625,6.1094,6.0469,6.0938,0
1987-05-05,6.1094,6.3125,6.1094,6.3125,0
1987-05-06,6.3125,6.6719,6.2969,6.6094,0
1987-05-07,6.7812,7.1250,6.7812,6.8906,0
1987-05-08,6.8906,7.1250,6.8906,7.0938,0
1987-05-11,7.0938,7.1562,7.0781,7.0938,0
1987-05-12,7.0938,7.1406,6.9219,7.0312,0
1987-05-13,7.0312,7.0625,6.8438,6.9375,0
1987-05-14,6.9375,6.9531,6.7812,6.7812,0
1987-05-15,6.7812,6.7969,6.7188,6.7812,0
1987-05-18,6.7656,6.7656,6.6562,6.7500,0
1987-05-19,6.7500,6.7969,6.5469,6.6250,0
1987-05-20,6.5469,6.5469,6.3438,6.3750,0
1987-05-21,6.3906,6.4844,6.3906,6.4062,0
1987-05-22,6.4062,6.5469,6.3906,6.4375,0
1987-05-26,6.4688,6.6094,6.4688,6.6094,0
1987-05-27,6.6719,6.7500,6.6719,6.7344,0
1987-05-28,6.7344,6.8281,6.6562,6.7344,0
1987-05-29,6.7344,6.7500,6.4375,6.4844,0
1987-06-01,6.5312,6.6875,6.5312,6.6094,0
1987-06-02,6.6094,6.7031,6.5156,6.6094,0
1987-06-03,6.6094,6.6562,6.5938,6.6094,0
1987-06-04,6.6094,6.6719,6.5469,6.6250,0
1987-06-05,6.5938,6.5938,6.5156,6.5312,0
1987-06-08,6.5312,6.6562,6.4844,6.6406,0
1987-06-09,6.6406,6.7344,6.6406,6.7344,0
1987-06-10,6.7344,6.8438,6.5000,6.6875,0
1987-06-11,6.7031,6.7812,6.7031,6.7656,0
1987-06-12,6.7656,6.8594,6.7656,6.8438,0
1987-06-15,6.8281,6.8281,6.7188,6.7344,0
1987-06-16,6.7344,6.7969,6.6875,6.7812,0
1987-06-17,6.7812,6.8594,6.7812,6.8125,0
1987-06-18,6.7656,6.7656,6.6875,6.7656,0
1987-06-19,6.7656,6.9219,6.7656,6.8750,0
1987-06-22,6.8750,6.9375,6.8594,6.9219,0
1987-06-23,6.9219,6.9375,6.8750,6.9062,0
1987-06-24,6.8906,6.8906,6.8125,6.8594,0
1987-06-25,6.8906,7.0000,6.8906,7.0000,0
1987-06-26,7.0000,7.0000,6.9531,6.9531,0
1987-06-29,6.9375,6.9375,6.7344,6.7969,0
1987-06-30,6.7969,6.7969,6.6875,6.6875,0
1987-07-01,6.6875,6.7031,6.5469,6.5781,0
1987-07-02,6.5781,6.6719,6.5625,6.5938,0
1987-07-06,6.5938,6.6250,6.3906,6.4844,0
1987-07-07,6.4844,6.5781,6.4531,6.4688,0
1987-07-08,6.4688,6.6719,6.4062,6.6562,0
1987-07-09,6.6562,6.8438,6.6562,6.8281,0
1987-07-10,6.8750,7.3438,6.8750,7.2812,0
1987-07-13,7.4062,7.5000,7.4062,7.4844,0
1987-07-14,7.4844,7.6250,7.3750,7.5156,0
1987-07-15,7.5156,7.5156,7.3438,7.3750,0
1987-07-16,7.3750,7.4688,7.3594,7.4688,0
1987-07-17,7.5469,7.9062,7.5469,7.8750,0
1987-07-20,7.8438,7.8438,7.6875,7.7812,0
1987-07-21,7.7812,7.7969,7.6875,7.6875,0
1987-07-22,7.6875,7.8750,7.6562,7.8438,0
1987-07-23,7.8438,7.8594,7.7969,7.8438,0
1987-07-24,7.8438,7.8750,7.8125,7.8750,0
1987-07-27,7.8750,8.1094,7.8438,8.0938,0
1987-07-28,8.0938,8.1875,8.0312,8.1406,0
1987-07-29,8.1406,8.1562,8.0625,8.0781,0
1987-07-30,8.0781,8.2344,8.0781,8.1250,0
1987-07-31,8.1250,8.1406,8.0938,8.1094,0
1987-08-03,8.1094,8.1250,7.9531,8.0938,0
1987-08-04,8.0938,8.0938,7.9375,7.9688,0
1987-08-05,7.9688,8.0625,7.9688,7.9844,0
1987-08-06,7.9844,8.0312,7.9688,8.0312,0
1987-08-07,8.0312,8.2188,7.9844,8.1719,0
1987-08-10,8.1719,8.2031,8.1094,8.1875,0
1987-08-11,8.1875,8.2344,8.1719,8.1875,0
1987-08-12,8.1875,8.3906,8.1875,8.2969,0
1987-08-13,8.2969,8.3125,8.2500,8.2812,0
1987-08-14,8.2812,8.2969,8.0938,8.1875,0
1987-08-17,8.1875,8.3125,8.1562,8.3125,0
1987-08-18,8.2812,8.2812,8.0469,8.1250,0
1987-08-19,8.1250,8.1250,7.9531,8.0781,0
1987-08-20,8.0781,8.2188,8.0312,8.1875,0
1987-08-21,8.2031,8.3438,8.2031,8.3125,0
1987-08-24,8.2969,8.2969,8.1719,8.1875,0
1987-08-25,8.1875,8.2344,8.1562,8.1875,0
1987-08-26,8.1875,8.2188,8.0312,8.0938,0
1987-08-27,8.0938,8.0938,7.7812,7.8281,0
1987-08-28,7.8281,7.8281,7.7188,7.7500,0
1987-08-31,7.7500,7.7812,7.6875,7.7344,0
1987-09-01,7.7344,7.8438,7.6875,7.6875,0
1987-09-02,7.6562,7.6562,7.5312,7.6406,0
1987-09-03,7.6406,7.7031,7.5625,7.5938,0
1987-09-04,7.6094,7.7344,7.6094,7.7031,0
1987-09-08,7.7031,8.0781,7.6719,8.0625,0
1987-09-09,8.0625,8.2188,7.9688,8.2188,0
1987-09-10,8.2969,8.4844,8.2969,8.4375,0
1987-09-11,8.4844,8.6406,8.4844,8.6250,0
1987-09-14,8.6250,8.7969,8.5625,8.6562,0
1987-09-15,8.6094,8.6094,8.4375,8.4531,0
1987-09-16,8.4062,8.4062,8.2812,8.3438,0
1987-09-17,8.3438,8.4219,8.2344,8.3125,0
1987-09-18,8.3438,8.5000,8.3438,8.4844,0
1987-09-21,8.4844,8.6094,8.4844,8.5156,0
1987-09-22,8.5156,8.6562,8.4219,8.6562,0
1987-09-23,8.7031,8.9219,8.7031,8.9219,0
1987-09-24,8.9375,9.3438,8.9375,9.1719,0
1987-09-25,9.1250,9.1250,9.0000,9.0312,0
1987-09-28,9.0312,9.1719,9.0156,9.1250,0
1987-09-29,9.1250,9.2188,9.0469,9.1406,0
1987-09-30,9.1406,9.2031,9.0781,9.1875,0
1987-10-01,9.1875,9.2188,9.1406,9.2188,0
1987-10-02,9.2188,9.2188,9.1719,9.1719,0
1987-10-05,9.1719,9.2344,9.1719,9.2344,0
1987-10-06,9.2188,9.2188,8.8906,8.9688,0
1987-10-07,8.9688,9.0000,8.8125,8.8594,0
1987-10-08,8.8594,8.9219,8.7500,8.8125,0
1987-10-09,8.8125,8.8438,8.6875,8.7031,0
1987-10-12,8.7031,8.7031,8.4688,8.5156,0
1987-10-13,8.6406,8.8125,8.6406,8.7500,0
1987-10-14,8.7500,8.9844,8.5312,8.5625,0
1987-10-15,8.5625,8.6562,8.4219,8.4375,0
1987-10-16,8.4375,8.5781,7.8594,8.0938,0
1987-10-19,7.8438,7.8438,6.2500,6.3438,0
1987-10-20,6.3438,7.4531,5.6250,5.7969,0
1987-10-21,6.2188,6.6875,6.2188,6.6406,0
1987-10-22,6.5000,6.5000,5.8750,6.2500,0
1987-10-23,6.2500,6.4062,6.0000,6.0156,0
1987-10-26,6.0000,6.0000,5.1875,5.2500,0
1987-10-27,5.2969,5.5469,5.2969,5.5000,0
1987-10-28,5.5000,5.6250,5.2500,5.5625,0
1987-10-29,5.6250,5.9688,5.6250,5.9375,0
1987-10-30,6.1875,6.3281,6.1875,6.2188,0
1987-11-02,6.2188,6.3750,6.1875,6.3438,0
1987-11-03,6.3438,6.5000,6.2500,6.3750,0
1987-11-04,6.3750,6.5625,6.3750,6.4531,0
1987-11-05,6.4531,7.0000,6.4062,6.9062,0
1987-11-06,6.9062,6.9375,6.6875,6.7656,0
1987-11-09,6.7656,6.7812,6.5625,6.7344,0
1987-11-10,6.7344,6.8594,6.5938,6.6562,0
1987-11-11,6.7969,6.9688,6.7969,6.9219,0
1987-11-12,7.1094,7.4219,7.1094,7.2031,0
1987-11-13,7.2031,7.2969,7.1719,7.2344,0
1987-11-16,7.2344,7.3281,7.0781,7.1250,0
1987-11-17,7.0938,7.0938,6.9531,7.0312,0
1987-11-18,7.0312,7.1250,7.0000,7.1094,0
1987-11-19,7.1094,7.1562,6.8906,7.0000,0
1987-11-20,7.0000,7.2188,6.9062,7.1875,0
1987-11-23,7.1875,7.3750,7.1406,7.3281,0
1987-11-24,7.4375,7.5469,7.4375,7.5000,0
1987-11-25,7.5312,7.6562,7.5312,7.6250,0
1987-11-27,7.6250,7.6250,7.4688,7.4844,0
1987-11-30,7.2500,7.2500,6.8438,7.0938,0
1987-12-01,7.0938,7.2031,6.9062,6.9844,0
1987-12-02,6.9844,7.0469,6.9531,7.0469,0
1987-12-03,7.0469,7.0469,6.8281,6.8750,0
1987-12-04,6.8125,6.8125,6.6250,6.6719,0
1987-12-07,6.7188,6.9844,6.7188,6.9688,0
1987-12-08,6.9688,7.1562,6.8438,7.1562,0
1987-12-09,7.1562,7.4375,7.0000,7.4375,0
1987-12-10,7.4375,7.6562,7.2031,7.3750,0
1987-12-11,7.3750,7.4375,7.2500,7.2812,0
1987-12-14,7.2812,7.5938,7.2812,7.5000,0
1987-12-15,7.5000,7.6719,7.5000,7.5000,0
1987-12-16,7.5469,7.6875,7.5469,7.6719,0
1987-12-17,7.6719,7.7344,7.5938,7.6250,0
1987-12-18,7.6406,7.7812,7.6406,7.7812,0
1987-12-21,7.7812,7.8281,7.7188,7.7344,0
1987-12-22,7.7344,7.8125,7.7031,7.7188,0
1987-12-23,7.7188,7.7969,7.7188,7.7656,0
1987-12-24,7.7656,7.8125,7.7031,7.7188,0
1987-12-28,7.5781,7.5781,7.4688,7.5781,0
1987-12-29,7.5781,7.6250,7.5156,7.5156,0
1987-12-30,7.5156,7.6250,7.5000,7.5938,0
1987-12-31,7.5938,8.1250,7.5625,7.7500,0
1988-01-04,7.7500,7.8594,7.6250,7.8281,0
1988-01-05,7.9375,8.0938,7.9375,8.0312,0
1988-01-06,8.1250,8.2656,8.1250,8.2344,0
1988-01-07,8.1719,8.1719,8.0938,8.1562,0
1988-01-08,8.1562,8.1719,7.6250,7.6250,0
1988-01-11,7.6250,7.7812,7.4375,7.5312,0
1988-01-12,7.5312,7.5312,7.2812,7.5312,0
1988-01-13,7.5312,7.5469,7.4375,7.4531,0
1988-01-14,7.4531,7.5625,7.4375,7.4844,0
1988-01-15,7.5781,7.7344,7.5781,7.7344,0
1988-01-18,7.7344,7.8281,7.7031,7.8125,0
1988-01-19,7.8125,7.8281,7.6875,7.7500,0
1988-01-20,7.7031,7.7031,7.2500,7.3125,0
1988-01-21,7.3125,7.3125,6.9844,7.0938,0
1988-01-22,7.1406,7.2500,7.1406,7.2344,0
1988-01-25,7.2344,7.3750,7.2344,7.3125,0
1988-01-26,7.3125,7.3281,7.1875,7.2031,0
1988-01-27,7.2031,7.2500,7.0000,7.0938,0
1988-01-28,7.1250,7.2500,7.1250,7.1562,0
1988-01-29,7.2031,7.2969,7.2031,7.2812,0
1988-02-01,7.2969,7.4219,7.2969,7.2969,0
1988-02-02,7.2969,7.3125,7.1719,7.1875,0
1988-02-03,7.1875,7.4062,7.1562,7.2812,0
1988-02-04,7.2812,7.3438,7.2344,7.2969,0
1988-02-05,7.3281,7.4688,7.3281,7.4062,0
1988-02-08,7.3750,7.3750,7.2656,7.2656,0
1988-02-09,7.2656,7.3281,7.2500,7.3125,0
1988-02-10,7.3438,7.5312,7.3438,7.4844,0
1988-02-11,7.4844,7.5781,7.4688,7.5312,0
1988-02-12,7.5312,7.6875,7.5156,7.5312,0
1988-02-16,7.5312,7.7188,7.5000,7.7031,0
1988-02-17,7.7031,7.7344,7.6250,7.6562,0
1988-02-18,7.6562,7.7812,7.6562,7.7031,0
1988-02-19,7.7031,7.8438,7.7031,7.7500,0
1988-02-22,7.7812,7.9688,7.7812,7.9375,0
1988-02-23,7.9688,8.0938,7.9688,8.0156,0
1988-02-24,8.0156,8.0781,8.0000,8.0312,0
1988-02-25,8.0312,8.1094,8.0000,8.0312,0
1988-02-26,8.0312,8.0781,8.0000,8.0000,0
1988-02-29,8.0000,8.1250,7.9844,8.1250,0
1988-03-01,8.1250,8.2344,8.0469,8.2344,0
1988-03-02,8.2344,8.3125,8.0625,8.1250,0
1988-03-03,8.1250,8.1562,8.0938,8.1406,0
1988-03-04,8.1406,8.1406,7.9375,8.0000,0
1988-03-07,8.0000,8.1094,7.9844,8.0781,0
1988-03-08,8.0781,8.1406,8.0625,8.0938,0
1988-03-09,8.0938,8.2031,8.0312,8.1875,0
1988-03-10,8.1562,8.1562,7.9062,7.9062,0
1988-03-11,7.9062,7.9688,7.7812,7.9375,0
1988-03-14,7.9688,8.0938,7.9688,8.0938,0
1988-03-15,8.0938,8.0938,8.0312,8.0781,0
1988-03-16,8.0938,8.2188,8.0938,8.1875,0
1988-03-17,8.2188,8.4062,8.2188,8.3750,0
1988-03-18,8.3750,8.4531,8.3125,8.4062,0
1988-03-21,8.3438,8.3438,8.1406,8.1875,0
1988-03-22,8.1875,8.2188,8.0938,8.1250,0
1988-03-23,8.1250,8.2344,8.0781,8.0781,0
1988-03-24,8.0156,8.0156,7.8125,7.9688,0
1988-03-25,7.9688,7.9688,7.7969,7.8125,0
1988-03-28,7.8125,7.8281,7.6562,7.7500,0
1988-03-29,7.8281,7.9375,7.8281,7.8906,0
1988-03-30,7.8906,7.9375,7.6875,7.7031,0
1988-03-31,7.7031,7.7969,7.6094,7.7969,0
1988-04-04,7.7969,7.8281,7.6875,7.7188,0
1988-04-05,7.7344,7.8594,7.7344,7.8594,0
1988-04-06,7.8594,8.0469,7.7969,8.0156,0
1988-04-07,8.0156,8.1562,8.0000,8.1094,0
1988-04-08,8.1094,8.1719,8.0156,8.1719,0
1988-04-11,8.1719,8.2344,8.1562,8.2344,0
1988-04-12,8.2344,8.4062,8.2031,8.3906,0
1988-04-13,8.3906,8.5625,8.0625,8.1562,0
1988-04-14,8.0625,8.0625,7.8438,7.8438,0
1988-04-15,7.8438,7.8750,7.6250,7.7188,0
1988-04-18,7.7188,7.7656,7.6406,7.7656,0
1988-04-19,7.7656,7.9219,7.7656,7.7969,0
1988-04-20,7.7812,7.7812,7.5938,7.6719,0
1988-04-21,7.6719,7.7969,7.6562,7.6719,0
1988-04-22,7.7969,7.8594,7.7969,7.8594,0
1988-04-25,7.8594,7.9219,7.7969,7.8906,0
1988-04-26,7.8906,7.9844,7.7812,7.9688,0
1988-04-27,7.9531,7.9531,7.7969,7.8906,0
1988-04-28,7.8906,7.9844,7.7500,7.9688,0
1988-04-29,7.9531,7.9531,7.8125,7.8438,0
1988-05-02,7.8125,7.8125,7.7656,7.7812,0
1988-05-03,7.7812,7.8594,7.7812,7.8281,0
1988-05-04,7.8281,7.8594,7.7812,7.8125,0
1988-05-05,7.8125,7.8750,7.7031,7.7344,0
1988-05-06,7.7344,7.8125,7.7031,7.7188,0
1988-05-09,7.7031,7.7031,7.5000,7.5000,0
1988-05-10,7.5000,7.5625,7.4688,7.4844,0
1988-05-11,7.4531,7.4531,7.2969,7.3594,0
1988-05-12,7.3594,7.4688,7.3438,7.4531,0
1988-05-13,7.4688,7.5781,7.4688,7.5781,0
1988-05-16,7.6094,7.8438,7.6094,7.8438,0
1988-05-17,7.8438,7.9688,7.8438,7.9688,0
1988-05-18,7.9531,7.9531,7.6719,7.7812,0
1988-05-19,7.7344,7.7344,7.5625,7.6250,0
1988-05-20,7.6250,7.6719,7.5625,7.6719,0
1988-05-23,7.6719,7.6719,7.5000,7.5156,0
1988-05-24,7.5156,7.5625,7.5000,7.5469,0
1988-05-25,7.5469,7.6406,7.4844,7.5000,0
1988-05-26,7.5312,7.5938,7.5312,7.5781,0
1988-05-27,7.5781,7.5938,7.4844,7.5312,0
1988-05-31,7.5312,7.8438,7.5156,7.7500,0
1988-06-01,7.7969,7.9844,7.7969,7.9219,0
1988-06-02,7.9219,7.9531,7.8594,7.8750,0
1988-06-03,7.8750,7.9844,7.8750,7.9688,0
1988-06-06,7.9688,8.0312,7.9531,8.0156,0
1988-06-07,8.0000,8.0000,7.8281,7.9062,0
1988-06-08,7.9219,8.1094,7.9219,8.0938,0
1988-06-09,8.0938,8.1406,7.9844,8.0000,0
1988-06-10,8.0000,8.1094,7.9688,8.0312,0
1988-06-13,8.0312,8.1250,8.0000,8.0625,0
1988-06-14,8.0938,8.2656,8.0938,8.2188,0
1988-06-15,8.2188,8.2500,8.1719,8.2344,0
1988-06-16,8.2188,8.2188,8.1406,8.2188,0
1988-06-17,8.2188,8.2344,8.1406,8.2344,0
1988-06-20,8.2344,8.3438,8.1875,8.2500,0
1988-06-21,8.2500,8.3438,8.2500,8.2969,0
1988-06-22,8.4062,8.5625,8.4062,8.5469,0
1988-06-23,8.5312,8.5312,8.4062,8.4844,0
1988-06-24,8.4844,8.4844,8.2969,8.2969,0
1988-06-27,8.2969,8.3438,8.1719,8.2344,0
1988-06-28,8.2344,8.3281,8.1562,8.2812,0
1988-06-29,8.2812,8.3281,8.1875,8.2656,0
1988-06-30,8.2656,8.4688,8.2656,8.4688,0
1988-07-01,8.4688,8.4688,8.2969,8.3125,0
1988-07-05,8.3125,8.4062,8.2812,8.3594,0
1988-07-06,8.3594,8.4688,8.3438,8.3906,0
1988-07-07,8.3750,8.3750,8.3125,8.3438,0
1988-07-08,8.3438,8.3594,8.3125,8.3281,0
1988-07-11,8.3281,8.3438,8.2969,8.3125,0
1988-07-12,8.3125,8.3125,7.9531,8.0469,0
1988-07-13,8.0469,8.0938,8.0000,8.0469,0
1988-07-14,8.0469,8.0781,8.0156,8.0156,0
1988-07-15,8.0156,8.1094,8.0000,8.0312,0
1988-07-18,8.0000,8.0000,7.8438,7.9375,0
1988-07-19,7.9062,7.9062,7.7344,7.7969,0
1988-07-20,7.7969,7.8594,7.7500,7.7656,0
1988-07-21,7.7656,7.8125,7.7031,7.7344,0
1988-07-22,7.7188,7.7188,7.5781,7.6250,0
1988-07-25,7.6875,7.7656,7.6875,7.7500,0
1988-07-26,7.7500,7.7812,7.6562,7.7656,0
1988-07-27,7.7656,7.7969,7.7031,7.7344,0
1988-07-28,7.7344,7.7969,7.6875,7.7188,0
1988-07-29,7.7188,7.7969,7.7031,7.7812,0
1988-08-01,7.7969,7.8281,7.7969,7.8125,0
1988-08-02,7.8125,7.8906,7.8125,7.8750,0
1988-08-03,7.8750,7.8906,7.8125,7.8125,0
1988-08-04,7.8125,7.9219,7.7969,7.8906,0
1988-08-05,7.8906,7.9219,7.8594,7.8750,0
1988-08-08,7.8750,7.9062,7.8281,7.8438,0
1988-08-09,7.8438,7.8750,7.5781,7.6250,0
1988-08-10,7.6094,7.6094,7.2656,7.4062,0
1988-08-11,7.4062,7.4219,7.2188,7.3594,0
1988-08-12,7.3594,7.4062,7.2812,7.3594,0
1988-08-15,7.3281,7.3281,7.2031,7.2188,0
1988-08-16,7.2188,7.2500,7.1250,7.1719,0
1988-08-17,7.1719,7.1719,6.8281,6.9219,0
1988-08-18,6.9219,7.0781,6.9062,6.9219,0
1988-08-19,6.9219,6.9219,6.8438,6.8750,0
1988-08-22,6.8750,6.9062,6.7656,6.8750,0
1988-08-23,6.8750,6.9062,6.8594,6.9062,0
1988-08-24,6.9062,7.0625,6.9062,7.0312,0
1988-08-25,7.0312,7.1250,7.0000,7.1250,0
1988-08-26,7.1094,7.1094,7.0312,7.0625,0
1988-08-29,7.0781,7.1406,7.0781,7.1250,0
1988-08-30,7.1250,7.1250,7.0938,7.1094,0
1988-08-31,7.1094,7.1094,6.9062,6.9531,0
1988-09-01,6.9375,6.9375,6.7344,6.7656,0
1988-09-02,6.8125,6.9062,6.8125,6.8906,0
1988-09-06,6.9531,7.0312,6.9531,6.9688,0
1988-09-07,6.9844,7.0781,6.9844,7.0312,0
1988-09-08,7.0312,7.0781,6.9844,7.0469,0
1988-09-09,7.0469,7.1094,7.0156,7.0938,0
1988-09-12,7.0781,7.0781,7.0156,7.0156,0
1988-09-13,7.0156,7.1719,7.0000,7.1719,0
1988-09-14,7.1719,7.2656,7.0938,7.1250,0
1988-09-15,7.1094,7.1094,7.0156,7.0156,0
1988-09-16,7.0156,7.0625,7.0000,7.0625,0
1988-09-19,7.0469,7.0469,6.9375,7.0156,0
1988-09-20,7.0156,7.0469,6.9688,7.0000,0
1988-09-21,7.0000,7.0469,6.9688,7.0156,0
1988-09-22,7.0156,7.0781,6.9688,7.0469,0
1988-09-23,7.0469,7.0781,7.0000,7.0469,0
1988-09-26,7.0469,7.0469,6.9688,6.9688,0
1988-09-27,6.9844,7.0312,6.9844,7.0312,0
1988-09-28,7.0312,7.0312,6.9688,7.0156,0
1988-09-29,7.0156,7.1719,7.0000,7.1562,0
1988-09-30,7.1562,7.2500,7.1406,7.1875,0
1988-10-03,7.1875,7.2812,7.1406,7.2500,0
1988-10-04,7.2500,7.2812,7.2188,7.2500,0
1988-10-05,7.2500,7.2656,7.1250,7.2188,0
1988-10-06,7.2188,7.3281,7.1719,7.3281,0
1988-10-07,7.3438,7.5000,7.3438,7.4844,0
1988-10-10,7.4844,7.5625,7.4844,7.5156,0
1988-10-11,7.5156,7.5156,7.4688,7.5156,0
1988-10-12,7.4375,7.4375,7.3281,7.3750,0
1988-10-13,7.3750,7.4219,7.3594,7.3906,0
1988-10-14,7.3906,7.4219,7.2969,7.3750,0
1988-10-17,7.3750,7.4062,7.2812,7.3750,0
1988-10-18,7.3750,7.3750,7.2969,7.3594,0
1988-10-19,7.3594,7.3906,7.2656,7.3438,0
1988-10-20,7.3438,7.6875,7.3125,7.6562,0
1988-10-21,7.6562,7.9531,7.6250,7.9531,0
1988-10-24,7.9531,8.0156,7.9062,7.9375,0
1988-10-25,7.9375,7.9531,7.8906,7.9062,0
1988-10-26,7.9062,7.9219,7.7969,7.7969,0
1988-10-27,7.7500,7.7500,7.6719,7.7344,0
1988-10-28,7.7344,7.8281,7.7344,7.7812,0
1988-10-31,7.7812,7.7812,7.7031,7.7188,0
1988-11-01,7.7188,7.7188,7.6406,7.6562,0
1988-11-02,7.6562,7.6719,7.5938,7.6406,0
1988-11-03,7.6406,7.7500,7.6406,7.7188,0
1988-11-04,7.7031,7.7031,7.6250,7.6250,0
1988-11-07,7.5781,7.5781,7.4844,7.5312,0
1988-11-08,7.5312,7.6562,7.5312,7.6250,0
1988-11-09,7.6094,7.6094,7.5625,7.5781,0
1988-11-10,7.5938,7.6406,7.5938,7.6250,0
1988-11-11,7.6094,7.6094,7.4844,7.5156,0
1988-11-14,7.5156,7.6250,7.5156,7.5781,0
1988-11-15,7.5781,7.5781,7.5312,7.5625,0
1988-11-16,7.5625,7.5781,7.4375,7.5000,0
1988-11-17,7.5781,7.6719,7.5781,7.6406,0
1988-11-18,7.6406,7.8281,7.6406,7.8281,0
1988-11-21,7.8125,7.8125,7.6875,7.7188,0
1988-11-22,7.7188,7.7812,7.6719,7.7500,0
1988-11-23,7.7500,8.0000,7.7500,7.9688,0
1988-11-25,7.9688,7.9688,7.8750,7.9219,0
1988-11-28,7.9219,8.0000,7.9062,7.9844,0
1988-11-29,8.0156,8.0938,8.0156,8.0312,0
1988-11-30,8.0312,8.0625,7.9219,7.9219,0
1988-12-01,7.9219,7.9219,7.7969,7.8281,0
1988-12-02,7.8125,7.8125,7.7031,7.7344,0
1988-12-05,7.7344,8.0000,7.7344,7.9844,0
1988-12-06,7.9844,8.0312,7.9375,8.0156,0
1988-12-07,8.0156,8.0156,7.9531,7.9688,0
1988-12-08,7.9688,7.9844,7.9219,7.9219,0
1988-12-09,7.9219,7.9688,7.8438,7.8594,0
1988-12-12,7.8750,7.9375,7.8750,7.9062,0
1988-12-13,7.9062,7.9062,7.7812,7.7969,0
1988-12-14,7.7969,7.8594,7.7344,7.8125,0
1988-12-15,7.8125,7.8125,7.7344,7.7500,0
1988-12-16,7.7500,7.7500,7.6406,7.7344,0
1988-12-19,7.7344,7.8750,7.7344,7.8281,0
1988-12-20,7.8438,7.9531,7.8438,7.9219,0
1988-12-21,7.9219,8.0000,7.8906,7.9844,0
1988-12-22,7.9844,7.9844,7.9062,7.9219,0
1988-12-23,7.9219,7.9688,7.9219,7.9375,0
1988-12-27,7.9375,7.9844,7.9375,7.9531,0
1988-12-28,7.9531,7.9688,7.9375,7.9375,0
1988-12-29,7.9375,8.0312,7.9062,8.0000,0
1988-12-30,8.0000,8.0469,7.9531,7.9531,0
1989-01-03,7.9531,7.9531,7.8906,7.9531,0
1989-01-04,7.9688,8.1094,7.9688,8.1094,0
1989-01-05,8.1250,8.2500,8.1250,8.2344,0
1989-01-06,8.2344,8.3281,8.2344,8.3125,0
1989-01-09,8.3281,8.3750,8.3281,8.3281,0
1989-01-10,8.3281,8.4375,8.3125,8.3750,0
1989-01-11,8.3750,8.4219,8.3438,8.4219,0
1989-01-12,8.4219,8.4688,8.3750,8.4219,0
1989-01-13,8.4219,8.4688,8.4062,8.4375,0
1989-01-16,8.4375,8.5156,8.3906,8.4219,0
1989-01-17,8.4219,8.4219,8.3438,8.3594,0
1989-01-18,8.3594,8.4688,8.2812,8.4688,0
1989-01-19,8.4688,8.6250,7.5000,7.6406,0
1989-01-20,7.6406,7.7344,7.4062,7.4844,0
1989-01-23,7.4844,7.5469,7.3750,7.4375,0
1989-01-24,7.4375,7.5156,7.4375,7.5156,0
1989-01-25,7.5156,7.5469,7.4531,7.4844,0
1989-01-26,7.4844,7.5156,7.4062,7.5000,0
1989-01-27,7.5000,7.6406,7.4844,7.5781,0
1989-01-30,7.5781,7.6250,7.5625,7.5938,0
1989-01-31,7.5938,7.7344,7.5625,7.7344,0
1989-02-01,7.7344,7.7344,7.6562,7.6719,0
1989-02-02,7.6719,7.7188,7.6562,7.7031,0
1989-02-03,7.6875,7.6875,7.6250,7.6875,0
1989-02-06,7.6875,7.7344,7.6250,7.6562,0
1989-02-07,7.6562,7.7344,7.6562,7.6875,0
1989-02-08,7.6875,7.7344,7.6875,7.6875,0
1989-02-09,7.6719,7.6719,7.5781,7.6250,0
1989-02-10,7.5625,7.5625,7.4531,7.4688,0
1989-02-13,7.4688,7.4688,7.4375,7.4688,0
1989-02-14,7.4688,7.5000,7.4219,7.4219,0
1989-02-15,7.4219,7.4375,7.3438,7.3594,0
1989-02-16,7.3594,7.4062,7.3594,7.4062,0
1989-02-17,7.4062,7.4688,7.4062,7.4219,0
1989-02-21,7.4844,7.5156,7.4844,7.5000,0
1989-02-22,7.5000,7.5000,7.4219,7.4531,0
1989-02-23,7.4531,7.4688,7.3750,7.4688,0
1989-02-24,7.4688,7.4844,7.3594,7.3750,0
1989-02-27,7.3750,7.4219,7.3594,7.3594,0
1989-02-28,7.3594,7.3906,7.3281,7.3438,0
1989-03-01,7.3438,7.3594,7.3281,7.3281,0
1989-03-02,7.3281,7.3438,7.2969,7.3125,0
1989-03-03,7.3125,7.3125,7.2031,7.2031,0
1989-03-06,7.2031,7.2188,7.1719,7.1875,0
1989-03-07,7.1875,7.2812,7.1875,7.2500,0
1989-03-08,7.2500,7.2969,7.2500,7.2656,0
1989-03-09,7.2656,7.3438,7.2656,7.3438,0
1989-03-10,7.3281,7.3281,7.2500,7.2812,0
1989-03-13,7.2812,7.2969,7.2500,7.2812,0
1989-03-14,7.2812,7.3125,7.2500,7.2812,0
1989-03-15,7.2812,7.3281,7.2500,7.3125,0
1989-03-16,7.3125,7.3594,7.3125,7.3125,0
1989-03-17,7.2188,7.2188,7.1406,7.1719,0
1989-03-20,7.1562,7.1562,7.1250,7.1406,0
1989-03-21,7.1406,7.1562,7.0156,7.1406,0
1989-03-22,7.1406,7.1562,7.0781,7.0938,0
1989-03-23,7.1094,7.1562,7.1094,7.1094,0
1989-03-27,7.1094,7.1562,7.1094,7.1562,0
1989-03-28,7.1562,7.1562,7.1094,7.1250,0
1989-03-29,7.1250,7.1562,7.0938,7.1250,0
1989-03-30,7.1094,7.1094,7.0625,7.0938,0
1989-03-31,7.0938,7.1562,7.0938,7.1406,0
1989-04-03,7.1406,7.2656,7.1406,7.2656,0
1989-04-04,7.2656,7.3438,7.2500,7.2969,0
1989-04-05,7.2969,7.2969,7.2344,7.2344,0
1989-04-06,7.2188,7.2188,7.1406,7.1875,0
1989-04-07,7.1875,7.2344,7.1250,7.2188,0
1989-04-10,7.2188,7.3125,7.1719,7.2969,0
1989-04-11,7.2969,7.4531,7.2969,7.4375,0
1989-04-12,7.4375,7.5625,7.4375,7.4531,0
1989-04-13,7.4531,7.4688,7.3281,7.3750,0
1989-04-14,7.3750,7.4219,7.3438,7.3750,0
1989-04-17,7.3750,7.3750,7.3125,7.3438,0
1989-04-18,7.3438,7.4219,7.3281,7.3594,0
1989-04-19,7.3594,7.4062,7.3594,7.4062,0
1989-04-20,7.5000,7.6406,7.5000,7.5625,0
1989-04-21,7.5625,7.6094,7.5312,7.5625,0
1989-04-24,7.5625,7.5938,7.5625,7.5781,0
1989-04-25,7.5781,7.5781,7.4844,7.4844,0
1989-04-26,7.4844,7.5469,7.4844,7.5312,0
1989-04-27,7.5312,7.5938,7.5156,7.5625,0
1989-04-28,7.5625,7.6250,7.5469,7.5625,0
1989-05-01,7.5625,7.5625,7.5000,7.5312,0
1989-05-02,7.5312,7.5781,7.5312,7.5625,0
1989-05-03,7.5625,7.6562,7.5625,7.6406,0
1989-05-04,7.6094,7.6094,7.4531,7.4688,0
1989-05-05,7.4688,7.5312,7.3125,7.3750,0
1989-05-08,7.3750,7.3906,7.2969,7.3438,0
1989-05-09,7.3438,7.3750,7.2969,7.3125,0
1989-05-10,7.3125,7.3438,7.2969,7.3281,0
1989-05-11,7.3281,7.4219,7.3281,7.4062,0
1989-05-12,7.5312,7.6406,7.5312,7.6250,0
1989-05-15,7.6250,7.8125,7.6250,7.8125,0
1989-05-16,7.8125,7.8125,7.7188,7.7812,0
1989-05-17,7.8281,7.9219,7.8281,7.9219,0
1989-05-18,7.9219,7.9219,7.8750,7.8906,0
1989-05-19,7.8906,8.0469,7.8906,8.0312,0
1989-05-22,8.0312,8.0781,7.9531,7.9844,0
1989-05-23,7.9375,7.9375,7.8281,7.8281,0
1989-05-24,7.8281,7.8281,7.7500,7.7656,0
1989-05-25,7.7656,7.7969,7.7188,7.7812,0
1989-05-26,7.7812,7.8594,7.7812,7.8594,0
1989-05-30,7.8594,7.9375,7.8438,7.9219,0
1989-05-31,7.9219,8.0000,7.9062,7.9844,0
1989-06-01,7.9062,7.9062,7.7812,7.8281,0
1989-06-02,7.8281,7.8594,7.7188,7.7656,0
1989-06-05,7.7656,7.7656,7.6562,7.6719,0
1989-06-06,7.6875,7.7500,7.6875,7.7500,0
1989-06-07,7.7500,7.7812,7.6875,7.7500,0
1989-06-08,7.7344,7.7344,7.6875,7.7031,0
1989-06-09,7.6875,7.6875,7.5781,7.5938,0
1989-06-12,7.5781,7.5781,7.4531,7.5000,0
1989-06-13,7.5000,7.5000,7.4375,7.4844,0
1989-06-14,7.4688,7.4688,7.3750,7.3750,0
1989-06-15,7.3750,7.4062,7.3438,7.3750,0
1989-06-16,7.3750,7.4219,7.3594,7.4062,0
1989-06-19,7.4062,7.4062,7.3594,7.3750,0
1989-06-20,7.3750,7.3906,7.2969,7.2969,0
1989-06-21,7.2969,7.3281,7.2812,7.3281,0
1989-06-22,7.3281,7.3750,7.3281,7.3594,0
1989-06-23,7.3750,7.4844,7.3750,7.4375,0
1989-06-26,7.4375,7.4375,7.4062,7.4375,0
1989-06-27,7.4375,7.4688,7.4375,7.4531,0
1989-06-28,7.4375,7.4375,7.3594,7.3750,0
1989-06-29,7.3594,7.3594,7.2812,7.2812,0
