Date,Open,High,Low,Close,Volume
1970-06-01,0.5960,0.6256,0.5870,0.6217,0
1970-06-02,0.6217,0.6256,0.5992,0.6185,0
1970-06-03,0.6185,0.6320,0.6063,0.6256,0
1970-06-04,0.6211,0.6211,0.5934,0.5967,0
1970-06-05,0.5967,0.6089,0.5825,0.6076,0
1970-06-08,0.6076,0.6108,0.5909,0.5979,0
1970-06-09,0.5979,0.6204,0.5922,0.6108,0
1970-06-10,0.6108,0.6204,0.6063,0.6166,0
1970-06-11,0.6140,0.6140,0.5922,0.6018,0
1970-06-12,0.6018,0.6044,0.5870,0.6005,0
1970-06-15,0.6005,0.6301,0.5960,0.6268,0
1970-06-16,0.6320,0.6551,0.6320,0.6532,0
1970-06-17,0.6532,0.6615,0.6333,0.6397,0
1970-06-18,0.6397,0.6641,0.6294,0.6622,0
1970-06-19,0.6622,0.6673,0.6500,0.6519,0
1970-06-22,0.6519,0.6602,0.6435,0.6525,0
1970-06-23,0.6525,0.6570,0.6301,0.6320,0
1970-06-24,0.6320,0.6474,0.6217,0.6249,0
1970-06-25,0.6281,0.6442,0.6281,0.6397,0
1970-06-26,0.6371,0.6371,0.6127,0.6191,0
1970-06-29,0.6191,0.6243,0.5967,0.6101,0
1970-06-30,0.6101,0.6288,0.6031,0.6031,0
1970-07-01,0.6031,0.6159,0.5960,0.6146,0
1970-07-02,0.6146,0.6159,0.5934,0.5934,0
1970-07-06,0.5915,0.5915,0.5511,0.5517,0
1970-07-07,0.5517,0.5729,0.5504,0.5620,0
1970-07-08,0.5703,0.6268,0.5703,0.6268,0
1970-07-09,0.6268,0.6294,0.5986,0.6063,0
1970-07-10,0.6063,0.6127,0.6011,0.6024,0
1970-07-13,0.6024,0.6114,0.5986,0.6011,0
1970-07-14,0.6011,0.6127,0.5986,0.6082,0
1970-07-15,0.6204,0.6345,0.6204,0.6307,0
1970-07-16,0.6307,0.6435,0.6211,0.6236,0
1970-07-17,0.6268,0.6345,0.6268,0.6313,0
1970-07-20,0.6313,0.6326,0.6063,0.6063,0
1970-07-21,0.6063,0.6101,0.5992,0.6031,0
1970-07-22,0.6031,0.6243,0.5986,0.5992,0
1970-07-23,0.5992,0.6243,0.5986,0.6153,0
1970-07-24,0.6101,0.6101,0.5870,0.5870,0
1970-07-27,0.5870,0.5870,0.5600,0.5626,0
1970-07-28,0.5626,0.5755,0.5607,0.5722,0
1970-07-29,0.5722,0.5767,0.5620,0.5626,0
1970-07-30,0.5626,0.5626,0.5395,0.5498,0
1970-07-31,0.5498,0.5517,0.5273,0.5279,0
1970-08-03,0.5279,0.5331,0.5228,0.5266,0
1970-08-04,0.5266,0.5395,0.5189,0.5389,0
1970-08-05,0.5382,0.5382,0.5273,0.5273,0
1970-08-06,0.5241,0.5241,0.5138,0.5183,0
1970-08-07,0.5183,0.5395,0.5042,0.5157,0
1970-08-10,0.5112,0.5112,0.5035,0.5061,0
1970-08-11,0.5061,0.5151,0.5048,0.5112,0
1970-08-12,0.5112,0.5151,0.4810,0.4817,0
1970-08-13,0.4810,0.4810,0.4618,0.4753,0
1970-08-14,0.4753,0.4817,0.4708,0.4740,0
1970-08-17,0.4740,0.4888,0.4714,0.4881,0
1970-08-18,0.4881,0.5010,0.4881,0.4977,0
1970-08-19,0.4971,0.4971,0.4708,0.4753,0
1970-08-20,0.4753,0.4804,0.4637,0.4753,0
1970-08-21,0.4766,0.5074,0.4766,0.5074,0
1970-08-24,0.5074,0.5164,0.4907,0.5003,0
1970-08-25,0.5003,0.5382,0.4933,0.5273,0
1970-08-26,0.5273,0.5344,0.5061,0.5087,0
1970-08-27,0.5087,0.5311,0.5048,0.5273,0
1970-08-28,0.5318,0.5498,0.5318,0.5446,0
1970-08-31,0.5446,0.5446,0.5356,0.5369,0
1970-09-01,0.5369,0.5511,0.5331,0.5421,0
1970-09-02,0.5421,0.5472,0.5369,0.5440,0
1970-09-03,0.5440,0.5588,0.5421,0.5433,0
1970-09-04,0.5395,0.5395,0.5305,0.5395,0
1970-09-08,0.5395,0.5421,0.5189,0.5305,0
1970-09-09,0.5305,0.5389,0.5189,0.5266,0
1970-09-10,0.5234,0.5234,0.5164,0.5177,0
1970-09-11,0.5177,0.5337,0.5170,0.5311,0
1970-09-14,0.5311,0.5408,0.5228,0.5228,0
1970-09-15,0.5228,0.5318,0.5177,0.5279,0
1970-09-16,0.5318,0.5575,0.5318,0.5575,0
1970-09-17,0.5703,0.5883,0.5703,0.5735,0
1970-09-18,0.5735,0.5825,0.5716,0.5761,0
1970-09-21,0.5761,0.5793,0.5600,0.5716,0
1970-09-22,0.5716,0.5735,0.5626,0.5658,0
1970-09-23,0.5678,0.5902,0.5678,0.5896,0
1970-09-24,0.6050,0.6313,0.6050,0.6301,0
1970-09-25,0.6301,0.6320,0.6204,0.6262,0
1970-09-28,0.6256,0.6256,0.6063,0.6172,0
1970-09-29,0.6172,0.6397,0.6076,0.6268,0
1970-09-30,0.6256,0.6256,0.6050,0.6056,0
1970-10-01,0.6050,0.6050,0.5896,0.6018,0
1970-10-02,0.6024,0.6185,0.6024,0.6076,0
1970-10-05,0.6089,0.6185,0.6089,0.6159,0
1970-10-06,0.6146,0.6146,0.6018,0.6037,0
1970-10-07,0.6037,0.6101,0.6005,0.6101,0
1970-10-08,0.6050,0.6050,0.5941,0.5947,0
1970-10-09,0.5947,0.6037,0.5909,0.5915,0
1970-10-12,0.5915,0.5922,0.5857,0.5922,0
1970-10-13,0.5922,0.5934,0.5857,0.5934,0
1970-10-14,0.5934,0.5986,0.5922,0.5941,0
1970-10-15,0.5960,0.6037,0.5960,0.5960,0
1970-10-16,0.5973,0.6050,0.5973,0.5986,0
1970-10-19,0.5986,0.6011,0.5941,0.5973,0
1970-10-20,0.5973,0.6076,0.5947,0.6076,0
1970-10-21,0.6076,0.6114,0.5934,0.5934,0
1970-10-22,0.5934,0.5973,0.5909,0.5967,0
1970-10-23,0.6050,0.6114,0.6050,0.6063,0
1970-10-26,0.6063,0.6063,0.6024,0.6024,0
1970-10-27,0.6024,0.6108,0.6018,0.6063,0
1970-10-28,0.6069,0.6294,0.6069,0.6294,0
1970-10-29,0.6288,0.6288,0.6166,0.6166,0
1970-10-30,0.6166,0.6191,0.6063,0.6191,0
1970-11-02,0.6191,0.6416,0.6114,0.6416,0
1970-11-03,0.6416,0.6512,0.6390,0.6480,0
1970-11-04,0.6480,0.6564,0.6384,0.6403,0
1970-11-05,0.6403,0.6525,0.6390,0.6474,0
1970-11-06,0.6512,0.6564,0.6512,0.6557,0
1970-11-09,0.6577,0.6930,0.6577,0.6859,0
1970-11-10,0.6859,0.6936,0.6834,0.6846,0
1970-11-11,0.6846,0.7013,0.6846,0.6885,0
1970-11-12,0.6885,0.6891,0.6519,0.6525,0
1970-11-13,0.6525,0.6609,0.6500,0.6583,0
1970-11-16,0.6583,0.6795,0.6557,0.6795,0
1970-11-17,0.6795,0.6821,0.6705,0.6731,0
1970-11-18,0.6712,0.6712,0.6628,0.6705,0
1970-11-19,0.6724,0.6840,0.6724,0.6808,0
1970-11-20,0.6814,0.7193,0.6814,0.7148,0
1970-11-23,0.7148,0.7296,0.7129,0.7187,0
1970-11-24,0.7187,0.7206,0.7020,0.7200,0
1970-11-25,0.7206,0.7341,0.7206,0.7309,0
1970-11-27,0.7309,0.7546,0.7296,0.7540,0
1970-11-30,0.7630,0.7810,0.7630,0.7707,0
1970-12-01,0.7707,0.7758,0.7553,0.7579,0
1970-12-02,0.7579,0.7707,0.7399,0.7707,0
1970-12-03,0.7707,0.7707,0.7566,0.7643,0
1970-12-04,0.7656,0.7829,0.7656,0.7707,0
1970-12-07,0.7707,0.7758,0.7643,0.7701,0
1970-12-08,0.7688,0.7688,0.7502,0.7553,0
1970-12-09,0.7540,0.7540,0.7437,0.7502,0
1970-12-10,0.7502,0.7514,0.7450,0.7457,0
1970-12-11,0.7482,0.7630,0.7482,0.7572,0
1970-12-14,0.7546,0.7546,0.7322,0.7373,0
1970-12-15,0.7373,0.7373,0.7174,0.7219,0
1970-12-16,0.7219,0.7296,0.7187,0.7245,0
1970-12-17,0.7257,0.7296,0.7257,0.7270,0
1970-12-18,0.7219,0.7219,0.7110,0.7135,0
1970-12-21,0.7135,0.7148,0.7090,0.7142,0
1970-12-22,0.7142,0.7148,0.7097,0.7129,0
1970-12-23,0.7129,0.7142,0.6936,0.7090,0
1970-12-24,0.7090,0.7116,0.7013,0.7078,0
1970-12-28,0.7090,0.7232,0.7090,0.7193,0
1970-12-29,0.7193,0.7489,0.7193,0.7450,0
1970-12-30,0.7450,0.7463,0.7309,0.7360,0
1970-12-31,0.7322,0.7322,0.7219,0.7264,0
1971-01-04,0.7264,0.7270,0.7103,0.7103,0
1971-01-05,0.7103,0.7270,0.7103,0.7251,0
1971-01-06,0.7399,0.7707,0.7399,0.7604,0
1971-01-07,0.7636,0.7861,0.7636,0.7771,0
1971-01-08,0.7720,0.7720,0.7617,0.7649,0
1971-01-11,0.7649,0.7810,0.7604,0.7810,0
1971-01-12,0.7810,0.8002,0.7746,0.7964,0
1971-01-13,0.7970,0.8137,0.7970,0.7990,0
1971-01-14,0.7990,0.8105,0.7945,0.8086,0
1971-01-15,0.8105,0.8298,0.8105,0.8157,0
1971-01-18,0.8157,0.8221,0.8041,0.8041,0
1971-01-19,0.8041,0.8060,0.7887,0.7913,0
1971-01-20,0.7913,0.7970,0.7784,0.7784,0
1971-01-21,0.7791,0.7990,0.7791,0.7938,0
1971-01-22,0.7938,0.7951,0.7791,0.7861,0
1971-01-25,0.7861,0.8169,0.7855,0.8169,0
1971-01-26,0.8169,0.8169,0.8041,0.8131,0
1971-01-27,0.8112,0.8112,0.7887,0.8073,0
1971-01-28,0.8073,0.8099,0.8067,0.8099,0
1971-01-29,0.8099,0.8163,0.8092,0.8163,0
1971-02-01,0.8163,0.8259,0.8163,0.8234,0
1971-02-02,0.8259,0.8426,0.8259,0.8401,0
1971-02-03,0.8401,0.8548,0.8285,0.8529,0
1971-02-04,0.8529,0.8825,0.8523,0.8786,0
1971-02-05,0.8786,0.8992,0.8786,0.8940,0
1971-02-08,0.8940,0.8966,0.8837,0.8889,0
1971-02-09,0.8876,0.8876,0.8606,0.8632,0
1971-02-10,0.8632,0.8658,0.8452,0.8478,0
1971-02-11,0.8510,0.8580,0.8510,0.8542,0
1971-02-12,0.8555,0.8882,0.8555,0.8882,0
1971-02-16,0.8882,0.8882,0.8780,0.8857,0
1971-02-17,0.8857,0.8908,0.8805,0.8882,0
1971-02-18,0.8882,0.8902,0.8850,0.8902,0
1971-02-19,0.8902,0.8927,0.8837,0.8914,0
1971-02-22,0.8908,0.8908,0.8850,0.8857,0
1971-02-23,0.8857,0.8876,0.8632,0.8728,0
1971-02-24,0.8747,0.9043,0.8747,0.9043,0
1971-02-25,0.9075,0.9216,0.9075,0.9126,0
1971-02-26,0.9126,0.9171,0.9094,0.9133,0
1971-03-01,0.9634,0.9634,0.9159,0.9570,0
1971-03-02,0.9647,1.0083,0.9647,1.0019,0
1971-03-03,0.9968,0.9968,0.9711,0.9724,0
1971-03-04,0.9737,1.0019,0.9737,1.0019,0
1971-03-05,1.0019,1.0430,0.9929,1.0135,0
1971-03-08,1.0186,1.0520,1.0186,1.0404,0
1971-03-09,1.0404,1.0957,1.0289,1.0841,0
1971-03-10,1.0841,1.1265,1.0841,1.1111,0
1971-03-11,1.0983,1.0983,1.0507,1.0546,0
1971-03-12,1.0546,1.0610,1.0212,1.0379,0
1971-03-15,1.0379,1.0610,1.0225,1.0443,0
1971-03-16,1.0443,1.0687,1.0353,1.0404,0
1971-03-17,1.0404,1.0507,1.0263,1.0276,0
1971-03-18,1.0302,1.0482,1.0302,1.0392,0
1971-03-19,1.0392,1.0443,1.0327,1.0327,0
1971-03-22,1.0327,1.0404,0.9916,1.0019,0
1971-03-23,1.0019,1.0225,0.9968,1.0199,0
1971-03-24,1.0225,1.0482,1.0225,1.0276,0
1971-03-25,1.0276,1.0404,1.0199,1.0353,0
1971-03-26,1.0482,1.0649,1.0482,1.0610,0
1971-03-29,1.0687,1.0790,1.0687,1.0790,0
1971-03-30,1.0790,1.0931,1.0700,1.0751,0
1971-03-31,1.0751,1.0777,1.0379,1.0379,0
1971-04-01,1.0456,1.0559,1.0456,1.0507,0
1971-04-02,1.0507,1.0597,1.0276,1.0353,0
1971-04-05,1.0392,1.0584,1.0392,1.0507,0
1971-04-06,1.0507,1.0597,1.0392,1.0392,0
1971-04-07,1.0404,1.0571,1.0404,1.0533,0
1971-04-08,1.0533,1.0571,1.0392,1.0404,0
1971-04-12,1.0533,1.0764,1.0533,1.0687,0
1971-04-13,1.0687,1.0880,1.0559,1.0559,0
1971-04-14,1.0559,1.0700,1.0392,1.0456,0
1971-04-15,1.0482,1.0687,1.0482,1.0584,0
1971-04-16,1.0584,1.0790,1.0584,1.0790,0
1971-04-19,1.0828,1.1278,1.0828,1.1150,0
1971-04-20,1.1150,1.1381,1.0957,1.1085,0
1971-04-21,1.1085,1.1291,1.0893,1.1278,0
1971-04-22,1.1278,1.1573,1.1239,1.1471,0
1971-04-23,1.1471,1.1573,1.1368,1.1573,0
1971-04-26,1.1728,1.2267,1.1728,1.2267,0
1971-04-27,1.2267,1.2524,1.0995,1.0995,0
1971-04-28,1.1817,1.2190,1.1817,1.1817,0
1971-04-29,1.1817,1.1907,1.1406,1.1612,0
1971-04-30,1.1612,1.1715,1.1522,1.1612,0
1971-05-03,1.1612,1.1817,1.1432,1.1817,0
1971-05-04,1.1869,1.2087,1.1869,1.1984,0
1971-05-05,1.1984,1.2434,1.1972,1.2395,0
1971-05-06,1.2395,1.2524,1.2036,1.2036,0
1971-05-07,1.2036,1.2241,1.1843,1.2087,0
1971-05-10,1.2087,1.2370,1.2036,1.2344,0
1971-05-11,1.2344,1.2819,1.2344,1.2704,0
1971-05-12,1.2781,1.3012,1.2781,1.2999,0
1971-05-13,1.2999,1.3243,1.2974,1.3115,0
1971-05-14,1.3115,1.3230,1.2460,1.2794,0
1971-05-17,1.2755,1.2755,1.2447,1.2447,0
1971-05-18,1.2537,1.2781,1.2537,1.2640,0
1971-05-19,1.2640,1.2794,1.2537,1.2665,0
1971-05-20,1.2665,1.2948,1.2652,1.2794,0
1971-05-21,1.2819,1.2974,1.2819,1.2819,0
1971-05-24,1.2819,1.2832,1.2511,1.2524,0
1971-05-25,1.2524,1.2537,1.2177,1.2254,0
1971-05-26,1.2254,1.2588,1.2164,1.2228,0
1971-05-27,1.2228,1.2280,1.2164,1.2203,0
1971-05-28,1.2203,1.2473,1.2164,1.2473,0
1971-06-01,1.2537,1.2742,1.2537,1.2742,0
1971-06-02,1.2742,1.2961,1.2665,1.2665,0
1971-06-03,1.2652,1.2652,1.2434,1.2447,0
1971-06-04,1.2151,1.2151,1.1920,1.2023,0
1971-06-07,1.1907,1.1907,1.1715,1.1753,0
1971-06-08,1.1766,1.1959,1.1766,1.1766,0
1971-06-09,1.1766,1.1869,1.1715,1.1766,0
1971-06-10,1.1766,1.1779,1.1625,1.1650,0
1971-06-11,1.1650,1.1663,1.1586,1.1663,0
1971-06-14,1.1663,1.1702,1.1548,1.1638,0
1971-06-15,1.1612,1.1612,1.1368,1.1458,0
1971-06-16,1.1458,1.1766,1.1368,1.1638,0
1971-06-17,1.1638,1.1728,1.1483,1.1702,0
1971-06-18,1.1689,1.1689,1.1329,1.1458,0
1971-06-21,1.1458,1.1561,1.1304,1.1316,0
1971-06-22,1.1316,1.1638,1.1316,1.1355,0
1971-06-23,1.1394,1.1548,1.1394,1.1522,0
1971-06-24,1.1548,1.1715,1.1548,1.1612,0
1971-06-25,1.1612,1.1638,1.1406,1.1406,0
1971-06-28,1.1406,1.1458,1.1316,1.1406,0
1971-06-29,1.1406,1.1650,1.1406,1.1612,0
1971-06-30,1.1625,1.1766,1.1625,1.1715,0
1971-07-01,1.1715,1.1792,1.1509,1.1535,0
1971-07-02,1.1535,1.1663,1.1509,1.1599,0
1971-07-06,1.1599,1.1702,1.1509,1.1689,0
1971-07-07,1.1715,1.1920,1.1715,1.1920,0
1971-07-08,1.1920,1.2177,1.1920,1.1920,0
1971-07-09,1.1882,1.1882,1.1740,1.1843,0
1971-07-12,1.1843,1.1907,1.1779,1.1792,0
1971-07-13,1.1561,1.1561,1.1034,1.1047,0
1971-07-14,1.1047,1.1535,1.0957,1.1535,0
1971-07-15,1.1535,1.1650,1.1291,1.1304,0
1971-07-16,1.1304,1.1496,1.1201,1.1239,0
1971-07-19,1.1239,1.1252,1.0995,1.1252,0
1971-07-20,1.1316,1.1535,1.1316,1.1329,0
1971-07-21,1.1304,1.1304,1.0918,1.0918,0
1971-07-22,1.0918,1.1085,1.0674,1.0995,0
1971-07-23,1.0995,1.1111,1.0944,1.1072,0
1971-07-26,1.1072,1.1098,1.0918,1.0995,0
1971-07-27,1.0995,1.0995,1.0661,1.0674,0
1971-07-28,1.0674,1.0738,1.0494,1.0610,0
1971-07-29,1.0559,1.0559,1.0199,1.0392,0
1971-07-30,1.0392,1.0687,1.0340,1.0469,0
1971-08-02,1.0469,1.0738,1.0404,1.0443,0
1971-08-03,1.0443,1.0443,1.0122,1.0173,0
1971-08-04,1.0173,1.0417,1.0135,1.0263,0
1971-08-05,1.0276,1.0546,1.0276,1.0482,0
1971-08-06,1.0482,1.0636,1.0482,1.0559,0
1971-08-09,1.0559,1.0584,1.0392,1.0520,0
1971-08-10,1.0520,1.0559,1.0327,1.0379,0
1971-08-11,1.0417,1.0661,1.0417,1.0661,0
1971-08-12,1.0661,1.0970,1.0661,1.0790,0
1971-08-13,1.0790,1.0790,1.0482,1.0546,0
1971-08-16,1.1098,1.1535,1.1098,1.1137,0
1971-08-17,1.1137,1.1291,1.1021,1.1098,0
1971-08-18,1.1098,1.1201,1.0944,1.0983,0
1971-08-19,1.0983,1.0983,1.0841,1.0931,0
1971-08-20,1.0931,1.1047,1.0893,1.1047,0
1971-08-23,1.1085,1.1406,1.1085,1.1355,0
1971-08-24,1.1381,1.1792,1.1381,1.1740,0
1971-08-25,1.1766,1.2177,1.1766,1.2087,0
1971-08-26,1.2087,1.2087,1.1766,1.1920,0
1971-08-27,1.1920,1.2100,1.1792,1.2100,0
1971-08-30,1.2100,1.2177,1.1805,1.1805,0
1971-08-31,1.1766,1.1766,1.1638,1.1766,0
1971-09-01,1.1766,1.1895,1.1715,1.1715,0
1971-09-02,1.1715,1.1843,1.1676,1.1843,0
1971-09-03,1.1907,1.2049,1.1907,1.1972,0
1971-09-07,1.1972,1.1997,1.1715,1.1728,0
1971-09-08,1.1728,1.1869,1.1689,1.1792,0
1971-09-09,1.1792,1.1856,1.1625,1.1663,0
1971-09-10,1.1663,1.1663,1.1561,1.1586,0
1971-09-13,1.1586,1.1702,1.1535,1.1650,0
1971-09-14,1.1650,1.1715,1.1509,1.1522,0
1971-09-15,1.1522,1.1599,1.1406,1.1586,0
1971-09-16,1.1638,1.1753,1.1638,1.1689,0
1971-09-17,1.1689,1.1792,1.1663,1.1792,0
1971-09-20,1.1792,1.1856,1.1766,1.1766,0
1971-09-21,1.1766,1.1766,1.1638,1.1638,0
1971-09-22,1.1586,1.1586,1.1406,1.1509,0
1971-09-23,1.1509,1.1561,1.1432,1.1483,0
1971-09-24,1.1483,1.1561,1.1432,1.1458,0
1971-09-27,1.1458,1.1535,1.1304,1.1355,0
1971-09-28,1.1355,1.1483,1.1316,1.1316,0
1971-09-29,1.1304,1.1304,1.1150,1.1201,0
1971-09-30,1.1201,1.1239,1.0995,1.1137,0
1971-10-01,1.1137,1.1252,1.1124,1.1188,0
1971-10-04,1.1188,1.1188,1.0186,1.0225,0
1971-10-05,1.0238,1.0610,1.0238,1.0559,0
1971-10-06,1.0597,1.0983,1.0597,1.0854,0
1971-10-07,1.0854,1.0893,1.0597,1.0636,0
1971-10-08,1.0636,1.0687,1.0430,1.0559,0
1971-10-11,1.0559,1.0584,1.0302,1.0571,0
1971-10-12,1.0571,1.0623,1.0327,1.0327,0
1971-10-13,1.0327,1.0469,0.9916,1.0058,0
1971-10-14,1.0058,1.0199,0.9839,0.9839,0
1971-10-15,0.9839,1.0071,0.9775,1.0058,0
1971-10-18,1.0083,1.0366,1.0083,1.0135,0
1971-10-19,1.0160,1.0276,1.0160,1.0276,0
1971-10-20,1.0276,1.0443,1.0148,1.0366,0
1971-10-21,1.0366,1.0687,1.0289,1.0661,0
1971-10-22,1.0661,1.0790,1.0533,1.0571,0
1971-10-25,1.0571,1.0790,1.0520,1.0790,0
1971-10-26,1.0816,1.1150,1.0816,1.0918,0
1971-10-27,1.0918,1.1150,1.0905,1.0995,0
1971-10-28,1.1008,1.1150,1.1008,1.1034,0
1971-10-29,1.1047,1.1124,1.1047,1.1111,0
1971-11-01,1.1111,1.1201,1.0559,1.0661,0
1971-11-02,1.0661,1.0738,1.0533,1.0700,0
1971-11-03,1.0790,1.0944,1.0790,1.0905,0
1971-11-04,1.0905,1.1072,1.0623,1.0738,0
1971-11-05,1.0700,1.0700,1.0533,1.0674,0
1971-11-08,1.0674,1.0738,1.0584,1.0584,0
1971-11-09,1.0584,1.0777,1.0417,1.0507,0
1971-11-10,1.0507,1.0584,1.0482,1.0494,0
1971-11-11,1.0494,1.0520,1.0404,1.0520,0
1971-11-12,1.0520,1.0674,1.0276,1.0597,0
1971-11-15,1.0597,1.0674,1.0443,1.0546,0
1971-11-16,1.0546,1.0880,1.0507,1.0816,0
1971-11-17,1.0816,1.0944,1.0636,1.0944,0
1971-11-18,1.0944,1.1201,1.0649,1.0661,0
1971-11-19,1.0597,1.0597,1.0379,1.0392,0
1971-11-22,1.0392,1.0494,1.0250,1.0263,0
1971-11-23,1.0263,1.0482,1.0250,1.0430,0
1971-11-24,1.0430,1.0482,1.0289,1.0469,0
1971-11-26,1.0533,1.1098,1.0533,1.1072,0
1971-11-29,1.1316,1.1599,1.1316,1.1599,0
1971-11-30,1.1599,1.1997,1.1098,1.1997,0
1971-12-01,1.1997,1.2177,1.1920,1.1946,0
1971-12-02,1.1946,1.2203,1.1766,1.2100,0
1971-12-03,1.2100,1.2524,1.2087,1.2524,0
1971-12-06,1.2524,1.2691,1.2126,1.2254,0
1971-12-07,1.2254,1.2678,1.2228,1.2678,0
1971-12-08,1.2794,1.3153,1.2794,1.3051,0
1971-12-09,1.3038,1.3038,1.2755,1.2845,0
1971-12-10,1.2845,1.3076,1.2845,1.2922,0
1971-12-13,1.2922,1.3038,1.2768,1.2819,0
1971-12-14,1.2819,1.2922,1.2614,1.2614,0
1971-12-15,1.2614,1.2794,1.2511,1.2652,0
1971-12-16,1.2768,1.2999,1.2768,1.2896,0
1971-12-17,1.2948,1.3051,1.2948,1.3051,0
1971-12-20,1.3063,1.3487,1.3063,1.3487,0
1971-12-21,1.3487,1.3731,1.3128,1.3641,0
1971-12-22,1.3641,1.3719,1.3474,1.3539,0
1971-12-23,1.3539,1.3898,1.3462,1.3873,0
1971-12-27,1.3873,1.4695,1.3847,1.4592,0
1971-12-28,1.4592,1.4592,1.4207,1.4386,0
1971-12-29,1.4386,1.4386,1.3873,1.3950,0
1971-12-30,1.3950,1.3963,1.3641,1.3924,0
1971-12-31,1.3924,1.4309,1.3924,1.4130,0
1972-01-03,1.4130,1.4271,1.3873,1.3950,0
1972-01-04,1.3950,1.4130,1.3847,1.4065,0
1972-01-05,1.4065,1.4258,1.3821,1.3873,0
1972-01-06,1.3873,1.3924,1.3641,1.3667,0
1972-01-07,1.3667,1.3847,1.3667,1.3808,0
1972-01-10,1.3847,1.4065,1.3847,1.3924,0
1972-01-11,1.3924,1.3950,1.3873,1.3873,0
1972-01-12,1.3873,1.3975,1.3834,1.3963,0
1972-01-13,1.3963,1.4104,1.3924,1.4078,0
1972-01-14,1.4091,1.4592,1.4091,1.4566,0
1972-01-17,1.4695,1.5003,1.4695,1.4733,0
1972-01-18,1.4823,1.5080,1.4823,1.5029,0
1972-01-19,1.5029,1.5504,1.4849,1.5504,0
1972-01-20,1.5414,1.5414,1.5016,1.5016,0
1972-01-21,1.5016,1.5196,1.4900,1.5144,0
1972-01-24,1.5144,1.5144,1.4900,1.4977,0
1972-01-25,1.4977,1.5131,1.4900,1.4977,0
1972-01-26,1.4977,1.5144,1.4977,1.5106,0
1972-01-27,1.5170,1.6056,1.5170,1.5954,0
1972-01-28,1.6082,1.6750,1.6082,1.6596,0
1972-01-31,1.6596,1.6750,1.6288,1.6288,0
1972-02-01,1.6288,1.6390,1.5722,1.6339,0
1972-02-02,1.6236,1.6236,1.5851,1.6031,0
1972-02-03,1.6031,1.6390,1.5928,1.6121,0
1972-02-04,1.6121,1.6236,1.5992,1.6056,0
1972-02-07,1.6056,1.6159,1.5838,1.5851,0
1972-02-08,1.5851,1.6031,1.5825,1.6031,0
1972-02-09,1.6031,1.6159,1.5876,1.5979,0
1972-02-10,1.6056,1.6223,1.6056,1.6108,0
1972-02-11,1.6108,1.6108,1.5876,1.5954,0
1972-02-14,1.5979,1.6236,1.5979,1.6236,0
1972-02-15,1.6313,1.6699,1.6313,1.6686,0
1972-02-16,1.6853,1.7084,1.6853,1.6955,0
1972-02-17,1.6955,1.7045,1.6750,1.6827,0
1972-02-18,1.6827,1.6853,1.6493,1.6853,0
1972-02-22,1.6853,1.6955,1.6801,1.6943,0
1972-02-23,1.6943,1.7264,1.6827,1.7187,0
1972-02-24,1.7187,1.7187,1.7007,1.7058,0
1972-02-25,1.7058,1.7058,1.6981,1.7045,0
1972-02-28,1.7045,1.7084,1.6981,1.7007,0
1972-02-29,1.7007,1.7135,1.6968,1.7135,0
1972-03-01,1.7161,1.7623,1.7161,1.7572,0
1972-03-02,1.7572,1.7572,1.7367,1.7418,0
1972-03-03,1.7264,1.7264,1.6570,1.6763,0
1972-03-06,1.6763,1.6866,1.6570,1.6622,0
1972-03-07,1.6622,1.6647,1.6352,1.6442,0
1972-03-08,1.6442,1.6442,1.6159,1.6159,0
1972-03-09,1.6108,1.6108,1.5838,1.5838,0
1972-03-10,1.5607,1.5607,1.5286,1.5311,0
1972-03-13,1.5311,1.5671,1.5131,1.5671,0
1972-03-14,1.5671,1.5774,1.5620,1.5722,0
1972-03-15,1.5748,1.6005,1.5748,1.5812,0
1972-03-16,1.5799,1.5799,1.5517,1.5787,0
1972-03-17,1.5787,1.5979,1.5748,1.5748,0
1972-03-20,1.5748,1.5812,1.5427,1.5427,0
1972-03-21,1.5388,1.5388,1.5003,1.5337,0
1972-03-22,1.5337,1.5543,1.5311,1.5517,0
1972-03-23,1.5568,1.5787,1.5568,1.5787,0
1972-03-24,1.5787,1.5902,1.5684,1.5774,0
1972-03-27,1.5774,1.6390,1.5684,1.6390,0
1972-03-28,1.6480,1.6673,1.6480,1.6493,0
1972-03-29,1.6493,1.6583,1.6390,1.6493,0
1972-03-30,1.6493,1.6519,1.6339,1.6339,0
1972-04-03,1.6377,1.6622,1.6377,1.6544,0
1972-04-04,1.6544,1.6596,1.6339,1.6493,0
1972-04-05,1.6493,1.6981,1.6467,1.6981,0
1972-04-06,1.6981,1.6981,1.6570,1.6570,0
1972-04-07,1.6544,1.6544,1.6403,1.6442,0
1972-04-10,1.6442,1.6532,1.6339,1.6339,0
1972-04-11,1.6339,1.6339,1.6236,1.6236,0
1972-04-12,1.6185,1.6185,1.6005,1.6031,0
1972-04-13,1.6390,1.6686,1.6390,1.6596,0
1972-04-14,1.6596,1.7110,1.6570,1.7097,0
1972-04-17,1.7212,1.7521,1.7212,1.7521,0
1972-04-18,1.7572,1.7970,1.7572,1.7572,0
1972-04-19,1.7572,1.7572,1.7367,1.7367,0
1972-04-20,1.7367,1.7521,1.7058,1.7367,0
1972-04-21,1.7367,1.7469,1.7238,1.7238,0
1972-04-24,1.7238,1.7367,1.7135,1.7135,0
1972-04-25,1.7058,1.7058,1.6878,1.6878,0
1972-04-26,1.6878,1.6994,1.6776,1.6776,0
1972-04-27,1.6801,1.6981,1.6801,1.6853,0
1972-04-28,1.6904,1.7187,1.6904,1.7161,0
1972-05-01,1.7161,1.7225,1.6904,1.7045,0
1972-05-02,1.7045,1.7161,1.6891,1.6930,0
1972-05-03,1.6981,1.7200,1.6981,1.7058,0
1972-05-04,1.7058,1.7495,1.7020,1.7482,0
1972-05-05,1.7482,1.7611,1.7264,1.7508,0
1972-05-08,1.7508,1.7521,1.7315,1.7418,0
1972-05-09,1.7315,1.7315,1.7110,1.7238,0
1972-05-10,1.7264,1.7559,1.7264,1.7444,0
1972-05-11,1.7444,1.7559,1.7341,1.7392,0
1972-05-12,1.7456,1.7867,1.7456,1.7867,0
1972-05-15,1.7945,1.8368,1.7945,1.8356,0
1972-05-16,1.8356,1.8497,1.8291,1.8368,0
1972-05-17,1.8368,1.8484,1.8189,1.8381,0
1972-05-18,1.8420,1.8677,1.8420,1.8677,0
1972-05-19,1.8985,1.9447,1.8985,1.9409,0
1972-05-22,1.9589,2.0141,1.9589,2.0115,0
1972-05-23,2.0064,2.0064,1.9756,1.9833,0
1972-05-24,1.9833,1.9858,1.9319,1.9319,0
1972-05-25,1.9242,1.9242,1.8934,1.9229,0
1972-05-26,1.9268,1.9524,1.9268,1.9499,0
1972-05-30,1.9499,1.9524,1.9242,1.9255,0
1972-05-31,1.9191,1.9191,1.9011,1.9036,0
1972-06-01,1.9036,1.9075,1.8908,1.8934,0
1972-06-02,1.8972,1.9396,1.8972,1.9011,0
1972-06-05,1.9011,1.9216,1.8972,1.8972,0
1972-06-06,1.8972,1.9113,1.8882,1.8934,0
1972-06-07,1.8934,1.9062,1.8921,1.9036,0
1972-06-08,1.9036,1.9113,1.8882,1.8882,0
1972-06-09,1.8869,1.8869,1.8291,1.8343,0
1972-06-12,1.8343,1.8497,1.8291,1.8343,0
1972-06-13,1.8343,1.8600,1.8304,1.8497,0
1972-06-14,1.8600,1.9049,1.8600,1.8985,0
1972-06-15,1.9011,1.9139,1.9011,1.9113,0
1972-06-16,1.9113,1.9139,1.9011,1.9113,0
1972-06-19,1.9113,1.9255,1.9075,1.9113,0
1972-06-20,1.9165,1.9268,1.9165,1.9268,0
1972-06-21,1.9319,1.9499,1.9319,1.9422,0
1972-06-22,1.9345,1.9345,1.9139,1.9319,0
1972-06-23,1.9319,1.9396,1.9062,1.9139,0
1972-06-26,1.9139,1.9191,1.8857,1.9191,0
1972-06-27,1.9191,1.9242,1.9036,1.9113,0
1972-06-28,1.9113,1.9242,1.9062,1.9062,0
1972-06-29,1.9062,1.9062,1.8908,1.9036,0
1972-06-30,1.9062,1.9191,1.9062,1.9165,0
1972-07-03,1.9165,1.9268,1.9139,1.9268,0
1972-07-05,1.9268,1.9550,1.9268,1.9524,0
1972-07-06,1.9781,2.0128,1.9781,2.0038,0
1972-07-07,2.0038,2.0038,1.9833,1.9884,0
1972-07-10,1.9884,1.9936,1.9679,1.9679,0
1972-07-11,1.9627,1.9627,1.9396,1.9422,0
1972-07-12,1.9422,1.9563,1.9088,1.9101,0
1972-07-13,1.9101,1.9113,1.8702,1.8934,0
1972-07-14,1.9011,1.9345,1.9011,1.9216,0
1972-07-17,1.9216,1.9319,1.8831,1.8831,0
1972-07-18,1.8831,1.9036,1.8625,1.9036,0
1972-07-19,1.9062,1.9268,1.9062,1.9191,0
1972-07-20,1.9191,1.9242,1.9062,1.9088,0
1972-07-21,1.9088,1.9216,1.8908,1.9216,0
1972-07-24,1.9370,1.9884,1.9370,1.9884,0
1972-07-25,1.9884,2.0025,1.9627,1.9627,0
1972-07-26,1.9627,1.9884,1.9602,1.9833,0
1972-07-27,1.9833,1.9858,1.9447,1.9576,0
1972-07-28,1.9576,1.9679,1.9524,1.9614,0
1972-07-31,1.9614,1.9679,1.9524,1.9563,0
1972-08-01,1.9602,1.9820,1.9602,1.9820,0
1972-08-02,1.9820,2.0424,1.9730,2.0424,0
1972-08-03,2.0424,2.0424,2.0141,2.0295,0
1972-08-04,2.0295,2.0552,2.0218,2.0552,0
1972-08-07,2.0552,2.0732,2.0347,2.0552,0
1972-08-08,2.0552,2.0591,2.0347,2.0347,0
1972-08-09,2.0347,2.0424,2.0244,2.0398,0
1972-08-10,2.0449,2.0629,2.0449,2.0526,0
1972-08-11,2.0526,2.0642,2.0449,2.0578,0
1972-08-14,2.0578,2.0642,2.0347,2.0398,0
1972-08-15,2.0347,2.0347,1.9769,1.9769,0
1972-08-16,1.9769,1.9936,1.9730,1.9833,0
1972-08-17,1.9884,2.0218,1.9884,2.0192,0
1972-08-18,2.0295,2.0526,2.0295,2.0398,0
1972-08-21,2.0295,2.0295,2.0141,2.0218,0
1972-08-22,2.0218,2.0269,2.0090,2.0090,0
1972-08-23,2.0051,2.0051,1.9422,1.9422,0
1972-08-24,1.9422,1.9627,1.8857,1.8882,0
1972-08-25,1.8882,1.9152,1.8818,1.8959,0
1972-08-28,1.9036,1.9268,1.9036,1.9075,0
1972-08-29,1.9075,1.9191,1.8908,1.9178,0
1972-08-30,1.9178,1.9319,1.9088,1.9088,0
1972-08-31,1.9139,1.9293,1.9139,1.9293,0
1972-09-01,1.9293,1.9537,1.9268,1.9268,0
1972-09-05,1.9268,1.9370,1.9242,1.9242,0
1972-09-06,1.9062,1.9062,1.8908,1.8921,0
1972-09-07,1.8857,1.8857,1.8343,1.8445,0
1972-09-08,1.8445,1.8600,1.8445,1.8497,0
1972-09-11,1.8497,1.8574,1.7842,1.8022,0
1972-09-12,1.8022,1.8073,1.7816,1.7970,0
1972-09-13,1.7983,1.8189,1.7983,1.8163,0
1972-09-14,1.8163,1.8471,1.8086,1.8433,0
1972-09-15,1.8433,1.8471,1.8201,1.8240,0
1972-09-18,1.8240,1.8381,1.8201,1.8368,0
1972-09-19,1.8368,1.8497,1.8189,1.8240,0
1972-09-20,1.8240,1.8497,1.8189,1.8497,0
1972-09-21,1.8497,1.8497,1.8304,1.8343,0
1972-09-22,1.8343,1.8471,1.8214,1.8317,0
1972-09-25,1.8279,1.8279,1.8137,1.8150,0
1972-09-26,1.8150,1.8214,1.7803,1.7829,0
1972-09-27,1.7829,1.8176,1.7803,1.8176,0
1972-09-28,1.8176,1.8548,1.8060,1.8548,0
1972-09-29,1.8548,1.8857,1.8189,1.8317,0
1972-10-02,1.8317,1.8497,1.8317,1.8497,0
1972-10-03,1.8497,1.8600,1.8420,1.8523,0
1972-10-04,1.8523,1.8702,1.8214,1.8214,0
1972-10-05,1.8201,1.8201,1.7739,1.7765,0
1972-10-06,1.7765,1.8137,1.7546,1.7790,0
1972-10-09,1.7790,1.7945,1.7700,1.7803,0
1972-10-10,1.7803,1.8022,1.7572,1.7585,0
1972-10-11,1.7546,1.7546,1.7071,1.7187,0
1972-10-12,1.7187,1.7302,1.7058,1.7187,0
1972-10-13,1.7187,1.7444,1.7187,1.7367,0
1972-10-16,1.7367,1.7572,1.7367,1.7392,0
1972-10-17,1.7392,1.8086,1.7392,1.7996,0
1972-10-18,1.8086,1.8445,1.8086,1.8086,0
1972-10-19,1.8240,1.8445,1.8240,1.8356,0
1972-10-20,1.8356,1.9011,1.8240,1.9011,0
1972-10-23,1.9165,1.9524,1.9165,1.9345,0
1972-10-24,1.9345,1.9447,1.8934,1.9345,0
1972-10-25,1.9319,1.9319,1.9165,1.9191,0
1972-10-26,1.9191,1.9422,1.9088,1.9088,0
1972-10-27,1.9113,1.9370,1.9113,1.9345,0
1972-10-30,1.9345,1.9370,1.9191,1.9370,0
1972-10-31,1.9524,1.9974,1.9524,1.9961,0
1972-11-01,2.0090,2.0347,2.0090,2.0269,0
1972-11-02,2.0269,2.0269,1.9833,1.9987,0
1972-11-03,1.9987,2.0244,1.9884,1.9961,0
1972-11-06,1.9936,1.9936,1.9524,1.9589,0
1972-11-08,1.9589,1.9640,1.9268,1.9268,0
1972-11-09,1.9216,1.9216,1.8908,1.9011,0
1972-11-10,1.9011,1.9165,1.8908,1.8985,0
1972-11-13,1.8985,1.9075,1.8818,1.9075,0
1972-11-14,1.9075,1.9473,1.9062,1.9422,0
1972-11-15,1.9422,1.9679,1.9280,1.9280,0
1972-11-16,1.9319,1.9961,1.9319,1.9948,0
1972-11-17,1.9948,2.0038,1.9640,1.9730,0
1972-11-20,1.9730,1.9781,1.9627,1.9704,0
1972-11-21,1.9756,2.0013,1.9756,1.9858,0
1972-11-22,1.9871,2.0090,1.9871,1.9897,0
1972-11-24,1.9833,1.9833,1.9653,1.9653,0
1972-11-27,1.9627,1.9627,1.9396,1.9627,0
1972-11-28,1.9627,2.0115,1.9576,2.0115,0
1972-11-29,2.0115,2.0231,1.9961,2.0167,0
1972-11-30,2.0167,2.0462,2.0141,2.0449,0
1972-12-01,2.0475,2.0642,2.0475,2.0603,0
1972-12-04,2.0655,2.0963,2.0655,2.0963,0
1972-12-05,2.0963,2.1271,2.0912,2.1040,0
1972-12-06,2.1040,2.1066,2.0758,2.1066,0
1972-12-07,2.1066,2.1066,2.0912,2.1066,0
1972-12-08,2.1066,2.1259,2.1066,2.1246,0
1972-12-11,2.1323,2.2350,2.1323,2.2299,0
1972-12-12,2.2299,2.2813,2.2093,2.2273,0
1972-12-13,2.2299,2.2838,2.2299,2.2800,0
1972-12-14,2.3147,2.3635,2.3147,2.3339,0
1972-12-15,2.3339,2.3468,2.3018,2.3378,0
1972-12-18,2.3121,2.3121,2.2633,2.2710,0
1972-12-19,2.2710,2.2787,2.2505,2.2659,0
1972-12-20,2.2659,2.3057,2.2607,2.3057,0
1972-12-21,2.3057,2.3301,2.2967,2.3275,0
1972-12-22,2.3275,2.3584,2.3224,2.3584,0
1972-12-26,2.3584,2.3892,2.3558,2.3609,0
1972-12-27,2.3635,2.3892,2.3635,2.3892,0
1972-12-29,2.3995,2.4329,2.3995,2.4329,0
1973-01-02,2.4406,2.5074,2.4406,2.5074,0
1973-01-03,2.5074,2.5382,2.5022,2.5035,0
1973-01-04,2.4971,2.4971,2.4097,2.4329,0
1973-01-05,2.4329,2.4534,2.4329,2.4406,0
1973-01-08,2.4406,2.4483,2.3532,2.3532,0
1973-01-09,2.3224,2.3224,2.2813,2.3198,0
1973-01-10,2.3083,2.3083,2.2761,2.2877,0
1973-01-11,2.2877,2.3005,2.2684,2.2916,0
1973-01-12,2.2916,2.2916,2.1965,2.1991,0
1973-01-15,2.1991,2.2402,2.1991,2.2042,0
1973-01-16,2.2607,2.2607,2.1477,2.2196,0
1973-01-17,2.2248,2.3275,2.2248,2.3172,0
1973-01-18,2.3429,2.4431,2.3429,2.3969,0
1973-01-19,2.4020,2.5074,2.4020,2.5074,0
1973-01-22,2.5074,2.5125,2.4251,2.4380,0
1973-01-23,2.4149,2.4149,2.3327,2.3558,0
1973-01-24,2.2145,2.2145,2.1271,2.1631,0
1973-01-26,2.1631,2.2453,2.1528,2.2196,0
1973-01-29,2.2196,2.2505,2.2093,2.2171,0
1973-01-30,2.2171,2.2427,2.2016,2.2042,0
1973-01-31,2.2042,2.2402,2.1605,2.1914,0
1973-02-01,2.1914,2.2068,2.0552,2.0681,0
1973-02-02,2.0347,2.0347,1.9524,1.9961,0
1973-02-05,1.9961,2.0449,1.9936,2.0244,0
1973-02-06,2.0295,2.1117,2.0295,2.0886,0
1973-02-07,2.0886,2.1682,2.0886,2.0912,0
1973-02-08,2.0912,2.1374,2.0552,2.1348,0
1973-02-09,2.1348,2.1451,2.1169,2.1374,0
1973-02-12,2.1374,2.1426,2.1040,2.1066,0
1973-02-13,2.1066,2.1348,2.0347,2.0347,0
1973-02-14,2.0244,2.0244,1.9627,1.9807,0
1973-02-15,1.9807,1.9961,1.9602,1.9602,0
1973-02-16,1.9781,2.0064,1.9781,2.0064,0
1973-02-20,2.0064,2.0424,1.9858,2.0218,0
1973-02-21,2.0141,2.0141,1.9807,1.9936,0
1973-02-22,1.9833,1.9833,1.9679,1.9756,0
1973-02-23,1.9756,1.9781,1.9576,1.9602,0
1973-02-26,1.9602,1.9833,1.9524,1.9704,0
1973-02-27,1.9704,1.9910,1.9447,1.9473,0
1973-02-28,1.9473,1.9730,1.9216,1.9730,0
1973-03-01,1.9730,1.9833,1.9370,1.9396,0
1973-03-02,1.9396,1.9781,1.9088,1.9756,0
1973-03-05,1.9756,2.0552,1.9653,2.0552,0
1973-03-06,2.0655,2.1580,2.0655,2.1477,0
1973-03-07,2.1477,2.1554,2.0706,2.1554,0
1973-03-08,2.1554,2.1580,2.1015,2.1169,0
1973-03-09,2.1117,2.1117,2.0603,2.0835,0
1973-03-12,2.0835,2.1066,2.0603,2.0603,0
1973-03-13,2.0603,2.0835,2.0449,2.0758,0
1973-03-14,2.0758,2.1015,2.0449,2.0501,0
1973-03-15,2.0475,2.0475,1.9781,1.9781,0
1973-03-16,1.9781,2.0218,1.9730,1.9807,0
1973-03-19,1.9807,1.9936,1.9370,1.9653,0
1973-03-20,1.9653,1.9858,1.9499,1.9833,0
1973-03-21,1.9833,1.9858,1.9036,1.9036,0
1973-03-22,1.9036,1.9036,1.8189,1.8445,0
1973-03-23,1.8445,1.8908,1.8214,1.8548,0
1973-03-26,1.8548,1.8805,1.8291,1.8805,0
1973-03-27,1.8805,1.9293,1.8548,1.9216,0
1973-03-28,1.9216,1.9396,1.8985,1.8985,0
1973-03-29,1.8985,2.0141,1.8934,1.9936,0
1973-03-30,1.9833,1.9833,1.9165,1.9216,0
1973-04-02,1.9216,1.9679,1.9165,1.9319,0
1973-04-03,1.9319,1.9550,1.9165,1.9345,0
1973-04-04,1.9345,1.9422,1.8908,1.8908,0
1973-04-05,1.8908,1.9422,1.8702,1.9370,0
1973-04-06,1.9370,1.9781,1.8266,1.8266,0
1973-04-09,1.9139,1.9833,1.9139,1.9704,0
1973-04-10,1.9704,2.0013,1.9602,1.9807,0
1973-04-11,1.9627,1.9627,1.9011,1.9242,0
1973-04-12,1.9242,1.9268,1.8651,1.8702,0
1973-04-13,1.8702,1.8779,1.8394,1.8728,0
1973-04-16,1.8728,1.8959,1.8497,1.8959,0
1973-04-17,1.8857,1.8857,1.8548,1.8805,0
1973-04-18,1.8805,1.8959,1.8523,1.8908,0
1973-04-19,1.8908,1.9062,1.8548,1.8805,0
1973-04-23,1.8805,1.9422,1.8754,1.9062,0
1973-04-24,1.9062,1.9370,1.8908,1.8959,0
1973-04-25,1.8908,1.8908,1.8497,1.8497,0
1973-04-26,1.8497,1.8805,1.8240,1.8548,0
1973-04-27,1.8548,1.8548,1.8086,1.8112,0
1973-04-30,1.8112,1.8445,1.7880,1.8240,0
1973-05-01,1.8240,1.8625,1.8086,1.8625,0
1973-05-02,1.8625,1.8908,1.8420,1.8548,0
1973-05-03,1.8548,1.9499,1.8112,1.9370,0
1973-05-04,1.9370,1.9627,1.9011,1.9113,0
1973-05-07,1.9113,1.9268,1.8959,1.9139,0
1973-05-08,1.9139,2.0038,1.9011,1.9756,0
1973-05-09,1.9756,2.0141,1.9627,1.9653,0
1973-05-10,1.9653,2.0064,1.9524,1.9679,0
1973-05-11,1.9679,1.9833,1.9345,1.9422,0
1973-05-14,1.9422,1.9499,1.9113,1.9165,0
1973-05-15,1.9165,1.9319,1.8702,1.9319,0
1973-05-16,1.9319,1.9319,1.8805,1.9113,0
1973-05-17,1.9036,1.9036,1.8702,1.8754,0
1973-05-18,1.8548,1.8548,1.8086,1.8112,0
1973-05-21,1.7829,1.7829,1.7444,1.7778,0
1973-05-22,1.7906,1.8600,1.7906,1.8189,0
1973-05-23,1.8189,1.8702,1.8034,1.8317,0
1973-05-24,1.8317,1.9319,1.8317,1.9319,0
1973-05-25,1.9319,1.9602,1.9011,1.9447,0
1973-05-29,1.9447,1.9447,1.9062,1.9062,0
1973-05-30,1.9062,1.9113,1.8908,1.8934,0
1973-05-31,1.8934,1.9011,1.8214,1.8214,0
1973-06-01,1.7983,1.7983,1.7572,1.7623,0
1973-06-04,1.7649,1.8034,1.7649,1.7855,0
1973-06-05,1.7855,1.8497,1.7829,1.8420,0
1973-06-06,1.8420,1.8702,1.8009,1.8086,0
1973-06-07,1.8137,1.8651,1.8137,1.8497,0
1973-06-08,1.8497,1.8857,1.8291,1.8497,0
1973-06-11,1.8497,1.8702,1.8343,1.8343,0
1973-06-12,1.8445,1.8959,1.8445,1.8805,0
1973-06-13,1.8805,1.8908,1.8086,1.8548,0
1973-06-14,1.8497,1.8497,1.7932,1.7932,0
1973-06-15,1.7778,1.7778,1.7289,1.7521,0
1973-06-18,1.7444,1.7444,1.7264,1.7315,0
1973-06-19,1.7315,1.7623,1.7187,1.7392,0
1973-06-20,1.7392,1.7546,1.7187,1.7238,0
1973-06-21,1.7187,1.7187,1.6570,1.6570,0
1973-06-22,1.6570,1.6878,1.5568,1.5748,0
1973-06-25,1.5414,1.5414,1.4412,1.4695,0
1973-06-26,1.4695,1.5594,1.4669,1.5414,0
1973-06-27,1.5414,1.5414,1.4875,1.5414,0
1973-06-28,1.5414,1.5954,1.5388,1.5928,0
1973-06-29,1.5928,1.5979,1.5748,1.5774,0
1973-07-02,1.5722,1.5722,1.5209,1.5260,0
1973-07-03,1.5260,1.5388,1.5003,1.5337,0
1973-07-05,1.5337,1.5620,1.5054,1.5543,0
1973-07-06,1.5517,1.5517,1.5311,1.5440,0
1973-07-09,1.5440,1.6930,1.5260,1.6853,0
1973-07-10,1.6853,1.6904,1.6365,1.6596,0
1973-07-11,1.6596,1.7367,1.6442,1.7341,0
1973-07-12,1.7341,1.8034,1.7084,1.7700,0
1973-07-13,1.7598,1.7598,1.7289,1.7315,0
1973-07-16,1.7315,1.8548,1.7289,1.8394,0
1973-07-17,1.8394,1.8497,1.7906,1.7932,0
1973-07-18,1.7932,1.8420,1.7829,1.8291,0
1973-07-19,1.8291,1.9268,1.8009,1.8600,0
1973-07-20,1.8600,1.8600,1.8009,1.8060,0
1973-07-23,1.8060,1.8497,1.8034,1.8240,0
1973-07-24,1.8240,1.8625,1.8034,1.8497,0
1973-07-25,1.8523,1.9268,1.8523,1.9011,0
1973-07-26,1.9011,1.9293,1.8702,1.8934,0
1973-07-27,1.8934,1.9113,1.8805,1.8908,0
1973-07-30,1.8908,1.9113,1.8805,1.9113,0
1973-07-31,1.9113,1.9113,1.8189,1.8189,0
1973-08-01,1.8163,1.8163,1.7829,1.7880,0
1973-08-02,1.7880,1.8394,1.7855,1.8343,0
1973-08-03,1.8317,1.8317,1.7983,1.8266,0
1973-08-06,1.8266,1.8471,1.8034,1.8343,0
1973-08-07,1.8343,1.8343,1.7880,1.8137,0
1973-08-08,1.8137,1.8137,1.7649,1.7726,0
1973-08-09,1.7726,1.8060,1.7623,1.7675,0
1973-08-10,1.7649,1.7649,1.7367,1.7469,0
1973-08-13,1.7469,1.7649,1.7084,1.7110,0
1973-08-14,1.7110,1.7546,1.7084,1.7341,0
1973-08-15,1.7341,1.7623,1.7264,1.7495,0
1973-08-16,1.7495,1.7649,1.7161,1.7212,0
1973-08-17,1.7212,1.7469,1.7187,1.7315,0
1973-08-20,1.7315,1.7341,1.6596,1.6622,0
1973-08-21,1.6622,1.6750,1.6262,1.6442,0
1973-08-22,1.6442,1.6724,1.6236,1.6442,0
1973-08-23,1.6570,1.6955,1.6570,1.6878,0
1973-08-24,1.6878,1.7058,1.6673,1.7058,0
1973-08-27,1.7058,1.7392,1.6853,1.7264,0
1973-08-28,1.7289,1.7675,1.7289,1.7623,0
1973-08-29,1.7623,1.7983,1.7521,1.7957,0
1973-08-30,1.7957,1.7983,1.7521,1.7521,0
1973-08-31,1.7521,1.7675,1.7367,1.7623,0
1973-09-04,1.7623,1.7675,1.7264,1.7341,0
1973-09-05,1.7341,1.7341,1.7135,1.7161,0
1973-09-06,1.7161,1.7187,1.6699,1.6699,0
1973-09-07,1.6544,1.6544,1.5620,1.6236,0
1973-09-10,1.6210,1.6210,1.5697,1.5722,0
1973-09-11,1.5722,1.5876,1.5645,1.5774,0
1973-09-12,1.5876,1.6365,1.5876,1.6288,0
1973-09-13,1.6288,1.6699,1.6159,1.6647,0
1973-09-14,1.6647,1.7058,1.6390,1.7058,0
1973-09-17,1.7058,1.7264,1.6647,1.6647,0
1973-09-18,1.6647,1.6724,1.6133,1.6159,0
1973-09-19,1.6159,1.6236,1.5671,1.6108,0
1973-09-20,1.6365,1.7007,1.6365,1.6878,0
1973-09-21,1.6853,1.6853,1.6442,1.6776,0
1973-09-24,1.6776,1.7058,1.6750,1.7007,0
1973-09-25,1.7007,1.7110,1.6750,1.6776,0
1973-09-26,1.6776,1.6827,1.6467,1.6596,0
1973-09-27,1.6596,1.6699,1.6339,1.6365,0
1973-09-28,1.6365,1.6442,1.6159,1.6262,0
1973-10-01,1.6262,1.6288,1.6082,1.6159,0
1973-10-02,1.6159,1.7058,1.6031,1.6596,0
1973-10-03,1.6519,1.6519,1.6133,1.6133,0
1973-10-04,1.6082,1.6082,1.5876,1.5954,0
1973-10-05,1.5954,1.6288,1.5825,1.6082,0
1973-10-08,1.6082,1.6442,1.6005,1.6442,0
1973-10-09,1.6442,1.6699,1.6133,1.6339,0
1973-10-10,1.6339,1.6442,1.6082,1.6108,0
1973-10-11,1.6108,1.6442,1.6056,1.6416,0
1973-10-12,1.6416,1.6493,1.5517,1.5517,0
1973-10-15,1.5517,1.5568,1.5131,1.5157,0
1973-10-16,1.5157,1.5363,1.4798,1.5003,0
1973-10-17,1.5003,1.5311,1.4643,1.4746,0
1973-10-18,1.4746,1.4900,1.4489,1.4489,0
1973-10-19,1.4489,1.4798,1.4489,1.4515,0
1973-10-22,1.4515,1.4798,1.4464,1.4489,0
1973-10-23,1.4489,1.4977,1.4438,1.4695,0
1973-10-24,1.4695,1.4849,1.4618,1.4720,0
1973-10-25,1.4720,1.4926,1.4541,1.4798,0
1973-10-26,1.4798,1.5003,1.4746,1.4798,0
1973-10-29,1.4798,1.5106,1.4720,1.4772,0
1973-10-30,1.4772,1.4875,1.4618,1.4669,0
1973-10-31,1.4669,1.4798,1.4489,1.4566,0
1973-11-01,1.4515,1.4515,1.3950,1.3950,0
1973-11-02,1.3898,1.3898,1.3153,1.3359,0
1973-11-05,1.3153,1.3153,1.2691,1.2871,0
1973-11-06,1.2871,1.3076,1.2794,1.2845,0
1973-11-07,1.2896,1.3436,1.2896,1.2896,0
1973-11-08,1.2896,1.3359,1.2845,1.2999,0
1973-11-09,1.2999,1.2999,1.2228,1.2331,0
1973-11-12,1.1715,1.1715,1.0918,1.1098,0
1973-11-13,1.1098,1.1252,1.0944,1.1150,0
1973-11-14,1.1150,1.1355,1.0790,1.0816,0
1973-11-15,1.0816,1.1329,1.0764,1.0893,0
1973-11-16,1.0893,1.1869,1.0816,1.1072,0
1973-11-19,1.0893,1.0893,1.0173,1.0225,0
1973-11-20,0.9839,0.9839,0.9300,0.9557,0
1973-11-21,0.9557,0.9942,0.9274,0.9403,0
1973-11-23,0.9403,0.9634,0.8940,0.9017,0
1973-11-26,0.8812,0.8812,0.8324,0.8658,0
1973-11-27,0.8658,0.8992,0.8375,0.8529,0
1973-11-28,0.8555,0.9711,0.8555,0.9531,0
1973-11-29,0.9531,0.9531,0.9043,0.9197,0
1973-11-30,0.9197,0.9428,0.8940,0.9043,0
1973-12-03,0.9043,0.9094,0.8580,0.8863,0
1973-12-04,0.8863,0.9403,0.8812,0.9120,0
1973-12-05,0.9120,0.9248,0.8452,0.8606,0
1973-12-06,0.8683,0.9300,0.8683,0.9043,0
1973-12-07,0.9043,0.9454,0.8914,0.9017,0
1973-12-10,0.9017,0.9737,0.8940,0.9351,0
1973-12-11,0.9351,0.9454,0.8889,0.8889,0
1973-12-12,0.8889,0.8889,0.8683,0.8812,0
1973-12-13,0.8812,0.9094,0.8580,0.8658,0
1973-12-14,0.8683,0.9326,0.8683,0.9197,0
1973-12-17,0.9197,0.9326,0.9043,0.9274,0
1973-12-18,0.9274,0.9659,0.9171,0.9326,0
1973-12-19,0.9326,0.9531,0.8837,0.8992,0
1973-12-20,0.8992,0.9094,0.8812,0.9017,0
1973-12-21,0.9017,0.9146,0.8503,0.8735,0
1973-12-24,0.8735,0.8760,0.8478,0.8658,0
1973-12-26,0.8837,0.9351,0.8837,0.9069,0
1973-12-27,0.9248,0.9916,0.9248,0.9634,0
1973-12-28,0.9634,0.9839,0.9505,0.9737,0
1973-12-31,0.9737,0.9839,0.9557,0.9711,0
1974-01-02,0.9711,0.9737,0.9248,0.9377,0
1974-01-03,0.9377,0.9557,0.9120,0.9146,0
1974-01-04,0.9043,0.9043,0.8401,0.8452,0
1974-01-07,0.8452,0.8555,0.8324,0.8401,0
1974-01-08,0.7913,0.7913,0.7707,0.7733,0
1974-01-09,0.7733,0.7733,0.7322,0.7579,0
1974-01-10,0.7579,0.7938,0.7219,0.7450,0
1974-01-11,0.7450,0.7810,0.7424,0.7784,0
1974-01-14,0.7784,0.8092,0.7630,0.7938,0
1974-01-15,0.7938,0.8067,0.7810,0.8015,0
1974-01-16,0.8015,0.8401,0.7913,0.8401,0
1974-01-17,0.8478,0.8709,0.8478,0.8529,0
1974-01-18,0.8529,0.8606,0.8349,0.8349,0
1974-01-21,0.8349,0.9146,0.7964,0.9043,0
1974-01-22,0.9043,0.9223,0.8683,0.8889,0
1974-01-23,0.8940,0.9531,0.8940,0.9403,0
1974-01-24,0.9403,0.9428,0.8966,0.9197,0
1974-01-25,0.9197,0.9351,0.9094,0.9171,0
1974-01-28,0.9171,0.9274,0.8786,0.9069,0
1974-01-29,0.9069,0.9197,0.8992,0.9146,0
1974-01-30,0.9248,0.9531,0.9248,0.9480,0
1974-01-31,0.9480,0.9608,0.9197,0.9197,0
1974-02-01,0.9146,0.9146,0.8940,0.8992,0
1974-02-04,0.8786,0.8786,0.8529,0.8529,0
1974-02-05,0.8529,0.8760,0.8324,0.8478,0
1974-02-06,0.8478,0.8683,0.8426,0.8658,0
1974-02-07,0.8658,0.9043,0.8658,0.8786,0
1974-02-08,0.8786,0.8786,0.8426,0.8452,0
1974-02-11,0.8375,0.8375,0.8067,0.8118,0
1974-02-12,0.8118,0.8375,0.8041,0.8169,0
1974-02-13,0.8169,0.8375,0.8169,0.8169,0
1974-02-14,0.8247,0.8478,0.8247,0.8247,0
1974-02-15,0.8247,0.8555,0.8221,0.8426,0
1974-02-19,0.8452,0.8966,0.8452,0.8478,0
1974-02-20,0.8478,0.8889,0.8426,0.8889,0
1974-02-21,0.8889,0.8914,0.8760,0.8760,0
1974-02-22,0.8760,0.8914,0.8503,0.8658,0
1974-02-25,0.8658,0.8735,0.8529,0.8632,0
1974-02-26,0.8632,0.8914,0.8580,0.8889,0
1974-02-27,0.8889,0.9300,0.8760,0.9197,0
1974-02-28,0.9197,0.9274,0.9043,0.9197,0
1974-03-01,0.9171,0.9171,0.8914,0.8966,0
1974-03-04,0.8966,0.9274,0.8683,0.9197,0
1974-03-05,0.9480,1.0045,0.9480,1.0019,0
1974-03-06,1.0019,1.0636,0.9968,1.0584,0
1974-03-07,1.0584,1.0713,1.0379,1.0430,0
1974-03-08,1.0430,1.0764,1.0302,1.0661,0
1974-03-11,1.0661,1.0995,1.0199,1.0893,0
1974-03-12,1.0893,1.1072,1.0738,1.0738,0
1974-03-13,1.0790,1.1072,1.0790,1.1072,0
1974-03-14,1.1072,1.1201,1.0867,1.1021,0
1974-03-15,1.1021,1.1150,1.0867,1.0995,0
1974-03-18,1.0995,1.1098,1.0610,1.0610,0
1974-03-19,1.0610,1.0636,1.0379,1.0456,0
1974-03-20,1.0456,1.0738,1.0430,1.0610,0
1974-03-21,1.0610,1.0687,1.0456,1.0456,0
1974-03-22,1.0456,1.0559,1.0379,1.0379,0
1974-03-25,1.0379,1.0456,1.0122,1.0276,0
1974-03-26,1.0276,1.0327,1.0173,1.0225,0
1974-03-27,1.0225,1.0250,0.9993,1.0019,0
1974-03-28,0.9993,0.9993,0.9762,0.9916,0
1974-03-29,0.9916,1.0250,0.9891,1.0071,0
1974-04-01,1.0071,1.0225,1.0071,1.0071,0
1974-04-02,1.0071,1.0225,1.0019,1.0071,0
1974-04-03,1.0071,1.0327,0.9968,1.0276,0
1974-04-04,1.0276,1.0430,1.0122,1.0430,0
1974-04-05,1.0327,1.0327,0.9968,1.0019,0
1974-04-08,0.9993,0.9993,0.9865,0.9916,0
1974-04-09,0.9916,1.0122,0.9916,0.9968,0
1974-04-10,0.9762,0.9762,0.9300,0.9300,0
1974-04-11,0.9274,0.9274,0.8760,0.9017,0
1974-04-15,0.9017,0.9351,0.8992,0.9146,0
1974-04-16,0.9326,0.9762,0.9326,0.9608,0
1974-04-17,0.9608,0.9608,0.9403,0.9428,0
1974-04-18,0.9377,0.9377,0.9094,0.9094,0
1974-04-19,0.9043,0.9043,0.8889,0.8914,0
1974-04-22,0.8914,0.9146,0.8786,0.8992,0
1974-04-23,0.8992,0.9017,0.8735,0.8837,0
1974-04-24,0.8735,0.8735,0.8555,0.8632,0
1974-04-25,0.8632,0.8889,0.8478,0.8837,0
1974-04-26,0.8837,0.8992,0.8735,0.8735,0
1974-04-29,0.8735,0.9043,0.8555,0.8940,0
1974-04-30,0.8940,0.9120,0.8786,0.8992,0
1974-05-01,0.8992,0.9454,0.8940,0.9351,0
1974-05-02,0.9351,0.9531,0.9223,0.9248,0
1974-05-03,0.9197,0.9197,0.9069,0.9069,0
1974-05-06,0.9069,0.9326,0.8889,0.9274,0
1974-05-07,0.9274,0.9454,0.9094,0.9146,0
1974-05-08,0.9146,0.9197,0.9043,0.9069,0
1974-05-09,0.9197,0.9531,0.9197,0.9531,0
1974-05-10,0.9531,0.9582,0.9351,0.9377,0
1974-05-13,0.9326,0.9326,0.8966,0.9120,0
1974-05-14,0.9120,0.9223,0.8992,0.8992,0
1974-05-15,0.8992,0.9248,0.8992,0.9069,0
1974-05-16,0.9069,0.9300,0.8786,0.8786,0
1974-05-17,0.8786,0.8786,0.8478,0.8632,0
1974-05-20,0.8632,0.8837,0.8503,0.8735,0
1974-05-21,0.8735,0.8940,0.8735,0.8889,0
1974-05-22,0.8889,0.8992,0.8837,0.8914,0
1974-05-23,0.8914,0.9197,0.8863,0.9197,0
1974-05-24,0.9274,0.9505,0.9274,0.9480,0
1974-05-28,0.9480,0.9531,0.9248,0.9480,0
1974-05-29,0.9454,0.9454,0.8940,0.8966,0
1974-05-30,0.8966,0.9454,0.8735,0.9274,0
1974-05-31,0.9274,0.9326,0.9069,0.9171,0
1974-06-03,0.9171,0.9454,0.9094,0.9454,0
1974-06-04,0.9531,1.0225,0.9531,0.9865,0
1974-06-05,0.9865,1.0173,0.9762,1.0019,0
1974-06-06,1.0019,1.0482,0.9968,1.0482,0
1974-06-07,1.0482,1.0507,1.0173,1.0173,0
1974-06-10,1.0173,1.0533,0.9968,1.0327,0
1974-06-11,1.0327,1.0379,1.0071,1.0071,0
1974-06-12,1.0071,1.0071,0.9916,0.9968,0
1974-06-13,0.9993,1.0302,0.9993,1.0122,0
1974-06-14,1.0045,1.0045,0.9659,0.9685,0
1974-06-17,0.9659,0.9659,0.9454,0.9480,0
1974-06-18,0.9403,0.9403,0.8786,0.8889,0
1974-06-19,0.8889,0.9120,0.8889,0.8940,0
1974-06-20,0.8992,0.9197,0.8992,0.8992,0
1974-06-21,0.8992,0.8992,0.8837,0.8966,0
1974-06-24,0.8966,0.9171,0.8837,0.9171,0
1974-06-25,0.9223,0.9557,0.9223,0.9454,0
1974-06-26,0.9403,0.9403,0.8863,0.8940,0
1974-06-27,0.8940,0.9197,0.8863,0.8940,0
1974-06-28,0.8940,0.9120,0.8837,0.8889,0
1974-07-01,0.8889,0.9197,0.8863,0.8863,0
1974-07-02,0.8837,0.8837,0.7964,0.7990,0
1974-07-03,0.7990,0.8375,0.7964,0.8272,0
1974-07-05,0.8272,0.8298,0.8041,0.8169,0
1974-07-08,0.7913,0.7913,0.7604,0.7784,0
1974-07-09,0.7784,0.7964,0.6782,0.6782,0
1974-07-10,0.7116,0.7322,0.7116,0.7142,0
1974-07-11,0.7296,0.7861,0.7296,0.7579,0
1974-07-12,0.7861,0.8478,0.7861,0.8349,0
1974-07-15,0.8349,0.8478,0.7913,0.8298,0
1974-07-16,0.8247,0.8247,0.7913,0.7913,0
1974-07-17,0.7913,0.8426,0.7784,0.8324,0
1974-07-18,0.8324,0.8478,0.8092,0.8169,0
1974-07-19,0.8169,0.8221,0.7938,0.8067,0
1974-07-22,0.8067,0.8221,0.7964,0.8221,0
1974-07-23,0.8221,0.8349,0.8169,0.8195,0
1974-07-24,0.8195,0.8272,0.8067,0.8169,0
1974-07-25,0.8144,0.8144,0.7887,0.7964,0
1974-07-26,0.7964,0.7964,0.7656,0.7681,0
1974-07-29,0.7604,0.7604,0.7424,0.7476,0
1974-07-30,0.7476,0.7630,0.7270,0.7553,0
1974-07-31,0.7553,0.7553,0.7347,0.7399,0
1974-08-01,0.7399,0.7553,0.7347,0.7527,0
1974-08-02,0.7527,0.7784,0.7373,0.7707,0
1974-08-05,0.7707,0.8195,0.7707,0.7887,0
1974-08-06,0.7887,0.8452,0.7810,0.7990,0
1974-08-07,0.7990,0.8324,0.7861,0.8324,0
1974-08-08,0.8272,0.8272,0.7758,0.7835,0
1974-08-09,0.7835,0.7964,0.7681,0.7784,0
1974-08-12,0.7784,0.7810,0.7656,0.7656,0
1974-08-13,0.7656,0.7758,0.7450,0.7579,0
1974-08-14,0.7527,0.7527,0.7296,0.7424,0
1974-08-15,0.7424,0.7630,0.7347,0.7424,0
1974-08-16,0.7424,0.7579,0.7347,0.7450,0
1974-08-19,0.7450,0.7861,0.7296,0.7707,0
1974-08-20,0.7707,0.7913,0.7450,0.7707,0
1974-08-21,0.7656,0.7656,0.7168,0.7193,0
1974-08-22,0.7168,0.7168,0.6808,0.7065,0
1974-08-23,0.7065,0.7168,0.6679,0.6679,0
1974-08-26,0.6679,0.7270,0.6654,0.7090,0
1974-08-27,0.7090,0.7116,0.6705,0.6936,0
1974-08-28,0.6936,0.7193,0.6859,0.6885,0
1974-08-29,0.6885,0.6962,0.6782,0.6911,0
1974-08-30,0.6911,0.7219,0.6911,0.7013,0
1974-09-03,0.7013,0.7193,0.6294,0.6320,0
1974-09-04,0.6320,0.6423,0.6089,0.6371,0
1974-09-05,0.6371,0.6654,0.6268,0.6448,0
1974-09-06,0.6448,0.6474,0.5909,0.5986,0
1974-09-09,0.5986,0.5986,0.5549,0.5549,0
1974-09-10,0.5549,0.5678,0.5318,0.5498,0
1974-09-11,0.5498,0.5703,0.5344,0.5600,0
1974-09-12,0.5472,0.5472,0.5164,0.5189,0
1974-09-13,0.5189,0.5395,0.5138,0.5241,0
1974-09-16,0.5241,0.5857,0.5138,0.5575,0
1974-09-17,0.5575,0.5780,0.5215,0.5241,0
1974-09-18,0.5189,0.5189,0.4830,0.5189,0
1974-09-19,0.5189,0.5446,0.5164,0.5344,0
1974-09-20,0.5344,0.5395,0.5112,0.5215,0
1974-09-23,0.5215,0.5344,0.5010,0.5035,0
1974-09-24,0.5035,0.5087,0.4933,0.5035,0
1974-09-25,0.5035,0.5318,0.4958,0.4958,0
1974-09-26,0.4933,0.4933,0.4855,0.4855,0
1974-09-27,0.4855,0.4958,0.4547,0.4624,0
1974-09-30,0.4547,0.4547,0.4110,0.4444,0
1974-10-01,0.4419,0.4419,0.4110,0.4342,0
1974-10-02,0.4342,0.4521,0.4342,0.4444,0
1974-10-03,0.4444,0.4444,0.4213,0.4265,0
1974-10-04,0.4265,0.4367,0.4110,0.4136,0
1974-10-07,0.4162,0.4419,0.4162,0.4419,0
1974-10-08,0.4367,0.4367,0.4162,0.4213,0
1974-10-09,0.4213,0.4624,0.4110,0.4624,0
1974-10-10,0.4624,0.4881,0.4624,0.4676,0
1974-10-11,0.4676,0.4804,0.4521,0.4624,0
1974-10-14,0.4624,0.5241,0.4599,0.4933,0
1974-10-15,0.5010,0.5395,0.5010,0.5241,0
1974-10-16,0.5241,0.5344,0.5035,0.5035,0
1974-10-17,0.5035,0.5318,0.4933,0.5241,0
1974-10-18,0.5241,0.5318,0.5112,0.5266,0
1974-10-21,0.5266,0.5292,0.5061,0.5215,0
1974-10-22,0.5215,0.5292,0.4958,0.5061,0
1974-10-23,0.4984,0.4984,0.4573,0.4650,0
1974-10-24,0.4650,0.4701,0.4393,0.4650,0
1974-10-25,0.4650,0.4804,0.4393,0.4444,0
1974-10-28,0.4444,0.4727,0.4342,0.4650,0
1974-10-29,0.4778,0.5138,0.4778,0.4855,0
1974-10-30,0.4855,0.5061,0.4804,0.4855,0
1974-10-31,0.4855,0.5138,0.4778,0.4804,0
1974-11-01,0.4804,0.4933,0.4624,0.4753,0
1974-11-04,0.4753,0.4830,0.4547,0.4701,0
1974-11-05,0.4701,0.4984,0.4547,0.4933,0
1974-11-06,0.5138,0.5421,0.5138,0.5138,0
1974-11-07,0.5164,0.5729,0.5164,0.5652,0
1974-11-08,0.5652,0.5703,0.5523,0.5626,0
1974-11-11,0.5626,0.5703,0.5523,0.5600,0
1974-11-12,0.5600,0.5626,0.5061,0.5112,0
1974-11-13,0.5112,0.5344,0.5087,0.5112,0
1974-11-14,0.5112,0.5292,0.5010,0.5035,0
1974-11-15,0.5035,0.5061,0.4958,0.5010,0
1974-11-18,0.4907,0.4907,0.4573,0.4573,0
1974-11-19,0.4573,0.4701,0.4470,0.4470,0
1974-11-20,0.4470,0.4650,0.4470,0.4521,0
1974-11-21,0.4521,0.4727,0.4496,0.4701,0
1974-11-22,0.4753,0.4907,0.4753,0.4778,0
1974-11-25,0.4778,0.4830,0.4547,0.4676,0
1974-11-26,0.4676,0.4855,0.4521,0.4753,0
1974-11-27,0.4753,0.4855,0.4547,0.4547,0
1974-11-29,0.4547,0.4599,0.4444,0.4547,0
1974-12-02,0.4547,0.4599,0.4419,0.4444,0
1974-12-03,0.4444,0.4521,0.4316,0.4444,0
1974-12-04,0.4444,0.4521,0.4342,0.4393,0
1974-12-05,0.4393,0.4444,0.4033,0.4059,0
1974-12-06,0.4059,0.4059,0.3905,0.3982,0
1974-12-09,0.3982,0.4008,0.3854,0.3931,0
1974-12-10,0.4008,0.4290,0.4008,0.4136,0
1974-12-11,0.4136,0.4367,0.4136,0.4162,0
1974-12-12,0.4162,0.4187,0.3982,0.4008,0
1974-12-13,0.4008,0.4008,0.3802,0.3854,0
1974-12-16,0.3854,0.3879,0.3597,0.3622,0
1974-12-17,0.3622,0.3648,0.3417,0.3597,0
1974-12-18,0.3597,0.3879,0.3597,0.3854,0
1974-12-19,0.3854,0.3982,0.3776,0.3931,0
1974-12-20,0.3931,0.3982,0.3879,0.3905,0
1974-12-23,0.3905,0.3956,0.3854,0.3905,0
1974-12-24,0.3956,0.4110,0.3956,0.4110,0
1974-12-26,0.4110,0.4265,0.4085,0.4162,0
1974-12-27,0.4162,0.4162,0.4033,0.4085,0
1974-12-30,0.4085,0.4265,0.4085,0.4162,0
1974-12-31,0.4213,0.4419,0.4213,0.4393,0
1975-01-02,0.4419,0.4599,0.4419,0.4547,0
1975-01-03,0.4547,0.4881,0.4367,0.4701,0
1975-01-06,0.4701,0.5061,0.4650,0.4855,0
1975-01-07,0.4855,0.4855,0.4701,0.4830,0
1975-01-08,0.4830,0.4855,0.4650,0.4753,0
1975-01-09,0.4753,0.5061,0.4676,0.5035,0
1975-01-10,0.5292,0.5678,0.5292,0.5498,0
1975-01-13,0.5498,0.5755,0.5344,0.5344,0
1975-01-14,0.5344,0.5472,0.5215,0.5369,0
1975-01-15,0.5369,0.5703,0.5292,0.5703,0
1975-01-16,0.5703,0.5857,0.5600,0.5755,0
1975-01-17,0.5755,0.5780,0.5575,0.5600,0
1975-01-20,0.5600,0.5703,0.5446,0.5678,0
1975-01-21,0.5678,0.5729,0.5446,0.5472,0
1975-01-22,0.5472,0.5806,0.5421,0.5806,0
1975-01-23,0.5806,0.6089,0.5755,0.5986,0
1975-01-24,0.5986,0.6345,0.5986,0.6243,0
1975-01-27,0.6243,0.6474,0.6243,0.6268,0
1975-01-28,0.6268,0.6345,0.6114,0.6166,0
1975-01-29,0.6166,0.6294,0.5960,0.6063,0
1975-01-30,0.6063,0.6166,0.6011,0.6063,0
1975-01-31,0.6063,0.6345,0.6037,0.6217,0
1975-02-03,0.6217,0.6423,0.6217,0.6320,0
1975-02-04,0.6320,0.6397,0.6191,0.6217,0
1975-02-05,0.6217,0.6448,0.6140,0.6448,0
1975-02-06,0.6551,0.6936,0.6551,0.6551,0
1975-02-07,0.6551,0.6782,0.6474,0.6782,0
1975-02-10,0.6782,0.6834,0.6679,0.6705,0
1975-02-11,0.6705,0.6834,0.6628,0.6834,0
1975-02-12,0.6859,0.7168,0.6859,0.7116,0
1975-02-13,0.7553,0.7861,0.7553,0.7604,0
1975-02-14,0.7604,0.7990,0.7502,0.7964,0
1975-02-18,0.7964,0.8375,0.7835,0.7938,0
1975-02-19,0.7938,0.8324,0.7887,0.8324,0
1975-02-20,0.8324,0.8375,0.8144,0.8324,0
1975-02-21,0.8324,0.8503,0.8144,0.8195,0
1975-02-24,0.8195,0.8375,0.7990,0.8169,0
1975-02-25,0.8092,0.8092,0.7656,0.7707,0
1975-02-26,0.7707,0.8092,0.7707,0.7938,0
1975-02-27,0.7938,0.8118,0.7861,0.7861,0
1975-02-28,0.7861,0.8118,0.7810,0.8118,0
1975-03-03,0.8118,0.8683,0.8092,0.8683,0
1975-03-04,0.8683,0.8992,0.8529,0.8529,0
1975-03-05,0.8529,0.8863,0.8503,0.8709,0
1975-03-06,0.8709,0.9146,0.8606,0.9069,0
1975-03-07,0.9069,0.9351,0.9069,0.9326,0
1975-03-10,0.9326,0.9403,0.8992,0.9326,0
1975-03-11,0.9300,0.9300,0.8863,0.8863,0
1975-03-12,0.8863,0.8992,0.8658,0.8812,0
1975-03-13,0.8812,0.9171,0.8658,0.9094,0
1975-03-14,0.9094,0.9274,0.9043,0.9171,0
1975-03-17,0.9171,0.9505,0.9171,0.9428,0
1975-03-18,0.9377,0.9377,0.8966,0.9017,0
1975-03-19,0.9017,0.9094,0.8837,0.8863,0
1975-03-20,0.8863,0.9171,0.8863,0.8889,0
1975-03-21,0.8889,0.8992,0.8760,0.8966,0
1975-03-24,0.8709,0.8709,0.8529,0.8606,0
1975-03-25,0.8606,0.8837,0.8426,0.8837,0
1975-03-26,0.9043,0.9403,0.9043,0.9248,0
1975-03-27,0.9248,0.9454,0.9248,0.9300,0
1975-03-31,0.9300,0.9454,0.9248,0.9351,0
1975-04-01,0.9351,0.9762,0.9326,0.9659,0
1975-04-02,0.9659,0.9814,0.9608,0.9762,0
1975-04-03,0.9762,0.9942,0.9557,0.9839,0
1975-04-04,0.9839,1.0482,0.9788,1.0379,0
1975-04-07,1.0379,1.0456,1.0096,1.0456,0
1975-04-08,1.0456,1.0584,1.0199,1.0276,0
1975-04-09,1.0276,1.0302,1.0096,1.0173,0
1975-04-10,1.0173,1.0456,1.0096,1.0225,0
1975-04-11,1.0225,1.0250,1.0122,1.0173,0
1975-04-14,1.0173,1.0250,0.9839,0.9865,0
1975-04-15,0.9865,1.0122,0.9659,0.9968,0
1975-04-16,0.9968,1.0071,0.9737,1.0045,0
1975-04-17,1.0045,1.0148,0.9942,0.9968,0
1975-04-18,0.9968,0.9993,0.9814,0.9916,0
1975-04-21,0.9916,0.9942,0.9788,0.9839,0
1975-04-22,0.9839,0.9865,0.9505,0.9634,0
1975-04-23,0.9634,0.9634,0.9146,0.9197,0
1975-04-24,0.9197,0.9659,0.9094,0.9505,0
1975-04-25,0.9505,0.9865,0.9505,0.9865,0
1975-04-28,0.9865,1.0019,0.9865,0.9916,0
1975-04-29,0.9839,0.9839,0.9531,0.9608,0
1975-04-30,0.9659,0.9942,0.9659,0.9942,0
1975-05-01,0.9942,1.0122,0.9916,1.0019,0
1975-05-02,1.0019,1.0173,0.9865,0.9916,0
1975-05-05,0.9916,1.0045,0.9839,0.9968,0
1975-05-06,0.9968,1.0379,0.9968,1.0071,0
1975-05-07,1.0071,1.0584,1.0071,1.0533,0
1975-05-08,1.0533,1.0559,1.0302,1.0379,0
1975-05-09,1.0430,1.1072,1.0430,1.0764,0
1975-05-12,1.0764,1.0995,1.0713,1.0738,0
1975-05-13,1.0738,1.1072,1.0610,1.0893,0
1975-05-14,1.0893,1.1355,1.0893,1.1252,0
1975-05-15,1.1252,1.1432,1.0893,1.0918,0
1975-05-16,1.0918,1.1150,1.0918,1.0944,0
1975-05-19,1.0944,1.1278,1.0918,1.1252,0
1975-05-20,1.1252,1.1458,1.1098,1.1124,0
1975-05-21,1.0995,1.0995,1.0610,1.0636,0
1975-05-22,1.0636,1.0841,1.0584,1.0687,0
1975-05-23,1.0687,1.0841,1.0610,1.0687,0
1975-05-27,1.0687,1.0764,1.0327,1.0559,0
1975-05-28,1.0559,1.0661,1.0276,1.0353,0
1975-05-29,1.0353,1.0636,1.0353,1.0482,0
1975-05-30,1.0482,1.0841,1.0456,1.0841,0
1975-06-02,1.0841,1.0970,1.0687,1.0713,0
1975-06-03,1.0713,1.0790,1.0482,1.0533,0
1975-06-04,1.0533,1.0584,1.0122,1.0122,0
1975-06-05,1.0122,1.0250,0.9916,1.0250,0
1975-06-06,1.0250,1.0379,1.0173,1.0276,0
1975-06-09,1.0276,1.0327,0.9865,0.9891,0
1975-06-10,0.9891,0.9942,0.9659,0.9762,0
1975-06-11,0.9788,0.9993,0.9788,0.9839,0
1975-06-12,0.9839,0.9916,0.9685,0.9737,0
1975-06-13,0.9737,0.9865,0.9659,0.9839,0
1975-06-16,0.9839,1.0122,0.9839,0.9993,0
1975-06-17,0.9993,1.0071,0.9659,0.9737,0
1975-06-18,0.9737,0.9814,0.9659,0.9788,0
1975-06-19,0.9788,0.9942,0.9685,0.9916,0
1975-06-20,1.0019,1.0276,1.0019,1.0199,0
1975-06-23,1.0199,1.0507,1.0173,1.0482,0
1975-06-24,1.0482,1.0661,1.0430,1.0482,0
1975-06-25,1.0482,1.0584,1.0379,1.0404,0
1975-06-26,1.0404,1.0636,1.0404,1.0404,0
1975-06-27,1.0404,1.0584,1.0276,1.0379,0
1975-06-30,1.0379,1.0456,1.0276,1.0379,0
1975-07-01,1.0379,1.0584,1.0353,1.0456,0
1975-07-02,1.0430,1.0430,1.0276,1.0327,0
1975-07-03,1.0353,1.0584,1.0353,1.0584,0
1975-07-07,1.0559,1.0559,1.0173,1.0276,0
1975-07-08,1.0250,1.0250,1.0096,1.0199,0
1975-07-09,1.0584,1.0867,1.0584,1.0816,0
1975-07-10,1.0816,1.1175,1.0764,1.0841,0
1975-07-11,1.0867,1.1072,1.0867,1.0970,0
1975-07-14,1.0970,1.1072,1.0893,1.1047,0
1975-07-15,1.1047,1.1175,1.1021,1.1021,0
1975-07-16,1.1021,1.1021,1.0790,1.0841,0
1975-07-17,1.0841,1.0841,1.0482,1.0584,0
1975-07-18,1.0584,1.0764,1.0507,1.0610,0
1975-07-21,1.0610,1.0738,1.0327,1.0379,0
1975-07-22,1.0379,1.0379,1.0096,1.0148,0
1975-07-23,1.0122,1.0122,0.9659,0.9762,0
1975-07-24,0.9762,0.9788,0.9248,0.9531,0
1975-07-25,0.9531,0.9634,0.9274,0.9351,0
1975-07-28,0.9351,0.9480,0.9171,0.9428,0
1975-07-29,0.9428,0.9608,0.9274,0.9403,0
1975-07-30,0.9403,0.9762,0.9351,0.9582,0
1975-07-31,0.9582,0.9865,0.9454,0.9454,0
1975-08-01,0.9454,0.9505,0.9248,0.9248,0
1975-08-04,0.9171,0.9171,0.8863,0.8863,0
1975-08-05,0.8863,0.8992,0.8632,0.8632,0
1975-08-06,0.8632,0.8940,0.8606,0.8914,0
1975-08-07,0.8914,0.9017,0.8786,0.8812,0
1975-08-08,0.8812,0.8812,0.8349,0.8426,0
1975-08-11,0.8426,0.8606,0.8298,0.8580,0
1975-08-12,0.8709,0.8992,0.8709,0.8786,0
1975-08-13,0.8786,0.8837,0.8555,0.8555,0
1975-08-14,0.8555,0.8580,0.8349,0.8452,0
1975-08-15,0.8503,0.8709,0.8503,0.8683,0
1975-08-18,0.8683,0.8760,0.8580,0.8580,0
1975-08-19,0.8580,0.8683,0.8375,0.8426,0
1975-08-20,0.8426,0.8426,0.8144,0.8221,0
1975-08-21,0.8221,0.8452,0.8144,0.8298,0
1975-08-22,0.8349,0.8606,0.8349,0.8580,0
1975-08-25,0.8580,0.8889,0.8503,0.8580,0
1975-08-26,0.8529,0.8529,0.8349,0.8375,0
1975-08-27,0.8375,0.8580,0.8349,0.8580,0
1975-08-28,0.8709,0.8992,0.8709,0.8992,0
1975-08-29,0.8992,0.9300,0.8940,0.9146,0
1975-09-02,0.9146,0.9223,0.8760,0.8786,0
1975-09-03,0.8786,0.9094,0.8632,0.9094,0
1975-09-04,0.9094,0.9223,0.8940,0.8940,0
1975-09-05,0.8940,0.9069,0.8889,0.8940,0
1975-09-08,0.8940,0.9171,0.8837,0.8992,0
1975-09-09,0.8992,0.9197,0.8478,0.8580,0
1975-09-10,0.8555,0.8555,0.8324,0.8529,0
1975-09-11,0.8529,0.8760,0.8478,0.8606,0
1975-09-12,0.8606,0.8863,0.8555,0.8658,0
1975-09-15,0.8658,0.8683,0.8503,0.8555,0
1975-09-16,0.8555,0.8735,0.8401,0.8478,0
1975-09-17,0.8478,0.8529,0.8349,0.8426,0
1975-09-18,0.8503,0.9017,0.8503,0.8940,0
1975-09-19,0.9017,0.9377,0.9017,0.9326,0
1975-09-22,0.9326,0.9531,0.9171,0.9197,0
1975-09-23,0.9197,0.9454,0.8992,0.9454,0
1975-09-24,0.9480,0.9711,0.9480,0.9582,0
1975-09-25,0.9582,0.9788,0.9454,0.9659,0
1975-09-26,0.9659,0.9839,0.9582,0.9608,0
1975-09-29,0.9582,0.9582,0.9274,0.9326,0
1975-09-30,0.9197,0.9197,0.8992,0.9069,0
1975-10-01,0.9069,0.9146,0.8632,0.8709,0
1975-10-02,0.8709,0.9069,0.8632,0.8992,0
1975-10-03,0.9017,0.9634,0.9017,0.9505,0
1975-10-06,0.9505,0.9659,0.9428,0.9531,0
1975-10-07,0.9531,0.9557,0.9326,0.9557,0
1975-10-08,0.9557,0.9711,0.9454,0.9557,0
1975-10-09,0.9557,0.9685,0.9505,0.9531,0
1975-10-10,0.9531,0.9582,0.9377,0.9480,0
1975-10-13,0.9480,0.9968,0.9428,0.9968,0
1975-10-14,0.9968,1.0225,0.9865,0.9942,0
1975-10-15,0.9942,1.0045,0.9839,0.9865,0
1975-10-16,0.9865,1.0122,0.9762,0.9788,0
1975-10-17,0.9788,1.0019,0.9480,0.9711,0
1975-10-20,0.9711,1.0071,0.9711,1.0071,0
1975-10-21,1.0148,1.0327,1.0148,1.0276,0
1975-10-22,1.0276,1.0353,1.0071,1.0096,0
1975-10-23,1.0096,1.0302,1.0071,1.0199,0
1975-10-24,1.0199,1.0225,0.9865,0.9891,0
1975-10-27,0.9891,0.9968,0.9762,0.9916,0
1975-10-28,0.9916,1.0173,0.9916,1.0122,0
1975-10-29,1.0071,1.0071,0.9891,0.9916,0
1975-10-30,0.9916,1.0122,0.9891,1.0045,0
1975-10-31,1.0045,1.0122,0.9942,1.0019,0
1975-11-03,1.0019,1.0045,0.9891,0.9993,0
1975-11-04,0.9993,1.0071,0.9916,1.0019,0
1975-11-05,1.0096,1.0404,1.0096,1.0353,0
1975-11-06,1.0353,1.0482,1.0199,1.0353,0
1975-11-07,1.0353,1.0456,1.0302,1.0456,0
1975-11-10,1.0456,1.0482,1.0276,1.0430,0
1975-11-11,1.0430,1.0559,1.0379,1.0430,0
1975-11-12,1.0507,1.0764,1.0507,1.0738,0
1975-11-13,1.0738,1.0970,1.0713,1.0738,0
1975-11-14,1.0738,1.0816,1.0661,1.0764,0
1975-11-17,1.0816,1.0970,1.0816,1.0970,0
1975-11-18,1.0970,1.1021,1.0482,1.0610,0
1975-11-19,1.0610,1.0764,1.0276,1.0456,0
1975-11-20,1.0456,1.0559,1.0379,1.0430,0
1975-11-21,1.0430,1.0507,1.0327,1.0507,0
1975-11-24,1.0507,1.0687,1.0456,1.0610,0
1975-11-25,1.0636,1.0738,1.0636,1.0687,0
1975-11-26,1.0687,1.0816,1.0636,1.0687,0
1975-11-28,1.0687,1.0687,1.0559,1.0610,0
1975-12-01,1.0610,1.0687,1.0071,1.0096,0
1975-12-02,1.0096,1.0173,0.9968,0.9993,0
1975-12-03,0.9968,0.9968,0.9814,0.9891,0
1975-12-04,0.9891,1.0045,0.9711,0.9968,0
1975-12-05,0.9968,1.0019,0.9557,0.9608,0
1975-12-08,0.9608,0.9762,0.9557,0.9582,0
1975-12-09,0.9608,0.9788,0.9608,0.9788,0
1975-12-10,0.9788,0.9942,0.9762,0.9942,0
1975-12-11,0.9942,1.0045,0.9865,0.9916,0
1975-12-12,0.9916,0.9968,0.9814,0.9968,0
1975-12-15,0.9865,0.9865,0.9685,0.9788,0
1975-12-16,0.9865,1.0019,0.9865,0.9865,0
1975-12-17,0.9891,1.0071,0.9891,0.9942,0
1975-12-18,0.9942,0.9993,0.9865,0.9968,0
1975-12-19,0.9968,0.9993,0.9737,0.9737,0
1975-12-22,0.9737,0.9762,0.9531,0.9531,0
1975-12-23,0.9531,0.9839,0.9531,0.9814,0
1975-12-24,0.9814,0.9993,0.9788,0.9942,0
1975-12-26,0.9942,1.0225,0.9942,1.0225,0
1975-12-29,1.0225,1.0302,1.0148,1.0148,0
1975-12-30,1.0148,1.0199,1.0096,1.0173,0
1975-12-31,1.0199,1.0302,1.0199,1.0250,0
1976-01-02,1.0302,1.0687,1.0302,1.0687,0
1976-01-05,1.0687,1.0738,1.0507,1.0661,0
1976-01-06,1.0661,1.0687,1.0559,1.0636,0
1976-01-07,1.0636,1.0738,1.0507,1.0559,0
1976-01-08,1.0559,1.0661,1.0507,1.0559,0
1976-01-09,1.0559,1.0944,1.0533,1.0841,0
1976-01-12,1.0841,1.1021,1.0816,1.0893,0
1976-01-13,1.0893,1.1072,1.0713,1.0713,0
1976-01-14,1.0713,1.0944,1.0636,1.0918,0
1976-01-15,1.1098,1.1509,1.1098,1.1175,0
1976-01-16,1.1175,1.1509,1.1124,1.1252,0
1976-01-19,1.1252,1.1458,1.1175,1.1458,0
1976-01-20,1.1458,1.1586,1.1381,1.1483,0
1976-01-21,1.1483,1.1869,1.1304,1.1715,0
1976-01-22,1.1715,1.2023,1.1612,1.2023,0
1976-01-23,1.2023,1.2280,1.2023,1.2177,0
1976-01-26,1.2177,1.2331,1.1638,1.1843,0
1976-01-27,1.1843,1.1972,1.1483,1.1561,0
1976-01-28,1.1561,1.1869,1.1381,1.1663,0
1976-01-29,1.1663,1.2126,1.1638,1.2074,0
1976-01-30,1.2151,1.2331,1.2151,1.2228,0
1976-02-02,1.2228,1.2254,1.1997,1.2254,0
1976-02-03,1.2254,1.2511,1.2228,1.2511,0
1976-02-04,1.2562,1.2845,1.2562,1.2845,0
1976-02-05,1.2845,1.2896,1.2408,1.2460,0
1976-02-06,1.2357,1.2357,1.2074,1.2126,0
1976-02-09,1.2151,1.2588,1.2151,1.2357,0
1976-02-10,1.2357,1.2537,1.2357,1.2511,0
1976-02-11,1.2511,1.2665,1.2485,1.2511,0
1976-02-12,1.2511,1.2691,1.2434,1.2434,0
1976-02-13,1.2434,1.2460,1.2228,1.2331,0
1976-02-17,1.2331,1.2331,1.2126,1.2151,0
1976-02-18,1.2151,1.2280,1.2100,1.2151,0
1976-02-19,1.2254,1.2614,1.2254,1.2588,0
1976-02-20,1.2691,1.2896,1.2691,1.2794,0
1976-02-23,1.2794,1.2922,1.2691,1.2845,0
1976-02-24,1.2845,1.2948,1.2819,1.2845,0
1976-02-25,1.2845,1.2948,1.2588,1.2691,0
1976-02-26,1.2691,1.2742,1.2357,1.2357,0
1976-02-27,1.2331,1.2331,1.2177,1.2306,0
1976-03-01,1.2306,1.2383,1.2280,1.2306,0
1976-03-02,1.2306,1.2485,1.2280,1.2408,0
1976-03-03,1.2408,1.2408,1.2126,1.2126,0
1976-03-04,1.2100,1.2100,1.1792,1.1817,0
1976-03-05,1.1843,1.1997,1.1843,1.1920,0
1976-03-08,1.2023,1.2383,1.2023,1.2331,0
1976-03-09,1.2357,1.2717,1.2357,1.2485,0
1976-03-10,1.2485,1.2537,1.2331,1.2383,0
1976-03-11,1.2383,1.2537,1.2331,1.2357,0
1976-03-12,1.2357,1.2537,1.2126,1.2151,0
1976-03-15,1.2151,1.2203,1.1895,1.1946,0
1976-03-16,1.1946,1.2203,1.1920,1.2126,0
1976-03-17,1.2126,1.2331,1.1972,1.2126,0
1976-03-18,1.2049,1.2049,1.1869,1.1920,0
1976-03-19,1.1920,1.2023,1.1817,1.1920,0
1976-03-22,1.1920,1.2100,1.1920,1.1972,0
1976-03-23,1.1997,1.2383,1.1997,1.2383,0
1976-03-24,1.2434,1.2640,1.2434,1.2434,0
1976-03-25,1.2434,1.2588,1.2228,1.2254,0
1976-03-26,1.2254,1.2588,1.2254,1.2511,0
1976-03-29,1.2511,1.2537,1.2331,1.2357,0
1976-03-30,1.2357,1.2383,1.2100,1.2177,0
1976-03-31,1.2177,1.2485,1.2126,1.2485,0
1976-04-01,1.2485,1.2640,1.2228,1.2408,0
1976-04-02,1.2408,1.2511,1.2331,1.2460,0
1976-04-05,1.2460,1.2717,1.2460,1.2717,0
1976-04-06,1.2717,1.2896,1.2665,1.2742,0
1976-04-07,1.2742,1.2845,1.2357,1.2383,0
1976-04-08,1.2280,1.2280,1.1972,1.2023,0
1976-04-09,1.2023,1.2049,1.1766,1.1766,0
1976-04-12,1.1766,1.1895,1.1638,1.1715,0
1976-04-13,1.1740,1.1946,1.1740,1.1895,0
1976-04-14,1.1895,1.1895,1.1381,1.1406,0
1976-04-15,1.1406,1.1458,1.1252,1.1355,0
1976-04-19,1.1458,1.1638,1.1458,1.1638,0
1976-04-20,1.1715,1.2023,1.1715,1.1997,0
1976-04-21,1.1997,1.2177,1.1895,1.1997,0
1976-04-22,1.1997,1.2100,1.1895,1.1997,0
1976-04-23,1.1972,1.1972,1.1612,1.1715,0
1976-04-26,1.1715,1.1869,1.1561,1.1766,0
1976-04-27,1.1766,1.1766,1.1458,1.1458,0
1976-04-28,1.1458,1.1612,1.1355,1.1612,0
1976-04-29,1.1612,1.1663,1.1406,1.1432,0
1976-04-30,1.1432,1.1458,1.1150,1.1150,0
1976-05-03,1.1150,1.1175,1.0841,1.0995,0
1976-05-04,1.0995,1.1355,1.0970,1.1329,0
1976-05-05,1.1329,1.1381,1.0995,1.1072,0
1976-05-06,1.1098,1.1278,1.1098,1.1278,0
1976-05-07,1.1278,1.1458,1.1252,1.1432,0
1976-05-10,1.1612,1.1792,1.1612,1.1766,0
1976-05-11,1.1766,1.1766,1.1458,1.1458,0
1976-05-12,1.1458,1.1483,1.1278,1.1304,0
1976-05-13,1.1304,1.1355,1.1201,1.1252,0
1976-05-14,1.1201,1.1201,1.1021,1.1098,0
1976-05-17,1.1098,1.1124,1.0816,1.0944,0
1976-05-18,1.0944,1.1072,1.0944,1.0995,0
1976-05-19,1.0995,1.1098,1.0995,1.1047,0
1976-05-20,1.1047,1.1098,1.0944,1.0995,0
1976-05-21,1.0995,1.0995,1.0841,1.0893,0
1976-05-24,1.0841,1.0841,1.0533,1.0533,0
1976-05-25,1.0584,1.0790,1.0584,1.0713,0
1976-05-26,1.0713,1.0841,1.0636,1.0841,0
1976-05-27,1.0841,1.0867,1.0738,1.0867,0
1976-05-28,1.0867,1.1201,1.0867,1.1021,0
1976-06-01,1.1021,1.1047,1.0687,1.0893,0
1976-06-02,1.0893,1.1072,1.0841,1.0918,0
1976-06-03,1.0918,1.0944,1.0687,1.0687,0
1976-06-04,1.0687,1.0713,1.0404,1.0456,0
1976-06-07,1.0456,1.0533,1.0327,1.0533,0
1976-06-08,1.0533,1.0636,1.0404,1.0482,0
1976-06-09,1.0482,1.0559,1.0404,1.0404,0
1976-06-10,1.0404,1.0559,1.0276,1.0533,0
1976-06-11,1.0559,1.0816,1.0559,1.0816,0
1976-06-14,1.0944,1.1098,1.0944,1.1098,0
1976-06-15,1.1098,1.1150,1.0970,1.1047,0
1976-06-16,1.1047,1.1252,1.1021,1.1150,0
1976-06-17,1.1150,1.1483,1.1150,1.1432,0
1976-06-18,1.1561,1.1766,1.1561,1.1612,0
1976-06-21,1.1612,1.1689,1.1535,1.1612,0
1976-06-22,1.1612,1.1612,1.1355,1.1355,0
1976-06-23,1.1355,1.1483,1.1201,1.1406,0
1976-06-24,1.1406,1.1561,1.1406,1.1458,0
1976-06-25,1.1458,1.1535,1.1355,1.1381,0
1976-06-28,1.1381,1.1432,1.1355,1.1355,0
1976-06-29,1.1355,1.1612,1.1304,1.1458,0
1976-06-30,1.1561,1.1740,1.1561,1.1638,0
1976-07-01,1.1638,1.1689,1.1355,1.1406,0
1976-07-02,1.1406,1.1483,1.1355,1.1458,0
1976-07-06,1.1458,1.1586,1.1201,1.1252,0
1976-07-07,1.1252,1.1355,1.1124,1.1278,0
1976-07-08,1.1278,1.1304,1.1072,1.1072,0
1976-07-09,1.1098,1.1355,1.1098,1.1304,0
1976-07-12,1.1329,1.1561,1.1329,1.1432,0
1976-07-13,1.1432,1.1586,1.1329,1.1355,0
1976-07-14,1.1355,1.1509,1.1329,1.1432,0
1976-07-15,1.1406,1.1406,1.0816,1.0944,0
1976-07-16,1.0790,1.0790,1.0584,1.0764,0
1976-07-19,1.0764,1.0790,1.0379,1.0456,0
1976-07-20,1.0456,1.0533,1.0353,1.0482,0
1976-07-21,1.0482,1.0816,1.0404,1.0404,0
1976-07-22,1.0404,1.0636,1.0404,1.0636,0
1976-07-23,1.0636,1.0687,1.0559,1.0610,0
1976-07-26,1.0584,1.0584,1.0430,1.0430,0
1976-07-27,1.0430,1.0533,1.0379,1.0379,0
1976-07-28,1.0379,1.0379,1.0148,1.0302,0
1976-07-29,1.0302,1.0353,1.0071,1.0173,0
1976-07-30,1.0173,1.0276,1.0173,1.0173,0
1976-08-02,1.0173,1.0225,1.0019,1.0045,0
1976-08-03,1.0045,1.0661,0.9993,1.0636,0
1976-08-04,1.0636,1.0867,1.0482,1.0533,0
1976-08-05,1.0533,1.0636,1.0507,1.0559,0
1976-08-06,1.0533,1.0533,1.0276,1.0327,0
1976-08-09,1.0327,1.0353,1.0173,1.0250,0
1976-08-10,1.0250,1.0456,1.0148,1.0353,0
1976-08-11,1.0353,1.0584,1.0327,1.0379,0
1976-08-12,1.0379,1.0456,1.0302,1.0404,0
1976-08-13,1.0430,1.0559,1.0430,1.0533,0
1976-08-16,1.0533,1.0610,1.0456,1.0507,0
1976-08-17,1.0482,1.0482,1.0250,1.0302,0
1976-08-18,1.0302,1.0302,1.0019,1.0071,0
1976-08-19,1.0071,1.0482,0.9788,0.9865,0
1976-08-20,0.9839,0.9839,0.9737,0.9762,0
1976-08-23,0.9762,1.0071,0.9685,1.0045,0
1976-08-24,1.0045,1.0071,0.9788,0.9814,0
1976-08-25,0.9814,1.0019,0.9788,1.0019,0
1976-08-26,0.9993,0.9993,0.9839,0.9865,0
1976-08-27,0.9865,0.9865,0.9737,0.9865,0
1976-08-30,0.9865,1.0045,0.9865,0.9916,0
1976-08-31,1.0019,1.0173,1.0019,1.0122,0
1976-09-01,1.0173,1.0430,1.0173,1.0430,0
1976-09-02,1.0430,1.0559,1.0302,1.0430,0
1976-09-03,1.0430,1.0559,1.0404,1.0559,0
1976-09-07,1.0559,1.0661,1.0559,1.0636,0
1976-09-08,1.0610,1.0610,1.0456,1.0559,0
1976-09-09,1.0533,1.0533,1.0250,1.0250,0
1976-09-10,1.0250,1.0430,1.0071,1.0430,0
1976-09-13,1.0404,1.0404,1.0071,1.0096,0
1976-09-14,1.0096,1.0225,0.9993,1.0019,0
1976-09-15,1.0019,1.0173,0.9891,1.0071,0
1976-09-16,1.0071,1.0327,1.0019,1.0276,0
1976-09-17,1.0302,1.0507,1.0302,1.0404,0
1976-09-20,1.0404,1.0584,1.0327,1.0430,0
1976-09-21,1.0430,1.0584,1.0327,1.0533,0
1976-09-22,1.0533,1.0661,1.0404,1.0404,0
1976-09-23,1.0404,1.0456,1.0122,1.0122,0
1976-09-24,1.0122,1.0148,0.9993,0.9993,0
1976-09-27,1.0019,1.0225,1.0019,1.0173,0
1976-09-28,1.0173,1.0225,0.9993,1.0045,0
1976-09-29,1.0045,1.0045,0.9839,0.9942,0
1976-09-30,0.9942,0.9942,0.9711,0.9839,0
1976-10-01,0.9839,0.9865,0.9557,0.9711,0
1976-10-04,0.9711,0.9737,0.9608,0.9659,0
1976-10-05,0.9608,0.9608,0.9377,0.9454,0
1976-10-06,0.9454,0.9557,0.9300,0.9403,0
1976-10-07,0.9403,0.9454,0.9248,0.9428,0
1976-10-08,0.9428,0.9454,0.8940,0.9017,0
1976-10-11,0.9017,0.9120,0.8863,0.8940,0
1976-10-12,0.8940,0.9094,0.8940,0.8966,0
1976-10-13,0.8966,0.9094,0.8940,0.9043,0
1976-10-14,0.9017,0.9017,0.8914,0.8966,0
1976-10-15,0.8966,0.9223,0.8940,0.9171,0
1976-10-18,0.9171,0.9197,0.9120,0.9197,0
1976-10-19,0.9197,0.9197,0.8992,0.9069,0
1976-10-20,0.9069,0.9094,0.8966,0.8966,0
1976-10-21,0.8966,0.9069,0.8735,0.8735,0
1976-10-22,0.8709,0.8709,0.8478,0.8606,0
1976-10-25,0.8606,0.8735,0.8452,0.8658,0
1976-10-26,0.8658,0.9043,0.8632,0.8940,0
1976-10-27,0.8940,0.9069,0.8889,0.9043,0
1976-10-28,0.9043,0.9300,0.9043,0.9171,0
1976-10-29,0.9197,0.9505,0.9197,0.9505,0
1976-11-01,0.9505,0.9608,0.9377,0.9454,0
1976-11-03,0.9197,0.9197,0.8837,0.9094,0
1976-11-04,0.9146,0.9351,0.9146,0.9248,0
1976-11-05,0.9248,0.9300,0.8992,0.9043,0
1976-11-08,0.9043,0.9043,0.8940,0.8992,0
1976-11-09,0.8992,0.9146,0.8992,0.9017,0
1976-11-10,0.9043,0.9300,0.9043,0.9094,0
1976-11-11,0.9120,0.9403,0.9120,0.9326,0
1976-11-12,0.9326,0.9351,0.9120,0.9146,0
1976-11-15,0.9146,0.9300,0.9094,0.9300,0
1976-11-16,0.9300,0.9377,0.9171,0.9248,0
1976-11-17,0.9248,0.9582,0.9171,0.9428,0
1976-11-18,0.9454,0.9582,0.9454,0.9557,0
1976-11-19,0.9557,0.9659,0.9454,0.9531,0
1976-11-22,0.9531,0.9582,0.9351,0.9403,0
1976-11-23,0.9403,0.9428,0.9274,0.9326,0
1976-11-24,0.9326,0.9326,0.9146,0.9146,0
1976-11-26,0.9146,0.9197,0.8966,0.9043,0
1976-11-29,0.9043,0.9094,0.8940,0.8966,0
1976-11-30,0.8966,0.9017,0.8786,0.8837,0
1976-12-01,0.8837,0.9017,0.8786,0.8966,0
1976-12-02,0.8966,0.9043,0.8837,0.8914,0
1976-12-03,0.8940,0.9120,0.8940,0.9094,0
1976-12-06,0.9094,0.9351,0.9043,0.9351,0
1976-12-07,0.9351,0.9403,0.9248,0.9300,0
1976-12-08,0.9300,0.9403,0.9300,0.9403,0
1976-12-09,0.9428,0.9608,0.9428,0.9505,0
1976-12-10,0.9505,0.9582,0.9480,0.9505,0
1976-12-13,0.9505,0.9557,0.9480,0.9531,0
1976-12-14,0.9531,0.9737,0.9428,0.9737,0
1976-12-15,0.9737,0.9737,0.9582,0.9685,0
1976-12-16,0.9685,0.9685,0.9454,0.9685,0
1976-12-17,0.9685,0.9865,0.9685,0.9711,0
1976-12-20,0.9711,0.9711,0.9505,0.9531,0
1976-12-21,0.9531,0.9659,0.9454,0.9608,0
1976-12-22,0.9659,1.0019,0.9659,0.9839,0
1976-12-23,0.9839,0.9942,0.9762,0.9891,0
1976-12-27,0.9891,1.0019,0.9839,0.9968,0
1976-12-28,0.9968,1.0122,0.9968,1.0045,0
1976-12-29,1.0045,1.0096,0.9916,0.9942,0
1976-12-30,0.9942,1.0096,0.9942,0.9942,0
1976-12-31,0.9942,0.9993,0.9711,0.9711,0
1977-01-03,0.9711,0.9788,0.9608,0.9659,0
1977-01-04,0.9659,0.9685,0.9351,0.9403,0
1977-01-05,0.9403,0.9454,0.9326,0.9403,0
1977-01-06,0.9403,0.9557,0.9274,0.9274,0
1977-01-07,0.9274,0.9274,0.9146,0.9274,0
1977-01-10,0.9274,0.9300,0.9146,0.9223,0
1977-01-11,0.9223,0.9248,0.9069,0.9094,0
1977-01-12,0.9094,0.9223,0.9069,0.9171,0
1977-01-13,0.9197,0.9403,0.9197,0.9300,0
1977-01-14,0.9326,0.9557,0.9326,0.9557,0
1977-01-17,0.9557,0.9634,0.9351,0.9351,0
1977-01-18,0.9351,0.9351,0.9043,0.9146,0
1977-01-19,0.9146,0.9197,0.9094,0.9120,0
1977-01-20,0.9120,0.9197,0.8812,0.8914,0
1977-01-21,0.8914,0.9017,0.8863,0.8992,0
1977-01-24,0.8992,0.9017,0.8889,0.8966,0
1977-01-25,0.8966,0.9043,0.8837,0.8863,0
1977-01-26,0.8863,0.8914,0.8606,0.8632,0
1977-01-27,0.8632,0.8709,0.8426,0.8478,0
1977-01-28,0.8478,0.8503,0.8349,0.8478,0
1977-01-31,0.8478,0.8503,0.8375,0.8478,0
1977-02-01,0.8478,0.8606,0.8452,0.8580,0
1977-02-02,0.8580,0.8709,0.8529,0.8580,0
1977-02-03,0.8555,0.8555,0.8478,0.8529,0
1977-02-04,0.8529,0.8580,0.8478,0.8503,0
1977-02-07,0.8503,0.8555,0.8478,0.8478,0
1977-02-08,0.8503,0.8580,0.8503,0.8503,0
1977-02-09,0.8503,0.8529,0.8349,0.8375,0
1977-02-10,0.8375,0.8426,0.8118,0.8144,0
1977-02-11,0.8144,0.8221,0.7861,0.7887,0
1977-02-14,0.7887,0.7964,0.7707,0.7964,0
1977-02-15,0.8015,0.8092,0.8015,0.8015,0
1977-02-16,0.8041,0.8144,0.8041,0.8118,0
1977-02-17,0.8118,0.8169,0.8041,0.8067,0
1977-02-18,0.8067,0.8092,0.7913,0.8041,0
1977-02-22,0.8041,0.8169,0.8041,0.8067,0
1977-02-23,0.8067,0.8092,0.7913,0.7990,0
1977-02-24,0.7964,0.7964,0.7784,0.7784,0
1977-02-25,0.7784,0.7835,0.7579,0.7810,0
1977-02-28,0.7810,0.7810,0.7681,0.7810,0
1977-03-01,0.7861,0.8118,0.7861,0.8067,0
1977-03-02,0.8067,0.8118,0.7810,0.7913,0
1977-03-03,0.7913,0.8092,0.7861,0.7990,0
1977-03-04,0.7990,0.8118,0.7964,0.8015,0
1977-03-07,0.8015,0.8195,0.7964,0.8169,0
1977-03-08,0.8169,0.8169,0.7938,0.7938,0
1977-03-09,0.7938,0.7938,0.7810,0.7835,0
1977-03-10,0.7835,0.7990,0.7784,0.7990,0
1977-03-11,0.7990,0.8067,0.7913,0.7913,0
1977-03-14,0.7913,0.8041,0.7861,0.8015,0
1977-03-15,0.8015,0.8169,0.7990,0.8041,0
1977-03-16,0.8041,0.8092,0.7990,0.7990,0
1977-03-17,0.7990,0.8041,0.7913,0.8041,0
1977-03-18,0.8041,0.8118,0.7835,0.7861,0
1977-03-21,0.7861,0.7887,0.7656,0.7656,0
1977-03-22,0.7656,0.7681,0.7502,0.7579,0
1977-03-23,0.7579,0.7604,0.7373,0.7399,0
1977-03-24,0.7347,0.7347,0.7116,0.7116,0
1977-03-25,0.7116,0.7245,0.6962,0.7013,0
1977-03-28,0.7039,0.7322,0.7039,0.7296,0
1977-03-29,0.7296,0.7450,0.7296,0.7322,0
1977-03-30,0.7322,0.7424,0.7142,0.7168,0
1977-03-31,0.7168,0.7347,0.7065,0.7142,0
1977-04-01,0.7193,0.7322,0.7193,0.7270,0
1977-04-04,0.7270,0.7296,0.7142,0.7142,0
1977-04-05,0.7142,0.7168,0.7065,0.7090,0
1977-04-06,0.7142,0.7270,0.7142,0.7142,0
1977-04-07,0.7142,0.7270,0.7116,0.7193,0
1977-04-11,0.7193,0.7245,0.7142,0.7168,0
1977-04-12,0.7168,0.7322,0.7168,0.7245,0
1977-04-13,0.7245,0.7270,0.7168,0.7270,0
1977-04-14,0.7296,0.7476,0.7296,0.7347,0
1977-04-15,0.7347,0.7373,0.7245,0.7322,0
1977-04-18,0.7322,0.7630,0.7245,0.7502,0
1977-04-19,0.7502,0.7553,0.7399,0.7502,0
1977-04-20,0.7450,0.7450,0.7347,0.7373,0
1977-04-21,0.7373,0.7399,0.7065,0.7090,0
1977-04-22,0.6988,0.6988,0.6885,0.6962,0
1977-04-25,0.6962,0.7039,0.6911,0.6988,0
1977-04-26,0.6988,0.7039,0.6885,0.6885,0
1977-04-27,0.6885,0.7142,0.6885,0.7039,0
1977-04-28,0.7065,0.7296,0.7065,0.7193,0
1977-04-29,0.7193,0.7245,0.7142,0.7193,0
1977-05-02,0.7193,0.7296,0.7142,0.7270,0
1977-05-03,0.7322,0.7450,0.7322,0.7322,0
1977-05-04,0.7322,0.7450,0.7322,0.7399,0
1977-05-05,0.7399,0.7502,0.7296,0.7373,0
1977-05-06,0.7373,0.7399,0.7270,0.7322,0
1977-05-09,0.7322,0.7373,0.7296,0.7373,0
1977-05-10,0.7373,0.7424,0.7322,0.7399,0
1977-05-11,0.7399,0.7399,0.7219,0.7270,0
1977-05-12,0.7270,0.7347,0.7245,0.7322,0
1977-05-13,0.7322,0.7502,0.7322,0.7450,0
1977-05-16,0.7476,0.7630,0.7476,0.7527,0
1977-05-17,0.7527,0.7630,0.7450,0.7604,0
1977-05-18,0.7604,0.7630,0.7424,0.7450,0
1977-05-19,0.7450,0.7476,0.7373,0.7373,0
1977-05-20,0.7347,0.7347,0.7296,0.7322,0
1977-05-23,0.7322,0.7322,0.7193,0.7245,0
1977-05-24,0.7245,0.7296,0.7168,0.7270,0
1977-05-25,0.7270,0.7296,0.7013,0.7039,0
1977-05-26,0.7039,0.7116,0.6936,0.7013,0
1977-05-27,0.7013,0.7013,0.6757,0.6782,0
1977-05-31,0.6731,0.6731,0.6602,0.6628,0
1977-06-01,0.6628,0.6705,0.6602,0.6679,0
1977-06-02,0.6679,0.6782,0.6654,0.6731,0
1977-06-03,0.6731,0.6859,0.6731,0.6859,0
1977-06-06,0.6859,0.6936,0.6705,0.6757,0
1977-06-07,0.6757,0.6834,0.6679,0.6834,0
1977-06-08,0.6834,0.6911,0.6782,0.6834,0
1977-06-09,0.6834,0.6885,0.6808,0.6859,0
1977-06-10,0.6859,0.6859,0.6782,0.6834,0
1977-06-13,0.6859,0.7090,0.6859,0.7065,0
1977-06-14,0.7065,0.7296,0.7065,0.7296,0
1977-06-15,0.7270,0.7270,0.7116,0.7116,0
1977-06-16,0.7116,0.7296,0.7116,0.7219,0
1977-06-17,0.7219,0.7245,0.7193,0.7245,0
1977-06-20,0.7245,0.7502,0.7245,0.7502,0
1977-06-21,0.7502,0.7579,0.7450,0.7476,0
1977-06-22,0.7476,0.7527,0.7373,0.7502,0
1977-06-23,0.7527,0.7579,0.7527,0.7553,0
1977-06-24,0.7553,0.7630,0.7553,0.7604,0
1977-06-27,0.7630,0.7733,0.7630,0.7733,0
1977-06-28,0.7733,0.7733,0.7579,0.7579,0
1977-06-29,0.7579,0.7604,0.7527,0.7553,0
1977-06-30,0.7579,0.7707,0.7579,0.7579,0
1977-07-01,0.7579,0.7579,0.7476,0.7502,0
1977-07-05,0.7502,0.7527,0.7450,0.7450,0
1977-07-06,0.7450,0.7527,0.7399,0.7399,0
1977-07-07,0.7399,0.7399,0.7296,0.7347,0
1977-07-08,0.7347,0.7450,0.7347,0.7373,0
1977-07-11,0.7373,0.7399,0.7347,0.7373,0
1977-07-12,0.7373,0.7424,0.7296,0.7373,0
1977-07-13,0.7373,0.7373,0.7270,0.7373,0
1977-07-15,0.7373,0.7450,0.7245,0.7450,0
1977-07-18,0.7450,0.7784,0.7399,0.7681,0
1977-07-19,0.7681,0.7733,0.7579,0.7630,0
1977-07-20,0.7630,0.7630,0.7527,0.7553,0
1977-07-21,0.7553,0.7604,0.7527,0.7604,0
1977-07-22,0.7604,0.7656,0.7553,0.7630,0
1977-07-25,0.7630,0.7733,0.7630,0.7656,0
1977-07-26,0.7630,0.7630,0.7579,0.7604,0
1977-07-27,0.7604,0.7604,0.7527,0.7553,0
1977-07-28,0.7553,0.7681,0.7502,0.7656,0
1977-07-29,0.7656,0.7656,0.7553,0.7630,0
1977-08-01,0.7630,0.7810,0.7553,0.7604,0
1977-08-02,0.7604,0.7630,0.7553,0.7579,0
1977-08-03,0.7579,0.7733,0.7579,0.7707,0
1977-08-04,0.7707,0.7913,0.7656,0.7913,0
1977-08-05,0.7913,0.8015,0.7861,0.7861,0
1977-08-08,0.7861,0.7861,0.7656,0.7681,0
1977-08-09,0.7681,0.7733,0.7630,0.7630,0
1977-08-10,0.7656,0.7887,0.7656,0.7887,0
1977-08-11,0.7887,0.7964,0.7758,0.7784,0
1977-08-12,0.7784,0.7938,0.7733,0.7913,0
1977-08-15,0.7913,0.8144,0.7784,0.8118,0
1977-08-16,0.8092,0.8092,0.7990,0.8092,0
1977-08-17,0.8092,0.8298,0.8067,0.8169,0
1977-08-18,0.8169,0.8375,0.8169,0.8272,0
1977-08-19,0.8272,0.8401,0.8195,0.8298,0
1977-08-22,0.8324,0.8529,0.8324,0.8478,0
1977-08-23,0.8478,0.8478,0.8195,0.8247,0
1977-08-24,0.8247,0.8324,0.8195,0.8195,0
1977-08-25,0.8195,0.8272,0.8118,0.8118,0
1977-08-26,0.8118,0.8298,0.8015,0.8272,0
1977-08-29,0.8272,0.8375,0.8272,0.8349,0
1977-08-30,0.8349,0.8375,0.8169,0.8195,0
1977-08-31,0.8195,0.8324,0.8144,0.8298,0
1977-09-01,0.8298,0.8375,0.8195,0.8195,0
1977-09-02,0.8195,0.8247,0.8144,0.8195,0
1977-09-06,0.8195,0.8221,0.8067,0.8144,0
1977-09-07,0.8144,0.8195,0.8067,0.8144,0
1977-09-08,0.8118,0.8118,0.7835,0.7861,0
1977-09-09,0.7861,0.7861,0.7758,0.7835,0
1977-09-12,0.7835,0.7861,0.7681,0.7810,0
1977-09-13,0.7810,0.7887,0.7758,0.7887,0
1977-09-14,0.7887,0.8067,0.7861,0.8041,0
1977-09-15,0.8041,0.8092,0.7964,0.8015,0
1977-09-16,0.8015,0.8015,0.7938,0.7964,0
1977-09-19,0.7938,0.7938,0.7733,0.7758,0
1977-09-20,0.7758,0.7887,0.7758,0.7887,0
1977-09-21,0.7887,0.8015,0.7733,0.7733,0
1977-09-22,0.7784,0.7887,0.7784,0.7861,0
1977-09-23,0.7861,0.7964,0.7810,0.7938,0
1977-09-26,0.7938,0.8118,0.7861,0.8067,0
1977-09-27,0.8067,0.8169,0.7964,0.8092,0
1977-09-28,0.8092,0.8221,0.8067,0.8144,0
1977-09-29,0.8144,0.8247,0.8118,0.8144,0
1977-09-30,0.8144,0.8221,0.8067,0.8118,0
1977-10-03,0.8118,0.8118,0.7990,0.8015,0
1977-10-04,0.8015,0.8067,0.7913,0.7938,0
1977-10-05,0.7938,0.7938,0.7835,0.7861,0
1977-10-06,0.7861,0.8015,0.7861,0.7938,0
1977-10-07,0.7938,0.7990,0.7861,0.7887,0
1977-10-10,0.7887,0.7913,0.7835,0.7861,0
1977-10-11,0.7861,0.7913,0.7656,0.7681,0
1977-10-12,0.7630,0.7630,0.7347,0.7424,0
1977-10-13,0.7424,0.7476,0.7347,0.7476,0
1977-10-14,0.7476,0.7553,0.7399,0.7527,0
1977-10-17,0.7527,0.7604,0.7322,0.7502,0
1977-10-18,0.7502,0.7502,0.7347,0.7347,0
1977-10-19,0.7347,0.7399,0.7116,0.7142,0
1977-10-20,0.7142,0.7270,0.7090,0.7219,0
1977-10-21,0.7219,0.7296,0.7168,0.7219,0
1977-10-24,0.7219,0.7347,0.7168,0.7193,0
1977-10-25,0.7168,0.7168,0.6911,0.7142,0
1977-10-26,0.7142,0.7322,0.7090,0.7322,0
1977-10-27,0.7322,0.7707,0.7296,0.7527,0
1977-10-28,0.7527,0.7630,0.7399,0.7527,0
1977-10-31,0.7450,0.7450,0.7347,0.7450,0
1977-11-01,0.7399,0.7399,0.7322,0.7399,0
1977-11-02,0.7399,0.7399,0.7193,0.7193,0
1977-11-03,0.7193,0.7296,0.7168,0.7245,0
1977-11-04,0.7245,0.7476,0.7245,0.7399,0
1977-11-07,0.7424,0.7502,0.7424,0.7424,0
1977-11-08,0.7424,0.7450,0.7322,0.7347,0
1977-11-09,0.7347,0.7399,0.7296,0.7347,0
1977-11-10,0.7399,0.7707,0.7399,0.7707,0
1977-11-11,0.7810,0.7913,0.7810,0.7887,0
1977-11-14,0.7887,0.7990,0.7810,0.7810,0
1977-11-15,0.7835,0.8118,0.7835,0.8118,0
1977-11-16,0.8118,0.8503,0.8015,0.8298,0
1977-11-17,0.8298,0.8375,0.8169,0.8221,0
1977-11-18,0.8221,0.8298,0.8041,0.8195,0
1977-11-21,0.8195,0.8298,0.8067,0.8272,0
1977-11-22,0.8324,0.8478,0.8324,0.8375,0
1977-11-23,0.8375,0.8426,0.8272,0.8401,0
1977-11-25,0.8401,0.8426,0.8375,0.8401,0
1977-11-28,0.8401,0.8426,0.8298,0.8324,0
1977-11-29,0.8324,0.8503,0.8272,0.8324,0
1977-11-30,0.8324,0.8786,0.8324,0.8786,0
1977-12-01,0.8786,0.8786,0.8478,0.8529,0
1977-12-02,0.8529,0.8709,0.8503,0.8658,0
1977-12-05,0.8606,0.8606,0.8478,0.8478,0
1977-12-06,0.8169,0.8169,0.7964,0.8041,0
1977-12-07,0.8041,0.8092,0.7861,0.7990,0
1977-12-08,0.7990,0.8118,0.7990,0.7990,0
1977-12-09,0.8015,0.8247,0.8015,0.8144,0
1977-12-12,0.8144,0.8272,0.8118,0.8144,0
1977-12-13,0.8144,0.8169,0.7990,0.8118,0
1977-12-14,0.8118,0.8195,0.8067,0.8195,0
1977-12-15,0.8195,0.8247,0.8144,0.8195,0
1977-12-16,0.8195,0.8247,0.8015,0.8015,0
1977-12-19,0.8015,0.8041,0.7784,0.7784,0
1977-12-20,0.7784,0.7964,0.7707,0.7913,0
1977-12-21,0.7913,0.8118,0.7861,0.8092,0
1977-12-22,0.8195,0.8272,0.8195,0.8195,0
1977-12-23,0.8195,0.8298,0.8195,0.8272,0
1977-12-27,0.8272,0.8272,0.8195,0.8247,0
1977-12-28,0.8247,0.8272,0.8169,0.8247,0
1977-12-29,0.8247,0.8324,0.8169,0.8247,0
1977-12-30,0.8247,0.8298,0.8195,0.8221,0
1978-01-03,0.8169,0.8169,0.8041,0.8169,0
1978-01-04,0.8015,0.8015,0.7810,0.7964,0
1978-01-05,0.7964,0.8118,0.7835,0.7861,0
1978-01-06,0.7861,0.7861,0.7630,0.7656,0
1978-01-09,0.7604,0.7604,0.7502,0.7527,0
1978-01-10,0.7527,0.7630,0.7424,0.7502,0
1978-01-11,0.7502,0.7656,0.7450,0.7476,0
1978-01-12,0.7476,0.7604,0.7476,0.7502,0
1978-01-13,0.7502,0.7553,0.7193,0.7296,0
1978-01-16,0.7296,0.7322,0.7142,0.7245,0
1978-01-17,0.7245,0.7373,0.7219,0.7270,0
1978-01-18,0.7270,0.7399,0.7245,0.7399,0
1978-01-19,0.7399,0.7399,0.7193,0.7270,0
1978-01-20,0.7245,0.7245,0.7193,0.7245,0
1978-01-23,0.7142,0.7142,0.6988,0.7065,0
1978-01-24,0.7065,0.7116,0.7013,0.7065,0
1978-01-25,0.7065,0.7142,0.7013,0.7013,0
1978-01-26,0.7013,0.7039,0.6782,0.6782,0
1978-01-27,0.6782,0.6859,0.6705,0.6834,0
1978-01-30,0.6834,0.6911,0.6782,0.6911,0
1978-01-31,0.6911,0.6911,0.6679,0.6808,0
1978-02-01,0.6808,0.6962,0.6757,0.6859,0
1978-02-02,0.6859,0.6988,0.6808,0.6885,0
1978-02-03,0.6885,0.6962,0.6859,0.6936,0
1978-02-06,0.6988,0.7065,0.6988,0.7039,0
1978-02-07,0.7039,0.7116,0.6988,0.7116,0
1978-02-08,0.7116,0.7142,0.7039,0.7090,0
1978-02-09,0.7065,0.7065,0.6885,0.6936,0
1978-02-10,0.6936,0.6988,0.6911,0.6962,0
1978-02-13,0.6962,0.7013,0.6911,0.6962,0
1978-02-14,0.6936,0.6936,0.6859,0.6936,0
1978-02-15,0.6911,0.6911,0.6782,0.6859,0
1978-02-16,0.6834,0.6834,0.6757,0.6757,0
1978-02-17,0.6757,0.6885,0.6757,0.6834,0
1978-02-21,0.6782,0.6782,0.6731,0.6757,0
1978-02-22,0.6757,0.6859,0.6757,0.6782,0
1978-02-23,0.6782,0.6782,0.6679,0.6782,0
1978-02-24,0.6834,0.7039,0.6834,0.6988,0
1978-02-27,0.6988,0.7039,0.6782,0.6782,0
1978-02-28,0.6731,0.6731,0.6602,0.6654,0
1978-03-01,0.6654,0.6705,0.6602,0.6705,0
1978-03-02,0.6705,0.6782,0.6679,0.6757,0
1978-03-03,0.6757,0.6782,0.6705,0.6757,0
1978-03-06,0.6757,0.6757,0.6705,0.6731,0
1978-03-07,0.6731,0.6859,0.6731,0.6834,0
1978-03-08,0.6885,0.6988,0.6885,0.6962,0
1978-03-09,0.6962,0.7013,0.6859,0.6859,0
1978-03-10,0.6911,0.6962,0.6911,0.6911,0
1978-03-13,0.6911,0.7065,0.6885,0.6911,0
1978-03-14,0.6911,0.6911,0.6834,0.6859,0
1978-03-15,0.6859,0.6859,0.6654,0.6679,0
1978-03-16,0.6679,0.6731,0.6602,0.6731,0
1978-03-17,0.6731,0.6885,0.6654,0.6834,0
1978-03-20,0.6834,0.6988,0.6782,0.6936,0
1978-03-21,0.6936,0.6988,0.6757,0.6834,0
1978-03-22,0.6757,0.6757,0.6679,0.6731,0
1978-03-23,0.6705,0.6705,0.6628,0.6654,0
1978-03-27,0.6654,0.6654,0.6525,0.6551,0
1978-03-28,0.6551,0.6654,0.6525,0.6602,0
1978-03-29,0.6602,0.6731,0.6602,0.6731,0
1978-03-30,0.6731,0.6731,0.6628,0.6654,0
1978-03-31,0.6654,0.6679,0.6577,0.6654,0
1978-04-03,0.6602,0.6602,0.6500,0.6500,0
1978-04-04,0.6500,0.6577,0.6474,0.6551,0
1978-04-05,0.6551,0.6757,0.6500,0.6679,0
1978-04-06,0.6679,0.6885,0.6654,0.6808,0
1978-04-07,0.6808,0.6962,0.6782,0.6911,0
1978-04-10,0.6911,0.7039,0.6911,0.7013,0
1978-04-11,0.7013,0.7039,0.6885,0.6962,0
1978-04-12,0.6962,0.7065,0.6911,0.6936,0
1978-04-13,0.7039,0.7322,0.7039,0.7322,0
1978-04-14,0.7347,0.7553,0.7347,0.7347,0
1978-04-17,0.7399,0.7656,0.7399,0.7424,0
1978-04-18,0.7424,0.7527,0.7322,0.7450,0
1978-04-19,0.7450,0.7527,0.7424,0.7502,0
1978-04-20,0.7604,0.7733,0.7604,0.7707,0
1978-04-21,0.7707,0.7784,0.7630,0.7758,0
1978-04-24,0.7758,0.8118,0.7681,0.8118,0
1978-04-25,0.8118,0.8324,0.8015,0.8041,0
1978-04-26,0.8041,0.8118,0.7913,0.7964,0
1978-04-27,0.7887,0.7887,0.7733,0.7784,0
1978-04-28,0.7810,0.7964,0.7810,0.7938,0
1978-05-01,0.7938,0.8092,0.7913,0.8015,0
1978-05-02,0.7990,0.7990,0.7784,0.7784,0
1978-05-03,0.7784,0.7784,0.7553,0.7553,0
1978-05-04,0.7553,0.7681,0.7347,0.7604,0
1978-05-05,0.7656,0.7810,0.7656,0.7707,0
1978-05-08,0.7707,0.7810,0.7656,0.7681,0
1978-05-09,0.7681,0.7733,0.7604,0.7656,0
1978-05-10,0.7656,0.7707,0.7604,0.7681,0
1978-05-11,0.7681,0.7964,0.7656,0.7913,0
1978-05-12,0.7938,0.8092,0.7938,0.8015,0
1978-05-15,0.8015,0.8041,0.7913,0.7990,0
1978-05-16,0.8067,0.8169,0.8067,0.8118,0
1978-05-17,0.8118,0.8324,0.8118,0.8169,0
1978-05-18,0.8169,0.8324,0.8118,0.8144,0
1978-05-19,0.8144,0.8247,0.8041,0.8118,0
1978-05-22,0.8118,0.8426,0.8092,0.8426,0
1978-05-23,0.8426,0.8555,0.8349,0.8375,0
1978-05-24,0.8324,0.8324,0.8169,0.8298,0
1978-05-25,0.8298,0.8375,0.8195,0.8221,0
1978-05-26,0.8221,0.8298,0.8195,0.8272,0
1978-05-30,0.8272,0.8401,0.8221,0.8375,0
1978-05-31,0.8375,0.8555,0.8349,0.8503,0
1978-06-01,0.8503,0.8503,0.8401,0.8401,0
1978-06-02,0.8401,0.8529,0.8375,0.8478,0
1978-06-05,0.8478,0.8966,0.8478,0.8914,0
1978-06-06,0.9017,0.9171,0.9017,0.9120,0
1978-06-07,0.9120,0.9171,0.9017,0.9094,0
1978-06-08,0.9094,0.9300,0.9043,0.9043,0
1978-06-09,0.9043,0.9120,0.9017,0.9069,0
1978-06-12,0.9069,0.9094,0.8786,0.8786,0
1978-06-13,0.8786,0.8966,0.8580,0.8966,0
1978-06-14,0.8966,0.9043,0.8735,0.8786,0
1978-06-15,0.8786,0.8837,0.8478,0.8632,0
1978-06-16,0.8632,0.8683,0.8580,0.8632,0
1978-06-19,0.8632,0.8683,0.8529,0.8632,0
1978-06-20,0.8606,0.8606,0.8375,0.8426,0
1978-06-21,0.8426,0.8529,0.8324,0.8426,0
1978-06-22,0.8426,0.8478,0.8401,0.8426,0
1978-06-23,0.8426,0.8529,0.8324,0.8426,0
1978-06-26,0.8375,0.8375,0.8067,0.8092,0
1978-06-27,0.8092,0.8298,0.8041,0.8247,0
1978-06-28,0.8247,0.8375,0.8118,0.8324,0
1978-06-29,0.8324,0.8349,0.8247,0.8324,0
1978-06-30,0.8324,0.8324,0.8195,0.8221,0
1978-07-03,0.8221,0.8221,0.8067,0.8169,0
1978-07-05,0.8169,0.8221,0.8067,0.8221,0
1978-07-06,0.8221,0.8324,0.8169,0.8324,0
1978-07-07,0.8324,0.8529,0.8324,0.8426,0
1978-07-10,0.8426,0.8478,0.8298,0.8478,0
1978-07-11,0.8478,0.8478,0.8298,0.8298,0
1978-07-12,0.8298,0.8324,0.8195,0.8298,0
1978-07-13,0.8298,0.8298,0.8247,0.8247,0
1978-07-14,0.8247,0.8452,0.8247,0.8452,0
1978-07-17,0.8452,0.8529,0.8401,0.8426,0
1978-07-18,0.8375,0.8375,0.8247,0.8247,0
1978-07-19,0.8272,0.8401,0.8272,0.8375,0
1978-07-20,0.8375,0.8478,0.8298,0.8324,0
1978-07-21,0.8298,0.8298,0.8221,0.8221,0
1978-07-24,0.8221,0.8324,0.8195,0.8324,0
1978-07-25,0.8324,0.8401,0.8247,0.8401,0
1978-07-26,0.8401,0.8452,0.8221,0.8272,0
1978-07-27,0.8272,0.8375,0.8221,0.8272,0
1978-07-28,0.8272,0.8375,0.8221,0.8349,0
1978-07-31,0.8349,0.8709,0.8349,0.8683,0
1978-08-01,0.8683,0.8812,0.8580,0.8735,0
1978-08-02,0.8735,0.8992,0.8683,0.8992,0
1978-08-03,0.9017,0.9248,0.9017,0.9043,0
1978-08-04,0.9043,0.9146,0.8966,0.9146,0
1978-08-07,0.9146,0.9300,0.9069,0.9120,0
1978-08-08,0.9120,0.9454,0.9017,0.9403,0
1978-08-09,0.9403,0.9582,0.9351,0.9377,0
1978-08-10,0.9377,0.9454,0.9274,0.9326,0
1978-08-11,0.9326,0.9557,0.9274,0.9557,0
1978-08-14,0.9557,0.9557,0.9326,0.9351,0
1978-08-15,0.9351,0.9403,0.9223,0.9403,0
1978-08-16,0.9403,0.9557,0.9377,0.9557,0
1978-08-17,0.9557,0.9685,0.9505,0.9505,0
1978-08-18,0.9505,0.9634,0.9480,0.9557,0
1978-08-21,0.9531,0.9531,0.9197,0.9197,0
1978-08-22,0.9197,0.9326,0.9146,0.9274,0
1978-08-23,0.9326,0.9505,0.9326,0.9454,0
1978-08-24,0.9454,0.9608,0.9428,0.9428,0
1978-08-25,0.9428,0.9428,0.9326,0.9403,0
1978-08-28,0.9351,0.9351,0.9171,0.9197,0
1978-08-29,0.9197,0.9197,0.9017,0.9043,0
1978-08-30,0.9043,0.9146,0.8966,0.9069,0
1978-08-31,0.9069,0.9146,0.8709,0.8837,0
1978-09-01,0.8837,0.9017,0.8837,0.8863,0
1978-09-05,0.8863,0.8966,0.8812,0.8889,0
1978-09-06,0.8992,0.9248,0.8992,0.9146,0
1978-09-07,0.9146,0.9223,0.8940,0.8992,0
1978-09-08,0.9120,0.9274,0.9120,0.9274,0
1978-09-11,0.9300,0.9557,0.9300,0.9326,0
1978-09-12,0.9326,0.9428,0.9197,0.9351,0
1978-09-13,0.9351,0.9403,0.9197,0.9197,0
1978-09-14,0.9197,0.9248,0.9043,0.9043,0
1978-09-15,0.9043,0.9043,0.8889,0.9043,0
1978-09-18,0.9043,0.9146,0.8735,0.8735,0
1978-09-19,0.8709,0.8709,0.8529,0.8580,0
1978-09-20,0.8580,0.8606,0.8349,0.8426,0
1978-09-21,0.8375,0.8375,0.8169,0.8272,0
1978-09-22,0.8298,0.8401,0.8298,0.8375,0
1978-09-25,0.8375,0.8375,0.8298,0.8349,0
1978-09-26,0.8349,0.8580,0.8349,0.8555,0
1978-09-27,0.8555,0.8683,0.8426,0.8426,0
1978-09-28,0.8426,0.8632,0.8375,0.8632,0
1978-09-29,0.8632,0.8812,0.8580,0.8760,0
1978-10-02,0.8760,0.8889,0.8735,0.8812,0
1978-10-03,0.8812,0.8837,0.8580,0.8606,0
1978-10-04,0.8606,0.8735,0.8555,0.8683,0
1978-10-05,0.8683,0.8837,0.8683,0.8786,0
1978-10-06,0.8786,0.8914,0.8786,0.8786,0
1978-10-09,0.8786,0.8914,0.8786,0.8889,0
1978-10-10,0.8889,0.8914,0.8786,0.8786,0
1978-10-11,0.8786,0.8889,0.8735,0.8889,0
1978-10-12,0.8914,0.9146,0.8914,0.9017,0
1978-10-13,0.8914,0.8914,0.8863,0.8889,0
1978-10-16,0.8889,0.8914,0.8735,0.8735,0
1978-10-17,0.8632,0.8632,0.8401,0.8452,0
1978-10-18,0.8452,0.8529,0.8401,0.8426,0
1978-10-19,0.8426,0.8503,0.8426,0.8426,0
1978-10-20,0.8375,0.8375,0.8169,0.8221,0
1978-10-23,0.8195,0.8195,0.8015,0.8067,0
1978-10-24,0.8067,0.8169,0.8015,0.8015,0
1978-10-25,0.8015,0.8092,0.7938,0.7938,0
1978-10-26,0.7913,0.7913,0.7707,0.7810,0
1978-10-27,0.7810,0.7810,0.7502,0.7502,0
1978-10-30,0.7502,0.7707,0.7296,0.7681,0
1978-10-31,0.7681,0.7733,0.7424,0.7424,0
1978-11-01,0.7579,0.7913,0.7579,0.7913,0
1978-11-02,0.7913,0.8272,0.7913,0.8015,0
1978-11-03,0.8015,0.8067,0.7861,0.7913,0
1978-11-06,0.7887,0.7887,0.7630,0.7630,0
1978-11-07,0.7604,0.7604,0.7424,0.7527,0
1978-11-08,0.7527,0.7707,0.7502,0.7707,0
1978-11-09,0.7707,0.7861,0.7656,0.7810,0
1978-11-10,0.7810,0.7861,0.7733,0.7810,0
1978-11-13,0.7810,0.7835,0.7553,0.7553,0
1978-11-14,0.7553,0.7656,0.7399,0.7502,0
1978-11-15,0.7502,0.7656,0.7502,0.7527,0
1978-11-16,0.7604,0.7733,0.7604,0.7630,0
1978-11-17,0.7630,0.7707,0.7630,0.7681,0
1978-11-20,0.7681,0.7810,0.7681,0.7758,0
1978-11-21,0.7758,0.7835,0.7681,0.7758,0
1978-11-22,0.7758,0.7835,0.7733,0.7835,0
1978-11-24,0.7835,0.7861,0.7758,0.7861,0
1978-11-27,0.7861,0.8015,0.7835,0.7964,0
1978-11-28,0.7964,0.7990,0.7784,0.7784,0
1978-11-29,0.7784,0.7861,0.7630,0.7707,0
1978-11-30,0.7707,0.7861,0.7707,0.7810,0
1978-12-01,0.7835,0.8041,0.7835,0.8041,0
1978-12-04,0.8041,0.8092,0.7964,0.8041,0
1978-12-05,0.8041,0.8298,0.7938,0.8298,0
1978-12-06,0.8298,0.8298,0.8118,0.8169,0
1978-12-07,0.8169,0.8221,0.8041,0.8067,0
1978-12-08,0.8067,0.8144,0.7964,0.8067,0
1978-12-11,0.8067,0.8247,0.7990,0.8169,0
1978-12-12,0.8169,0.8221,0.8092,0.8118,0
1978-12-13,0.8118,0.8195,0.8015,0.8067,0
1978-12-14,0.8067,0.8169,0.8067,0.8169,0
1978-12-15,0.8169,0.8195,0.8118,0.8144,0
1978-12-18,0.7835,0.7835,0.7681,0.7758,0
1978-12-19,0.7758,0.7887,0.7733,0.7758,0
1978-12-20,0.7758,0.7861,0.7733,0.7810,0
1978-12-21,0.7810,0.7938,0.7784,0.7784,0
1978-12-22,0.7784,0.7990,0.7733,0.7964,0
1978-12-26,0.7964,0.8221,0.7938,0.8221,0
1978-12-27,0.8221,0.8221,0.8118,0.8195,0
1978-12-28,0.8195,0.8324,0.8169,0.8221,0
1978-12-29,0.8221,0.8298,0.8195,0.8247,0
1979-01-02,0.8247,0.8272,0.8118,0.8272,0
1979-01-03,0.8272,0.8503,0.8247,0.8503,0
1979-01-04,0.8555,0.8735,0.8555,0.8658,0
1979-01-05,0.8658,0.8683,0.8580,0.8632,0
1979-01-08,0.8580,0.8580,0.8529,0.8580,0
1979-01-09,0.8580,0.8786,0.8580,0.8709,0
1979-01-10,0.8658,0.8658,0.8478,0.8529,0
1979-01-11,0.8529,0.8837,0.8529,0.8837,0
1979-01-12,0.8863,0.9017,0.8863,0.8992,0
1979-01-15,0.8992,0.9069,0.8889,0.9043,0
1979-01-16,0.8992,0.8992,0.8837,0.8889,0
1979-01-17,0.8863,0.8863,0.8632,0.8837,0
1979-01-18,0.8837,0.8889,0.8812,0.8889,0
1979-01-19,0.8889,0.8992,0.8837,0.8863,0
1979-01-22,0.8863,0.8940,0.8837,0.8940,0
1979-01-23,0.8940,0.8966,0.8812,0.8863,0
1979-01-24,0.8863,0.8914,0.8735,0.8837,0
1979-01-25,0.8837,0.8914,0.8812,0.8837,0
1979-01-26,0.8889,0.9017,0.8889,0.8966,0
1979-01-29,0.8966,0.9017,0.8863,0.8863,0
1979-01-30,0.8863,0.8940,0.8786,0.8786,0
1979-01-31,0.8786,0.8812,0.8478,0.8503,0
1979-02-01,0.8503,0.8529,0.8401,0.8426,0
1979-02-02,0.8426,0.8478,0.8144,0.8195,0
1979-02-05,0.8195,0.8195,0.7990,0.8015,0
1979-02-06,0.8015,0.8144,0.7990,0.8067,0
1979-02-07,0.8041,0.8041,0.7758,0.7810,0
1979-02-08,0.7810,0.7887,0.7784,0.7861,0
1979-02-09,0.7861,0.7887,0.7758,0.7810,0
1979-02-12,0.7810,0.7938,0.7733,0.7887,0
1979-02-13,0.7938,0.8144,0.7938,0.8067,0
1979-02-14,0.8067,0.8169,0.8041,0.8092,0
1979-02-15,0.8092,0.8092,0.8015,0.8041,0
1979-02-16,0.8041,0.8092,0.8015,0.8015,0
1979-02-20,0.8041,0.8144,0.8041,0.8118,0
1979-02-21,0.8118,0.8144,0.8015,0.8015,0
1979-02-22,0.8015,0.8041,0.7887,0.7964,0
1979-02-23,0.7964,0.7964,0.7810,0.7835,0
1979-02-26,0.7835,0.7887,0.7784,0.7810,0
1979-02-27,0.7758,0.7758,0.7604,0.7604,0
1979-02-28,0.7604,0.7681,0.7553,0.7630,0
1979-03-01,0.7630,0.7630,0.7527,0.7604,0
1979-03-02,0.7604,0.7656,0.7553,0.7553,0
1979-03-05,0.7553,0.7784,0.7502,0.7656,0
1979-03-06,0.7656,0.7707,0.7502,0.7527,0
1979-03-07,0.7527,0.7604,0.7476,0.7604,0
1979-03-08,0.7604,0.7707,0.7579,0.7656,0
1979-03-09,0.7733,0.7861,0.7733,0.7810,0
1979-03-12,0.7810,0.7861,0.7681,0.7835,0
1979-03-13,0.7835,0.7913,0.7784,0.7861,0
1979-03-14,0.7861,0.7861,0.7733,0.7835,0
1979-03-15,0.7835,0.7835,0.7681,0.7681,0
1979-03-16,0.7681,0.7784,0.7604,0.7733,0
1979-03-19,0.7733,0.7758,0.7630,0.7656,0
1979-03-20,0.7656,0.7707,0.7553,0.7553,0
1979-03-21,0.7553,0.7810,0.7553,0.7810,0
1979-03-22,0.7861,0.8067,0.7861,0.7887,0
1979-03-23,0.7887,0.7990,0.7861,0.7861,0
1979-03-26,0.7861,0.7913,0.7758,0.7758,0
1979-03-27,0.7758,0.7913,0.7758,0.7913,0
1979-03-28,0.7913,0.7913,0.7835,0.7913,0
1979-03-29,0.7964,0.8118,0.7964,0.8067,0
1979-03-30,0.8067,0.8169,0.8041,0.8067,0
1979-04-02,0.7938,0.7938,0.7861,0.7861,0
1979-04-03,0.7887,0.8092,0.7887,0.8067,0
1979-04-04,0.8118,0.8272,0.8118,0.8144,0
1979-04-05,0.8144,0.8247,0.8144,0.8195,0
1979-04-06,0.8195,0.8221,0.8144,0.8144,0
1979-04-09,0.8144,0.8169,0.8015,0.8067,0
1979-04-10,0.8067,0.8169,0.8015,0.8041,0
1979-04-11,0.8092,0.8298,0.8092,0.8169,0
1979-04-12,0.8169,0.8195,0.8015,0.8195,0
1979-04-16,0.8067,0.8067,0.7964,0.7964,0
1979-04-17,0.7964,0.8015,0.7810,0.7810,0
1979-04-18,0.7810,0.8092,0.7810,0.7835,0
1979-04-19,0.7835,0.7887,0.7681,0.7707,0
1979-04-20,0.7707,0.7810,0.7656,0.7733,0
1979-04-23,0.7733,0.7758,0.7707,0.7758,0
1979-04-24,0.7758,0.7861,0.7733,0.7810,0
1979-04-25,0.7810,0.7913,0.7758,0.7835,0
1979-04-26,0.7835,0.7964,0.7784,0.7861,0
1979-04-27,0.7835,0.7835,0.7758,0.7784,0
1979-04-30,0.7784,0.7810,0.7681,0.7758,0
1979-05-01,0.7758,0.7758,0.7656,0.7681,0
1979-05-02,0.7656,0.7656,0.7553,0.7553,0
1979-05-03,0.7553,0.7553,0.7424,0.7450,0
1979-05-04,0.7450,0.7450,0.7347,0.7347,0
1979-05-07,0.7347,0.7347,0.7116,0.7116,0
1979-05-08,0.7116,0.7142,0.7039,0.7065,0
1979-05-09,0.7065,0.7090,0.6936,0.7013,0
1979-05-10,0.7013,0.7065,0.6782,0.6808,0
1979-05-11,0.6808,0.6885,0.6782,0.6885,0
1979-05-14,0.6885,0.6936,0.6834,0.6911,0
1979-05-15,0.6911,0.7090,0.6911,0.6936,0
1979-05-16,0.6936,0.7090,0.6936,0.7039,0
1979-05-17,0.7065,0.7219,0.7065,0.7193,0
1979-05-18,0.7245,0.7347,0.7245,0.7245,0
1979-05-21,0.7245,0.7373,0.7193,0.7347,0
1979-05-22,0.7322,0.7322,0.7193,0.7270,0
1979-05-23,0.7270,0.7270,0.6936,0.6936,0
1979-05-24,0.6936,0.7065,0.6911,0.7013,0
1979-05-25,0.7013,0.7090,0.7013,0.7039,0
1979-05-29,0.7039,0.7116,0.7013,0.7065,0
1979-05-30,0.7065,0.7142,0.7039,0.7065,0
1979-05-31,0.7065,0.7065,0.7013,0.7039,0
1979-06-01,0.7039,0.7090,0.7013,0.7065,0
1979-06-04,0.7065,0.7090,0.7065,0.7090,0
1979-06-05,0.7090,0.7270,0.7065,0.7270,0
1979-06-06,0.7347,0.7450,0.7347,0.7450,0
1979-06-07,0.7450,0.7502,0.7450,0.7450,0
1979-06-08,0.7450,0.7476,0.7399,0.7450,0
1979-06-11,0.7450,0.7476,0.7424,0.7450,0
1979-06-12,0.7450,0.7604,0.7450,0.7527,0
1979-06-13,0.7527,0.7527,0.7450,0.7450,0
1979-06-14,0.7399,0.7399,0.7296,0.7347,0
1979-06-15,0.7347,0.7373,0.7245,0.7270,0
1979-06-18,0.7270,0.7322,0.7245,0.7245,0
1979-06-19,0.7245,0.7322,0.7245,0.7296,0
1979-06-20,0.7296,0.7347,0.7270,0.7270,0
1979-06-21,0.7270,0.7373,0.7270,0.7322,0
1979-06-22,0.7322,0.7450,0.7296,0.7322,0
1979-06-25,0.7322,0.7322,0.7168,0.7219,0
1979-06-26,0.7168,0.7168,0.7013,0.7013,0
1979-06-27,0.7013,0.7142,0.7013,0.7090,0
1979-06-28,0.7090,0.7142,0.7013,0.7090,0
1979-06-29,0.7090,0.7090,0.6936,0.6936,0
1979-07-02,0.6936,0.6962,0.6911,0.6962,0
1979-07-03,0.6962,0.7013,0.6885,0.6962,0
1979-07-05,0.6962,0.7039,0.6936,0.6962,0
1979-07-06,0.6962,0.7013,0.6962,0.7013,0
1979-07-09,0.7090,0.7168,0.7090,0.7116,0
1979-07-10,0.7116,0.7245,0.7090,0.7245,0
1979-07-11,0.7245,0.7347,0.7116,0.7270,0
1979-07-12,0.7270,0.7399,0.7219,0.7399,0
1979-07-13,0.7399,0.7399,0.7270,0.7322,0
1979-07-16,0.7296,0.7296,0.7219,0.7245,0
1979-07-17,0.7245,0.7270,0.7168,0.7193,0
1979-07-18,0.7193,0.7502,0.7116,0.7502,0
1979-07-19,0.7502,0.7553,0.7347,0.7347,0
1979-07-20,0.7347,0.7399,0.7322,0.7347,0
1979-07-23,0.7347,0.7424,0.7347,0.7373,0
1979-07-24,0.7373,0.7579,0.7373,0.7502,0
1979-07-25,0.7527,0.7630,0.7527,0.7553,0
1979-07-26,0.7553,0.7810,0.7502,0.7733,0
1979-07-27,0.7733,0.7733,0.7604,0.7733,0
1979-07-30,0.7733,0.7964,0.7733,0.7964,0
1979-07-31,0.7964,0.8144,0.7964,0.8092,0
1979-08-01,0.8092,0.8221,0.8067,0.8169,0
1979-08-02,0.8169,0.8272,0.8144,0.8169,0
1979-08-03,0.8169,0.8221,0.8092,0.8169,0
1979-08-06,0.8169,0.8349,0.8092,0.8349,0
1979-08-07,0.8349,0.8580,0.8247,0.8529,0
1979-08-08,0.8555,0.8735,0.8555,0.8632,0
1979-08-09,0.8606,0.8606,0.8478,0.8503,0
1979-08-10,0.8503,0.8580,0.8452,0.8503,0
1979-08-13,0.8503,0.8606,0.8349,0.8401,0
1979-08-14,0.8401,0.8401,0.8298,0.8349,0
1979-08-15,0.8349,0.8555,0.8272,0.8555,0
1979-08-16,0.8555,0.8606,0.8426,0.8426,0
1979-08-17,0.8426,0.8426,0.8298,0.8401,0
1979-08-20,0.8349,0.8349,0.8221,0.8272,0
1979-08-21,0.8272,0.8324,0.8247,0.8272,0
1979-08-22,0.8272,0.8272,0.8169,0.8247,0
1979-08-23,0.8247,0.8298,0.8195,0.8195,0
1979-08-24,0.8169,0.8169,0.8092,0.8118,0
1979-08-27,0.8169,0.8324,0.8169,0.8221,0
1979-08-28,0.8221,0.8298,0.8195,0.8247,0
1979-08-29,0.8247,0.8298,0.8221,0.8272,0
1979-08-30,0.8272,0.8272,0.8221,0.8247,0
1979-08-31,0.8247,0.8324,0.8221,0.8221,0
1979-09-04,0.8221,0.8298,0.8221,0.8221,0
1979-09-05,0.8118,0.8118,0.8015,0.8067,0
1979-09-06,0.8067,0.8221,0.8015,0.8144,0
1979-09-07,0.8144,0.8298,0.8092,0.8298,0
1979-09-10,0.8272,0.8272,0.8221,0.8247,0
1979-09-11,0.8247,0.8272,0.8195,0.8221,0
1979-09-12,0.8221,0.8298,0.8144,0.8298,0
1979-09-13,0.8298,0.8452,0.8298,0.8375,0
1979-09-14,0.8375,0.8606,0.8324,0.8529,0
1979-09-17,0.8529,0.8683,0.8478,0.8478,0
1979-09-18,0.8478,0.8529,0.8375,0.8426,0
1979-09-19,0.8349,0.8349,0.8221,0.8221,0
1979-09-20,0.8221,0.8324,0.8144,0.8324,0
1979-09-21,0.8324,0.8349,0.8247,0.8324,0
1979-09-24,0.8298,0.8298,0.8221,0.8247,0
1979-09-25,0.8247,0.8324,0.8221,0.8324,0
1979-09-26,0.8324,0.8401,0.8272,0.8298,0
1979-09-27,0.8298,0.8324,0.8221,0.8324,0
1979-09-28,0.8324,0.8324,0.8247,0.8272,0
1979-10-01,0.8221,0.8221,0.8169,0.8169,0
1979-10-02,0.8169,0.8195,0.8067,0.8144,0
1979-10-03,0.8144,0.8169,0.8067,0.8092,0
1979-10-04,0.8092,0.8144,0.8041,0.8118,0
1979-10-05,0.8118,0.8195,0.8067,0.8144,0
1979-10-08,0.8144,0.8144,0.8118,0.8118,0
1979-10-09,0.8118,0.8118,0.7938,0.7964,0
1979-10-10,0.7964,0.8067,0.7681,0.8067,0
1979-10-11,0.8015,0.8015,0.7810,0.7913,0
1979-10-12,0.7913,0.7964,0.7887,0.7887,0
1979-10-15,0.7887,0.7964,0.7784,0.7887,0
1979-10-16,0.7887,0.7887,0.7784,0.7887,0
1979-10-17,0.7887,0.7938,0.7861,0.7913,0
1979-10-18,0.7887,0.7887,0.7810,0.7835,0
1979-10-19,0.7810,0.7810,0.7630,0.7630,0
1979-10-22,0.7604,0.7604,0.7424,0.7579,0
1979-10-23,0.7579,0.7707,0.7527,0.7553,0
1979-10-24,0.7553,0.7707,0.7527,0.7553,0
1979-10-25,0.7553,0.7656,0.7553,0.7579,0
1979-10-26,0.7579,0.7681,0.7553,0.7656,0
1979-10-29,0.7656,0.7707,0.7604,0.7604,0
1979-10-30,0.7604,0.7758,0.7579,0.7758,0
1979-10-31,0.7733,0.7733,0.7604,0.7630,0
1979-11-01,0.7630,0.7630,0.7527,0.7604,0
1979-11-02,0.7604,0.7656,0.7527,0.7630,0
1979-11-05,0.7604,0.7604,0.7527,0.7527,0
1979-11-06,0.7502,0.7502,0.7424,0.7450,0
1979-11-07,0.7399,0.7399,0.7296,0.7347,0
1979-11-08,0.7347,0.7502,0.7347,0.7476,0
1979-11-09,0.7476,0.7579,0.7476,0.7553,0
1979-11-12,0.7553,0.7681,0.7527,0.7681,0
1979-11-13,0.7630,0.7630,0.7553,0.7553,0
1979-11-14,0.7553,0.7604,0.7450,0.7604,0
1979-11-15,0.7604,0.7681,0.7553,0.7604,0
1979-11-16,0.7604,0.7656,0.7502,0.7527,0
1979-11-19,0.7553,0.7656,0.7553,0.7579,0
1979-11-20,0.7579,0.7656,0.7502,0.7502,0
1979-11-21,0.7502,0.7656,0.7476,0.7656,0
1979-11-23,0.7656,0.7810,0.7604,0.7784,0
1979-11-26,0.7810,0.8118,0.7810,0.8067,0
1979-11-27,0.8067,0.8169,0.7990,0.8144,0
1979-11-28,0.8144,0.8221,0.8015,0.8144,0
1979-11-29,0.8144,0.8247,0.8041,0.8118,0
1979-11-30,0.8118,0.8169,0.8092,0.8118,0
1979-12-03,0.8118,0.8375,0.8092,0.8272,0
1979-12-04,0.8298,0.8478,0.8298,0.8401,0
1979-12-05,0.8401,0.8529,0.8401,0.8426,0
1979-12-06,0.8426,0.8452,0.8324,0.8375,0
1979-12-07,0.8375,0.8529,0.8247,0.8247,0
1979-12-10,0.8247,0.8324,0.8144,0.8298,0
1979-12-11,0.8298,0.8426,0.8247,0.8375,0
1979-12-12,0.8375,0.8683,0.8324,0.8632,0
1979-12-13,0.8632,0.8992,0.8632,0.8992,0
1979-12-14,0.8992,0.9120,0.8889,0.9043,0
1979-12-17,0.9043,0.9120,0.8940,0.8992,0
1979-12-18,0.8940,0.8940,0.8580,0.8580,0
1979-12-19,0.8580,0.8658,0.8349,0.8658,0
1979-12-20,0.8658,0.8914,0.8658,0.8914,0
1979-12-21,0.8914,0.8966,0.8786,0.8837,0
1979-12-24,0.8837,0.8837,0.8735,0.8812,0
1979-12-26,0.8812,0.9094,0.8760,0.9094,0
1979-12-27,0.9094,0.9274,0.9094,0.9197,0
1979-12-28,0.9223,0.9351,0.9223,0.9274,0
1979-12-31,0.9274,0.9300,0.9197,0.9223,0
1980-01-02,0.9223,0.9248,0.8940,0.8940,0
1980-01-03,0.8914,0.8914,0.8529,0.8837,0
1980-01-04,0.8863,0.8992,0.8863,0.8940,0
1980-01-07,0.8940,0.9017,0.8863,0.8966,0
1980-01-08,0.8966,0.9248,0.8889,0.9146,0
1980-01-09,0.9146,0.9454,0.8940,0.9094,0
1980-01-10,0.9094,0.9351,0.8992,0.9248,0
1980-01-11,0.9248,0.9403,0.9248,0.9248,0
1980-01-14,0.9248,0.9300,0.9120,0.9171,0
1980-01-15,0.9171,0.9326,0.9069,0.9248,0
1980-01-16,0.9326,0.9608,0.9326,0.9403,0
1980-01-17,0.9403,0.9685,0.9351,0.9659,0
1980-01-18,0.9659,0.9711,0.9634,0.9685,0
1980-01-21,0.9685,0.9891,0.9582,0.9814,0
1980-01-22,0.9814,0.9839,0.9557,0.9557,0
1980-01-23,0.9557,0.9659,0.9505,0.9582,0
1980-01-24,0.9608,0.9737,0.9608,0.9659,0
1980-01-25,0.9659,0.9762,0.9634,0.9762,0
1980-01-28,0.9762,0.9788,0.9659,0.9659,0
1980-01-29,0.9659,0.9737,0.9531,0.9582,0
1980-01-30,0.9582,0.9659,0.9557,0.9634,0
1980-01-31,0.9634,0.9762,0.9531,0.9582,0
1980-02-01,0.9531,0.9531,0.9428,0.9531,0
1980-02-04,0.9531,0.9582,0.9403,0.9428,0
1980-02-05,0.9351,0.9351,0.9248,0.9326,0
1980-02-06,0.9300,0.9300,0.9120,0.9120,0
1980-02-07,0.9120,0.9197,0.9043,0.9094,0
1980-02-08,0.9017,0.9017,0.8940,0.8992,0
1980-02-11,0.8992,0.9043,0.8914,0.8966,0
1980-02-12,0.8966,0.9248,0.8914,0.9248,0
1980-02-13,0.9531,0.9685,0.9531,0.9557,0
1980-02-14,0.9557,0.9608,0.9351,0.9377,0
1980-02-15,0.9351,0.9351,0.9171,0.9274,0
1980-02-19,0.9274,0.9300,0.9197,0.9300,0
1980-02-20,0.9300,0.9454,0.9274,0.9454,0
1980-02-21,0.9454,0.9557,0.9326,0.9480,0
1980-02-22,0.9351,0.9351,0.9197,0.9248,0
1980-02-25,0.9223,0.9223,0.9069,0.9094,0
1980-02-26,0.9094,0.9120,0.9069,0.9094,0
1980-02-27,0.9094,0.9120,0.8966,0.8966,0
1980-02-28,0.8966,0.8992,0.8812,0.8812,0
1980-02-29,0.8837,0.8966,0.8837,0.8914,0
1980-03-03,0.8966,0.9120,0.8966,0.9043,0
1980-03-04,0.9069,0.9428,0.9069,0.9300,0
1980-03-05,0.9274,0.9274,0.9069,0.9094,0
1980-03-06,0.8940,0.8940,0.8709,0.8837,0
1980-03-07,0.8837,0.8863,0.8683,0.8837,0
1980-03-10,0.8837,0.8889,0.8632,0.8735,0
1980-03-11,0.8837,0.9017,0.8837,0.8914,0
1980-03-12,0.8914,0.9017,0.8837,0.8889,0
1980-03-13,0.8889,0.8992,0.8837,0.8966,0
1980-03-14,0.8889,0.8889,0.8786,0.8889,0
1980-03-17,0.8889,0.8889,0.8735,0.8735,0
1980-03-18,0.8735,0.8914,0.8658,0.8914,0
1980-03-19,0.8914,0.8992,0.8812,0.8837,0
1980-03-20,0.8837,0.8863,0.8658,0.8658,0
1980-03-21,0.8683,0.8735,0.8683,0.8735,0
1980-03-24,0.8735,0.8735,0.8401,0.8452,0
1980-03-25,0.8452,0.8632,0.8401,0.8632,0
1980-03-26,0.8632,0.8760,0.8632,0.8658,0
1980-03-27,0.8632,0.8632,0.8324,0.8632,0
1980-03-28,0.8632,0.9120,0.8632,0.9017,0
1980-03-31,0.9017,0.9146,0.8940,0.9146,0
1980-04-01,0.9146,0.9300,0.9043,0.9223,0
1980-04-02,0.9223,0.9300,0.9197,0.9248,0
1980-04-03,0.9248,0.9248,0.8966,0.8966,0
1980-04-07,0.8966,0.8966,0.8580,0.8580,0
1980-04-08,0.8580,0.8837,0.8478,0.8812,0
1980-04-09,0.8889,0.9223,0.8889,0.9171,0
1980-04-10,0.9300,0.9428,0.9300,0.9351,0
1980-04-11,0.9351,0.9351,0.9094,0.9146,0
1980-04-14,0.9146,0.9248,0.9043,0.9248,0
1980-04-15,0.9248,0.9248,0.9069,0.9120,0
1980-04-16,0.9120,0.9197,0.8863,0.8863,0
1980-04-17,0.8863,0.8863,0.8760,0.8786,0
1980-04-18,0.8786,0.8889,0.8709,0.8735,0
1980-04-21,0.8735,0.8837,0.8658,0.8735,0
1980-04-22,0.8992,0.9223,0.8992,0.9197,0
1980-04-23,0.9197,0.9403,0.8786,0.9248,0
1980-04-24,0.9248,0.9351,0.9171,0.9197,0
1980-04-25,0.9197,0.9403,0.9146,0.9377,0
1980-04-28,0.9377,0.9659,0.9326,0.9659,0
1980-04-29,0.9659,0.9762,0.9608,0.9711,0
1980-04-30,0.9659,0.9659,0.9454,0.9659,0
1980-05-01,0.9634,0.9634,0.9403,0.9403,0
1980-05-02,0.9403,0.9454,0.9326,0.9351,0
1980-05-05,0.9351,0.9505,0.9351,0.9403,0
1980-05-06,0.9403,0.9608,0.9403,0.9428,0
1980-05-07,0.9428,0.9557,0.9403,0.9505,0
1980-05-08,0.9505,0.9505,0.9300,0.9403,0
1980-05-09,0.9403,0.9454,0.9351,0.9454,0
1980-05-12,0.9454,0.9865,0.9403,0.9839,0
1980-05-13,0.9839,0.9942,0.9788,0.9942,0
1980-05-14,0.9968,1.0276,0.9968,1.0225,0
1980-05-15,1.0225,1.0430,1.0199,1.0250,0
1980-05-16,1.0250,1.0327,1.0225,1.0302,0
1980-05-19,1.0302,1.0302,1.0173,1.0250,0
1980-05-20,1.0250,1.0276,1.0173,1.0250,0
1980-05-21,1.0250,1.0327,1.0173,1.0276,0
1980-05-22,1.0276,1.0584,1.0276,1.0482,0
1980-05-23,1.0636,1.0841,1.0636,1.0738,0
1980-05-27,1.0738,1.0738,1.0533,1.0610,0
1980-05-28,1.0610,1.0610,1.0482,1.0559,0
1980-05-29,1.0559,1.0559,1.0327,1.0327,0
1980-05-30,1.0327,1.0353,1.0225,1.0302,0
1980-06-02,1.0302,1.0430,1.0302,1.0404,0
1980-06-03,1.0276,1.0276,0.9993,0.9993,0
1980-06-04,0.9993,1.0276,0.9942,1.0276,0
1980-06-05,1.0276,1.0327,1.0148,1.0148,0
1980-06-06,1.0148,1.0276,1.0148,1.0250,0
1980-06-09,1.0250,1.0302,1.0148,1.0276,0
1980-06-10,1.0276,1.0379,1.0225,1.0379,0
1980-06-11,1.0379,1.0559,1.0379,1.0533,0
1980-06-12,1.0507,1.0507,1.0302,1.0379,0
1980-06-13,1.0379,1.0404,1.0276,1.0353,0
1980-06-16,1.0353,1.0353,1.0225,1.0327,0
1980-06-17,1.0327,1.0327,1.0199,1.0225,0
1980-06-18,1.0199,1.0199,1.0019,1.0071,0
1980-06-19,1.0045,1.0045,0.9865,0.9865,0
1980-06-20,0.9865,0.9942,0.9865,0.9891,0
1980-06-23,0.9891,0.9916,0.9839,0.9839,0
1980-06-24,0.9839,1.0019,0.9788,0.9968,0
1980-06-25,1.0071,1.0276,1.0071,1.0276,0
1980-06-26,1.0276,1.0327,1.0071,1.0096,0
1980-06-27,1.0071,1.0071,0.9916,0.9993,0
1980-06-30,0.9916,0.9916,0.9839,0.9865,0
1980-07-01,0.9865,0.9968,0.9865,0.9968,0
1980-07-02,0.9968,0.9993,0.9865,0.9891,0
1980-07-03,0.9891,0.9942,0.9814,0.9916,0
1980-07-07,0.9916,1.0071,0.9891,1.0071,0
1980-07-08,1.0173,1.0302,1.0173,1.0173,0
1980-07-09,1.0173,1.0327,1.0173,1.0173,0
1980-07-10,1.0173,1.0250,1.0045,1.0045,0
1980-07-11,1.0045,1.0122,0.9993,1.0122,0
1980-07-14,1.0122,1.0456,1.0096,1.0456,0
1980-07-15,1.0456,1.0533,1.0353,1.0404,0
1980-07-16,1.0327,1.0327,1.0148,1.0199,0
1980-07-17,1.0199,1.0327,1.0173,1.0276,0
1980-07-18,1.0276,1.0456,1.0250,1.0353,0
1980-07-21,1.0353,1.0404,1.0225,1.0404,0
1980-07-22,1.0404,1.0404,1.0302,1.0327,0
1980-07-23,1.0327,1.0353,1.0250,1.0276,0
1980-07-24,1.0276,1.0327,1.0225,1.0276,0
1980-07-25,1.0276,1.0327,1.0250,1.0327,0
1980-07-28,1.0327,1.0379,1.0250,1.0250,0
1980-07-29,1.0276,1.0482,1.0276,1.0379,0
1980-07-30,1.0533,1.0738,1.0533,1.0661,0
1980-07-31,1.0661,1.0995,1.0559,1.0893,0
1980-08-01,1.0893,1.0918,1.0687,1.0841,0
1980-08-04,1.0841,1.0867,1.0687,1.0764,0
1980-08-05,1.0764,1.0893,1.0713,1.0841,0
1980-08-06,1.0841,1.0893,1.0764,1.0893,0
1980-08-07,1.0893,1.0995,1.0867,1.0944,0
1980-08-08,1.0944,1.1072,1.0816,1.0816,0
1980-08-11,1.0816,1.1047,1.0738,1.0867,0
1980-08-12,1.0867,1.0867,1.0687,1.0738,0
1980-08-13,1.0738,1.0790,1.0636,1.0687,0
1980-08-14,1.0687,1.0816,1.0687,1.0790,0
1980-08-15,1.0841,1.0944,1.0841,1.0893,0
1980-08-18,1.0816,1.0816,1.0713,1.0764,0
1980-08-19,1.0687,1.0687,1.0482,1.0533,0
1980-08-20,1.0533,1.0687,1.0482,1.0610,0
1980-08-21,1.0610,1.0610,1.0482,1.0533,0
1980-08-22,1.0610,1.0738,1.0610,1.0610,0
1980-08-25,1.0610,1.0687,1.0533,1.0559,0
1980-08-26,1.0559,1.0661,1.0482,1.0559,0
1980-08-27,1.0482,1.0482,1.0404,1.0482,0
1980-08-28,1.0456,1.0456,1.0379,1.0379,0
1980-08-29,1.0379,1.0379,1.0199,1.0250,0
1980-09-02,1.0250,1.0276,1.0199,1.0225,0
1980-09-03,1.0225,1.0276,1.0173,1.0225,0
1980-09-04,1.0225,1.0225,0.9814,0.9865,0
1980-09-05,0.9865,0.9916,0.9505,0.9634,0
1980-09-08,0.9634,0.9762,0.9608,0.9659,0
1980-09-09,0.9659,0.9762,0.9582,0.9762,0
1980-09-10,0.9788,0.9916,0.9788,0.9839,0
1980-09-11,0.9839,0.9865,0.9762,0.9814,0
1980-09-12,0.9814,0.9814,0.9737,0.9737,0
1980-09-15,0.9737,0.9865,0.9685,0.9814,0
1980-09-16,0.9839,1.0071,0.9839,1.0019,0
1980-09-17,1.0019,1.0225,1.0019,1.0173,0
1980-09-18,1.0199,1.0302,1.0199,1.0250,0
1980-09-19,1.0250,1.0482,1.0173,1.0302,0
1980-09-22,1.0302,1.0404,1.0225,1.0353,0
1980-09-23,1.0327,1.0327,1.0199,1.0199,0
1980-09-24,1.0199,1.0225,1.0019,1.0096,0
1980-09-25,1.0096,1.0199,0.9993,1.0071,0
1980-09-26,0.9968,0.9968,0.9865,0.9891,0
1980-09-29,0.9814,0.9814,0.9659,0.9711,0
1980-09-30,0.9711,0.9762,0.9685,0.9711,0
1980-10-01,0.9711,0.9788,0.9608,0.9788,0
1980-10-02,0.9788,0.9814,0.9582,0.9659,0
1980-10-03,0.9659,0.9865,0.9634,0.9814,0
1980-10-06,0.9814,0.9891,0.9685,0.9762,0
1980-10-07,0.9762,0.9788,0.9685,0.9711,0
1980-10-08,0.9711,0.9788,0.9608,0.9737,0
1980-10-09,0.9659,0.9659,0.9454,0.9505,0
1980-10-10,0.9505,0.9557,0.9248,0.9274,0
1980-10-13,0.9274,0.9326,0.9120,0.9300,0
1980-10-14,0.9351,0.9480,0.9351,0.9403,0
1980-10-15,0.9403,0.9531,0.9326,0.9403,0
1980-10-16,0.9403,0.9557,0.9326,0.9351,0
1980-10-17,0.9351,0.9454,0.9300,0.9351,0
1980-10-20,0.9326,0.9326,0.9146,0.9223,0
1980-10-21,0.9223,0.9248,0.8914,0.9043,0
1980-10-22,0.9043,0.9120,0.8914,0.8940,0
1980-10-23,0.8940,0.9043,0.8812,0.8812,0
1980-10-24,0.8812,0.8914,0.8735,0.8914,0
1980-10-27,0.8914,0.8914,0.8683,0.8837,0
1980-10-28,0.8837,0.9043,0.8837,0.8940,0
1980-10-29,0.8940,0.8992,0.8683,0.8683,0
1980-10-30,0.8683,0.8812,0.8683,0.8709,0
1980-10-31,0.8709,0.8709,0.8529,0.8709,0
1980-11-03,0.8786,0.8992,0.8786,0.8889,0
1980-11-05,0.9043,0.9634,0.9043,0.9043,0
1980-11-06,0.9043,0.9300,0.9043,0.9300,0
1980-11-07,0.9300,0.9300,0.9171,0.9300,0
1980-11-10,0.9300,0.9428,0.9300,0.9428,0
1980-11-11,0.9428,0.9557,0.9403,0.9557,0
1980-11-12,0.9557,0.9762,0.9557,0.9762,0
1980-11-13,0.9814,1.0071,0.9814,1.0071,0
1980-11-14,1.0071,1.0122,0.9993,0.9993,0
1980-11-17,0.9839,0.9839,0.9634,0.9788,0
1980-11-18,0.9814,0.9968,0.9814,0.9968,0
1980-11-19,0.9968,1.0019,0.9839,0.9865,0
1980-11-20,0.9865,1.0225,0.9865,1.0199,0
1980-11-21,1.0199,1.0302,1.0173,1.0276,0
1980-11-24,1.0276,1.0738,1.0225,1.0687,0
1980-11-25,1.0687,1.0738,1.0533,1.0559,0
1980-11-26,1.0507,1.0507,1.0379,1.0482,0
1980-11-28,1.0482,1.0482,1.0404,1.0430,0
1980-12-01,1.0379,1.0379,0.9711,0.9711,0
1980-12-02,0.9737,0.9839,0.9737,0.9839,0
1980-12-03,0.9839,0.9865,0.9737,0.9839,0
1980-12-04,0.9839,0.9891,0.9659,0.9659,0
1980-12-05,0.9659,0.9814,0.9557,0.9762,0
1980-12-08,0.9685,0.9685,0.9582,0.9634,0
1980-12-09,0.9634,0.9737,0.9531,0.9711,0
1980-12-10,0.9711,0.9891,0.9634,0.9737,0
1980-12-11,0.9737,0.9788,0.9634,0.9711,0
1980-12-12,0.9711,0.9762,0.9608,0.9659,0
1980-12-15,0.9659,0.9685,0.9608,0.9608,0
1980-12-16,0.9608,0.9659,0.9582,0.9659,0
1980-12-17,0.9659,0.9659,0.9608,0.9659,0
1980-12-18,0.9685,0.9814,0.9685,0.9788,0
1980-12-19,0.9788,0.9814,0.9685,0.9814,0
1980-12-22,0.9814,1.0379,0.9762,1.0353,0
1980-12-23,1.0379,1.0584,1.0379,1.0533,0
1980-12-24,1.0533,1.0559,1.0482,1.0482,0
1980-12-26,1.0482,1.0584,1.0456,1.0482,0
1980-12-29,1.0482,1.0610,1.0482,1.0507,0
1980-12-30,1.0507,1.0507,1.0404,1.0482,0
1980-12-31,1.0482,1.0610,1.0456,1.0533,0
1981-01-02,1.0584,1.0687,1.0584,1.0687,0
1981-01-05,1.0687,1.0841,1.0687,1.0764,0
1981-01-06,1.0764,1.0790,1.0713,1.0713,0
1981-01-07,1.0456,1.0456,1.0173,1.0430,0
1981-01-08,1.0430,1.0533,1.0430,1.0430,0
1981-01-09,1.0430,1.0636,1.0430,1.0636,0
1981-01-12,1.0790,1.0944,1.0790,1.0841,0
1981-01-13,1.0841,1.0893,1.0790,1.0816,0
1981-01-14,1.0816,1.0893,1.0790,1.0841,0
1981-01-15,1.0790,1.0790,1.0533,1.0559,0
1981-01-16,1.0559,1.0584,1.0456,1.0533,0
1981-01-19,1.0507,1.0507,1.0404,1.0456,0
1981-01-20,1.0456,1.0507,1.0225,1.0276,0
1981-01-21,1.0250,1.0250,1.0122,1.0225,0
1981-01-22,1.0225,1.0250,1.0148,1.0173,0
1981-01-23,1.0173,1.0225,1.0173,1.0173,0
1981-01-26,1.0199,1.0276,1.0199,1.0199,0
1981-01-27,1.0302,1.0533,1.0302,1.0533,0
1981-01-28,1.0533,1.0687,1.0456,1.0636,0
1981-01-29,1.0636,1.0816,1.0559,1.0738,0
1981-01-30,1.0738,1.0893,1.0738,1.0738,0
1981-02-02,1.0713,1.0713,1.0507,1.0559,0
1981-02-03,1.0584,1.0944,1.0584,1.0893,0
1981-02-04,1.0944,1.1304,1.0944,1.1304,0
1981-02-05,1.1304,1.1663,1.1252,1.1561,0
1981-02-06,1.1586,1.1920,1.1586,1.1766,0
1981-02-09,1.1766,1.1792,1.1535,1.1715,0
1981-02-10,1.1715,1.1920,1.1586,1.1843,0
1981-02-11,1.1843,1.1997,1.1843,1.1869,0
1981-02-12,1.1792,1.1792,1.1561,1.1612,0
1981-02-13,1.1561,1.1561,1.1304,1.1432,0
1981-02-17,1.1432,1.1612,1.1355,1.1509,0
1981-02-18,1.1535,1.1869,1.1535,1.1869,0
1981-02-19,1.1869,1.2074,1.1817,1.1817,0
1981-02-20,1.1817,1.1920,1.1740,1.1817,0
1981-02-23,1.1817,1.2357,1.1817,1.2074,0
1981-02-24,1.2074,1.2177,1.2023,1.2049,0
1981-02-25,1.2049,1.2306,1.2023,1.2280,0
1981-02-26,1.2280,1.2434,1.2280,1.2434,0
1981-02-27,1.2434,1.2434,1.2254,1.2254,0
1981-03-02,1.2254,1.2434,1.2100,1.2434,0
1981-03-03,1.2408,1.2408,1.2203,1.2203,0
1981-03-04,1.2203,1.2280,1.2126,1.2228,0
1981-03-05,1.2228,1.2228,1.2126,1.2151,0
1981-03-06,1.2151,1.2177,1.1997,1.2074,0
1981-03-09,1.2023,1.2023,1.1920,1.1997,0
1981-03-10,1.1997,1.2228,1.1972,1.2023,0
1981-03-11,1.2023,1.2023,1.1689,1.1972,0
1981-03-12,1.1972,1.2177,1.1920,1.2126,0
1981-03-13,1.2126,1.2280,1.1997,1.2126,0
1981-03-16,1.2100,1.2100,1.1920,1.2100,0
1981-03-17,1.2100,1.2228,1.1920,1.1972,0
1981-03-18,1.1972,1.1997,1.1869,1.1972,0
1981-03-19,1.1972,1.2280,1.1946,1.1972,0
1981-03-20,1.1972,1.2280,1.1946,1.2228,0
1981-03-23,1.2280,1.2588,1.2280,1.2537,0
1981-03-24,1.2537,1.2717,1.2537,1.2614,0
1981-03-25,1.2614,1.3102,1.2562,1.3025,0
1981-03-26,1.2922,1.2922,1.2408,1.2408,0
1981-03-27,1.2383,1.2383,1.2049,1.2074,0
1981-03-30,1.2074,1.2383,1.2074,1.2331,0
1981-03-31,1.2331,1.2614,1.2331,1.2562,0
1981-04-01,1.2562,1.2640,1.2511,1.2537,0
1981-04-02,1.2537,1.2640,1.2331,1.2537,0
1981-04-03,1.2460,1.2460,1.2331,1.2331,0
1981-04-06,1.2306,1.2306,1.2100,1.2254,0
1981-04-07,1.2331,1.2408,1.2331,1.2408,0
1981-04-08,1.2408,1.2408,1.2280,1.2331,0
1981-04-09,1.2331,1.2537,1.2280,1.2537,0
1981-04-10,1.2537,1.2640,1.2408,1.2562,0
1981-04-13,1.2511,1.2511,1.2357,1.2357,0
1981-04-14,1.2383,1.2485,1.2383,1.2408,0
1981-04-15,1.2408,1.2408,1.2280,1.2357,0
1981-04-16,1.2357,1.2408,1.2331,1.2383,0
1981-04-20,1.2383,1.2408,1.2331,1.2331,0
1981-04-21,1.2331,1.2357,1.1972,1.1972,0
1981-04-22,1.1946,1.1946,1.1869,1.1920,0
1981-04-23,1.1920,1.1972,1.1843,1.1972,0
1981-04-24,1.1972,1.2203,1.1895,1.2126,0
1981-04-27,1.2126,1.2228,1.2074,1.2126,0
1981-04-28,1.2100,1.2100,1.1972,1.2023,0
1981-04-29,1.1997,1.1997,1.1946,1.1972,0
1981-04-30,1.1972,1.2023,1.1946,1.1997,0
1981-05-01,1.1997,1.1997,1.1869,1.1869,0
1981-05-04,1.1869,1.1869,1.1509,1.1561,0
1981-05-05,1.1561,1.1586,1.1535,1.1561,0
1981-05-06,1.1561,1.1689,1.1535,1.1586,0
1981-05-07,1.1561,1.1561,1.1329,1.1406,0
1981-05-08,1.1406,1.1458,1.1278,1.1278,0
1981-05-11,1.1278,1.1355,1.1175,1.1201,0
1981-05-12,1.1201,1.1304,1.1150,1.1304,0
1981-05-13,1.1304,1.1406,1.1252,1.1304,0
1981-05-14,1.1304,1.1355,1.1278,1.1304,0
1981-05-15,1.1304,1.1381,1.1278,1.1381,0
1981-05-18,1.1432,1.1638,1.1432,1.1561,0
1981-05-19,1.1561,1.1638,1.1509,1.1586,0
1981-05-20,1.1586,1.1612,1.1586,1.1612,0
1981-05-21,1.1612,1.1663,1.1586,1.1663,0
1981-05-22,1.1663,1.1715,1.1612,1.1638,0
1981-05-26,1.1638,1.1869,1.1638,1.1766,0
1981-05-27,1.1766,1.1920,1.1766,1.1920,0
1981-05-28,1.1920,1.2408,1.1869,1.2408,0
1981-05-29,1.2408,1.2511,1.2357,1.2408,0
1981-06-01,1.2588,1.2999,1.2588,1.2922,0
1981-06-02,1.2922,1.3256,1.2742,1.3153,0
1981-06-03,1.3153,1.3564,1.3051,1.3462,0
1981-06-04,1.3462,1.3744,1.3410,1.3667,0
1981-06-05,1.3667,1.3770,1.3462,1.3462,0
1981-06-08,1.3462,1.3462,1.3282,1.3282,0
1981-06-09,1.3282,1.3307,1.3128,1.3256,0
1981-06-10,1.3256,1.3462,1.3256,1.3359,0
1981-06-11,1.3359,1.3719,1.3359,1.3590,0
1981-06-12,1.3641,1.3796,1.3641,1.3667,0
1981-06-15,1.3667,1.3770,1.3307,1.3307,0
1981-06-16,1.3307,1.3436,1.3153,1.3385,0
1981-06-17,1.3385,1.3487,1.3359,1.3462,0
1981-06-18,1.3410,1.3410,1.3179,1.3205,0
1981-06-19,1.3179,1.3179,1.3076,1.3102,0
1981-06-22,1.3128,1.3205,1.3128,1.3153,0
1981-06-23,1.3153,1.3153,1.3076,1.3128,0
1981-06-24,1.3128,1.3153,1.3025,1.3076,0
1981-06-25,1.3076,1.3076,1.3051,1.3051,0
1981-06-26,1.3051,1.3179,1.3051,1.3153,0
1981-06-29,1.3076,1.3076,1.2999,1.2999,0
1981-06-30,1.2999,1.3025,1.2999,1.3025,0
1981-07-01,1.3025,1.3051,1.2948,1.2974,0
1981-07-02,1.2974,1.3051,1.2742,1.2742,0
1981-07-06,1.2742,1.2794,1.2511,1.2511,0
1981-07-07,1.2511,1.2588,1.2228,1.2254,0
1981-07-08,1.2228,1.2228,1.1920,1.1972,0
1981-07-09,1.2023,1.2177,1.2023,1.2074,0
1981-07-10,1.2100,1.2280,1.2100,1.2280,0
1981-07-13,1.2280,1.2357,1.2280,1.2331,0
1981-07-14,1.2331,1.2331,1.2228,1.2228,0
1981-07-15,1.1946,1.1946,1.1766,1.1895,0
1981-07-16,1.1869,1.1869,1.1561,1.1612,0
1981-07-17,1.1561,1.1561,1.1304,1.1381,0
1981-07-20,1.1201,1.1201,1.1098,1.1150,0
1981-07-21,1.1150,1.1304,1.1150,1.1304,0
1981-07-22,1.1304,1.1381,1.1304,1.1329,0
1981-07-23,1.1329,1.1355,1.1072,1.1124,0
1981-07-24,1.1124,1.1201,1.1072,1.1124,0
1981-07-27,1.1124,1.1201,1.1072,1.1098,0
1981-07-28,1.0995,1.0995,1.0790,1.0841,0
1981-07-29,1.0738,1.0738,1.0610,1.0738,0
1981-07-30,1.0764,1.0944,1.0764,1.0893,0
1981-07-31,1.0893,1.1098,1.0893,1.1047,0
1981-08-03,1.1047,1.1150,1.1047,1.1098,0
1981-08-04,1.1098,1.1406,1.0995,1.1406,0
1981-08-05,1.1406,1.1432,1.1227,1.1304,0
1981-08-06,1.1201,1.1201,1.0893,1.0944,0
1981-08-07,1.0944,1.0944,1.0713,1.0764,0
1981-08-10,1.0764,1.0764,1.0610,1.0661,0
1981-08-11,1.0661,1.0841,1.0661,1.0841,0
1981-08-12,1.0893,1.1047,1.0893,1.0918,0
1981-08-13,1.0893,1.0893,1.0841,1.0841,0
1981-08-14,1.0841,1.0893,1.0816,1.0816,0
1981-08-17,1.0816,1.0867,1.0713,1.0713,0
1981-08-18,1.0713,1.0764,1.0661,1.0687,0
1981-08-19,1.0687,1.0764,1.0661,1.0661,0
1981-08-20,1.0661,1.0764,1.0610,1.0661,0
1981-08-21,1.0661,1.0661,1.0584,1.0584,0
1981-08-24,1.0584,1.0610,1.0482,1.0533,0
1981-08-25,1.0533,1.0738,1.0482,1.0738,0
1981-08-26,1.0738,1.0944,1.0713,1.0944,0
1981-08-27,1.0918,1.0918,1.0738,1.0738,0
1981-08-28,1.0738,1.0918,1.0713,1.0918,0
1981-08-31,1.0918,1.1047,1.0636,1.0636,0
1981-09-01,1.0636,1.0661,1.0482,1.0533,0
1981-09-02,1.0533,1.0636,1.0482,1.0482,0
1981-09-03,1.0482,1.0533,1.0071,1.0122,0
1981-09-04,1.0122,1.0173,1.0045,1.0173,0
1981-09-08,1.0173,1.0173,1.0045,1.0122,0
1981-09-09,1.0122,1.0276,1.0122,1.0225,0
1981-09-10,1.0225,1.0250,1.0148,1.0148,0
1981-09-11,1.0148,1.0250,1.0122,1.0250,0
1981-09-14,1.0250,1.0250,1.0045,1.0096,0
1981-09-15,1.0096,1.0250,1.0096,1.0096,0
1981-09-16,1.0071,1.0071,0.9916,0.9993,0
1981-09-17,0.9993,1.0045,0.9814,0.9814,0
1981-09-18,0.9814,0.9839,0.9582,0.9582,0
1981-09-21,0.9582,0.9582,0.9351,0.9403,0
1981-09-22,0.9403,0.9557,0.9403,0.9454,0
1981-09-23,0.9454,0.9505,0.9326,0.9505,0
1981-09-24,0.9505,0.9557,0.9377,0.9377,0
1981-09-25,0.9248,0.9248,0.9017,0.9094,0
1981-09-28,0.9094,0.9326,0.8914,0.9300,0
1981-09-29,0.9351,0.9608,0.9351,0.9582,0
1981-09-30,0.9582,0.9608,0.9454,0.9608,0
1981-10-01,0.9608,0.9608,0.9454,0.9608,0
1981-10-02,0.9608,0.9865,0.9608,0.9865,0
1981-10-05,0.9865,1.0071,0.9865,0.9942,0
1981-10-06,0.9916,0.9916,0.9762,0.9814,0
1981-10-07,0.9814,1.0276,0.9814,1.0250,0
1981-10-08,1.0250,1.0764,1.0250,1.0687,0
1981-10-09,1.0687,1.0764,1.0559,1.0610,0
1981-10-12,1.0584,1.0584,1.0456,1.0533,0
1981-10-13,1.0533,1.0584,1.0482,1.0533,0
1981-10-14,1.0533,1.0559,1.0430,1.0430,0
1981-10-15,1.0353,1.0353,1.0173,1.0276,0
1981-10-16,1.0276,1.0327,1.0225,1.0276,0
1981-10-19,1.0276,1.0379,1.0225,1.0379,0
1981-10-20,1.0379,1.0533,1.0353,1.0533,0
1981-10-21,1.0533,1.0610,1.0482,1.0533,0
1981-10-22,1.0533,1.0533,1.0302,1.0327,0
1981-10-23,1.0327,1.0327,1.0276,1.0302,0
1981-10-26,1.0302,1.0353,1.0276,1.0302,0
1981-10-27,1.0302,1.0353,1.0302,1.0302,0
1981-10-28,1.0302,1.0687,1.0276,1.0636,0
1981-10-29,1.0636,1.0636,1.0533,1.0559,0
1981-10-30,1.0636,1.0893,1.0636,1.0790,0
1981-11-02,1.0790,1.0944,1.0764,1.0893,0
1981-11-03,1.0893,1.0893,1.0687,1.0867,0
1981-11-04,1.0764,1.0764,1.0636,1.0636,0
1981-11-05,1.0636,1.0764,1.0636,1.0738,0
1981-11-06,1.0738,1.0970,1.0687,1.0918,0
1981-11-09,1.0918,1.0944,1.0816,1.0893,0
1981-11-10,1.0893,1.1150,1.0893,1.0970,0
1981-11-11,1.0970,1.1072,1.0918,1.1047,0
1981-11-12,1.1098,1.1252,1.1098,1.1150,0
1981-11-13,1.1150,1.1227,1.0918,1.0918,0
1981-11-16,1.0893,1.0893,1.0687,1.0764,0
1981-11-17,1.0764,1.0867,1.0738,1.0867,0
1981-11-18,1.0867,1.0918,1.0867,1.0867,0
1981-11-19,1.0867,1.0995,1.0867,1.0995,0
1981-11-20,1.1098,1.1304,1.1098,1.1252,0
1981-11-23,1.1252,1.1355,1.1201,1.1201,0
1981-11-24,1.1201,1.1252,1.1175,1.1201,0
1981-11-25,1.1201,1.1278,1.1150,1.1150,0
1981-11-27,1.1150,1.1227,1.1150,1.1175,0
1981-11-30,1.1175,1.1201,1.1021,1.1201,0
1981-12-01,1.1201,1.1252,1.1150,1.1227,0
1981-12-02,1.1201,1.1201,1.1021,1.1047,0
1981-12-03,1.0507,1.0507,1.0404,1.0456,0
1981-12-04,1.0456,1.0507,1.0071,1.0096,0
1981-12-07,1.0096,1.0173,1.0096,1.0122,0
1981-12-08,1.0122,1.0353,1.0096,1.0353,0
1981-12-09,1.0456,1.0584,1.0456,1.0559,0
1981-12-10,1.0559,1.0661,1.0559,1.0610,0
1981-12-11,1.0610,1.0636,1.0584,1.0636,0
1981-12-14,1.0584,1.0584,1.0353,1.0379,0
1981-12-15,1.0379,1.0379,1.0327,1.0379,0
1981-12-16,1.0379,1.0482,1.0379,1.0379,0
1981-12-17,1.0379,1.0687,1.0379,1.0636,0
1981-12-18,1.0687,1.0816,1.0687,1.0713,0
1981-12-21,1.0713,1.0790,1.0687,1.0764,0
1981-12-22,1.0764,1.0841,1.0687,1.0738,0
1981-12-23,1.0738,1.0944,1.0713,1.0893,0
1981-12-24,1.0893,1.0970,1.0867,1.0944,0
1981-12-28,1.0944,1.0995,1.0918,1.0918,0
1981-12-29,1.0918,1.0970,1.0661,1.0687,0
1981-12-30,1.0687,1.0841,1.0661,1.0738,0
1981-12-31,1.0738,1.0790,1.0713,1.0738,0
1982-01-04,1.0738,1.1098,1.0738,1.0995,0
1982-01-05,1.0995,1.0995,1.0790,1.0867,0
1982-01-06,1.0867,1.0893,1.0687,1.0816,0
1982-01-07,1.0816,1.0841,1.0610,1.0687,0
1982-01-08,1.0687,1.0764,1.0636,1.0636,0
1982-01-11,1.0636,1.0713,1.0199,1.0199,0
1982-01-12,1.0199,1.0276,1.0148,1.0250,0
1982-01-13,1.0250,1.0353,1.0199,1.0225,0
1982-01-14,1.0225,1.0276,1.0199,1.0276,0
1982-01-15,1.0276,1.0302,1.0225,1.0302,0
1982-01-18,1.0302,1.0404,1.0250,1.0327,0
1982-01-19,0.9891,0.9891,0.9711,0.9762,0
1982-01-20,0.9762,0.9814,0.9711,0.9788,0
1982-01-21,0.9788,0.9942,0.9762,0.9814,0
1982-01-22,0.9814,0.9865,0.9814,0.9839,0
1982-01-25,0.9814,0.9814,0.9737,0.9814,0
1982-01-26,0.9814,0.9891,0.9762,0.9865,0
1982-01-27,0.9865,1.0019,0.9865,0.9968,0
1982-01-28,1.0019,1.0404,1.0019,1.0302,0
1982-01-29,1.0302,1.0327,1.0096,1.0276,0
1982-02-01,1.0225,1.0225,0.9968,1.0019,0
1982-02-02,1.0019,1.0379,0.9993,1.0225,0
1982-02-03,1.0225,1.0276,1.0122,1.0122,0
1982-02-04,1.0122,1.0225,1.0096,1.0122,0
1982-02-05,1.0148,1.0276,1.0148,1.0225,0
1982-02-08,1.0225,1.0225,1.0096,1.0122,0
1982-02-09,1.0096,1.0096,0.9993,1.0071,0
1982-02-10,1.0071,1.0225,1.0045,1.0173,0
1982-02-11,1.0148,1.0148,1.0071,1.0071,0
1982-02-12,1.0071,1.0071,1.0045,1.0071,0
1982-02-16,1.0045,1.0045,0.9968,1.0045,0
1982-02-17,1.0122,1.0225,1.0122,1.0173,0
1982-02-18,1.0173,1.0225,1.0122,1.0225,0
1982-02-19,1.0250,1.0327,1.0250,1.0302,0
1982-02-22,1.0302,1.0379,1.0173,1.0199,0
1982-02-23,1.0199,1.0379,1.0122,1.0379,0
1982-02-24,1.0379,1.0533,1.0353,1.0533,0
1982-02-25,1.0533,1.0636,1.0482,1.0533,0
1982-02-26,1.0533,1.0559,1.0404,1.0559,0
1982-03-01,1.0559,1.0893,1.0507,1.0790,0
1982-03-02,1.0893,1.1098,1.0893,1.0918,0
1982-03-03,1.0918,1.0995,1.0713,1.0918,0
1982-03-04,1.0918,1.0970,1.0584,1.0584,0
1982-03-05,1.0584,1.0790,1.0584,1.0636,0
1982-03-08,1.0584,1.0584,1.0096,1.0173,0
1982-03-09,1.0173,1.0482,1.0096,1.0353,0
1982-03-10,1.0353,1.0456,1.0250,1.0327,0
1982-03-11,1.0302,1.0302,0.9865,0.9865,0
1982-03-12,0.9865,0.9942,0.9659,0.9865,0
1982-03-15,0.9865,0.9993,0.9762,0.9993,0
1982-03-16,0.9993,1.0071,0.9942,0.9968,0
1982-03-17,1.0019,1.0430,1.0019,1.0276,0
1982-03-18,1.0379,1.0636,1.0379,1.0610,0
1982-03-19,1.0636,1.0790,1.0636,1.0687,0
1982-03-22,1.0687,1.0841,1.0661,1.0841,0
1982-03-23,1.0841,1.0944,1.0687,1.0738,0
1982-03-24,1.0713,1.0713,1.0533,1.0661,0
1982-03-25,1.0661,1.0713,1.0584,1.0584,0
1982-03-26,1.0584,1.0687,1.0507,1.0533,0
1982-03-29,1.0533,1.0661,1.0533,1.0636,0
1982-03-30,1.0636,1.0790,1.0584,1.0790,0
1982-03-31,1.0790,1.0995,1.0790,1.0893,0
1982-04-01,1.0893,1.1278,1.0893,1.1278,0
1982-04-02,1.1304,1.1406,1.1304,1.1329,0
1982-04-05,1.1329,1.1381,1.1227,1.1304,0
1982-04-06,1.1304,1.1329,1.1150,1.1304,0
1982-04-07,1.1304,1.1586,1.1304,1.1535,0
1982-04-08,1.1535,1.1766,1.1483,1.1740,0
1982-04-12,1.1740,1.1869,1.1689,1.1715,0
1982-04-13,1.1715,1.1920,1.1715,1.1817,0
1982-04-14,1.1792,1.1792,1.1689,1.1689,0
1982-04-15,1.1689,1.1792,1.1586,1.1792,0
1982-04-16,1.1792,1.1869,1.1689,1.1817,0
1982-04-19,1.1817,1.1869,1.1766,1.1817,0
1982-04-20,1.1740,1.1740,1.1561,1.1586,0
1982-04-21,1.1586,1.1740,1.1561,1.1612,0
1982-04-22,1.1612,1.1715,1.1612,1.1638,0
1982-04-23,1.1638,1.1766,1.1638,1.1766,0
1982-04-26,1.1766,1.1972,1.1766,1.1972,0
1982-04-27,1.1920,1.1920,1.1715,1.1766,0
1982-04-28,1.1766,1.1766,1.1638,1.1715,0
1982-04-29,1.1715,1.1766,1.1663,1.1689,0
1982-04-30,1.1689,1.1792,1.1663,1.1740,0
1982-05-03,1.1740,1.1766,1.1612,1.1766,0
1982-05-04,1.1766,1.1817,1.1740,1.1766,0
1982-05-05,1.1766,1.1792,1.1689,1.1715,0
1982-05-06,1.1715,1.1817,1.1663,1.1715,0
1982-05-07,1.1715,1.1740,1.1535,1.1561,0
1982-05-10,1.1535,1.1535,1.1278,1.1329,0
1982-05-11,1.1329,1.1406,1.1304,1.1304,0
1982-05-12,1.1304,1.1509,1.1252,1.1509,0
1982-05-13,1.1509,1.1689,1.1432,1.1535,0
1982-05-14,1.1535,1.1612,1.1509,1.1509,0
1982-05-17,1.1509,1.1561,1.1483,1.1509,0
1982-05-18,1.1509,1.1612,1.1509,1.1561,0
1982-05-19,1.1561,1.1612,1.1535,1.1561,0
1982-05-20,1.1535,1.1535,1.1483,1.1483,0
1982-05-21,1.1535,1.1663,1.1535,1.1586,0
1982-05-24,1.1535,1.1535,1.1483,1.1483,0
1982-05-25,1.1638,1.1715,1.1638,1.1689,0
1982-05-26,1.1689,1.1895,1.1638,1.1715,0
1982-05-27,1.1740,1.1946,1.1740,1.1946,0
1982-05-28,1.1920,1.1920,1.1715,1.1766,0
1982-06-01,1.1715,1.1715,1.1432,1.1483,0
1982-06-02,1.1458,1.1458,1.1252,1.1329,0
1982-06-03,1.1304,1.1304,1.1175,1.1227,0
1982-06-04,1.1227,1.1227,1.0995,1.1098,0
1982-06-07,1.1098,1.1278,1.0944,1.1175,0
1982-06-08,1.1175,1.1201,1.1021,1.1072,0
1982-06-09,1.1021,1.1021,1.0841,1.0944,0
1982-06-10,1.0944,1.0970,1.0816,1.0970,0
1982-06-11,1.1098,1.1201,1.1098,1.1124,0
1982-06-14,1.1124,1.1124,1.1021,1.1124,0
1982-06-15,1.1124,1.1201,1.1072,1.1201,0
1982-06-16,1.1150,1.1150,1.1047,1.1150,0
1982-06-17,1.1098,1.1098,1.1047,1.1098,0
1982-06-18,1.1098,1.1098,1.0995,1.0995,0
1982-06-21,1.1021,1.1175,1.1021,1.1124,0
1982-06-22,1.1124,1.1381,1.1047,1.1355,0
1982-06-23,1.1458,1.1869,1.1458,1.1817,0
1982-06-24,1.1817,1.1843,1.1689,1.1715,0
1982-06-25,1.1715,1.1792,1.1638,1.1766,0
1982-06-28,1.1766,1.1946,1.1715,1.1869,0
1982-06-29,1.1869,1.2023,1.1817,1.1946,0
1982-06-30,1.2049,1.2177,1.2049,1.2074,0
1982-07-01,1.2074,1.2126,1.1997,1.2100,0
1982-07-02,1.2074,1.2074,1.1792,1.1895,0
1982-07-06,1.1895,1.2100,1.1843,1.2100,0
1982-07-07,1.1612,1.1612,1.1355,1.1586,0
1982-07-08,1.1586,1.1638,1.1304,1.1638,0
1982-07-09,1.1638,1.1792,1.1586,1.1715,0
1982-07-12,1.1715,1.1792,1.1535,1.1535,0
1982-07-13,1.1406,1.1406,1.1227,1.1329,0
1982-07-14,1.1329,1.1355,1.1098,1.1252,0
1982-07-15,1.1252,1.1355,1.1252,1.1304,0
1982-07-16,1.1304,1.1355,1.1150,1.1252,0
1982-07-19,1.1252,1.1329,1.1201,1.1201,0
1982-07-20,1.1150,1.1150,1.0482,1.0636,0
1982-07-21,1.0636,1.0661,1.0559,1.0559,0
1982-07-22,1.0559,1.0893,1.0559,1.0790,0
1982-07-23,1.0790,1.0970,1.0790,1.0970,0
1982-07-26,1.0970,1.1047,1.0841,1.0841,0
1982-07-27,1.0790,1.0790,1.0584,1.0610,0
1982-07-28,1.0610,1.0636,1.0507,1.0533,0
1982-07-29,1.0533,1.0610,1.0276,1.0482,0
1982-07-30,1.0482,1.0482,1.0379,1.0430,0
1982-08-02,1.0559,1.0738,1.0559,1.0738,0
1982-08-03,1.0738,1.0816,1.0584,1.0610,0
1982-08-04,1.0610,1.0661,1.0482,1.0482,0
1982-08-05,1.0482,1.0661,1.0456,1.0636,0
1982-08-06,1.0636,1.0661,1.0302,1.0302,0
1982-08-09,1.0302,1.0379,1.0199,1.0276,0
1982-08-10,1.0327,1.0456,1.0327,1.0379,0
1982-08-11,1.0379,1.0456,1.0353,1.0404,0
1982-08-12,1.0404,1.0482,1.0379,1.0430,0
1982-08-13,1.0430,1.0456,1.0379,1.0456,0
1982-08-16,1.0559,1.0636,1.0559,1.0584,0
1982-08-17,1.0610,1.1047,1.0610,1.0995,0
1982-08-18,1.0995,1.1329,1.0918,1.0944,0
1982-08-19,1.0970,1.1278,1.0970,1.1047,0
1982-08-20,1.1124,1.1329,1.1124,1.1329,0
1982-08-23,1.1329,1.1663,1.1252,1.1561,0
1982-08-24,1.1535,1.1535,1.1304,1.1458,0
1982-08-25,1.1458,1.1509,1.1355,1.1355,0
1982-08-26,1.1355,1.1381,1.0636,1.0918,0
1982-08-27,1.0738,1.0738,1.0610,1.0713,0
1982-08-30,1.0713,1.0893,1.0610,1.0893,0
1982-08-31,1.0893,1.1201,1.0867,1.1124,0
1982-09-01,1.1124,1.1201,1.0944,1.1021,0
1982-09-02,1.1021,1.1381,1.0970,1.1304,0
1982-09-03,1.1355,1.1817,1.1355,1.1740,0
1982-09-07,1.1740,1.1766,1.1458,1.1612,0
1982-09-08,1.1612,1.1612,1.1175,1.1304,0
1982-09-09,1.1150,1.1150,1.0995,1.1021,0
1982-09-10,1.0944,1.0944,1.0687,1.0790,0
1982-09-13,1.0790,1.0918,1.0764,1.0893,0
1982-09-14,1.0944,1.1175,1.0944,1.1047,0
1982-09-15,1.1098,1.1252,1.1098,1.1252,0
1982-09-16,1.1304,1.1766,1.1304,1.1509,0
1982-09-17,1.1509,1.1509,1.1329,1.1381,0
1982-09-20,1.1381,1.1535,1.1355,1.1432,0
1982-09-21,1.1509,1.1689,1.1509,1.1663,0
1982-09-22,1.1663,1.1843,1.1535,1.1586,0
1982-09-23,1.1586,1.1689,1.1509,1.1689,0
1982-09-24,1.1689,1.1792,1.1612,1.1792,0
1982-09-27,1.1792,1.1946,1.1715,1.1869,0
1982-09-28,1.1869,1.1895,1.1715,1.1792,0
1982-09-29,1.1792,1.1792,1.1381,1.1406,0
1982-09-30,1.1406,1.1689,1.1355,1.1638,0
1982-10-01,1.1663,1.1817,1.1663,1.1715,0
1982-10-04,1.1638,1.1638,1.1304,1.1381,0
1982-10-05,1.1381,1.1509,1.1355,1.1458,0
1982-10-06,1.1458,1.1869,1.1406,1.1843,0
1982-10-07,1.1920,1.2254,1.1920,1.2254,0
1982-10-08,1.2306,1.2845,1.2306,1.2845,0
1982-10-11,1.3025,1.3436,1.3025,1.3205,0
1982-10-12,1.3205,1.3256,1.2974,1.3153,0
1982-10-13,1.3153,1.3719,1.3051,1.3487,0
1982-10-14,1.3462,1.3462,1.3153,1.3153,0
1982-10-15,1.3153,1.3462,1.3128,1.3153,0
1982-10-18,1.3153,1.3539,1.3153,1.3539,0
1982-10-19,1.3539,1.3770,1.3513,1.3770,0
1982-10-20,1.3770,1.4386,1.3744,1.4361,0
1982-10-21,1.4361,1.4386,1.3924,1.4232,0
1982-10-22,1.4232,1.4309,1.3898,1.3950,0
1982-10-25,1.3667,1.3667,1.3307,1.3436,0
1982-10-26,1.3436,1.3693,1.3256,1.3513,0
1982-10-27,1.3513,1.3641,1.3307,1.3487,0
1982-10-28,1.3487,1.3641,1.3487,1.3539,0
1982-10-29,1.3539,1.3667,1.3513,1.3564,0
1982-11-01,1.3564,1.3796,1.3410,1.3667,0
1982-11-02,1.3667,1.4078,1.3667,1.3924,0
1982-11-03,1.3924,1.4618,1.3821,1.4592,0
1982-11-04,1.4592,1.4695,1.4386,1.4386,0
1982-11-05,1.4284,1.4284,1.4104,1.4155,0
1982-11-08,1.4078,1.4078,1.3770,1.3770,0
1982-11-09,1.3770,1.3873,1.3641,1.3770,0
1982-11-10,1.3770,1.4027,1.3641,1.3770,0
1982-11-11,1.3770,1.3975,1.3693,1.3950,0
1982-11-12,1.3975,1.4130,1.3975,1.4027,0
1982-11-15,1.3950,1.3950,1.3770,1.3873,0
1982-11-16,1.3821,1.3821,1.3513,1.3564,0
1982-11-17,1.3564,1.3719,1.3205,1.3230,0
1982-11-18,1.3230,1.3487,1.3128,1.3487,0
1982-11-19,1.3513,1.3744,1.3513,1.3564,0
1982-11-22,1.3564,1.3564,1.3333,1.3359,0
1982-11-23,1.3359,1.3410,1.2742,1.2794,0
1982-11-24,1.2794,1.2845,1.2640,1.2794,0
1982-11-26,1.2819,1.3128,1.2819,1.3128,0
1982-11-29,1.3128,1.3205,1.3025,1.3153,0
1982-11-30,1.3153,1.3564,1.3128,1.3539,0
1982-12-01,1.3616,1.4027,1.3616,1.3873,0
1982-12-02,1.3873,1.4001,1.3770,1.3770,0
1982-12-03,1.3770,1.3847,1.3667,1.3693,0
1982-12-06,1.3693,1.3975,1.3487,1.3975,0
1982-12-07,1.4027,1.4412,1.4027,1.4232,0
1982-12-08,1.4232,1.4438,1.4027,1.4386,0
1982-12-09,1.4284,1.4284,1.3950,1.3975,0
1982-12-10,1.3924,1.3924,1.3153,1.3385,0
1982-12-13,1.3359,1.3359,1.3051,1.3153,0
1982-12-14,1.3153,1.3359,1.2717,1.2717,0
1982-12-15,1.2717,1.2845,1.2640,1.2742,0
1982-12-16,1.2742,1.2794,1.2665,1.2768,0
1982-12-17,1.2819,1.3153,1.2819,1.3025,0
1982-12-20,1.3025,1.3076,1.2845,1.2845,0
1982-12-21,1.2845,1.2948,1.2691,1.2948,0
1982-12-22,1.2948,1.2974,1.2794,1.2948,0
1982-12-23,1.2999,1.3153,1.2999,1.3128,0
1982-12-27,1.3128,1.3359,1.3076,1.3307,0
1982-12-28,1.3307,1.3359,1.3128,1.3128,0
1982-12-29,1.3128,1.3153,1.2948,1.2948,0
1982-12-30,1.2948,1.2999,1.2922,1.2922,0
1982-12-31,1.2922,1.3025,1.2922,1.2999,0
1983-01-03,1.2999,1.3051,1.2794,1.2794,0
1983-01-04,1.2794,1.3051,1.2768,1.2999,0
1983-01-05,1.2974,1.2974,1.2537,1.2614,0
1983-01-06,1.2614,1.2819,1.2588,1.2588,0
1983-01-07,1.2614,1.2794,1.2614,1.2717,0
1983-01-10,1.2717,1.2948,1.2691,1.2896,0
1983-01-11,1.2896,1.3025,1.2794,1.2871,0
1983-01-12,1.2871,1.3359,1.2871,1.3205,0
1983-01-13,1.3205,1.3282,1.3128,1.3282,0
1983-01-14,1.3282,1.3487,1.3102,1.3102,0
1983-01-17,1.3102,1.3205,1.2742,1.2742,0
1983-01-18,1.2691,1.2691,1.2357,1.2665,0
1983-01-19,1.3102,1.3513,1.3102,1.3513,0
1983-01-20,1.3513,1.3641,1.3359,1.3616,0
1983-01-21,1.3616,1.3924,1.3385,1.3924,0
1983-01-24,1.3821,1.3821,1.3564,1.3616,0
1983-01-25,1.3616,1.3847,1.3462,1.3796,0
1983-01-26,1.3796,1.3924,1.3693,1.3744,0
1983-01-27,1.3744,1.3950,1.3667,1.3950,0
1983-01-28,1.3950,1.4027,1.3719,1.3873,0
1983-01-31,1.3873,1.3873,1.3744,1.3847,0
1983-02-01,1.3847,1.3873,1.3641,1.3719,0
1983-02-02,1.3719,1.3950,1.3667,1.3873,0
1983-02-03,1.3873,1.4001,1.3821,1.3873,0
1983-02-04,1.3873,1.3950,1.3744,1.3821,0
1983-02-07,1.3821,1.3873,1.3744,1.3821,0
1983-02-08,1.3873,1.3975,1.3873,1.3924,0
1983-02-09,1.3924,1.3924,1.3641,1.3744,0
1983-02-10,1.3744,1.4104,1.3719,1.3975,0
1983-02-11,1.3975,1.4232,1.3924,1.3975,0
1983-02-14,1.3975,1.3975,1.3462,1.3641,0
1983-02-15,1.3641,1.3821,1.3564,1.3719,0
1983-02-16,1.3744,1.3924,1.3744,1.3873,0
1983-02-17,1.3873,1.4207,1.3873,1.4155,0
1983-02-18,1.4207,1.4746,1.4207,1.4669,0
1983-02-22,1.4669,1.4926,1.4541,1.4926,0
1983-02-23,1.5131,1.5543,1.5131,1.5517,0
1983-02-24,1.5517,1.5799,1.5517,1.5799,0
1983-02-25,1.5799,1.6031,1.5671,1.5697,0
1983-02-28,1.5594,1.5594,1.5363,1.5363,0
1983-03-01,1.5517,1.5979,1.5517,1.5851,0
1983-03-02,1.5851,1.6005,1.5851,1.6005,0
1983-03-03,1.6031,1.6159,1.6031,1.6056,0
1983-03-04,1.6056,1.6185,1.5979,1.6005,0
1983-03-07,1.6005,1.6133,1.5902,1.5979,0
1983-03-08,1.5979,1.6005,1.5851,1.5851,0
1983-03-09,1.5851,1.5954,1.5722,1.5954,0
1983-03-10,1.5954,1.6056,1.5902,1.5954,0
1983-03-11,1.5954,1.5979,1.5851,1.5851,0
1983-03-14,1.5851,1.5902,1.5671,1.5825,0
1983-03-15,1.5799,1.5799,1.5620,1.5645,0
1983-03-16,1.5645,1.5671,1.5363,1.5414,0
1983-03-17,1.5388,1.5388,1.5209,1.5311,0
1983-03-18,1.5311,1.5311,1.5209,1.5260,0
1983-03-21,1.5260,1.5260,1.5054,1.5157,0
1983-03-22,1.5209,1.5440,1.5209,1.5363,0
1983-03-23,1.5363,1.5620,1.5337,1.5543,0
1983-03-24,1.5568,1.5722,1.5568,1.5620,0
1983-03-25,1.5620,1.5748,1.5568,1.5722,0
1983-03-28,1.5799,1.5876,1.5799,1.5876,0
1983-03-29,1.5928,1.6031,1.5928,1.5928,0
1983-03-30,1.5928,1.5954,1.5774,1.5876,0
1983-03-31,1.5876,1.5954,1.5671,1.5697,0
1983-04-04,1.5697,1.5774,1.5543,1.5697,0
1983-04-05,1.5799,1.6031,1.5799,1.5954,0
1983-04-06,1.5954,1.6133,1.5928,1.6133,0
1983-04-07,1.6133,1.6416,1.6082,1.6416,0
1983-04-08,1.6416,1.6724,1.6339,1.6544,0
1983-04-11,1.6622,1.6955,1.6622,1.6955,0
1983-04-12,1.6955,1.7341,1.6827,1.7341,0
1983-04-13,1.7341,1.7418,1.7187,1.7187,0
1983-04-14,1.7187,1.7264,1.7084,1.7187,0
1983-04-15,1.7187,1.7264,1.7058,1.7212,0
1983-04-18,1.7212,1.7341,1.7187,1.7289,0
1983-04-19,1.7264,1.7264,1.6981,1.7007,0
1983-04-20,1.7007,1.7135,1.6904,1.7058,0
1983-04-21,1.7058,1.7135,1.6442,1.6519,0
1983-04-22,1.6519,1.6673,1.6467,1.6544,0
1983-04-25,1.6544,1.6570,1.6442,1.6544,0
1983-04-26,1.6544,1.6647,1.6467,1.6570,0
1983-04-27,1.6570,1.6622,1.6082,1.6313,0
1983-04-28,1.6288,1.6288,1.6031,1.6031,0
1983-04-29,1.6031,1.6056,1.5876,1.6031,0
1983-05-02,1.6031,1.6544,1.5902,1.6544,0
1983-05-03,1.6493,1.6493,1.6082,1.6288,0
1983-05-04,1.6339,1.6493,1.6339,1.6365,0
1983-05-05,1.6365,1.6750,1.6365,1.6750,0
1983-05-06,1.6750,1.7033,1.6750,1.6750,0
1983-05-09,1.6699,1.6699,1.6390,1.6442,0
1983-05-10,1.5620,1.5620,1.5388,1.5568,0
1983-05-11,1.5543,1.5543,1.5080,1.5080,0
1983-05-12,1.5131,1.5388,1.5131,1.5388,0
1983-05-13,1.5440,1.5697,1.5440,1.5645,0
1983-05-16,1.5568,1.5568,1.5311,1.5440,0
1983-05-17,1.5440,1.5517,1.5388,1.5440,0
1983-05-18,1.5440,1.5568,1.5260,1.5260,0
1983-05-19,1.5260,1.5388,1.5209,1.5260,0
1983-05-20,1.5260,1.5440,1.5234,1.5260,0
1983-05-23,1.5260,1.5414,1.5183,1.5286,0
1983-05-24,1.5286,1.5363,1.5183,1.5311,0
1983-05-25,1.5311,1.5568,1.5234,1.5517,0
1983-05-26,1.5568,1.5979,1.5568,1.5774,0
1983-05-27,1.5774,1.5954,1.5517,1.5517,0
1983-05-31,1.5517,1.5543,1.5388,1.5440,0
1983-06-01,1.5440,1.5491,1.5363,1.5388,0
1983-06-02,1.5388,1.5517,1.5311,1.5465,0
1983-06-03,1.5465,1.5465,1.5054,1.5054,0
1983-06-06,1.5054,1.5131,1.4669,1.4798,0
1983-06-07,1.4746,1.4746,1.4309,1.4361,0
1983-06-08,1.4361,1.4464,1.4284,1.4284,0
1983-06-09,1.4258,1.4258,1.4078,1.4130,0
1983-06-10,1.4130,1.4232,1.3975,1.4052,0
1983-06-13,1.4052,1.4155,1.3975,1.4052,0
1983-06-14,1.4052,1.4130,1.3975,1.3975,0
1983-06-15,1.3847,1.3847,1.3667,1.3847,0
1983-06-16,1.3924,1.4155,1.3924,1.3975,0
1983-06-17,1.3975,1.4001,1.3796,1.3796,0
1983-06-20,1.3796,1.3950,1.3796,1.3821,0
1983-06-21,1.3821,1.3821,1.3462,1.3641,0
1983-06-22,1.3641,1.3719,1.3359,1.3487,0
1983-06-23,1.3513,1.3616,1.3513,1.3590,0
1983-06-24,1.3590,1.3667,1.3564,1.3667,0
1983-06-27,1.3667,1.3744,1.3564,1.3641,0
1983-06-28,1.3641,1.3744,1.3641,1.3744,0
1983-06-29,1.3744,1.3821,1.3667,1.3821,0
1983-06-30,1.3821,1.3950,1.3821,1.3924,0
1983-07-01,1.3924,1.3950,1.3693,1.3770,0
1983-07-05,1.3719,1.3719,1.3564,1.3616,0
1983-07-06,1.3616,1.3770,1.3564,1.3770,0
1983-07-07,1.3770,1.3770,1.3564,1.3564,0
1983-07-08,1.3564,1.3564,1.3307,1.3307,0
1983-07-11,1.3359,1.3462,1.3359,1.3385,0
1983-07-12,1.3385,1.3385,1.3153,1.3153,0
1983-07-13,1.3153,1.3179,1.2999,1.3153,0
1983-07-14,1.3256,1.3462,1.3256,1.3410,0
1983-07-15,1.3410,1.3410,1.3282,1.3307,0
1983-07-18,1.3307,1.3333,1.3153,1.3205,0
1983-07-19,1.3153,1.3153,1.2768,1.2845,0
1983-07-20,1.2896,1.3153,1.2896,1.3153,0
1983-07-21,1.3230,1.3462,1.3230,1.3359,0
1983-07-22,1.3359,1.3539,1.3359,1.3410,0
1983-07-25,1.3410,1.3513,1.3282,1.3487,0
1983-07-26,1.3564,1.4027,1.3564,1.3950,0
1983-07-27,1.3950,1.3975,1.3513,1.3641,0
1983-07-28,1.3616,1.3616,1.3307,1.3307,0
1983-07-29,1.3307,1.3333,1.2845,1.2948,0
1983-08-01,1.2948,1.3153,1.2922,1.3051,0
1983-08-02,1.3051,1.3487,1.3051,1.3205,0
1983-08-03,1.3359,1.3719,1.3359,1.3719,0
1983-08-04,1.3719,1.4001,1.3153,1.3410,0
1983-08-05,1.3410,1.3436,1.3051,1.3128,0
1983-08-08,1.3102,1.3102,1.2742,1.2742,0
1983-08-09,1.2794,1.3076,1.2794,1.3076,0
1983-08-10,1.3076,1.3128,1.2717,1.2717,0
1983-08-11,1.2742,1.3025,1.2742,1.2948,0
1983-08-12,1.2948,1.3076,1.2742,1.2742,0
1983-08-15,1.2742,1.2871,1.2742,1.2768,0
1983-08-16,1.2742,1.2742,1.2460,1.2511,0
1983-08-17,1.2537,1.2948,1.2537,1.2845,0
1983-08-18,1.2845,1.2845,1.2588,1.2588,0
1983-08-19,1.2588,1.2614,1.2331,1.2357,0
1983-08-22,1.2357,1.2485,1.2074,1.2074,0
1983-08-23,1.2074,1.2254,1.1997,1.2049,0
1983-08-24,1.2049,1.2074,1.1715,1.1740,0
1983-08-25,1.1740,1.1817,1.1509,1.1638,0
1983-08-26,1.1638,1.1689,1.1509,1.1612,0
1983-08-29,1.1586,1.1586,1.1483,1.1535,0
1983-08-30,1.1535,1.1792,1.1535,1.1740,0
1983-08-31,1.1766,1.2203,1.1766,1.2100,0
1983-09-01,1.2100,1.2203,1.2023,1.2126,0
1983-09-02,1.2126,1.2228,1.1972,1.2100,0
1983-09-06,1.2177,1.2383,1.2177,1.2254,0
1983-09-07,1.2254,1.2460,1.2203,1.2434,0
1983-09-08,1.2434,1.2485,1.2254,1.2331,0
1983-09-09,1.2331,1.2485,1.2228,1.2280,0
1983-09-12,1.2280,1.2357,1.2126,1.2203,0
1983-09-13,1.2151,1.2151,1.1997,1.2126,0
1983-09-14,1.2126,1.2126,1.1920,1.1972,0
1983-09-15,1.1972,1.2228,1.1946,1.2228,0
1983-09-16,1.2228,1.2794,1.2228,1.2614,0
1983-09-19,1.2614,1.2691,1.2537,1.2691,0
1983-09-20,1.2691,1.2794,1.2614,1.2691,0
1983-09-21,1.2665,1.2665,1.2537,1.2665,0
1983-09-22,1.2665,1.2768,1.2460,1.2460,0
1983-09-23,1.2460,1.2485,1.2151,1.2331,0
1983-09-26,1.2331,1.2948,1.2331,1.2845,0
1983-09-27,1.2768,1.2768,1.2614,1.2691,0
1983-09-28,1.2717,1.3076,1.2717,1.3025,0
1983-09-29,1.3051,1.3282,1.3051,1.3051,0
1983-09-30,1.3051,1.3076,1.2640,1.2742,0
1983-10-03,1.2742,1.2742,1.2562,1.2691,0
1983-10-04,1.2691,1.2768,1.2691,1.2768,0
1983-10-05,1.2768,1.2948,1.2742,1.2948,0
1983-10-06,1.2948,1.2974,1.2717,1.2896,0
1983-10-07,1.2896,1.2974,1.2819,1.2896,0
1983-10-10,1.2896,1.2896,1.2768,1.2845,0
1983-10-11,1.2845,1.2871,1.2537,1.2537,0
1983-10-12,1.2537,1.2665,1.2511,1.2562,0
1983-10-13,1.2562,1.2717,1.2537,1.2640,0
1983-10-14,1.2768,1.2948,1.2768,1.2948,0
1983-10-17,1.2974,1.3153,1.2974,1.2974,0
1983-10-18,1.2974,1.3102,1.2871,1.2896,0
1983-10-19,1.2896,1.2948,1.2742,1.2742,0
1983-10-20,1.2742,1.2922,1.2665,1.2742,0
1983-10-21,1.2742,1.2819,1.2460,1.2537,0
1983-10-24,1.2537,1.2537,1.2383,1.2511,0
1983-10-25,1.2511,1.2665,1.2511,1.2511,0
1983-10-26,1.2511,1.2614,1.2434,1.2537,0
1983-10-27,1.2537,1.2537,1.2383,1.2460,0
1983-10-28,1.2460,1.2537,1.2357,1.2408,0
1983-10-31,1.2408,1.2562,1.2331,1.2562,0
1983-11-01,1.2537,1.2537,1.2357,1.2485,0
1983-11-02,1.2511,1.2691,1.2511,1.2640,0
1983-11-03,1.2640,1.2742,1.2640,1.2691,0
1983-11-04,1.2691,1.2742,1.2562,1.2742,0
1983-11-07,1.2742,1.2948,1.2665,1.2819,0
1983-11-08,1.2819,1.2819,1.2408,1.2408,0
1983-11-09,1.2408,1.2434,1.1843,1.2074,0
1983-11-10,1.0687,1.0687,0.9711,0.9711,0
1983-11-11,0.9891,1.0250,0.9891,1.0122,0
1983-11-14,1.0199,1.0430,1.0199,1.0353,0
1983-11-15,1.0353,1.0456,1.0225,1.0276,0
1983-11-16,1.0276,1.0379,1.0225,1.0327,0
1983-11-17,1.0327,1.0430,1.0173,1.0250,0
1983-11-18,1.0225,1.0225,0.9916,1.0045,0
1983-11-21,1.0045,1.0225,1.0045,1.0148,0
1983-11-22,1.0148,1.0225,0.9968,1.0071,0
1983-11-23,1.0045,1.0045,0.9865,0.9993,0
1983-11-25,0.9993,0.9993,0.9839,0.9916,0
1983-11-28,0.9916,1.0045,0.9788,0.9839,0
1983-11-29,0.9839,1.0019,0.9839,0.9993,0
1983-11-30,0.9993,1.0071,0.9916,0.9916,0
1983-12-01,0.9916,1.0019,0.9916,0.9993,0
1983-12-02,1.0071,1.0893,1.0071,1.0610,0
1983-12-05,1.0610,1.0790,1.0482,1.0738,0
1983-12-06,1.0738,1.0841,1.0507,1.0584,0
1983-12-07,1.0584,1.0713,1.0584,1.0661,0
1983-12-08,1.0661,1.0790,1.0584,1.0584,0
1983-12-09,1.0584,1.0687,1.0430,1.0482,0
1983-12-12,1.0482,1.0533,1.0430,1.0482,0
1983-12-13,1.0482,1.0610,1.0430,1.0456,0
1983-12-14,1.0456,1.0507,1.0250,1.0302,0
1983-12-15,1.0302,1.0327,1.0096,1.0122,0
1983-12-16,1.0122,1.0173,1.0045,1.0122,0
1983-12-19,1.0173,1.0456,1.0173,1.0327,0
1983-12-20,1.0404,1.0507,1.0404,1.0456,0
1983-12-21,1.0482,1.0636,1.0482,1.0584,0
1983-12-22,1.0584,1.0661,1.0507,1.0533,0
1983-12-23,1.0533,1.0661,1.0482,1.0636,0
1983-12-27,1.0636,1.0636,1.0482,1.0507,0
1983-12-28,1.0533,1.0738,1.0533,1.0738,0
1983-12-29,1.0764,1.0918,1.0764,1.0841,0
1983-12-30,1.0841,1.0995,1.0816,1.0841,0
1984-01-03,1.0841,1.0970,1.0816,1.0816,0
1984-01-04,1.0841,1.1150,1.0841,1.0893,0
1984-01-05,1.0893,1.1047,1.0841,1.0944,0
1984-01-06,1.0944,1.0970,1.0790,1.0841,0
1984-01-09,1.0841,1.0867,1.0764,1.0841,0
1984-01-10,1.0841,1.0841,1.0404,1.0482,0
1984-01-11,1.0482,1.0482,1.0276,1.0456,0
1984-01-12,1.0456,1.0687,1.0456,1.0636,0
1984-01-13,1.0636,1.0944,1.0610,1.0790,0
1984-01-16,1.0790,1.1047,1.0790,1.0995,0
1984-01-17,1.0995,1.1021,1.0713,1.0790,0
1984-01-18,1.0867,1.1201,1.0867,1.1175,0
1984-01-19,1.1175,1.1252,1.1072,1.1201,0
1984-01-20,1.1150,1.1150,1.0841,1.0867,0
1984-01-23,1.0867,1.0995,1.0816,1.0893,0
1984-01-24,1.0893,1.1021,1.0816,1.0816,0
1984-01-25,1.0816,1.0944,1.0790,1.0816,0
1984-01-26,1.0867,1.0995,1.0867,1.0893,0
1984-01-27,1.0893,1.1098,1.0893,1.1098,0
1984-01-30,1.1150,1.1304,1.1150,1.1304,0
1984-01-31,1.1329,1.1638,1.1329,1.1561,0
1984-02-01,1.1561,1.1612,1.1381,1.1406,0
1984-02-02,1.1406,1.1458,1.1252,1.1355,0
1984-02-03,1.1355,1.1458,1.1201,1.1278,0
1984-02-06,1.1175,1.1175,1.0893,1.1124,0
1984-02-07,1.1124,1.1124,1.0944,1.1047,0
1984-02-08,1.1047,1.1098,1.0738,1.0790,0
1984-02-09,1.0790,1.0816,1.0559,1.0687,0
1984-02-10,1.0687,1.0790,1.0636,1.0764,0
1984-02-13,1.0764,1.0790,1.0584,1.0661,0
1984-02-14,1.0661,1.0661,1.0404,1.0533,0
1984-02-15,1.0533,1.0584,1.0045,1.0045,0
1984-02-16,1.0045,1.0327,1.0045,1.0173,0
1984-02-17,1.0173,1.0225,1.0019,1.0019,0
1984-02-21,1.0071,1.0276,1.0071,1.0122,0
1984-02-22,1.0071,1.0071,0.9968,1.0019,0
1984-02-23,1.0019,1.0250,0.9942,1.0225,0
1984-02-24,1.0250,1.0584,1.0250,1.0533,0
1984-02-27,1.0507,1.0507,1.0353,1.0507,0
1984-02-28,1.0456,1.0456,1.0225,1.0276,0
1984-02-29,1.0276,1.0379,1.0225,1.0276,0
1984-03-01,1.0276,1.0738,1.0225,1.0713,0
1984-03-02,1.0713,1.0738,1.0559,1.0661,0
1984-03-05,1.0636,1.0636,1.0404,1.0430,0
1984-03-06,1.0430,1.0507,1.0404,1.0430,0
1984-03-07,1.0353,1.0353,1.0276,1.0353,0
1984-03-08,1.0353,1.0430,1.0199,1.0379,0
1984-03-09,1.0430,1.0790,1.0430,1.0738,0
1984-03-12,1.0738,1.1021,1.0687,1.1021,0
1984-03-13,1.1021,1.1766,1.0970,1.1663,0
1984-03-14,1.1663,1.2383,1.1663,1.1843,0
1984-03-15,1.1843,1.1895,1.1638,1.1689,0
1984-03-16,1.1689,1.1920,1.1535,1.1561,0
1984-03-19,1.1561,1.2126,1.1355,1.2074,0
1984-03-20,1.2074,1.2871,1.2049,1.2537,0
1984-03-21,1.2537,1.3051,1.2537,1.3025,0
1984-03-22,1.2948,1.2948,1.2485,1.2640,0
1984-03-23,1.2640,1.3230,1.2562,1.3128,0
1984-03-26,1.3128,1.3539,1.2999,1.3128,0
1984-03-27,1.3102,1.3102,1.2794,1.2922,0
1984-03-28,1.2922,1.3153,1.2665,1.3153,0
1984-03-29,1.3153,1.3462,1.2562,1.3359,0
1984-03-30,1.3359,1.3975,1.3230,1.3744,0
1984-04-02,1.3693,1.3693,1.3256,1.3307,0
1984-04-03,1.3307,1.3744,1.3205,1.3693,0
1984-04-04,1.3693,1.3847,1.3462,1.3564,0
1984-04-05,1.3564,1.3770,1.3462,1.3693,0
1984-04-06,1.3693,1.3873,1.3564,1.3770,0
1984-04-09,1.3770,1.3770,1.3513,1.3616,0
1984-04-10,1.3616,1.3796,1.3487,1.3693,0
1984-04-11,1.3693,1.3719,1.3051,1.3179,0
1984-04-12,1.3179,1.3307,1.2845,1.3307,0
1984-04-13,1.3307,1.3307,1.3025,1.3153,0
1984-04-16,1.3153,1.3179,1.2794,1.3076,0
1984-04-17,1.3076,1.3153,1.2562,1.2691,0
1984-04-18,1.2717,1.2974,1.2717,1.2794,0
1984-04-19,1.2794,1.2871,1.2537,1.2537,0
1984-04-23,1.2537,1.2588,1.2203,1.2228,0
1984-04-24,1.2228,1.2408,1.2203,1.2280,0
1984-04-25,1.2280,1.2948,1.2151,1.2948,0
1984-04-26,1.2948,1.3462,1.2948,1.3307,0
1984-04-27,1.3307,1.3307,1.2922,1.3102,0
1984-04-30,1.3076,1.3076,1.2871,1.2922,0
1984-05-01,1.2999,1.3616,1.2999,1.3564,0
1984-05-02,1.3564,1.3564,1.3256,1.3359,0
1984-05-03,1.3359,1.3410,1.3230,1.3256,0
1984-05-04,1.3256,1.3282,1.3051,1.3153,0
1984-05-07,1.3153,1.3307,1.3102,1.3256,0
1984-05-08,1.3256,1.3256,1.3076,1.3128,0
1984-05-09,1.3128,1.3205,1.3025,1.3179,0
1984-05-10,1.3179,1.3205,1.2742,1.2896,0
1984-05-11,1.2896,1.2922,1.2717,1.2896,0
1984-05-14,1.2896,1.3282,1.2742,1.3153,0
1984-05-15,1.3153,1.3205,1.2999,1.3076,0
1984-05-16,1.3076,1.3205,1.2819,1.3051,0
1984-05-17,1.3051,1.3410,1.2537,1.3051,0
1984-05-18,1.3025,1.3025,1.2562,1.2999,0
1984-05-21,1.2999,1.3205,1.2819,1.2896,0
1984-05-22,1.2896,1.3051,1.2768,1.2948,0
1984-05-23,1.3025,1.3641,1.3025,1.3616,0
1984-05-24,1.3616,1.3641,1.3230,1.3436,0
1984-05-25,1.3436,1.4284,1.3410,1.4078,0
1984-05-29,1.3847,1.3847,1.3102,1.3179,0
1984-05-30,1.3153,1.3153,1.2742,1.2948,0
1984-05-31,1.2948,1.3051,1.2665,1.2845,0
1984-06-01,1.3179,1.3359,1.3179,1.3205,0
1984-06-04,1.3205,1.3564,1.3205,1.3307,0
1984-06-05,1.3307,1.3333,1.2974,1.3205,0
1984-06-06,1.3205,1.3436,1.2742,1.3307,0
1984-06-07,1.3307,1.3462,1.3051,1.3359,0
1984-06-08,1.3359,1.3744,1.3153,1.3153,0
1984-06-11,1.3153,1.3153,1.1150,1.1150,0
1984-06-12,1.0533,1.0533,0.9968,1.0430,0
1984-06-13,1.0430,1.0507,1.0071,1.0071,0
1984-06-14,1.0071,1.0250,0.9814,1.0045,0
1984-06-15,1.0045,1.0173,0.9942,1.0173,0
1984-06-18,1.0173,1.0302,0.9993,1.0173,0
1984-06-19,1.0173,1.0199,0.9993,1.0071,0
1984-06-20,1.0071,1.0071,0.9788,1.0071,0
1984-06-21,1.0071,1.0199,0.9968,1.0045,0
1984-06-22,1.0045,1.0327,0.9993,1.0250,0
1984-06-25,0.9839,0.9839,0.9505,0.9531,0
1984-06-26,0.9582,0.9711,0.9582,0.9634,0
1984-06-27,0.9634,0.9762,0.9608,0.9685,0
1984-06-28,0.9685,0.9788,0.9531,0.9582,0
1984-06-29,0.9608,0.9737,0.9608,0.9737,0
1984-07-02,0.9685,0.9685,0.9480,0.9505,0
1984-07-03,0.9505,0.9505,0.9300,0.9377,0
1984-07-05,0.9377,0.9531,0.9351,0.9454,0
1984-07-06,0.9454,0.9454,0.9351,0.9454,0
1984-07-09,0.9454,0.9659,0.9351,0.9659,0
1984-07-10,0.9659,0.9814,0.9608,0.9788,0
1984-07-11,0.9788,0.9839,0.9711,0.9814,0
1984-07-12,0.9814,0.9891,0.9737,0.9865,0
1984-07-13,0.9865,1.0636,0.9865,1.0636,0
1984-07-16,1.0533,1.0533,1.0173,1.0379,0
1984-07-17,1.0379,1.1175,1.0302,1.0867,0
1984-07-18,1.1047,1.1381,1.1047,1.1175,0
1984-07-19,1.1175,1.1175,1.0970,1.0995,0
1984-07-20,1.0944,1.0944,1.0482,1.0790,0
1984-07-23,1.0790,1.1124,1.0636,1.1098,0
1984-07-24,1.1098,1.1124,1.0816,1.0918,0
1984-07-25,1.0970,1.1252,1.0970,1.1175,0
1984-07-26,1.1201,1.1406,1.1201,1.1201,0
1984-07-27,1.1201,1.1278,1.0841,1.1072,0
1984-07-30,1.1072,1.1227,1.1021,1.1047,0
1984-07-31,1.1047,1.1150,1.0841,1.0841,0
1984-08-01,1.0893,1.1304,1.0893,1.1304,0
1984-08-02,1.1304,1.1458,1.1124,1.1406,0
1984-08-03,1.1406,1.1638,1.1278,1.1612,0
1984-08-06,1.1612,1.1638,1.1406,1.1458,0
1984-08-07,1.1458,1.1638,1.1355,1.1458,0
1984-08-08,1.1458,1.1612,1.1458,1.1483,0
1984-08-09,1.1483,1.1586,1.1458,1.1509,0
1984-08-10,1.1509,1.1612,1.1509,1.1509,0
1984-08-13,1.1509,1.1509,1.1252,1.1509,0
1984-08-14,1.1458,1.1458,1.1304,1.1355,0
1984-08-15,1.1406,1.1817,1.1406,1.1561,0
1984-08-16,1.1561,1.1843,1.1561,1.1817,0
1984-08-17,1.1817,1.2100,1.1689,1.1843,0
1984-08-20,1.1843,1.2023,1.1843,1.1843,0
1984-08-21,1.1843,1.1895,1.1740,1.1792,0
1984-08-22,1.1792,1.1869,1.1535,1.1612,0
1984-08-23,1.1612,1.1817,1.1535,1.1740,0
1984-08-24,1.1740,1.1843,1.1561,1.1638,0
1984-08-27,1.1612,1.1612,1.1355,1.1586,0
1984-08-28,1.1458,1.1458,1.1329,1.1406,0
1984-08-29,1.1432,1.1535,1.1432,1.1483,0
1984-08-30,1.1483,1.1586,1.1483,1.1535,0
1984-08-31,1.1535,1.1638,1.1509,1.1586,0
1984-09-04,1.1586,1.1586,1.1509,1.1561,0
1984-09-05,1.1561,1.1561,1.1483,1.1561,0
1984-09-06,1.1586,1.1895,1.1586,1.1663,0
1984-09-07,1.1663,1.1946,1.1586,1.1843,0
1984-09-10,1.1843,1.1895,1.1740,1.1766,0
1984-09-11,1.1766,1.2357,1.1612,1.2331,0
1984-09-12,1.2306,1.2306,1.2100,1.2126,0
1984-09-13,1.2126,1.2126,1.2049,1.2074,0
1984-09-14,1.2074,1.3025,1.2074,1.2871,0
1984-09-17,1.2871,1.3256,1.2691,1.3076,0
1984-09-18,1.3025,1.3025,1.2640,1.2742,0
1984-09-19,1.2742,1.3153,1.2742,1.2948,0
1984-09-20,1.2948,1.3076,1.2768,1.2896,0
1984-09-21,1.2896,1.3102,1.2742,1.3102,0
1984-09-24,1.2896,1.2896,1.2074,1.2383,0
1984-09-25,1.2383,1.2460,1.2177,1.2306,0
1984-09-26,1.2306,1.2408,1.1946,1.1997,0
1984-09-27,1.2023,1.2151,1.2023,1.2100,0
1984-09-28,1.2100,1.2228,1.2100,1.2100,0
1984-10-01,1.1997,1.1997,1.1663,1.1663,0
1984-10-02,1.1663,1.2331,1.1612,1.1920,0
1984-10-03,1.1920,1.2306,1.1663,1.2177,0
1984-10-04,1.2177,1.2537,1.1201,1.1329,0
1984-10-05,1.1329,1.1406,1.1021,1.1201,0
1984-10-08,1.1201,1.1432,1.1201,1.1432,0
1984-10-09,1.1483,1.1792,1.1483,1.1792,0
1984-10-10,1.1792,1.1997,1.1792,1.1920,0
1984-10-11,1.1920,1.1997,1.1920,1.1920,0
1984-10-12,1.1920,1.2074,1.1869,1.1946,0
1984-10-15,1.1946,1.2151,1.1920,1.2100,0
1984-10-16,1.2100,1.2203,1.2049,1.2074,0
1984-10-17,1.2074,1.2100,1.1920,1.2023,0
1984-10-18,1.2023,1.2177,1.1997,1.2126,0
1984-10-19,1.2126,1.2228,1.1740,1.1869,0
1984-10-22,1.1869,1.1869,1.1766,1.1843,0
1984-10-23,1.1843,1.2023,1.1792,1.1972,0
1984-10-24,1.1997,1.2100,1.1997,1.2074,0
1984-10-25,1.2049,1.2049,1.1869,1.1869,0
1984-10-26,1.1869,1.1895,1.1766,1.1895,0
1984-10-29,1.1895,1.1895,1.1715,1.1766,0
1984-10-30,1.1766,1.1843,1.1766,1.1817,0
1984-10-31,1.1817,1.1843,1.1740,1.1766,0
1984-11-01,1.1766,1.1843,1.1715,1.1715,0
1984-11-02,1.1715,1.1715,1.1561,1.1638,0
1984-11-05,1.1638,1.1689,1.1561,1.1638,0
1984-11-06,1.1638,1.1715,1.1638,1.1715,0
1984-11-07,1.1715,1.1792,1.1663,1.1740,0
1984-11-08,1.1843,1.2074,1.1843,1.1895,0
1984-11-09,1.1895,1.1997,1.1843,1.1972,0
1984-11-12,1.1972,1.2023,1.1946,1.1997,0
1984-11-13,1.1997,1.1997,1.1869,1.1869,0
1984-11-14,1.1869,1.1997,1.1869,1.1997,0
1984-11-15,1.1997,1.1997,1.1895,1.1972,0
1984-11-16,1.1972,1.1997,1.1895,1.1972,0
1984-11-19,1.1920,1.1920,1.1817,1.1843,0
1984-11-20,1.1843,1.1843,1.1663,1.1689,0
1984-11-21,1.1689,1.1689,1.1561,1.1663,0
1984-11-23,1.1663,1.1740,1.1638,1.1740,0
1984-11-26,1.1740,1.1972,1.1740,1.1895,0
1984-11-27,1.1895,1.1946,1.1817,1.1869,0
1984-11-28,1.1972,1.2228,1.1972,1.2126,0
1984-11-29,1.2126,1.2151,1.2023,1.2049,0
1984-11-30,1.2049,1.2074,1.1972,1.2049,0
1984-12-03,1.2049,1.2049,1.1895,1.1997,0
1984-12-04,1.1997,1.1997,1.1817,1.1843,0
1984-12-05,1.1843,1.1843,1.1638,1.1766,0
1984-12-06,1.1766,1.1792,1.1715,1.1766,0
1984-12-07,1.1766,1.1843,1.1766,1.1817,0
1984-12-10,1.1817,1.1843,1.1715,1.1766,0
1984-12-11,1.1766,1.1869,1.1766,1.1843,0
1984-12-12,1.1843,1.1895,1.1817,1.1817,0
1984-12-13,1.1817,1.1920,1.1817,1.1895,0
1984-12-14,1.1895,1.2023,1.1895,1.2023,0
1984-12-17,1.2023,1.2074,1.1946,1.2074,0
1984-12-18,1.2074,1.2434,1.2074,1.2434,0
1984-12-19,1.2434,1.2460,1.2408,1.2434,0
1984-12-20,1.2434,1.2485,1.2357,1.2383,0
1984-12-21,1.2383,1.2511,1.2383,1.2434,0
1984-12-24,1.2485,1.2562,1.2485,1.2485,0
1984-12-26,1.2485,1.2485,1.2434,1.2460,0
1984-12-27,1.2460,1.2460,1.2383,1.2460,0
1984-12-28,1.2460,1.2485,1.2408,1.2434,0
1984-12-31,1.2434,1.2485,1.2306,1.2306,0
1985-01-02,1.2331,1.2383,1.2331,1.2357,0
1985-01-03,1.2331,1.2331,1.2228,1.2254,0
1985-01-04,1.2228,1.2228,1.2177,1.2203,0
1985-01-07,1.2254,1.2434,1.2254,1.2357,0
1985-01-08,1.2357,1.2460,1.2306,1.2434,0
1985-01-09,1.2485,1.2691,1.2485,1.2640,0
1985-01-10,1.2640,1.2974,1.2640,1.2948,0
1985-01-11,1.2948,1.3025,1.2922,1.2999,0
1985-01-14,1.2999,1.3359,1.2948,1.3359,0
1985-01-15,1.3359,1.3359,1.2999,1.3153,0
1985-01-16,1.3153,1.3359,1.3153,1.3282,0
1985-01-17,1.3282,1.3616,1.3282,1.3539,0
1985-01-18,1.3539,1.3744,1.3513,1.3616,0
1985-01-21,1.3616,1.4027,1.3564,1.4001,0
1985-01-22,1.4001,1.4464,1.3975,1.4155,0
1985-01-23,1.4155,1.4592,1.4027,1.4592,0
1985-01-24,1.4592,1.4695,1.4335,1.4335,0
1985-01-25,1.4335,1.4386,1.4232,1.4284,0
1985-01-28,1.4284,1.4412,1.4258,1.4309,0
1985-01-29,1.4361,1.4592,1.4361,1.4566,0
1985-01-30,1.4643,1.5209,1.4643,1.5106,0
1985-01-31,1.5106,1.5440,1.5054,1.5286,0
1985-02-01,1.5286,1.5286,1.5080,1.5106,0
1985-02-04,1.5106,1.5260,1.5029,1.5209,0
1985-02-05,1.5260,1.5465,1.5260,1.5363,0
1985-02-06,1.5363,1.5491,1.5286,1.5311,0
1985-02-07,1.5363,1.5594,1.5363,1.5491,0
1985-02-08,1.5491,1.5722,1.5440,1.5594,0
1985-02-11,1.5594,1.5594,1.5388,1.5568,0
1985-02-12,1.5543,1.5543,1.5414,1.5491,0
1985-02-13,1.5491,1.5851,1.5491,1.5748,0
1985-02-14,1.5928,1.6390,1.5928,1.6390,0
1985-02-15,1.6390,1.6673,1.5954,1.6133,0
1985-02-19,1.6133,1.6210,1.5928,1.6108,0
1985-02-20,1.6031,1.6031,1.5774,1.5902,0
1985-02-21,1.5697,1.5697,1.5620,1.5697,0
1985-02-22,1.5697,1.5722,1.5594,1.5722,0
1985-02-25,1.5722,1.5748,1.5671,1.5722,0
1985-02-26,1.5722,1.6031,1.5722,1.5954,0
1985-02-27,1.5954,1.6082,1.5928,1.5954,0
1985-02-28,1.5954,1.6005,1.5851,1.6005,0
1985-03-01,1.6005,1.6108,1.5671,1.5722,0
1985-03-04,1.5722,1.5876,1.5722,1.5851,0
1985-03-05,1.5851,1.5851,1.5697,1.5774,0
1985-03-06,1.5774,1.5774,1.5594,1.5671,0
1985-03-07,1.5620,1.5620,1.5311,1.5491,0
1985-03-08,1.5414,1.5414,1.5209,1.5388,0
1985-03-11,1.5311,1.5311,1.5131,1.5260,0
1985-03-12,1.5260,1.5697,1.5209,1.5645,0
1985-03-13,1.5645,1.5799,1.5568,1.5748,0
1985-03-14,1.5748,1.5774,1.5645,1.5722,0
1985-03-15,1.5722,1.5774,1.5517,1.5774,0
1985-03-18,1.5774,1.5902,1.5697,1.5851,0
1985-03-19,1.5954,1.6442,1.5954,1.6416,0
1985-03-20,1.6416,1.6416,1.6133,1.6339,0
1985-03-21,1.6339,1.6416,1.6262,1.6339,0
1985-03-22,1.6339,1.6493,1.6288,1.6442,0
1985-03-25,1.6442,1.6442,1.6339,1.6442,0
1985-03-26,1.6442,1.6442,1.6185,1.6390,0
1985-03-27,1.6365,1.6365,1.6159,1.6262,0
1985-03-28,1.6236,1.6236,1.5954,1.6031,0
1985-03-29,1.6031,1.6313,1.5774,1.6185,0
1985-04-01,1.6082,1.6082,1.5774,1.5902,0
1985-04-02,1.5902,1.5979,1.5799,1.5851,0
1985-04-03,1.5825,1.5825,1.5671,1.5697,0
1985-04-04,1.5697,1.5825,1.5671,1.5825,0
1985-04-08,1.5825,1.6288,1.5825,1.6288,0
1985-04-09,1.6288,1.6467,1.6236,1.6339,0
1985-04-10,1.6313,1.6313,1.6082,1.6185,0
1985-04-11,1.6185,1.6236,1.6133,1.6159,0
1985-04-12,1.6159,1.6365,1.6082,1.6365,0
1985-04-15,1.6365,1.6416,1.6236,1.6390,0
1985-04-16,1.6390,1.6544,1.6339,1.6442,0
1985-04-17,1.6442,1.6467,1.6365,1.6467,0
1985-04-18,1.6467,1.6544,1.6288,1.6365,0
1985-04-19,1.6365,1.6442,1.6313,1.6442,0
1985-04-22,1.6390,1.6390,1.6288,1.6339,0
1985-04-23,1.6339,1.6365,1.6133,1.6313,0
1985-04-24,1.6313,1.6339,1.6185,1.6236,0
1985-04-25,1.6236,1.6236,1.6159,1.6236,0
1985-04-26,1.6236,1.6236,1.6031,1.6056,0
1985-04-29,1.6031,1.6031,1.5774,1.5876,0
1985-04-30,1.5799,1.5799,1.5645,1.5748,0
1985-05-01,1.5722,1.5722,1.5388,1.5388,0
1985-05-02,1.5388,1.5722,1.5286,1.5671,0
1985-05-03,1.5671,1.5876,1.5568,1.5825,0
1985-05-06,1.5825,1.5979,1.5774,1.5774,0
1985-05-07,1.5774,1.5825,1.5620,1.5799,0
1985-05-08,1.5799,1.5902,1.5748,1.5902,0
1985-05-09,1.5902,1.6236,1.5876,1.6236,0
1985-05-10,1.6236,1.6596,1.6210,1.6570,0
1985-05-13,1.6519,1.6519,1.6313,1.6390,0
1985-05-14,1.6365,1.6365,1.6108,1.6108,0
1985-05-15,1.6108,1.6390,1.6082,1.6313,0
1985-05-16,1.6313,1.6416,1.6288,1.6416,0
1985-05-17,1.6416,1.6878,1.6390,1.6801,0
1985-05-20,1.6853,1.7212,1.6853,1.7161,0
1985-05-21,1.7161,1.7315,1.7084,1.7238,0
1985-05-22,1.7161,1.7161,1.6955,1.7058,0
1985-05-23,1.7058,1.7161,1.7033,1.7058,0
1985-05-24,1.7058,1.7084,1.6955,1.7058,0
1985-05-28,1.7058,1.7084,1.6930,1.7084,0
1985-05-29,1.7084,1.7418,1.6981,1.7418,0
1985-05-30,1.7572,1.8445,1.7572,1.8420,0
1985-05-31,1.8086,1.8086,1.7778,1.7880,0
1985-06-03,1.7880,1.7906,1.7726,1.7778,0
1985-06-04,1.7778,1.7983,1.7726,1.7932,0
1985-06-05,1.7880,1.7880,1.7752,1.7778,0
1985-06-06,1.7778,1.7803,1.7700,1.7803,0
1985-06-07,1.7803,1.7880,1.7700,1.7829,0
1985-06-10,1.7829,1.7855,1.7726,1.7855,0
1985-06-11,1.7855,1.7983,1.7803,1.7957,0
1985-06-12,1.7957,1.8600,1.7829,1.8497,0
1985-06-13,1.8394,1.8394,1.7906,1.8009,0
1985-06-14,1.8009,1.8086,1.7906,1.8009,0
1985-06-17,1.8009,1.8291,1.7906,1.8291,0
1985-06-18,1.8291,1.8497,1.8163,1.8368,0
1985-06-19,1.8368,1.8574,1.8137,1.8163,0
1985-06-20,1.8189,1.8368,1.8189,1.8343,0
1985-06-21,1.8343,1.8574,1.8317,1.8471,0
1985-06-24,1.8471,1.8934,1.8368,1.8882,0
1985-06-25,1.8882,1.9113,1.8857,1.9113,0
1985-06-26,1.9113,1.9293,1.8985,1.9165,0
1985-06-27,1.9242,1.9524,1.9242,1.9473,0
1985-06-28,1.9473,1.9524,1.9268,1.9293,0
1985-07-01,1.9293,1.9293,1.8934,1.9139,0
1985-07-02,1.9139,1.9139,1.8908,1.8985,0
1985-07-03,1.8959,1.8959,1.8831,1.8908,0
1985-07-05,1.8908,1.8908,1.8805,1.8857,0
1985-07-08,1.8805,1.8805,1.8574,1.8651,0
1985-07-09,1.8471,1.8471,1.8137,1.8163,0
1985-07-10,1.8163,1.8317,1.7598,1.7880,0
1985-07-11,1.7880,1.8189,1.7880,1.8189,0
1985-07-12,1.8189,1.8291,1.8034,1.8034,0
1985-07-15,1.8034,1.8034,1.7906,1.8034,0
1985-07-16,1.8034,1.8368,1.8034,1.8368,0
1985-07-17,1.8368,1.8548,1.8317,1.8497,0
1985-07-18,1.8420,1.8420,1.8291,1.8394,0
1985-07-19,1.8445,1.8600,1.8445,1.8497,0
1985-07-22,1.8497,1.8548,1.8420,1.8497,0
1985-07-23,1.8497,1.8600,1.8034,1.8112,0
1985-07-24,1.8086,1.8086,1.7803,1.7829,0
1985-07-25,1.7829,1.8034,1.7572,1.7983,0
1985-07-26,1.7983,1.8137,1.7855,1.8137,0
1985-07-29,1.8009,1.8009,1.7829,1.7957,0
1985-07-30,1.7880,1.7880,1.7778,1.7880,0
1985-07-31,1.7880,1.7932,1.7829,1.7906,0
1985-08-01,1.8189,1.8600,1.8189,1.8548,0
1985-08-02,1.8548,1.8857,1.8497,1.8625,0
1985-08-05,1.8625,1.8677,1.8497,1.8548,0
1985-08-06,1.8523,1.8523,1.8394,1.8497,0
1985-08-07,1.8497,1.8497,1.8240,1.8368,0
1985-08-08,1.8368,1.8420,1.8266,1.8343,0
1985-08-09,1.8317,1.8317,1.8240,1.8317,0
1985-08-12,1.8266,1.8266,1.8086,1.8163,0
1985-08-13,1.8060,1.8060,1.7957,1.7983,0
1985-08-14,1.7983,1.8240,1.7957,1.8214,0
1985-08-15,1.8214,1.8266,1.8112,1.8137,0
1985-08-16,1.8137,1.8240,1.8086,1.8086,0
1985-08-19,1.8086,1.8240,1.8086,1.8240,0
1985-08-20,1.8266,1.8471,1.8266,1.8368,0
1985-08-21,1.8368,1.8471,1.7957,1.8343,0
1985-08-22,1.8291,1.8291,1.8112,1.8189,0
1985-08-23,1.8189,1.8189,1.8086,1.8189,0
1985-08-26,1.8189,1.8291,1.8086,1.8137,0
1985-08-27,1.8112,1.8112,1.8009,1.8034,0
1985-08-28,1.8034,1.8291,1.8034,1.8266,0
1985-08-29,1.8266,1.8420,1.8240,1.8394,0
1985-08-30,1.8394,1.8420,1.8291,1.8368,0
1985-09-03,1.8368,1.8368,1.8112,1.8137,0
1985-09-04,1.8060,1.8060,1.7983,1.8034,0
1985-09-05,1.8034,1.8060,1.7983,1.8034,0
1985-09-06,1.8034,1.8137,1.8009,1.8137,0
1985-09-09,1.8137,1.8137,1.8060,1.8112,0
1985-09-10,1.8112,1.8317,1.8034,1.8060,0
1985-09-11,1.8060,1.8060,1.7932,1.7957,0
1985-09-12,1.7880,1.7880,1.7289,1.7315,0
1985-09-13,1.7315,1.7444,1.7058,1.7289,0
1985-09-16,1.7058,1.7058,1.6827,1.6930,0
1985-09-17,1.7007,1.7212,1.7007,1.7135,0
1985-09-18,1.7187,1.7367,1.7187,1.7315,0
1985-09-19,1.7367,1.7546,1.7367,1.7546,0
1985-09-20,1.7546,1.7598,1.7469,1.7572,0
1985-09-23,1.7649,1.7829,1.7649,1.7829,0
1985-09-24,1.7829,1.7829,1.7598,1.7623,0
1985-09-25,1.7623,1.7649,1.7572,1.7598,0
1985-09-26,1.7546,1.7546,1.7289,1.7315,0
1985-09-30,1.7315,1.7367,1.7110,1.7238,0
1985-10-01,1.7135,1.7135,1.7033,1.7084,0
1985-10-02,1.7084,1.7495,1.7058,1.7392,0
1985-10-03,1.7392,1.7957,1.7392,1.7855,0
1985-10-04,1.7829,1.7829,1.7572,1.7572,0
1985-10-07,1.7572,1.7752,1.7521,1.7700,0
1985-10-08,1.7700,1.7726,1.7521,1.7572,0
1985-10-09,1.7598,1.7726,1.7598,1.7726,0
1985-10-10,1.7726,1.7932,1.7649,1.7932,0
1985-10-11,1.7932,1.8189,1.7906,1.8189,0
1985-10-14,1.8189,1.8445,1.8189,1.8420,0
1985-10-15,1.8420,1.8471,1.8266,1.8291,0
1985-10-16,1.8317,1.8420,1.8317,1.8420,0
1985-10-17,1.8420,1.8651,1.8317,1.8497,0
1985-10-18,1.8497,1.8625,1.8445,1.8523,0
1985-10-21,1.8497,1.8497,1.8394,1.8394,0
1985-10-22,1.8394,1.8445,1.8343,1.8343,0
1985-10-23,1.8343,1.8420,1.8240,1.8368,0
1985-10-24,1.8368,1.8471,1.8291,1.8291,0
1985-10-25,1.8291,1.8291,1.8137,1.8163,0
1985-10-28,1.8163,1.8214,1.7983,1.8060,0
1985-10-29,1.8112,1.8291,1.8112,1.8266,0
1985-10-30,1.8266,1.8343,1.8189,1.8291,0
1985-10-31,1.8291,1.8908,1.8266,1.8908,0
1985-11-01,1.8908,1.9062,1.8857,1.8908,0
1985-11-04,1.8908,1.8908,1.8754,1.8805,0
1985-11-05,1.8857,1.9062,1.8857,1.8985,0
1985-11-06,1.8985,1.9191,1.8934,1.9113,0
1985-11-07,1.9113,1.9293,1.9011,1.9062,0
1985-11-08,1.9062,1.9242,1.9011,1.9113,0
1985-11-11,1.9113,1.9756,1.9113,1.9730,0
1985-11-12,1.9730,2.0192,1.9679,2.0090,0
1985-11-13,2.0090,2.0090,1.9653,1.9653,0
1985-11-14,1.9704,2.0064,1.9704,2.0064,0
1985-11-15,2.0064,2.0115,1.9961,1.9961,0
1985-11-18,1.9936,1.9936,1.9704,1.9756,0
1985-11-19,1.9756,1.9833,1.9627,1.9653,0
1985-11-20,1.9653,1.9679,1.9524,1.9627,0
1985-11-21,1.9627,1.9884,1.9627,1.9781,0
1985-11-22,1.9807,2.0141,1.9807,2.0115,0
1985-11-25,2.0115,2.0141,1.9730,1.9781,0
1985-11-26,1.9781,1.9833,1.9627,1.9833,0
1985-11-27,1.9910,2.0347,1.9910,2.0192,0
1985-11-29,2.0192,2.0449,2.0192,2.0347,0
1985-12-02,2.0295,2.0295,1.9987,2.0013,0
1985-12-03,2.0013,2.0064,1.9833,1.9961,0
1985-12-04,2.0090,2.0912,2.0090,2.0860,0
1985-12-05,2.0860,2.1015,2.0809,2.0989,0
1985-12-06,2.0989,2.0989,2.0835,2.0963,0
1985-12-09,2.0963,2.1323,2.0886,2.1323,0
1985-12-10,2.1348,2.2196,2.1348,2.2068,0
1985-12-11,2.2068,2.2273,2.1991,2.2068,0
1985-12-12,2.2068,2.2068,2.1734,2.1811,0
1985-12-13,2.1811,2.2196,2.1734,2.2119,0
1985-12-16,2.2119,2.3018,2.2093,2.2864,0
1985-12-17,2.2864,2.2864,2.2505,2.2556,0
1985-12-18,2.2556,2.2582,2.2299,2.2350,0
1985-12-19,2.2350,2.2633,2.2325,2.2633,0
1985-12-20,2.2659,2.4149,2.2659,2.3327,0
1985-12-23,2.3250,2.3250,2.2993,2.3121,0
1985-12-24,2.3121,2.3121,2.2607,2.2736,0
1985-12-26,2.2736,2.2761,2.2171,2.2607,0
1985-12-27,2.2607,2.2864,2.2607,2.2787,0
1985-12-30,2.2761,2.2761,2.2607,2.2761,0
1985-12-31,2.2813,2.3327,2.2813,2.3198,0
1986-01-02,2.3198,2.3429,2.3095,2.3147,0
1986-01-03,2.3147,2.3327,2.3070,2.3327,0
1986-01-06,2.3327,2.3712,2.3301,2.3635,0
1986-01-07,2.3763,2.4534,2.3763,2.4534,0
1986-01-08,2.4534,2.4714,2.4149,2.4251,0
1986-01-09,2.4251,2.4251,2.3429,2.3506,0
1986-01-10,2.3506,2.3738,2.3327,2.3532,0
1986-01-13,2.3532,2.4662,2.3532,2.4662,0
1986-01-14,2.4662,2.5536,2.4534,2.5228,0
1986-01-15,2.5228,2.5433,2.4919,2.5022,0
1986-01-16,2.5022,2.5048,2.4662,2.4662,0
1986-01-17,2.4662,2.4971,2.4585,2.4971,0
1986-01-20,2.4971,2.4971,2.4611,2.4740,0
1986-01-21,2.4740,2.4817,2.3789,2.4097,0
1986-01-22,2.4097,2.4354,2.3943,2.3943,0
1986-01-23,2.3866,2.3866,2.3584,2.3738,0
1986-01-24,2.3763,2.4097,2.3763,2.4097,0
1986-01-27,2.4251,2.4457,2.4251,2.4303,0
1986-01-28,2.4303,2.4406,2.4251,2.4354,0
1986-01-29,2.4354,2.4406,2.4277,2.4303,0
1986-01-30,2.4303,2.4329,2.3943,2.4020,0
1986-01-31,2.4020,2.4457,2.3943,2.4303,0
1986-02-03,2.4303,2.4560,2.4277,2.4483,0
1986-02-04,2.4483,2.4714,2.4457,2.4508,0
1986-02-05,2.4508,2.4585,2.3840,2.4174,0
1986-02-06,2.4174,2.4354,2.4097,2.4226,0
1986-02-07,2.4226,2.4483,2.4020,2.4483,0
1986-02-10,2.4662,2.5382,2.4662,2.5356,0
1986-02-11,2.5433,2.5844,2.5433,2.5664,0
1986-02-12,2.5690,2.6281,2.5690,2.6050,0
1986-02-13,2.6050,2.6564,2.5947,2.6564,0
1986-02-14,2.6564,2.6718,2.6409,2.6538,0
1986-02-18,2.6538,2.6692,2.6307,2.6538,0
1986-02-19,2.6512,2.6512,2.5921,2.5973,0
1986-02-20,2.5973,2.5973,2.5279,2.5819,0
1986-02-21,2.5844,2.6204,2.5844,2.6178,0
1986-02-24,2.6178,2.6615,2.6153,2.6512,0
1986-02-25,2.6512,2.7180,2.6512,2.6923,0
1986-02-26,2.6923,2.7103,2.6743,2.7077,0
1986-02-27,2.7077,2.7925,2.6923,2.7874,0
1986-02-28,2.7874,2.9081,2.7874,2.8619,0
1986-03-03,2.8619,2.8619,2.8054,2.8593,0
1986-03-04,2.8593,2.9903,2.8542,2.9492,0
1986-03-05,2.9364,2.9364,2.8567,2.9312,0
1986-03-06,2.9903,2.9903,2.8978,2.9389,0
1986-03-07,2.9389,2.9492,2.8876,2.9081,0
1986-03-10,2.8978,2.8978,2.8362,2.8773,0
1986-03-11,2.8773,2.8773,2.7540,2.7540,0
1986-03-12,2.7848,2.8773,2.7848,2.8567,0
1986-03-13,2.8567,2.9184,2.8567,2.9081,0
1986-03-14,2.9081,2.9492,2.8670,2.9287,0
1986-03-17,2.9184,2.9184,2.8156,2.8465,0
1986-03-18,2.8362,2.8362,2.7951,2.8259,0
1986-03-19,2.8362,2.8773,2.8362,2.8773,0
1986-03-20,2.8773,2.9081,2.8670,2.9081,0
1986-03-21,2.9081,2.9081,2.7951,2.8156,0
1986-03-24,2.8259,2.8876,2.8259,2.8773,0
1986-03-25,2.8773,2.9287,2.8567,2.8978,0
1986-03-26,2.8978,3.0828,2.8978,3.0417,0
1986-03-27,3.0417,3.1239,3.0417,3.0828,0
1986-03-31,3.0828,3.0931,3.0520,3.0828,0
1986-04-01,3.0828,3.1034,3.0006,3.0212,0
1986-04-02,3.0212,3.0212,2.9287,3.0006,0
1986-04-03,3.0006,3.0725,3.0006,3.0417,0
1986-04-04,3.0417,3.0417,2.9492,2.9801,0
1986-04-07,2.9698,2.9698,2.8978,2.9595,0
1986-04-08,3.0006,3.1547,3.0006,3.1239,0
1986-04-09,3.2061,3.2986,3.2061,3.2678,0
1986-04-10,3.2781,3.3911,3.2781,3.3500,0
1986-04-11,3.3500,3.3808,3.3089,3.3500,0
1986-04-14,3.3500,3.3705,3.3294,3.3603,0
1986-04-15,3.3603,3.5555,3.3603,3.5555,0
1986-04-16,3.6274,3.9049,3.6274,3.8432,0
1986-04-17,3.8432,3.9049,3.8227,3.8946,0
1986-04-18,3.8946,3.8946,3.7199,3.8432,0
1986-04-21,3.8638,4.1104,3.8638,4.0590,0
1986-04-22,4.0590,4.1104,4.0077,4.0282,0
1986-04-23,3.9666,3.9666,3.7610,3.9357,0
1986-04-24,3.9666,4.0899,3.9666,4.0077,0
1986-04-25,4.0077,4.0179,3.9152,3.9666,0
1986-04-28,3.9666,3.9974,3.8432,3.8638,0
1986-04-29,3.8535,3.8535,3.6274,3.7508,0
1986-04-30,3.7302,3.7302,3.6583,3.6891,0
1986-05-01,3.6891,3.6994,3.6480,3.6994,0
1986-05-02,3.7405,3.8227,3.7405,3.8124,0
1986-05-05,3.8124,3.8432,3.7405,3.7610,0
1986-05-06,3.7610,3.8021,3.7405,3.7816,0
1986-05-07,3.7610,3.7610,3.6583,3.7097,0
1986-05-08,3.7097,3.7610,3.7097,3.7508,0
1986-05-09,3.7508,3.8124,3.7199,3.8021,0
1986-05-12,3.8021,3.8638,3.7816,3.8432,0
1986-05-13,3.8432,3.8638,3.7816,3.8021,0
1986-05-14,3.7919,3.7919,3.6891,3.7199,0
1986-05-15,3.7199,3.7302,3.6583,3.6891,0
1986-05-16,3.6788,3.6788,3.5658,3.5863,0
1986-05-19,3.5863,3.6274,3.5761,3.6172,0
1986-05-20,3.6172,3.7302,3.5761,3.7302,0
1986-05-21,3.7302,3.7713,3.7097,3.7405,0
1986-05-22,3.7405,3.7816,3.7302,3.7713,0
1986-05-23,3.7919,3.8535,3.7919,3.8124,0
1986-05-27,3.8227,3.8946,3.8227,3.8638,0
1986-05-28,3.8638,3.9357,3.8535,3.9152,0
1986-05-29,3.9152,3.9152,3.8432,3.8741,0
1986-05-30,3.8741,3.9666,3.8638,3.8638,0
1986-06-02,3.8638,3.9049,3.8330,3.8638,0
1986-06-03,3.8638,3.9563,3.8535,3.9563,0
1986-06-04,3.9563,4.0899,3.9563,4.0796,0
1986-06-05,4.0796,4.1104,4.0282,4.0899,0
1986-06-06,4.1104,4.2337,4.1104,4.2132,0
1986-06-09,4.2132,4.2132,4.0796,4.1104,0
1986-06-10,4.1104,4.1310,3.9768,4.1001,0
1986-06-11,4.1001,4.1412,4.0488,4.1207,0
1986-06-12,4.1412,4.2132,4.1412,4.1926,0
1986-06-13,4.1926,4.2954,4.1926,4.2132,0
1986-06-16,4.2132,4.2132,4.1310,4.1721,0
1986-06-17,4.1721,4.1721,4.0899,4.1207,0
1986-06-18,4.1104,4.1104,4.0488,4.1104,0
1986-06-19,4.1104,4.1721,4.1001,4.1310,0
1986-06-20,4.1310,4.2337,4.1104,4.1721,0
1986-06-23,4.1721,4.1926,4.1412,4.1412,0
1986-06-24,4.1412,4.1721,4.1412,4.1515,0
1986-06-25,4.2132,4.3879,4.2132,4.3776,0
1986-06-26,4.3776,4.5009,4.3673,4.4701,0
1986-06-27,4.4701,4.5009,4.4495,4.4804,0
1986-06-30,4.4804,4.5112,4.4701,4.5009,0
1986-07-01,4.5009,4.5009,4.3981,4.4701,0
1986-07-02,4.4598,4.4598,4.3776,4.4084,0
1986-07-03,4.4084,4.4084,4.2440,4.3262,0
1986-07-07,4.2440,4.2440,4.0693,4.1001,0
1986-07-08,4.0077,4.0077,3.9152,4.0077,0
1986-07-09,4.0282,4.1618,4.0282,4.1207,0
1986-07-10,4.1207,4.1823,4.0590,4.1001,0
1986-07-11,4.1001,4.1207,4.0693,4.0899,0
1986-07-14,4.0796,4.0796,3.8741,3.8741,0
1986-07-15,3.8741,3.8741,3.6891,3.7713,0
1986-07-16,3.7713,3.9049,3.7713,3.8946,0
1986-07-17,3.9357,4.0282,3.9357,3.9974,0
1986-07-18,3.9974,4.1104,3.9152,4.0899,0
1986-07-21,4.0899,4.1104,4.0385,4.1001,0
1986-07-22,4.1001,4.1618,4.0590,4.1001,0
1986-07-23,4.1001,4.1515,4.0385,4.0693,0
1986-07-24,4.0899,4.1310,4.0899,4.1104,0
1986-07-25,4.1104,4.1412,4.0899,4.1001,0
1986-07-28,4.1001,4.1310,3.8946,3.9152,0
1986-07-29,3.9152,3.9974,3.9152,3.9768,0
1986-07-30,3.9768,4.0899,3.9666,4.0282,0
1986-07-31,4.0282,4.0282,3.9768,3.9768,0
1986-08-01,3.9666,3.9666,3.8432,3.8741,0
1986-08-04,3.8741,3.8741,3.7405,3.8638,0
1986-08-05,3.8638,3.8638,3.7302,3.7713,0
1986-08-06,3.7713,3.7919,3.6172,3.7097,0
1986-08-07,3.7199,3.7919,3.7199,3.7302,0
1986-08-08,3.7302,3.7405,3.6685,3.6891,0
1986-08-11,3.7097,3.8330,3.7097,3.8124,0
1986-08-12,3.8124,3.9666,3.8124,3.9460,0
1986-08-13,3.9460,3.9563,3.8843,3.9254,0
1986-08-14,3.9152,3.9152,3.8330,3.8330,0
1986-08-15,3.8330,3.8843,3.7816,3.8021,0
1986-08-18,3.7816,3.7816,3.6274,3.7610,0
1986-08-19,3.7610,3.7919,3.6994,3.6994,0
1986-08-20,3.7199,3.7919,3.7199,3.7816,0
1986-08-21,3.7816,3.8124,3.7302,3.7405,0
1986-08-22,3.7405,3.7610,3.7199,3.7302,0
1986-08-25,3.7302,3.7610,3.6685,3.6788,0
1986-08-26,3.6788,3.7199,3.6377,3.6377,0
1986-08-27,3.6377,3.6377,3.4939,3.6172,0
1986-08-28,3.6480,3.6994,3.6480,3.6891,0
1986-08-29,3.7302,3.7713,3.7302,3.7508,0
1986-09-02,3.7508,3.7816,3.5658,3.5966,0
1986-09-03,3.5863,3.5863,3.4219,3.5041,0
1986-09-04,3.5041,3.5350,3.4322,3.4425,0
1986-09-05,3.4425,3.4630,3.2781,3.3603,0
1986-09-08,3.3603,3.3705,3.2678,3.3705,0
1986-09-09,3.3705,3.4219,3.3705,3.3808,0
1986-09-10,3.3808,3.3808,3.2781,3.2883,0
1986-09-11,3.2164,3.2164,3.0520,3.0725,0
1986-09-12,3.0725,3.1856,2.9801,3.1342,0
1986-09-15,3.1547,3.2267,3.1547,3.2061,0
1986-09-16,3.1958,3.1958,3.1034,3.1650,0
1986-09-17,3.1650,3.1650,3.0520,3.0623,0
1986-09-18,3.0623,3.0623,3.0006,3.0109,0
1986-09-19,3.0109,3.0212,2.9698,3.0109,0
1986-09-22,3.0109,3.0314,2.9595,2.9801,0
1986-09-23,2.9801,3.0931,2.9595,3.0931,0
1986-09-24,3.0931,3.3089,3.0931,3.3089,0
1986-09-25,3.3089,3.3192,3.1239,3.1958,0
1986-09-26,3.1958,3.3192,3.1547,3.2370,0
1986-09-29,3.2061,3.2061,3.1342,3.1445,0
1986-09-30,3.1650,3.2781,3.1650,3.2472,0
1986-10-01,3.2472,3.3705,3.2472,3.3705,0
1986-10-02,3.3705,3.4322,3.3294,3.3500,0
1986-10-03,3.3500,3.4014,3.2986,3.3397,0
1986-10-06,3.3397,3.3808,3.3192,3.3808,0
1986-10-07,3.3808,3.4322,3.3397,3.4116,0
1986-10-08,3.4116,3.4733,3.3808,3.4219,0
1986-10-09,3.4219,3.4527,3.3603,3.3705,0
1986-10-10,3.3705,3.3911,3.3500,3.3603,0
1986-10-13,3.3603,3.3911,3.3294,3.3911,0
1986-10-14,3.4014,3.4425,3.4014,3.4014,0
1986-10-15,3.4014,3.4836,3.4014,3.4733,0
1986-10-16,3.4836,3.5350,3.4836,3.5041,0
1986-10-17,3.5041,3.5247,3.4630,3.4939,0
1986-10-20,3.4836,3.4836,3.4322,3.4527,0
1986-10-21,3.4527,3.5041,3.4527,3.4939,0
1986-10-22,3.4939,3.5350,3.4939,3.5144,0
1986-10-23,3.5555,3.6172,3.5555,3.6069,0
1986-10-24,3.6069,3.6480,3.5350,3.5350,0
1986-10-27,3.5350,3.5761,3.5144,3.5555,0
1986-10-28,3.5555,3.5966,3.5555,3.5658,0
1986-10-29,3.5658,3.5863,3.5452,3.5761,0
1986-10-30,3.6069,3.6377,3.6069,3.6172,0
1986-10-31,3.6172,3.6274,3.5761,3.6069,0
1986-11-03,3.6069,3.6274,3.5863,3.6069,0
1986-11-04,3.5863,3.5863,3.5555,3.5761,0
1986-11-05,3.5761,3.6069,3.5144,3.5966,0
1986-11-06,3.5966,3.6274,3.5761,3.6069,0
1986-11-07,3.6069,3.6685,3.5863,3.6583,0
1986-11-10,3.6583,3.6788,3.6274,3.6788,0
1986-11-11,3.6788,3.6788,3.6480,3.6788,0
1986-11-12,3.6788,3.6891,3.6480,3.6480,0
1986-11-13,3.6480,3.6891,3.5247,3.5350,0
1986-11-14,3.5350,3.6583,3.4733,3.4836,0
1986-11-17,3.4836,3.4836,3.4116,3.4630,0
1986-11-18,3.4630,3.4733,3.3089,3.3192,0
1986-11-19,3.3192,3.3808,3.2575,3.3397,0
1986-11-20,3.3603,3.5144,3.3603,3.5144,0
1986-11-21,3.5350,3.6377,3.5350,3.6377,0
1986-11-24,3.6377,3.6891,3.5863,3.5966,0
1986-11-25,3.5966,3.6069,3.5452,3.6069,0
1986-11-26,3.5966,3.5966,3.5658,3.5863,0
1986-11-28,3.5863,3.5863,3.5452,3.5452,0
1986-12-01,3.5452,3.6172,3.4939,3.5555,0
1986-12-02,3.5966,3.7097,3.5966,3.6994,0
1986-12-03,3.6994,3.7405,3.6891,3.6994,0
1986-12-04,3.6891,3.6891,3.6274,3.6274,0
1986-12-05,3.6377,3.6788,3.6377,3.6685,0
1986-12-08,3.6685,3.7097,3.6480,3.6685,0
1986-12-09,3.6685,3.6788,3.6377,3.6377,0
1986-12-10,3.6377,3.7302,3.6069,3.7302,0
1986-12-11,3.7302,3.7405,3.6788,3.7097,0
1986-12-12,3.7405,3.8124,3.7405,3.7713,0
1986-12-15,3.7713,3.8124,3.6994,3.7302,0
1986-12-16,3.7302,3.7508,3.6994,3.7199,0
1986-12-17,3.7199,3.7302,3.6994,3.7097,0
1986-12-18,3.7199,3.7610,3.7199,3.7405,0
1986-12-19,3.7199,3.7199,3.6377,3.7097,0
1986-12-22,3.6994,3.6994,3.6172,3.6583,0
1986-12-23,3.6583,3.6583,3.5966,3.6274,0
1986-12-24,3.6274,3.6274,3.5761,3.5761,0
1986-12-26,3.5761,3.5863,3.5452,3.5761,0
1986-12-29,3.5761,3.6069,3.5452,3.5555,0
1986-12-30,3.5452,3.5452,3.4527,3.4836,0
1986-12-31,3.4836,3.5658,3.4836,3.5452,0
1987-01-02,3.6172,3.7097,3.6172,3.6891,0
1987-01-05,3.8021,3.9254,3.8021,3.9152,0
1987-01-06,3.9152,4.0385,3.9152,3.9460,0
1987-01-07,3.9460,4.0590,3.9357,4.0282,0
1987-01-08,4.0282,4.0385,3.9974,4.0077,0
1987-01-09,4.0077,4.0796,3.9563,3.9871,0
1987-01-12,3.9871,4.0282,3.9254,4.0179,0
1987-01-13,4.0179,4.1104,3.9666,4.1104,0
1987-01-14,4.1104,4.1926,4.1001,4.1618,0
1987-01-15,4.1618,4.2235,4.1515,4.1515,0
1987-01-16,4.1515,4.1721,4.0899,4.1104,0
1987-01-19,4.1104,4.1926,4.0693,4.1926,0
1987-01-20,4.2543,4.3468,4.2543,4.2851,0
1987-01-21,4.2851,4.5215,4.2235,4.3981,0
1987-01-22,4.3981,4.6037,4.3981,4.6037,0
1987-01-23,4.6037,4.6859,4.2440,4.3262,0
1987-01-26,4.3262,4.5112,4.3057,4.5009,0
1987-01-27,4.5009,4.6037,4.4906,4.5215,0
1987-01-28,4.5215,4.5626,4.4804,4.5215,0
1987-01-29,4.5215,4.5831,4.5112,4.5420,0
1987-01-30,4.5728,4.6550,4.5728,4.6448,0
1987-02-02,4.6448,4.6653,4.5626,4.6345,0
1987-02-03,4.6345,4.7167,4.6242,4.6859,0
1987-02-04,4.6859,4.7784,4.6756,4.7784,0
1987-02-05,4.7784,4.7886,4.7064,4.7578,0
1987-02-06,4.7578,4.7681,4.5215,4.6037,0
1987-02-09,4.6037,4.6550,4.5215,4.5215,0
1987-02-10,4.5215,4.5317,4.3981,4.5009,0
1987-02-11,4.5009,4.5934,4.5009,4.5728,0
1987-02-12,4.5728,4.6859,4.5626,4.6756,0
1987-02-13,4.6756,4.8503,4.6345,4.8092,0
1987-02-17,4.8092,4.9325,4.7681,4.9325,0
1987-02-18,4.9325,4.9325,4.8092,4.8400,0
1987-02-19,4.8400,4.8708,4.7989,4.8606,0
1987-02-20,4.8606,4.8606,4.7475,4.8503,0
1987-02-23,4.8503,4.8503,4.7475,4.8297,0
1987-02-24,4.8297,4.8708,4.7475,4.8092,0
1987-02-25,4.8092,4.8811,4.7989,4.8297,0
1987-02-26,4.8297,4.8297,4.7373,4.7373,0
1987-02-27,4.7475,4.8811,4.7475,4.8811,0
1987-03-02,4.8811,4.8811,4.7989,4.8195,0
1987-03-03,4.8195,4.8708,4.8195,4.8400,0
1987-03-04,4.8400,4.9839,4.8400,4.9325,0
1987-03-05,4.9325,4.9839,4.8914,4.9531,0
1987-03-06,4.9222,4.9222,4.8297,4.9119,0
1987-03-09,4.9119,5.0866,4.9119,5.0558,0
1987-03-10,5.0558,5.0764,4.9428,4.9736,0
1987-03-11,4.9736,5.0558,4.9325,4.9839,0
1987-03-12,4.9839,5.0044,4.9325,4.9633,0
1987-03-13,4.9633,4.9736,4.9017,4.9119,0
1987-03-16,4.8606,4.8606,4.7681,4.8092,0
1987-03-17,4.8400,4.9839,4.8400,4.9839,0
1987-03-18,4.9839,5.0353,4.9325,4.9839,0
1987-03-19,4.9839,4.9839,4.9222,4.9428,0
1987-03-20,4.9531,4.9942,4.9531,4.9839,0
1987-03-23,5.0044,5.1175,5.0044,5.0969,0
1987-03-24,5.0969,5.2202,5.0764,5.2202,0
1987-03-25,5.2202,5.2511,5.1586,5.2408,0
1987-03-26,5.2613,5.3230,5.2613,5.3230,0
1987-03-27,5.3230,5.3744,5.2408,5.2613,0
1987-03-30,5.1997,5.1997,5.0147,5.1175,0
1987-03-31,5.1175,5.1688,5.0764,5.1277,0
1987-04-01,5.1277,5.1586,5.0558,5.1586,0
1987-04-02,5.1894,5.3127,5.1894,5.2922,0
1987-04-03,5.2922,5.4566,5.2613,5.4360,0
1987-04-06,5.4566,5.5285,5.4566,5.5080,0
1987-04-07,5.5080,5.6107,5.4155,5.4155,0
1987-04-08,5.4155,5.4771,5.3846,5.4257,0
1987-04-09,5.4257,5.4463,5.2613,5.2922,0
1987-04-10,5.2922,5.3024,5.2305,5.2819,0
1987-04-13,5.2819,5.2819,5.1175,5.1277,0
1987-04-14,5.1175,5.1175,5.0147,5.0764,0
1987-04-15,5.0764,5.1586,5.0764,5.1586,0
1987-04-16,5.1894,5.3127,5.1894,5.2613,0
1987-04-20,5.2613,5.3127,5.1894,5.1997,0
1987-04-21,5.1997,5.3024,5.1380,5.3024,0
1987-04-22,5.3024,5.3333,5.1997,5.2202,0
1987-04-23,5.2202,5.2922,5.1483,5.2511,0
1987-04-24,5.1688,5.1688,5.0353,5.0866,0
1987-04-27,5.0764,5.0764,4.8914,5.0250,0
1987-04-28,5.0455,5.2100,5.0455,5.1997,0
1987-04-29,5.1997,5.3435,5.1997,5.2716,0
1987-04-30,5.2716,5.3435,5.2613,5.2819,0
1987-05-01,5.2819,5.3024,5.2202,5.2408,0
1987-05-04,5.2408,5.2819,5.1997,5.2408,0
1987-05-05,5.2613,5.4463,5.2613,5.4257,0
1987-05-06,5.4257,5.5080,5.4257,5.4463,0
1987-05-07,5.4463,5.4874,5.4155,5.4155,0
1987-05-08,5.4155,5.4771,5.3435,5.3641,0
1987-05-11,5.3641,5.4257,5.3127,5.3127,0
1987-05-12,5.3127,5.3538,5.2613,5.3538,0
1987-05-13,5.3538,5.3744,5.2202,5.3333,0
1987-05-14,5.3230,5.3230,5.2202,5.2202,0
1987-05-15,5.1997,5.1997,5.1277,5.1380,0
1987-05-18,5.1072,5.1072,4.9325,5.0969,0
1987-05-19,5.0969,5.1277,4.9428,5.0044,0
1987-05-20,4.9942,4.9942,4.9119,4.9325,0
1987-05-21,4.9736,5.0455,4.9736,5.0147,0
1987-05-22,5.0147,5.0455,5.0147,5.0250,0
1987-05-26,5.0866,5.2202,5.0866,5.2202,0
1987-05-27,5.2202,5.2613,5.1997,5.2613,0
1987-05-28,5.2613,5.3333,5.2202,5.3127,0
1987-05-29,5.3127,5.3641,5.2511,5.2613,0
1987-06-01,5.2613,5.3024,5.2408,5.2408,0
1987-06-02,5.2408,5.2819,5.1894,5.2408,0
1987-06-03,5.2716,5.3230,5.2716,5.3230,0
1987-06-04,5.3127,5.3127,5.2613,5.2819,0
1987-06-05,5.2819,5.3538,5.2613,5.3024,0
1987-06-08,5.3127,5.4566,5.3127,5.4463,0
1987-06-09,5.4463,5.5285,5.3949,5.5080,0
1987-06-10,5.5285,5.6724,5.5285,5.6004,0
1987-06-11,5.6004,5.6313,5.5285,5.5902,0
1987-06-12,5.5902,5.6415,5.5182,5.5491,0
1987-06-15,5.5593,5.6415,5.5593,5.5799,0
1987-06-16,5.5799,5.5799,5.5182,5.5593,0
1987-06-17,5.5799,5.6621,5.5799,5.6313,0
1987-06-18,5.6313,5.7238,5.6004,5.7135,0
1987-06-19,5.7135,5.7443,5.6827,5.7340,0
1987-06-22,5.7443,5.8984,5.7443,5.8882,0
1987-06-23,5.8882,5.9498,5.8471,5.8882,0
1987-06-24,5.8882,5.9601,5.8368,5.9396,0
1987-06-25,5.9396,5.9909,5.8882,5.9190,0
1987-06-26,5.9190,6.0218,5.8882,6.0218,0
1987-06-29,6.0218,6.0218,5.9190,5.9601,0
1987-06-30,5.9601,5.9807,5.8162,5.9396,0
1987-07-01,5.9087,5.9087,5.8368,5.8573,0
1987-07-02,5.8573,5.9190,5.8471,5.9190,0
1987-07-06,5.9190,5.9601,5.9087,5.9498,0
1987-07-07,5.9498,5.9704,5.9498,5.9704,0
1987-07-08,5.9704,6.0012,5.8882,5.8882,0
1987-07-09,5.8676,5.8676,5.7751,5.8060,0
1987-07-10,5.8060,5.8471,5.7957,5.8368,0
1987-07-13,5.8368,5.8368,5.7340,5.8368,0
1987-07-14,5.8368,5.8984,5.8162,5.8984,0
1987-07-15,5.8984,5.9190,5.8265,5.8368,0
1987-07-16,5.8368,5.8676,5.7854,5.8676,0
1987-07-17,5.8676,5.8676,5.7751,5.7957,0
1987-07-20,5.7546,5.7546,5.6724,5.6929,0
1987-07-21,5.6929,5.7135,5.5799,5.6724,0
1987-07-22,5.6724,5.7238,5.6415,5.7238,0
1987-07-23,5.7751,5.8779,5.7751,5.8265,0
1987-07-24,5.8265,5.8676,5.7854,5.8060,0
1987-07-27,5.8060,5.8882,5.8060,5.8779,0
1987-07-28,5.8779,5.9601,5.8573,5.9293,0
1987-07-29,5.9293,5.9807,5.8779,5.9807,0
1987-07-30,5.9807,5.9909,5.9190,5.9498,0
1987-07-31,5.9498,5.9498,5.9087,5.9293,0
1987-08-03,5.9293,6.0937,5.8676,6.0115,0
1987-08-04,5.9909,5.9909,5.8573,5.9293,0
1987-08-05,5.9396,6.0731,5.9396,6.0731,0
1987-08-06,6.0834,6.2376,6.0834,6.1759,0
1987-08-07,6.1965,6.2684,6.1965,6.2478,0
1987-08-10,6.2478,6.4123,6.2273,6.4123,0
1987-08-11,6.4328,6.4945,6.4328,6.4945,0
1987-08-12,6.4945,6.5150,6.4328,6.4739,0
1987-08-13,6.4739,6.4842,6.3917,6.4123,0
1987-08-14,6.4123,6.4945,6.3814,6.4842,0
1987-08-17,6.4842,6.5767,6.4739,6.5767,0
1987-08-18,6.4945,6.4945,6.4225,6.4739,0
1987-08-19,6.4328,6.4328,6.3300,6.4020,0
1987-08-20,6.4020,6.5458,6.3917,6.5356,0
1987-08-21,6.5561,6.7103,6.5561,6.7103,0
1987-08-24,6.6897,6.6897,6.5972,6.6280,0
1987-08-25,6.6897,6.7822,6.6897,6.7411,0
1987-08-26,6.7411,6.7616,6.6383,6.6692,0
1987-08-27,6.6383,6.6383,6.5561,6.6178,0
1987-08-28,6.5767,6.5767,6.4636,6.4739,0
1987-08-31,6.4739,6.5767,6.3917,6.5767,0
1987-09-01,6.5767,6.6178,6.4636,6.4636,0
1987-09-02,6.4636,6.4739,6.2376,6.2787,0
1987-09-03,6.2787,6.3198,6.0731,6.1451,0
1987-09-04,6.1451,6.1656,6.1040,6.1348,0
1987-09-08,6.0834,6.0834,5.8984,5.9601,0
1987-09-09,5.9601,6.0012,5.9396,5.9601,0
1987-09-10,6.0115,6.2170,6.0115,6.2170,0
1987-09-11,6.2170,6.4636,6.2067,6.4225,0
1987-09-14,6.4225,6.5458,6.3300,6.3917,0
1987-09-15,6.3711,6.3711,6.2787,6.3300,0
1987-09-16,6.2787,6.2787,6.1348,6.1451,0
1987-09-17,6.1451,6.2067,6.0218,6.0423,0
1987-09-18,6.0423,6.0731,5.9498,6.0731,0
1987-09-21,6.0731,6.1348,5.9704,5.9807,0
1987-09-22,5.9807,6.1245,5.8779,6.1245,0
1987-09-23,6.1862,6.2889,6.1862,6.2478,0
1987-09-24,6.2581,6.4328,6.2581,6.3300,0
1987-09-25,6.3300,6.3506,6.2889,6.3198,0
1987-09-28,6.3506,6.4739,6.3506,6.4328,0
1987-09-29,6.4328,6.4945,6.3609,6.3814,0
1987-09-30,6.3814,6.4123,6.3198,6.3711,0
1987-10-01,6.3711,6.4945,6.3711,6.4945,0
1987-10-02,6.4945,6.5767,6.4534,6.5561,0
1987-10-05,6.5561,6.5561,6.3711,6.4225,0
1987-10-06,6.3917,6.3917,6.1245,6.2170,0
1987-10-07,6.2170,6.2889,6.0937,6.2889,0
1987-10-08,6.2889,6.3300,6.0834,6.1553,0
1987-10-09,6.1553,6.1759,6.0526,6.0629,0
1987-10-12,6.0218,6.0218,5.9293,5.9704,0
1987-10-13,6.0012,6.1142,6.0012,6.1142,0
1987-10-14,6.1142,6.1451,5.8162,5.8368,0
1987-10-15,5.8265,5.8265,5.7032,5.7135,0
1987-10-16,5.7135,5.7649,5.3024,5.3333,0
1987-10-19,4.7681,4.7681,3.7610,3.7816,0
1987-10-20,3.7816,4.2337,3.3911,4.0899,0
1987-10-21,4.4392,4.9428,4.4392,4.8708,0
1987-10-22,4.5728,4.5728,4.1310,4.3468,0
1987-10-23,4.3468,4.4392,4.1310,4.1926,0
1987-10-26,4.1515,4.1515,3.7816,3.7816,0
1987-10-27,3.7816,4.1412,3.7816,3.9460,0
1987-10-28,3.9460,4.0488,3.7199,3.9871,0
1987-10-29,3.9871,4.3570,3.9871,4.2235,0
1987-10-30,4.4392,4.6037,4.4392,4.5420,0
1987-11-02,4.5420,4.7475,4.4495,4.7064,0
1987-11-03,4.6037,4.6037,4.1721,4.3570,0
1987-11-04,4.3570,4.4084,4.2235,4.2748,0
1987-11-05,4.2954,4.5112,4.2954,4.4804,0
1987-11-06,4.4804,4.5523,4.4290,4.4392,0
1987-11-09,4.3776,4.3776,4.2543,4.2646,0
1987-11-10,4.2543,4.2543,4.1104,4.1823,0
1987-11-11,4.1926,4.2646,4.1926,4.2132,0
1987-11-12,4.2132,4.3981,4.2132,4.3570,0
1987-11-13,4.3570,4.4598,4.3468,4.3468,0
1987-11-16,4.4187,4.5215,4.4187,4.4495,0
1987-11-17,4.4392,4.4392,4.2954,4.3365,0
1987-11-18,4.3365,4.5626,4.2851,4.5215,0
1987-11-19,4.5009,4.5009,4.2954,4.3673,0
1987-11-20,4.3673,4.3879,4.2132,4.3570,0
1987-11-23,4.3570,4.4187,4.3159,4.3776,0
1987-11-24,4.4290,4.6037,4.4290,4.5626,0
1987-11-25,4.5626,4.6448,4.5420,4.6242,0
1987-11-27,4.6139,4.6139,4.5009,4.5009,0
1987-11-30,4.3468,4.3468,4.1926,4.3057,0
1987-12-01,4.3057,4.4187,4.2954,4.3262,0
1987-12-02,4.3262,4.4187,4.2543,4.3365,0
1987-12-03,4.3365,4.3776,4.1310,4.1310,0
1987-12-04,4.1207,4.1207,3.9666,4.0693,0
1987-12-07,4.1001,4.3159,4.1001,4.2748,0
1987-12-08,4.3468,4.5009,4.3468,4.4906,0
1987-12-09,4.5009,4.6139,4.5009,4.5626,0
1987-12-10,4.5626,4.7681,4.4392,4.5523,0
1987-12-11,4.5523,4.6550,4.4906,4.5009,0
1987-12-14,4.5728,4.7475,4.5728,4.7270,0
1987-12-15,4.7475,4.8606,4.7475,4.8092,0
1987-12-16,4.8092,4.9017,4.7784,4.8606,0
1987-12-17,4.8606,4.9119,4.6550,4.6550,0
1987-12-18,4.6859,4.9119,4.6859,4.8811,0
1987-12-21,4.8811,4.9736,4.8708,4.9531,0
1987-12-22,4.9531,4.9633,4.8811,4.9633,0
1987-12-23,4.9736,5.0969,4.9736,5.0866,0
1987-12-24,5.0866,5.1688,5.0250,5.1688,0
1987-12-28,5.0866,5.0866,4.9428,4.9736,0
1987-12-29,4.9736,4.9942,4.8914,4.9531,0
1987-12-30,4.9531,4.9839,4.9325,4.9428,0
1987-12-31,4.8914,4.8914,4.8092,4.8708,0
1988-01-04,4.9531,5.1380,4.9531,5.1175,0
1988-01-05,5.1688,5.3641,5.1688,5.1997,0
1988-01-06,5.1997,5.2408,5.1483,5.2202,0
1988-01-07,5.2202,5.2408,5.1277,5.2408,0
1988-01-08,5.2202,5.2202,4.7681,4.7989,0
1988-01-11,4.8297,4.9736,4.8297,4.9736,0
1988-01-12,4.9633,4.9633,4.6962,4.7989,0
1988-01-13,4.7989,4.9531,4.7270,4.8606,0
1988-01-14,4.8606,4.9531,4.8195,4.8503,0
1988-01-15,4.9633,5.0764,4.9633,4.9736,0
1988-01-18,4.9839,5.0353,4.9839,5.0044,0
1988-01-19,4.9942,4.9942,4.9325,4.9428,0
1988-01-20,4.9119,4.9119,4.6242,4.6962,0
1988-01-21,4.6962,4.7784,4.6448,4.7681,0
1988-01-22,4.7681,4.8195,4.7167,4.7475,0
1988-01-25,4.7578,4.8811,4.7578,4.8811,0
1988-01-26,4.8811,4.9017,4.8195,4.8297,0
1988-01-27,4.8297,4.8606,4.7167,4.7681,0
1988-01-28,4.7681,4.8092,4.6859,4.7373,0
1988-01-29,4.7373,4.8092,4.7064,4.7784,0
1988-02-01,4.7784,4.8811,4.7270,4.7578,0
1988-02-02,4.7578,4.7578,4.7064,4.7373,0
1988-02-03,4.7373,4.7578,4.5523,4.6037,0
1988-02-04,4.6037,4.6139,4.5215,4.5420,0
1988-02-05,4.5523,4.6139,4.5523,4.5523,0
1988-02-08,4.5420,4.5420,4.4392,4.4598,0
1988-02-09,4.5009,4.5831,4.5009,4.5831,0
1988-02-10,4.5831,4.7167,4.5420,4.6962,0
1988-02-11,4.7167,4.8297,4.7167,4.7886,0
1988-02-12,4.7886,4.8811,4.7886,4.8400,0
1988-02-16,4.8400,4.8503,4.7886,4.8503,0
1988-02-17,4.8503,4.9017,4.7784,4.8503,0
1988-02-18,4.8297,4.8297,4.7167,4.7373,0
1988-02-19,4.7373,4.7886,4.7064,4.7886,0
1988-02-22,4.7886,4.9119,4.7784,4.8914,0
1988-02-23,4.8914,4.9942,4.8914,4.9839,0
1988-02-24,5.0044,5.0866,5.0044,5.0455,0
1988-02-25,5.0455,5.1277,4.9531,4.9633,0
1988-02-26,4.9633,5.0147,4.9119,4.9325,0
1988-02-29,4.9531,5.0455,4.9531,5.0455,0
1988-03-01,5.0455,5.1072,5.0455,5.0764,0
1988-03-02,5.0764,5.1483,5.0764,5.1175,0
1988-03-03,5.1175,5.1380,5.0558,5.1175,0
1988-03-04,5.1072,5.1072,4.9736,4.9942,0
1988-03-07,4.9942,5.0764,4.9839,5.0661,0
1988-03-08,5.0764,5.1688,5.0764,5.1175,0
1988-03-09,5.1688,5.2305,5.1688,5.1997,0
1988-03-10,5.1894,5.1894,5.0558,5.0558,0
1988-03-11,5.0558,5.0969,4.9633,5.0764,0
1988-03-14,5.0764,5.1791,5.0558,5.1791,0
1988-03-15,5.1791,5.1791,5.1072,5.1483,0
1988-03-16,5.1483,5.2202,5.1175,5.2202,0
1988-03-17,5.2202,5.2819,5.2100,5.2613,0
1988-03-18,5.2613,5.2819,5.1894,5.2511,0
1988-03-21,5.2202,5.2202,5.1072,5.1791,0
1988-03-22,5.1791,5.1894,5.0969,5.1483,0
1988-03-23,5.1483,5.1997,5.1380,5.1586,0
1988-03-24,5.1380,5.1380,4.9222,5.0147,0
1988-03-25,5.0147,5.0455,4.9531,4.9633,0
1988-03-28,4.9325,4.9325,4.8400,4.9119,0
1988-03-29,4.9222,5.0044,4.9222,4.9839,0
1988-03-30,4.9839,5.0044,4.8400,4.8914,0
1988-03-31,4.8811,4.8811,4.7784,4.8606,0
1988-04-04,4.8606,4.8606,4.7064,4.7270,0
1988-04-05,4.7270,4.7784,4.6242,4.6756,0
1988-04-06,4.6756,4.8092,4.6448,4.8092,0
1988-04-07,4.8092,4.8914,4.7886,4.7989,0
1988-04-08,4.7989,4.7989,4.6962,4.7373,0
1988-04-11,4.7373,4.7578,4.6653,4.6859,0
1988-04-12,4.6859,4.7064,4.6242,4.6448,0
1988-04-13,4.6448,4.6756,4.5626,4.6550,0
1988-04-14,4.6139,4.6139,4.5215,4.5420,0
1988-04-15,4.5420,4.6242,4.5215,4.6037,0
1988-04-18,4.6037,4.6139,4.5728,4.5728,0
1988-04-19,4.5728,4.6962,4.5728,4.5728,0
1988-04-20,4.5728,4.6139,4.5523,4.5626,0
1988-04-21,4.5626,4.5831,4.4598,4.5112,0
1988-04-22,4.5215,4.5728,4.5215,4.5215,0
1988-04-25,4.5523,4.6345,4.5523,4.6242,0
1988-04-26,4.6242,4.7475,4.6242,4.7475,0
1988-04-27,4.7475,4.8092,4.7270,4.7578,0
1988-04-28,4.7578,4.7681,4.7270,4.7578,0
1988-04-29,4.7578,4.7578,4.6653,4.7270,0
1988-05-02,4.7270,4.7989,4.7167,4.7886,0
1988-05-03,4.7886,4.8297,4.7681,4.7784,0
1988-05-04,4.7784,4.7989,4.7064,4.7167,0
1988-05-05,4.7167,4.7270,4.6756,4.7064,0
1988-05-06,4.7064,4.7681,4.6859,4.6962,0
1988-05-09,4.6962,4.7270,4.6859,4.7064,0
1988-05-10,4.7064,4.7270,4.6653,4.6756,0
1988-05-11,4.6448,4.6448,4.5831,4.6037,0
1988-05-12,4.6037,4.6448,4.5728,4.5728,0
1988-05-13,4.5728,4.6242,4.5728,4.5934,0
1988-05-16,4.5934,4.6756,4.5831,4.6756,0
1988-05-17,4.6756,4.7475,4.6448,4.6859,0
1988-05-18,4.6859,4.6859,4.6242,4.6448,0
1988-05-19,4.6448,4.6448,4.5831,4.6242,0
1988-05-20,4.6139,4.6139,4.5112,4.5626,0
1988-05-23,4.5626,4.5831,4.4804,4.5112,0
1988-05-24,4.5112,4.5626,4.4906,4.5523,0
1988-05-25,4.5728,4.6345,4.5728,4.6037,0
1988-05-26,4.6242,4.6962,4.6242,4.6962,0
1988-05-27,4.6962,4.7064,4.6756,4.6756,0
1988-05-31,4.6756,4.7681,4.6653,4.7681,0
1988-06-01,4.7784,4.9736,4.7784,4.9017,0
1988-06-02,4.9017,4.9736,4.8914,4.9736,0
1988-06-03,4.9736,5.0558,4.9633,5.0353,0
1988-06-06,5.0353,5.0558,4.9942,5.0353,0
1988-06-07,5.0353,5.0353,4.9839,5.0147,0
1988-06-08,5.0250,5.1277,5.0250,5.1175,0
1988-06-09,5.1175,5.1894,5.1072,5.1586,0
1988-06-10,5.1586,5.1997,5.0661,5.1894,0
1988-06-13,5.1894,5.1997,5.1688,5.1791,0
1988-06-14,5.1791,5.2511,5.1380,5.1688,0
1988-06-15,5.1688,5.1688,5.0764,5.1072,0
1988-06-16,5.0661,5.0661,5.0147,5.0455,0
1988-06-17,5.0455,5.0558,4.9839,5.0558,0
1988-06-20,5.0558,5.1175,5.0250,5.1072,0
1988-06-21,5.1175,5.1894,5.1175,5.1380,0
1988-06-22,5.2408,5.3333,5.2408,5.2716,0
1988-06-23,5.2819,5.3744,5.2819,5.3333,0
1988-06-24,5.3333,5.3949,5.3127,5.3435,0
1988-06-27,5.3230,5.3230,5.2305,5.2305,0
1988-06-28,5.2305,5.2408,5.1586,5.1791,0
1988-06-29,5.1791,5.2305,5.1277,5.1688,0
1988-06-30,5.1688,5.1997,5.1483,5.1791,0
1988-07-01,5.1791,5.2202,5.1791,5.2202,0
1988-07-05,5.2202,5.2305,5.1586,5.2305,0
1988-07-06,5.2305,5.3127,5.2305,5.2511,0
1988-07-07,5.2408,5.2408,5.1586,5.2100,0
1988-07-08,5.2100,5.2100,5.1072,5.1175,0
1988-07-11,5.1175,5.1894,5.1072,5.1380,0
1988-07-12,5.1380,5.1380,5.0250,5.0558,0
1988-07-13,5.0558,5.0866,4.9942,5.0558,0
1988-07-14,5.0558,5.0866,5.0353,5.0661,0
1988-07-15,5.0661,5.0969,5.0661,5.0866,0
1988-07-18,5.0969,5.1688,5.0969,5.1688,0
1988-07-19,5.1688,5.2305,5.1483,5.2202,0
1988-07-20,5.2100,5.2100,5.1380,5.1688,0
1988-07-21,5.1688,5.2100,5.0969,5.0969,0
1988-07-22,5.0969,5.1072,5.0250,5.0250,0
1988-07-25,5.0250,5.0353,4.9325,4.9633,0
1988-07-26,4.9633,5.0147,4.9428,4.9942,0
1988-07-27,4.9942,5.0661,4.9942,5.0044,0
1988-07-28,5.0044,5.1175,5.0044,5.0764,0
1988-07-29,5.1072,5.1997,5.1072,5.1894,0
1988-08-01,5.1894,5.2202,5.1688,5.2100,0
1988-08-02,5.2100,5.2408,5.1688,5.1894,0
1988-08-03,5.1894,5.2716,5.1894,5.2511,0
1988-08-04,5.2511,5.2922,5.2100,5.2100,0
1988-08-05,5.2100,5.2202,5.1688,5.1894,0
1988-08-08,5.1894,5.2305,5.1791,5.2100,0
1988-08-09,5.2100,5.2305,5.1175,5.1380,0
1988-08-10,5.1175,5.1175,5.0147,5.0455,0
1988-08-11,5.0455,5.0969,4.9942,5.0969,0
1988-08-12,5.0969,5.1688,5.0661,5.1483,0
1988-08-15,5.1483,5.1483,5.0969,5.0969,0
1988-08-16,5.0969,5.1175,5.0250,5.0764,0
1988-08-17,5.0764,5.1483,5.0764,5.1277,0
1988-08-18,5.1277,5.1483,5.0866,5.0866,0
1988-08-19,5.0866,5.1175,5.0558,5.0558,0
1988-08-22,5.0558,5.1072,5.0250,5.0250,0
1988-08-23,5.0250,5.0353,4.9428,4.9428,0
1988-08-24,4.9736,5.0558,4.9736,5.0558,0
1988-08-25,5.0558,5.0558,4.9942,5.0147,0
1988-08-26,5.0147,5.0764,4.9736,5.0661,0
1988-08-29,5.0661,5.1277,5.0558,5.1175,0
1988-08-30,5.1175,5.1688,5.1175,5.1483,0
1988-08-31,5.1483,5.1791,5.1277,5.1483,0
1988-09-01,5.1175,5.1175,5.0455,5.0455,0
1988-09-02,5.0866,5.2100,5.0866,5.1586,0
1988-09-06,5.1586,5.1997,5.1483,5.1997,0
1988-09-07,5.1997,5.2305,5.1483,5.1688,0
1988-09-08,5.1688,5.2202,5.1380,5.2202,0
1988-09-09,5.2202,5.3641,5.1997,5.3538,0
1988-09-12,5.3435,5.3435,5.3024,5.3333,0
1988-09-13,5.3024,5.3024,5.2408,5.2511,0
1988-09-14,5.2511,5.3024,5.1894,5.1997,0
1988-09-15,5.1997,5.2305,5.1688,5.1688,0
1988-09-16,5.1688,5.2305,5.1483,5.2305,0
1988-09-19,5.2305,5.2305,5.1688,5.1791,0
1988-09-20,5.1791,5.2100,5.1586,5.1894,0
1988-09-21,5.1894,5.2202,5.1688,5.1997,0
1988-09-22,5.1997,5.2613,5.1894,5.1997,0
1988-09-23,5.1997,5.2202,5.1791,5.1894,0
1988-09-26,5.1791,5.1791,5.1277,5.1791,0
1988-09-27,5.1791,5.2202,5.1586,5.1997,0
1988-09-28,5.1997,5.2408,5.1894,5.1997,0
1988-09-29,5.1997,5.2922,5.1894,5.2716,0
1988-09-30,5.2716,5.3744,5.2716,5.3333,0
1988-10-03,5.3333,5.3333,5.2100,5.3127,0
1988-10-04,5.3127,5.3230,5.2922,5.2922,0
1988-10-05,5.2922,5.3435,5.2613,5.3127,0
1988-10-06,5.3127,5.3230,5.2819,5.2819,0
1988-10-07,5.2922,5.3846,5.2922,5.3846,0
1988-10-10,5.3846,5.4669,5.3641,5.4566,0
1988-10-11,5.4566,5.4874,5.4155,5.4360,0
1988-10-12,5.4155,5.4155,5.3538,5.3846,0
1988-10-13,5.3846,5.3846,5.3435,5.3846,0
1988-10-14,5.3949,5.4463,5.3949,5.4360,0
1988-10-17,5.4360,5.4463,5.3949,5.4257,0
1988-10-18,5.4257,5.4669,5.4052,5.4566,0
1988-10-19,5.4566,5.4669,5.3538,5.3949,0
1988-10-20,5.3949,5.5080,5.3846,5.5080,0
1988-10-21,5.5080,5.5491,5.4669,5.5388,0
1988-10-24,5.5388,5.6107,5.5182,5.5902,0
1988-10-25,5.5902,5.6210,5.5799,5.5799,0
1988-10-26,5.5799,5.5902,5.5491,5.5491,0
1988-10-27,5.5388,5.5388,5.4874,5.5080,0
1988-10-28,5.5080,5.5285,5.4463,5.4463,0
1988-10-31,5.4463,5.4566,5.4052,5.4463,0
1988-11-01,5.4360,5.4360,5.3744,5.3846,0
1988-11-02,5.3846,5.3846,5.3024,5.3333,0
1988-11-03,5.3333,5.3435,5.2922,5.3230,0
1988-11-04,5.3024,5.3024,5.2305,5.2511,0
1988-11-07,5.2305,5.2305,5.1277,5.1791,0
1988-11-08,5.1791,5.2305,5.1688,5.1894,0
1988-11-09,5.1894,5.2202,5.1688,5.1997,0
1988-11-10,5.1997,5.2202,5.1586,5.1894,0
1988-11-11,5.1586,5.1586,5.0558,5.0866,0
1988-11-14,5.0866,5.1072,4.9839,5.0353,0
1988-11-15,5.0353,5.0353,4.9736,4.9839,0
1988-11-16,4.9839,5.1175,4.9839,4.9839,0
1988-11-17,5.0147,5.0764,5.0147,5.0353,0
1988-11-18,5.0558,5.1175,5.0558,5.1072,0
1988-11-21,5.1072,5.1688,5.0455,5.1688,0
1988-11-22,5.1688,5.1997,5.1586,5.1791,0
1988-11-23,5.1791,5.1894,5.1483,5.1586,0
1988-11-25,5.1380,5.1380,5.0764,5.0866,0
1988-11-28,5.0866,5.1277,5.0558,5.0969,0
1988-11-29,5.0969,5.1586,5.0764,5.1175,0
1988-11-30,5.1277,5.2202,5.1277,5.2100,0
1988-12-01,5.2100,5.2202,5.1688,5.1688,0
1988-12-02,5.1688,5.1791,5.0969,5.1791,0
1988-12-05,5.1791,5.3024,5.1791,5.2408,0
1988-12-06,5.2408,5.3230,5.2202,5.3230,0
1988-12-07,5.3333,5.3641,5.3333,5.3641,0
1988-12-08,5.3641,5.3744,5.3333,5.3538,0
1988-12-09,5.3538,5.4257,5.3435,5.3949,0
1988-12-12,5.3949,5.4052,5.3333,5.3538,0
1988-12-13,5.3538,5.4052,5.3230,5.4052,0
1988-12-14,5.4052,5.4155,5.3538,5.3846,0
1988-12-15,5.3846,5.4155,5.3641,5.3744,0
1988-12-16,5.3744,5.3744,5.3333,5.3641,0
1988-12-19,5.3641,5.4155,5.3538,5.4052,0
1988-12-20,5.4052,5.4257,5.3846,5.3846,0
1988-12-21,5.3641,5.3641,5.2819,5.3230,0
1988-12-22,5.3230,5.3846,5.3127,5.3435,0
1988-12-23,5.3538,5.4052,5.3538,5.3538,0
1988-12-27,5.3538,5.3744,5.3230,5.3538,0
1988-12-28,5.3538,5.3744,5.3538,5.3744,0
1988-12-29,5.3744,5.4874,5.3744,5.4771,0
1988-12-30,5.4771,5.5080,5.4052,5.4052,0
1989-01-03,5.4052,5.4052,5.3333,5.4052,0
1989-01-04,5.4155,5.5388,5.4155,5.5388,0
1989-01-05,5.5388,5.5388,5.4874,5.5285,0
1989-01-06,5.5388,5.5902,5.5388,5.5696,0
1989-01-09,5.5696,5.6107,5.5388,5.5902,0
1989-01-10,5.5902,5.6518,5.5799,5.6313,0
1989-01-11,5.6313,5.6621,5.6107,5.6415,0
1989-01-12,5.6415,5.6929,5.6415,5.6621,0
1989-01-13,5.6621,5.7135,5.6313,5.6415,0
1989-01-16,5.6415,5.6929,5.6313,5.6518,0
1989-01-17,5.6415,5.6415,5.6004,5.6313,0
1989-01-18,5.6313,5.6724,5.5902,5.6724,0
1989-01-19,5.6724,5.6929,5.5902,5.5902,0
1989-01-20,5.6004,5.6621,5.6004,5.6415,0
1989-01-23,5.6827,5.7957,5.6827,5.7340,0
1989-01-24,5.7340,5.9087,5.7340,5.8779,0
1989-01-25,5.8984,5.9601,5.8984,5.9190,0
1989-01-26,5.9190,5.9909,5.8882,5.9807,0
1989-01-27,6.0218,6.1245,6.0218,6.1040,0
1989-01-30,6.1142,6.1759,6.1142,6.1451,0
1989-01-31,6.1451,6.1759,6.0423,6.1656,0
1989-02-01,6.1656,6.1759,6.1142,6.1451,0
1989-02-02,6.1451,6.1656,6.0937,6.1142,0
1989-02-03,6.1142,6.1451,6.0731,6.0937,0
1989-02-06,6.0937,6.0937,5.9498,6.0218,0
1989-02-07,6.0218,6.2376,6.0218,6.2067,0
1989-02-08,6.2067,6.2376,6.1553,6.1656,0
1989-02-09,6.1553,6.1553,6.0937,6.1553,0
1989-02-10,6.1142,6.1142,6.0320,6.0320,0
1989-02-13,6.0320,6.0937,6.0218,6.0937,0
1989-02-14,6.0937,6.1348,6.0937,6.1142,0
1989-02-15,6.1040,6.1040,6.0629,6.0937,0
1989-02-16,6.1142,6.1656,6.1142,6.1451,0
1989-02-17,6.1451,6.1862,6.1348,6.1759,0
1989-02-21,6.1759,6.1862,6.1348,6.1862,0
1989-02-22,6.1862,6.1862,6.0731,6.0834,0
1989-02-23,6.0834,6.0834,5.9807,6.0834,0
1989-02-24,6.0629,6.0629,5.9396,5.9807,0
1989-02-27,5.9807,6.0423,5.9396,6.0218,0
1989-02-28,6.0218,6.0937,6.0218,6.0834,0
1989-03-01,6.0937,6.1656,6.0937,6.1142,0
1989-03-02,6.1348,6.1965,6.1348,6.1656,0
1989-03-03,6.1656,6.3198,6.1553,6.2787,0
1989-03-06,6.3711,6.4534,6.3711,6.3814,0
1989-03-07,6.3814,6.4123,6.2992,6.3300,0
1989-03-08,6.3198,6.3198,6.2581,6.2581,0
1989-03-09,6.2581,6.2581,6.2273,6.2273,0
1989-03-10,6.2273,6.2889,6.2067,6.2787,0
1989-03-13,6.2992,6.3403,6.2992,6.3095,0
1989-03-14,6.3095,6.3403,6.2684,6.2787,0
1989-03-15,6.2787,6.3506,6.2787,6.3506,0
1989-03-16,6.3711,6.4739,6.3711,6.4534,0
1989-03-17,6.3403,6.3403,6.2889,6.3403,0
1989-03-20,6.3095,6.3095,6.1862,6.2067,0
1989-03-21,6.2273,6.2787,6.2273,6.2581,0
1989-03-22,6.2787,6.3198,6.2787,6.2992,0
1989-03-23,6.2992,6.3198,6.2067,6.2376,0
1989-03-27,6.2376,6.2581,6.2170,6.2478,0
1989-03-28,6.2478,6.3403,6.2478,6.2478,0
1989-03-29,6.2889,6.3403,6.2889,6.3403,0
1989-03-30,6.3403,6.4534,6.3403,6.3917,0
1989-03-31,6.4123,6.4636,6.4123,6.4534,0
1989-04-03,6.4739,6.6075,6.4739,6.5767,0
1989-04-04,6.5767,6.6075,6.5356,6.5767,0
1989-04-05,6.5664,6.5664,6.5047,6.5047,0
1989-04-06,6.4945,6.4945,6.4123,6.4431,0
1989-04-07,6.4431,6.5561,6.4020,6.5356,0
1989-04-10,6.5356,6.5869,6.5356,6.5664,0
1989-04-11,6.5664,6.5972,6.5561,6.5664,0
1989-04-12,6.5664,6.5869,6.5253,6.5664,0
1989-04-13,6.5356,6.5356,6.4534,6.4739,0
1989-04-14,6.5253,6.6280,6.5253,6.6178,0
1989-04-17,6.6280,6.7205,6.6280,6.7103,0
1989-04-18,6.7411,6.8027,6.7411,6.7719,0
1989-04-19,6.7719,6.9363,6.7616,6.9363,0
1989-04-20,6.9363,6.9569,6.8027,6.9466,0
1989-04-21,6.9466,7.0083,6.9466,6.9877,0
1989-04-24,6.9877,7.0699,6.9261,6.9466,0
1989-04-25,6.9466,6.9877,6.8849,6.8849,0
1989-04-26,6.8849,6.9569,6.8849,6.9363,0
1989-04-27,6.9466,7.0494,6.9466,7.0185,0
1989-04-28,7.0185,7.0494,6.9774,6.9980,0
1989-05-01,6.9980,7.0494,6.9466,7.0494,0
1989-05-02,7.0494,7.1316,7.0185,7.0185,0
1989-05-03,7.0185,7.0596,6.9980,7.0391,0
1989-05-04,7.0391,7.0596,6.9877,7.0083,0
1989-05-05,7.0083,7.0802,6.9980,6.9980,0
1989-05-08,6.9774,6.9774,6.9055,6.9363,0
1989-05-09,6.9466,6.9980,6.9466,6.9877,0
1989-05-10,7.0185,7.0699,7.0185,7.0699,0
1989-05-11,7.0699,7.1727,7.0185,7.1727,0
1989-05-12,7.3063,7.5734,7.3063,7.5734,0
1989-05-15,7.5734,7.8817,7.5734,7.7379,0
1989-05-16,7.7070,7.7070,7.5837,7.6145,0
1989-05-17,7.6145,7.6659,7.5426,7.6454,0
1989-05-18,7.6454,7.7173,7.6043,7.6557,0
1989-05-19,7.6659,7.7276,7.6659,7.6968,0
1989-05-22,7.7276,7.8509,7.7276,7.8303,0
1989-05-23,7.8303,7.8303,7.7276,7.7379,0
1989-05-24,7.7379,7.7687,7.6248,7.6454,0
1989-05-25,7.6454,7.7276,7.6145,7.7070,0
1989-05-26,7.7173,7.7584,7.7173,7.7276,0
1989-05-30,7.7276,7.7584,7.5632,7.5940,0
1989-05-31,7.5940,7.7070,7.5837,7.6454,0
1989-06-01,7.6454,7.7070,7.6454,7.6557,0
1989-06-02,7.6865,7.7584,7.6865,7.7584,0
1989-06-05,7.7584,7.7995,7.7070,7.7276,0
1989-06-06,7.7276,7.7584,7.6351,7.6659,0
1989-06-07,7.6968,7.7790,7.6968,7.7481,0
1989-06-08,7.7481,7.8201,7.7276,7.7481,0
1989-06-09,7.7481,7.7995,7.6659,7.7276,0
1989-06-12,7.7276,7.7276,7.6454,7.6762,0
1989-06-13,7.6557,7.6557,7.4912,7.5529,0
1989-06-14,7.5529,7.5837,7.5426,7.5632,0
1989-06-15,7.5632,7.5632,7.4501,7.5118,0
1989-06-16,7.5015,7.5015,7.3474,7.4296,0
1989-06-19,7.4296,7.4912,7.2960,7.4707,0
1989-06-20,7.4912,7.5940,7.4912,7.5426,0
1989-06-21,7.5426,7.7070,7.5426,7.6454,0
1989-06-22,7.6454,7.7790,7.6351,7.7173,0
1989-06-23,7.7687,7.8406,7.7687,7.8201,0
1989-06-26,7.8201,7.9023,7.7892,7.8509,0
1989-06-27,7.8714,8.1181,7.8714,8.0770,0
1989-06-28,8.0770,8.0770,7.9126,7.9948,0
1989-06-29,7.9948,8.0050,7.7687,7.7892,0
