Date,Open,High,Low,Close,Volume
1992-01-02,3152.1001,3172.6299,3139.3101,3172.3999,0
1992-01-03,3172.3999,3210.6399,3165.9199,3201.5000,0
1992-01-06,3201.5000,3213.3301,3191.8601,3200.1001,0
1992-01-07,3200.1001,3210.2000,3184.4800,3204.8000,0
1992-01-08,3204.8000,3229.2000,3185.8201,3203.8999,0
1992-01-09,3203.8999,3228.3101,3192.7500,3209.5000,0
1992-01-10,3209.5000,3217.1299,3185.3799,3199.5000,0
1992-01-13,3199.5000,3201.2500,3179.1101,3185.6001,0
1992-01-14,3185.6001,3248.8799,3182.9199,3246.2000,0
1992-01-15,3246.2000,3263.4199,3232.1101,3258.5000,0
1992-01-16,3258.5000,3262.7500,3222.0500,3249.6001,0
1992-01-17,3249.6001,3279.9600,3243.2900,3265.0000,0
1992-01-20,3265.0000,3269.8999,3245.0801,3254.0000,0
1992-01-21,3254.0000,3254.4700,3215.3401,3223.3999,0
1992-01-22,3223.3999,3256.0400,3216.9099,3255.8000,0
1992-01-23,3255.8000,3266.9900,3222.9399,3226.7000,0
1992-01-24,3226.7000,3248.4299,3216.6799,3232.8000,0
1992-01-27,3232.8000,3246.6499,3230.5500,3240.6001,0
1992-01-28,3240.6001,3275.4900,3239.9399,3272.1001,0
1992-01-29,3272.1001,3299.1899,3218.4700,3225.0000,0
1992-01-30,3225.0000,3247.3201,3216.0100,3244.8999,0
1992-01-31,3244.8999,3255.3701,3222.7200,3223.3999,0
1992-02-03,3223.3999,3239.0400,3213.5500,3234.1001,0
1992-02-04,3234.1001,3272.8101,3229.4299,3272.8000,0
1992-02-05,3272.8000,3282.2000,3251.7900,3257.6001,0
1992-02-06,3257.6001,3265.6499,3238.6001,3255.6001,0
1992-02-07,3255.6001,3269.8999,3207.9600,3225.3999,0
1992-02-10,3225.3999,3247.9900,3223.8401,3245.1001,0
1992-02-11,3245.1001,3259.6201,3236.1399,3251.6001,0
1992-02-12,3251.6001,3286.0000,3244.6299,3276.8000,0
1992-02-13,3276.8000,3283.9900,3236.3601,3246.7000,0
1992-02-14,3246.7000,3254.7000,3221.8201,3246.0000,0
1992-02-18,3246.0000,3268.5601,3219.1399,3224.7000,0
1992-02-19,3224.7000,3241.7300,3215.3401,3230.3000,0
1992-02-20,3230.6001,3283.7700,3230.5500,3280.6001,0
1992-02-21,3280.6001,3286.6699,3252.9099,3280.2000,0
1992-02-24,3280.2000,3289.8000,3266.1001,3282.3999,0
1992-02-25,3282.2000,3282.2000,3240.3799,3257.8000,0
1992-02-26,3257.8000,3290.9199,3254.4700,3283.3000,0
1992-02-27,3283.3000,3286.8999,3265.8799,3269.5000,0
1992-02-28,3269.5000,3293.3799,3259.3899,3267.7000,0
1992-03-02,3267.7000,3276.6201,3261.3999,3275.3000,0
1992-03-03,3275.3000,3295.6201,3272.8101,3290.3000,0
1992-03-04,3290.3000,3299.6399,3268.5601,3268.6001,0
1992-03-05,3268.3000,3268.3401,3235.6899,3241.5000,0
1992-03-06,3241.5000,3252.0100,3213.7700,3221.6001,0
1992-03-09,3221.6001,3227.1899,3211.3101,3215.1001,0
1992-03-10,3215.1001,3248.2100,3214.6699,3231.0000,0
1992-03-11,3231.0000,3233.4500,3198.3501,3208.6001,0
1992-03-12,3208.6001,3213.1001,3188.2800,3208.6001,0
1992-03-13,3208.6001,3237.0300,3208.1799,3235.8999,0
1992-03-16,3235.8999,3236.5801,3208.4099,3236.3999,0
1992-03-17,3236.3999,3260.0601,3235.9099,3256.0000,0
1992-03-18,3256.0000,3271.9099,3246.2000,3254.3000,0
1992-03-19,3254.3000,3269.8999,3251.1499,3261.3999,0
1992-03-20,3261.3999,3277.2800,3255.8101,3276.3999,0
1992-03-23,3275.8999,3275.9399,3261.1799,3272.1001,0
1992-03-24,3272.1001,3284.4399,3249.1101,3261.0000,0
1992-03-25,3261.0000,3276.3899,3251.1201,3259.3999,0
1992-03-26,3259.3999,3275.0400,3251.3401,3267.7000,0
1992-03-27,3267.7000,3268.1101,3226.5200,3231.3999,0
1992-03-30,3231.3999,3248.8799,3229.4299,3235.2000,0
1992-03-31,3235.2000,3260.7300,3228.9800,3235.5000,0
1992-04-01,3235.5000,3252.2400,3215.3401,3249.3000,0
1992-04-02,3249.3000,3259.6201,3220.2600,3234.1001,0
1992-04-03,3234.1001,3250.8899,3211.3101,3249.1001,0
1992-04-06,3249.3000,3276.8301,3249.3000,3275.5000,0
1992-04-07,3275.5000,3279.2900,3211.0901,3213.6001,0
1992-04-08,3213.6001,3213.6001,3161.2300,3181.3999,0
1992-04-09,3181.8000,3231.6599,3181.8000,3225.0000,0
1992-04-10,3225.6001,3262.9700,3225.6001,3255.3999,0
1992-04-13,3255.3999,3270.5701,3248.4299,3269.8999,0
1992-04-14,3269.8999,3322.2300,3269.4500,3306.1001,0
1992-04-15,3307.0000,3354.2000,3307.0000,3353.8000,0
1992-04-16,3353.8000,3366.5000,3343.2500,3366.5000,0
1992-04-20,3365.6001,3365.6101,3315.5200,3336.3000,0
1992-04-21,3336.3000,3350.6299,3320.8899,3343.3000,0
1992-04-22,3343.3000,3352.8601,3330.7200,3338.8000,0
1992-04-23,3338.8000,3352.8601,3330.7200,3348.6001,0
1992-04-24,3348.6001,3361.8101,3323.1201,3324.5000,0
1992-04-27,3324.0000,3324.0200,3303.6699,3304.5601,0
1992-04-28,3304.5000,3317.0801,3283.9900,3307.8999,0
1992-04-29,3308.1001,3338.7700,3308.1001,3333.2000,0
1992-04-30,3333.2000,3361.1399,3328.4900,3359.1001,0
1992-05-01,3359.1001,3362.0300,3324.0200,3336.1001,0
1992-05-04,3336.1001,3387.5200,3335.8701,3378.1001,0
1992-05-05,3378.1001,3378.1299,3358.8999,3359.3999,0
1992-05-06,3360.0000,3383.7200,3360.0000,3369.3999,0
1992-05-07,3369.3999,3374.7800,3357.3301,3363.3999,0
1992-05-08,3363.3999,3375.6699,3353.5300,3369.3999,0
1992-05-11,3369.3999,3397.8101,3368.9600,3397.6001,0
1992-05-12,3397.6001,3440.6699,3373.9099,3385.1001,0
1992-05-13,3385.1001,3396.7900,3378.7100,3392.0000,0
1992-05-14,3392.0000,3393.5801,3357.2100,3368.8999,0
1992-05-15,3368.8999,3368.8999,3346.0000,3353.1001,0
1992-05-18,3353.1001,3381.6399,3353.0901,3376.0000,0
1992-05-19,3376.0000,3440.1899,3368.4700,3398.0000,0
1992-05-20,3398.0000,3404.3401,3388.2300,3393.8000,0
1992-05-21,3393.8000,3394.0901,3365.5400,3378.7000,0
1992-05-22,3378.7000,3392.6201,3376.5200,3386.8000,0
1992-05-26,3386.8000,3386.8000,3356.4399,3364.2000,0
1992-05-27,3364.2000,3380.3301,3360.0701,3370.3999,0
1992-05-28,3370.3999,3398.4299,3368.6201,3398.3999,0
1992-05-29,3398.3999,3420.2100,3396.1001,3396.8999,0
1992-06-01,3396.8999,3413.4700,3373.0300,3413.2000,0
1992-06-02,3413.2000,3420.4700,3392.7300,3396.1001,0
1992-06-03,3396.1001,3422.2800,3389.3601,3407.0000,0
1992-06-04,3407.0000,3410.1001,3392.4700,3399.7000,0
1992-06-05,3399.7000,3403.1001,3392.4700,3398.7000,0
1992-06-08,3398.7000,3404.1299,3391.6899,3404.1001,0
1992-06-09,3404.1001,3405.4299,3359.5500,3369.8999,0
1992-06-10,3369.8999,3370.9500,3338.2900,3343.2000,0
1992-06-11,3343.2000,3352.5500,3323.7800,3351.5000,0
1992-06-12,3352.0000,3381.5801,3352.0000,3354.3999,0
1992-06-15,3354.3999,3363.1899,3337.5100,3354.8999,0
1992-06-16,3354.8999,3367.2000,3329.4900,3329.5000,0
1992-06-17,3329.5000,3329.7500,3283.7500,3287.8000,0
1992-06-18,3287.8000,3290.4299,3269.0300,3274.1001,0
1992-06-19,3274.3999,3299.5300,3274.3799,3285.3999,0
1992-06-22,3285.3999,3285.8899,3254.0500,3280.8000,0
1992-06-23,3280.8000,3296.8501,3280.5400,3285.6001,0
1992-06-24,3285.6001,3302.7400,3284.0100,3290.7000,0
1992-06-25,3290.7000,3304.0801,3271.4399,3284.0000,0
1992-06-26,3284.0000,3290.9700,3269.8401,3282.3999,0
1992-06-29,3282.7000,3319.8601,3282.6799,3319.8601,0
1992-06-30,3319.8999,3331.6299,3316.6499,3318.5000,0
1992-07-01,3318.8000,3354.1001,3318.7900,3354.1001,0
1992-07-02,3354.1001,3373.8899,3326.5400,3330.3000,0
1992-07-06,3330.3000,3340.2900,3326.7800,3339.2000,0
1992-07-07,3339.2000,3352.7100,3291.3899,3295.2000,0
1992-07-08,3295.2000,3303.2700,3273.5601,3293.3000,0
1992-07-09,3293.6001,3336.5000,3293.5500,3324.1001,0
1992-07-10,3324.1001,3339.7500,3315.1599,3330.6001,0
1992-07-13,3330.6001,3344.0701,3327.0500,3337.3000,0
1992-07-14,3337.3000,3358.9299,3328.6699,3358.3999,0
1992-07-15,3358.3999,3363.2500,3339.7500,3345.3999,0
1992-07-16,3345.3999,3364.3301,3333.2600,3361.6001,0
1992-07-17,3361.1001,3361.1001,3317.0500,3331.6001,0
1992-07-20,3331.1001,3331.1001,3287.0601,3303.0000,0
1992-07-21,3303.3000,3322.7300,3303.2700,3308.3999,0
1992-07-22,3307.8999,3307.8999,3275.1799,3277.6001,0
1992-07-23,3277.6001,3291.3899,3266.5300,3290.0000,0
1992-07-24,3290.0000,3297.3000,3276.8000,3285.7000,0
1992-07-27,3285.7000,3299.4900,3282.2000,3282.2000,0
1992-07-28,3282.2000,3335.1499,3282.2000,3334.1001,0
1992-07-29,3334.1001,3385.1299,3334.0901,3379.2000,0
1992-07-30,3379.2000,3395.9399,3374.3301,3391.8999,0
1992-07-31,3391.8999,3402.9600,3385.6699,3393.8000,0
1992-08-03,3393.8000,3399.9900,3384.0500,3395.3999,0
1992-08-04,3395.3999,3396.7500,3377.5701,3384.3000,0
1992-08-05,3384.3000,3384.3201,3360.2800,3365.1001,0
1992-08-06,3365.1001,3365.6799,3338.9299,3340.6001,0
1992-08-07,3340.6001,3369.7300,3331.3701,3332.2000,0
1992-08-10,3332.2000,3337.5801,3316.7800,3337.5601,0
1992-08-11,3337.6001,3342.1799,3314.3501,3331.1001,0
1992-08-12,3331.1001,3342.1799,3310.8401,3320.8000,0
1992-08-13,3320.8000,3337.0400,3306.7900,3313.3000,0
1992-08-14,3313.3000,3331.9099,3311.1101,3328.8999,0
1992-08-17,3328.8999,3338.9299,3321.6399,3324.8999,0
1992-08-18,3324.8999,3332.4500,3315.7000,3329.5000,0
1992-08-19,3329.5000,3335.6899,3307.0601,3307.1001,0
1992-08-20,3307.1001,3315.4299,3295.4399,3304.8999,0
1992-08-21,3304.8999,3324.0801,3254.1001,3254.1001,0
1992-08-24,3254.1001,3254.1001,3223.0400,3228.2000,0
1992-08-25,3228.2000,3235.1899,3207.1001,3232.2000,0
1992-08-26,3232.2000,3250.0500,3225.4700,3246.8000,0
1992-08-27,3246.8000,3273.0200,3246.8000,3254.6001,0
1992-08-28,3254.6001,3269.7700,3249.7800,3267.6001,0
1992-08-31,3267.6001,3274.1001,3254.3701,3257.3999,0
1992-09-01,3257.3999,3266.2600,3254.1001,3266.2600,0
1992-09-02,3266.3000,3292.4700,3263.8301,3290.3000,0
1992-09-03,3290.3000,3313.5400,3285.1799,3292.2000,0
1992-09-04,3292.2000,3296.5200,3277.6101,3281.8999,0
1992-09-08,3281.8999,3282.7400,3257.6201,3260.6001,0
1992-09-09,3260.6001,3273.0200,3258.1599,3271.3999,0
1992-09-10,3271.3999,3312.7300,3270.8501,3305.2000,0
1992-09-11,3305.2000,3317.3201,3300.8401,3305.7000,0
1992-09-14,3306.8000,3376.4900,3306.7900,3376.2000,0
1992-09-15,3375.3999,3375.4099,3323.0000,3327.3000,0
1992-09-16,3327.3000,3333.8899,3307.6001,3319.2000,0
1992-09-17,3319.2000,3328.6699,3311.3799,3315.7000,0
1992-09-18,3315.7000,3327.3201,3308.6799,3327.1001,0
1992-09-21,3327.1001,3327.8401,3310.5701,3320.8000,0
1992-09-22,3320.8000,3321.1001,3280.0400,3280.8999,0
1992-09-23,3280.8999,3287.6001,3264.9099,3278.7000,0
1992-09-24,3279.0000,3294.8999,3278.9600,3287.8999,0
1992-09-25,3287.8999,3289.7700,3244.8401,3250.3000,0
1992-09-28,3250.3000,3276.2600,3242.7600,3276.2600,0
1992-09-29,3276.3000,3280.0400,3259.2400,3266.8000,0
1992-09-30,3266.8000,3276.8000,3264.3701,3271.7000,0
1992-10-01,3271.7000,3280.8501,3246.0000,3254.3999,0
1992-10-02,3254.3999,3259.2400,3198.7200,3200.6001,0
1992-10-05,3200.6001,3200.6101,3095.7900,3179.0000,0
1992-10-06,3179.0000,3191.9700,3157.6599,3178.2000,0
1992-10-07,3178.2000,3187.9099,3145.7700,3152.3000,0
1992-10-08,3152.3000,3178.1899,3145.7700,3176.0000,0
1992-10-09,3176.0000,3176.3000,3131.7200,3136.6001,0
1992-10-12,3136.6001,3174.6799,3136.3101,3174.3999,0
1992-10-13,3174.3999,3211.9600,3167.6499,3201.3999,0
1992-10-14,3201.3999,3217.0901,3179.0000,3195.5000,0
1992-10-15,3195.5000,3198.4500,3167.3799,3174.7000,0
1992-10-16,3174.7000,3180.3501,3142.5300,3174.3999,0
1992-10-19,3174.3999,3197.6399,3169.0000,3188.5000,0
1992-10-20,3188.5000,3213.0400,3179.0000,3186.0000,0
1992-10-21,3186.0000,3199.8000,3179.8101,3187.1001,0
1992-10-22,3187.1001,3202.5000,3174.6799,3200.8999,0
1992-10-23,3200.8999,3215.2000,3196.0200,3207.6001,0
1992-10-26,3207.6001,3244.9199,3205.2000,3244.1001,0
1992-10-27,3244.1001,3251.3999,3221.9500,3235.7000,0
1992-10-28,3235.7000,3251.3999,3224.1201,3251.3999,0
1992-10-29,3251.3999,3254.9099,3236.8101,3246.3000,0
1992-10-30,3230.6001,3230.6001,3224.1201,3226.3000,0
1992-11-02,3226.3000,3262.2100,3221.4099,3262.2000,0
1992-11-03,3262.2000,3266.8000,3236.8101,3252.5000,0
1992-11-04,3252.5000,3268.1499,3219.5200,3223.0000,0
1992-11-05,3223.0000,3245.1899,3215.2000,3243.8000,0
1992-11-06,3243.8000,3250.0500,3234.3501,3240.1001,0
1992-11-09,3240.1001,3259.7800,3231.6799,3240.8999,0
1992-11-10,3240.8999,3252.4800,3224.6599,3225.5000,0
1992-11-11,3225.5000,3245.7300,3219.2500,3240.3000,0
1992-11-12,3240.3000,3250.0500,3230.8701,3239.8000,0
1992-11-13,3239.8000,3240.6001,3224.1201,3233.0000,0
1992-11-16,3233.0000,3233.0300,3203.8501,3205.7000,0
1992-11-17,3205.7000,3211.9600,3184.6699,3193.3000,0
1992-11-18,3193.3000,3214.9299,3191.4299,3207.3999,0
1992-11-19,3207.3999,3216.8201,3200.6101,3209.5000,0
1992-11-20,3209.8000,3231.1399,3209.8000,3227.3999,0
1992-11-23,3227.3999,3234.1101,3214.6599,3223.0000,0
1992-11-24,3223.0000,3265.9900,3221.6799,3248.7000,0
1992-11-25,3248.7000,3269.2300,3247.0801,3266.3000,0
1992-11-27,3266.3000,3296.2500,3266.2600,3282.2000,0
1992-11-30,3282.7000,3308.4099,3282.7000,3305.2000,0
1992-12-01,3305.2000,3307.8701,3286.2500,3294.3999,0
1992-12-02,3294.3999,3297.0601,3280.3101,3286.3000,0
1992-12-03,3286.3000,3291.6599,3268.9600,3276.5000,0
1992-12-04,3276.5000,3298.9500,3272.4700,3288.7000,0
1992-12-07,3289.0000,3307.6001,3288.9500,3307.3000,0
1992-12-08,3307.3000,3323.5400,3303.5400,3322.2000,0
1992-12-09,3322.2000,3335.6899,3308.1399,3323.8000,0
1992-12-10,3323.8000,3323.8101,3300.5701,3312.2000,0
1992-12-11,3311.8999,3311.9199,3301.1101,3304.1001,0
1992-12-14,3304.1001,3317.0500,3292.2000,3292.2000,0
1992-12-15,3292.2000,3295.4399,3279.5000,3284.3999,0
1992-12-16,3284.3999,3295.7100,3248.1599,3255.2000,0
1992-12-17,3255.2000,3271.9299,3251.3999,3269.2000,0
1992-12-18,3270.8999,3313.5400,3270.8501,3313.3000,0
1992-12-21,3313.3000,3318.3999,3303.2700,3312.5000,0
1992-12-22,3312.5000,3328.9399,3301.6499,3321.1001,0
1992-12-23,3321.1001,3332.7200,3313.5400,3313.5400,0
1992-12-24,3313.5000,3328.1299,3313.0000,3326.2000,0
1992-12-28,3326.2000,3333.2600,3309.2200,3333.2600,0
1992-12-29,3333.3000,3352.7100,3306.5200,3310.8000,0
1992-12-30,3310.8000,3328.6699,3309.7600,3321.1001,0
1992-12-31,3321.1001,3327.8601,3301.1101,3301.1101,0
1993-01-04,3301.1001,3319.2100,3298.6799,3309.2000,0
1993-01-05,3309.2000,3320.8301,3300.5701,3307.8999,0
1993-01-06,3307.8999,3312.1899,3290.5801,3305.2000,0
1993-01-07,3305.2000,3313.2700,3260.8601,3269.0000,0
1993-01-08,3269.0000,3269.0000,3231.9500,3251.7000,0
1993-01-11,3251.7000,3262.7500,3250.0500,3262.7500,0
1993-01-12,3262.8000,3268.6899,3240.0601,3264.6001,0
1993-01-13,3264.6001,3269.5000,3243.8401,3263.6001,0
1993-01-14,3263.6001,3279.2300,3251.1299,3267.8999,0
1993-01-15,3267.8999,3285.1699,3258.1599,3271.1001,0
1993-01-18,3271.1001,3275.7200,3263.0200,3274.8999,0
1993-01-19,3274.8999,3283.2800,3254.3701,3256.0000,0
1993-01-20,3256.0000,3264.1001,3240.6001,3242.0000,0
1993-01-21,3242.0000,3257.6201,3231.9500,3253.0000,0
1993-01-22,3253.0000,3267.3401,3250.0500,3256.8000,0
1993-01-25,3257.8999,3294.8999,3257.8899,3292.2000,0
1993-01-26,3292.2000,3320.0200,3291.6599,3299.0000,0
1993-01-27,3299.0000,3301.6499,3274.9099,3291.3999,0
1993-01-28,3291.3999,3308.4099,3289.7700,3306.3000,0
1993-01-29,3306.3000,3315.1599,3298.9500,3310.0000,0
1993-02-01,3310.0000,3332.4500,3309.4900,3332.2000,0
1993-02-02,3332.2000,3334.8799,3318.6699,3328.7000,0
1993-02-03,3328.8999,3379.4600,3328.8999,3373.8000,0
1993-02-04,3374.1001,3423.7700,3374.0601,3416.7000,0
1993-02-05,3416.7000,3443.2200,3411.3401,3442.1001,0
1993-02-08,3442.1001,3456.7300,3429.4399,3437.5000,0
1993-02-09,3437.5000,3437.5400,3407.8301,3414.6001,0
1993-02-10,3414.6001,3424.5801,3394.3201,3412.3999,0
1993-02-11,3412.3999,3442.6799,3411.8799,3422.7000,0
1993-02-12,3422.7000,3425.6599,3392.4299,3392.4299,0
1993-02-16,3392.2000,3392.2000,3304.6201,3309.5000,0
1993-02-17,3309.5000,3317.5901,3290.3101,3312.2000,0
1993-02-18,3312.2000,3348.6599,3266.8000,3302.2000,0
1993-02-19,3302.2000,3322.1799,3287.8701,3322.1799,0
1993-02-22,3322.2000,3345.9600,3317.0500,3342.9900,0
1993-02-23,3343.0000,3353.5200,3316.7800,3323.2700,0
1993-02-24,3323.3000,3356.7700,3322.1799,3356.5000,0
1993-02-25,3356.5000,3365.1399,3343.2600,3365.1399,0
1993-02-26,3365.1001,3378.1101,3351.3601,3370.8101,0
1993-03-01,3370.8000,3383.7800,3350.0100,3355.4099,0
1993-03-02,3355.3999,3400.8000,3343.2600,3400.5300,0
1993-03-03,3400.5000,3413.7700,3391.6201,3404.0400,0
1993-03-04,3404.0000,3409.4500,3388.9099,3398.9099,0
1993-03-05,3398.8999,3433.2200,3391.8899,3404.5801,0
1993-03-08,3404.6001,3471.0400,3391.8899,3469.4199,0
1993-03-09,3469.3999,3482.1201,3462.3999,3472.1201,0
1993-03-10,3472.1001,3478.3401,3449.4299,3478.3401,0
1993-03-11,3478.3000,3479.6899,3450.5100,3457.0000,0
1993-03-12,3456.7000,3456.7300,3403.7700,3427.8201,0
1993-03-15,3427.8000,3442.4099,3426.4700,3442.4099,0
1993-03-16,3442.3999,3449.4299,3438.0801,3442.9500,0
1993-03-17,3443.0000,3444.8401,3422.9600,3426.7400,0
1993-03-18,3426.7000,3477.5300,3426.7000,3465.6399,0
1993-03-19,3465.6001,3477.2600,3459.1599,3471.5801,0
1993-03-22,3470.8000,3470.8000,3444.0300,3463.4800,0
1993-03-23,3463.5000,3469.6899,3453.4800,3461.8601,0
1993-03-24,3450.5000,3450.5000,3430.2500,3445.3799,0
1993-03-25,3445.3999,3472.6699,3445.3799,3461.3201,0
1993-03-26,3461.3000,3471.3101,3439.4399,3439.9800,0
1993-03-29,3440.3000,3478.3401,3440.2500,3455.1001,0
1993-03-30,3455.1001,3458.6201,3434.8401,3457.2700,0
1993-03-31,3457.3000,3470.7700,3435.1101,3435.1101,0
1993-04-01,3435.1001,3452.6699,3432.1399,3439.4399,0
1993-04-02,3439.3999,3439.4399,3365.4099,3370.8101,0
1993-04-05,3370.8000,3381.3501,3364.8701,3379.1899,0
1993-04-06,3379.2000,3391.6201,3363.7900,3377.5701,0
1993-04-07,3377.6001,3397.8301,3372.9800,3397.0200,0
1993-04-08,3397.0000,3408.1001,3378.6499,3396.4800,0
1993-04-12,3396.5000,3434.8401,3395.6699,3428.0901,0
1993-04-13,3428.3999,3450.7800,3428.3601,3444.0300,0
1993-04-14,3444.0000,3461.8601,3441.6001,3455.6399,0
1993-04-15,3455.6001,3466.1799,3437.5400,3455.9199,0
1993-04-16,3456.5000,3478.6101,3456.4600,3478.6101,0
1993-04-19,3478.6001,3481.5801,3457.8101,3466.9900,0
1993-04-20,3467.0000,3468.6101,3420.2500,3443.4900,0
1993-04-21,3443.5000,3453.4800,3426.7400,3439.4399,0
1993-04-22,3439.3999,3471.0400,3423.7700,3429.1699,0
1993-04-23,3428.6001,3428.6299,3403.5000,3413.7700,0
1993-04-26,3413.8000,3425.6599,3387.0200,3398.3701,0
1993-04-27,3398.3999,3416.7400,3383.2400,3415.9299,0
1993-04-28,3415.8999,3424.5801,3395.3999,3413.5000,0
1993-04-29,3413.5000,3427.0100,3392.4299,3425.1201,0
1993-04-30,3425.1001,3446.1899,3422.4099,3427.5500,0
1993-05-03,3439.3999,3459.4299,3439.3999,3446.4600,0
1993-05-04,3446.5000,3459.4299,3439.4399,3446.1899,0
1993-05-05,3446.2000,3457.3999,3439.4099,3449.1001,0
1993-05-06,3449.1001,3454.3501,3439.1299,3441.8999,0
1993-05-07,3441.8999,3447.9900,3427.2300,3437.1899,0
1993-05-10,3437.2000,3467.9199,3435.2600,3443.2800,0
1993-05-11,3443.3000,3468.7500,3435.2600,3468.7500,0
1993-05-12,3468.8000,3483.1399,3458.2300,3482.3101,0
1993-05-13,3482.0000,3482.0300,3447.7100,3447.9900,0
1993-05-14,3448.0000,3457.1201,3437.4700,3443.0100,0
1993-05-17,3437.5000,3451.3000,3428.8999,3449.9299,0
1993-05-18,3449.8999,3454.6299,3422.5200,3444.3899,0
1993-05-19,3444.3999,3503.3501,3415.3301,3500.0300,0
1993-05-20,3500.0000,3523.2800,3494.7700,3523.2800,0
1993-05-21,3523.3000,3524.1101,3476.2200,3492.8301,0
1993-05-24,3492.8000,3513.5901,3485.6299,3507.7800,0
1993-05-25,3507.8000,3519.1201,3501.6899,3516.6299,0
1993-05-26,3516.6001,3548.1899,3513.8601,3540.1599,0
1993-05-27,3541.0000,3565.0701,3540.9900,3554.8301,0
1993-05-28,3554.8000,3554.8301,3510.2700,3527.4299,0
1993-06-01,3527.3999,3569.7800,3527.3999,3552.3401,0
1993-06-02,3552.3000,3562.3000,3543.7600,3553.4500,0
1993-06-03,3553.5000,3553.7200,3531.5801,3544.8701,0
1993-06-04,3544.8999,3545.9700,3530.2000,3545.1399,0
1993-06-07,3545.1001,3550.1201,3527.7000,3532.1299,0
1993-06-08,3532.1001,3533.2400,3506.1101,3510.5400,0
1993-06-09,3510.5000,3530.7500,3505.2800,3511.9299,0
1993-06-10,3511.8999,3516.9099,3483.9700,3491.7200,0
1993-06-11,3492.0000,3514.9700,3492.0000,3505.0100,0
1993-06-14,3505.0000,3519.1201,3504.4500,3514.6899,0
1993-06-15,3514.1001,3514.1399,3491.7200,3492.0000,0
1993-06-16,3492.0000,3512.7600,3475.9399,3511.6499,0
1993-06-17,3511.7000,3525.2100,3506.3899,3521.8899,0
1993-06-18,3528.3000,3528.3000,3494.5000,3494.7700,0
1993-06-21,3494.8000,3511.9299,3491.7200,3510.8201,0
1993-06-22,3510.8000,3511.3701,3489.5100,3497.5300,0
1993-06-23,3497.5000,3497.8101,3466.8101,3466.8101,0
1993-06-24,3466.8000,3493.1101,3462.6599,3490.6101,0
1993-06-25,3490.6001,3501.1299,3485.6299,3490.8899,0
1993-06-28,3491.2000,3531.5801,3491.1699,3530.2000,0
1993-06-29,3530.2000,3530.4700,3505.8401,3518.8501,0
1993-06-30,3518.8999,3525.7700,3512.7600,3516.0801,0
1993-07-01,3516.1001,3523.0000,3503.6201,3510.5400,0
1993-07-02,3510.5000,3511.1001,3480.9299,3483.9700,0
1993-07-06,3484.0000,3492.8301,3449.9299,3449.9299,0
1993-07-07,3449.8999,3476.5000,3449.8999,3475.6699,0
1993-07-08,3475.7000,3517.1899,3475.3899,3514.4199,0
1993-07-09,3514.3999,3527.9800,3507.2200,3521.0601,0
1993-07-12,3521.1001,3526.0400,3514.9700,3524.3799,0
1993-07-13,3524.3999,3533.3401,3509.8501,3515.4399,0
1993-07-14,3515.3999,3550.6499,3515.1599,3542.5500,0
1993-07-15,3542.6001,3550.9299,3526.0601,3550.9299,0
1993-07-16,3550.8999,3550.9299,3525.2200,3528.2900,0
1993-07-19,3528.3000,3540.8701,3524.6599,3535.2800,0
1993-07-20,3535.3000,3548.9700,3511.5300,3544.7800,0
1993-07-21,3544.8000,3556.5200,3532.7700,3555.3999,0
1993-07-22,3555.1001,3555.1201,3521.3101,3525.2200,0
1993-07-23,3525.2000,3548.6899,3524.1001,3546.7400,0
1993-07-26,3546.7000,3571.0500,3546.7000,3567.7000,0
1993-07-27,3567.7000,3583.5000,3549.2500,3565.4600,0
1993-07-28,3565.5000,3566.0200,3544.7800,3553.4500,0
1993-07-29,3553.5000,3579.7100,3551.4900,3567.4199,0
1993-07-30,3567.1001,3567.1399,3530.8101,3539.4700,0
1993-08-02,3539.5000,3562.6699,3536.9600,3560.9900,0
1993-08-03,3561.0000,3566.0200,3547.3000,3561.2700,0
1993-08-04,3561.3000,3562.1101,3548.9700,3552.0500,0
1993-08-05,3552.1001,3560.1499,3537.8000,3548.9700,0
1993-08-06,3549.0000,3566.0200,3548.6899,3560.4299,0
1993-08-09,3560.3999,3585.3000,3554.8401,3576.0801,0
1993-08-10,3576.1001,3579.4299,3564.6201,3572.7300,0
1993-08-11,3573.3000,3584.1799,3573.2900,3583.3501,0
1993-08-12,3583.3999,3595.0801,3552.3301,3569.0901,0
1993-08-13,3569.1001,3576.6399,3563.2300,3569.6499,0
1993-08-16,3569.7000,3591.7300,3564.3401,3579.1499,0
1993-08-17,3579.2000,3590.6101,3574.1201,3586.9800,0
1993-08-18,3587.0000,3617.7200,3586.9800,3604.8601,0
1993-08-19,3604.8999,3612.1299,3597.6001,3612.1299,0
1993-08-20,3612.1001,3615.4800,3595.3601,3615.4800,0
1993-08-23,3614.6001,3614.6399,3595.6399,3605.9800,0
1993-08-24,3606.0000,3639.2400,3604.5801,3638.9600,0
1993-08-25,3639.0000,3657.9600,3638.9600,3652.0901,0
1993-08-26,3652.1001,3663.8301,3640.9099,3648.1799,0
1993-08-27,3648.2000,3648.2000,3624.9800,3640.6299,0
1993-08-30,3640.6001,3655.1599,3637.8401,3643.9900,0
1993-08-31,3641.3000,3651.3000,3633.3701,3651.2500,0
1993-09-01,3651.3000,3655.7200,3638.1201,3645.1001,0
1993-09-02,3645.1001,3649.8501,3623.8701,3626.1001,0
1993-09-03,3626.1001,3638.3999,3616.6001,3633.9299,0
1993-09-07,3633.8999,3636.4399,3600.3899,3607.1001,0
1993-09-08,3607.1001,3608.7800,3573.5701,3588.9299,0
1993-09-09,3588.8999,3598.9900,3575.8000,3589.4900,0
1993-09-10,3589.5000,3622.4700,3588.3799,3621.6299,0
1993-09-13,3621.8999,3639.2400,3621.8999,3634.2100,0
1993-09-14,3634.2000,3634.2100,3606.8201,3615.7600,0
1993-09-15,3615.8000,3636.7200,3586.1399,3633.6499,0
1993-09-16,3633.7000,3633.7000,3617.4399,3630.8501,0
1993-09-17,3630.6001,3630.6001,3600.6699,3613.2500,0
1993-09-20,3613.3000,3621.3501,3575.5200,3575.8000,0
1993-09-21,3575.8000,3584.1799,3507.0601,3537.2400,0
1993-09-22,3537.2000,3557.0801,3529.1299,3547.0200,0
1993-09-23,3547.0000,3554.2800,3530.8101,3539.7500,0
1993-09-24,3539.8000,3548.4199,3528.5701,3543.1101,0
1993-09-27,3543.1001,3573.8401,3542.8301,3567.7000,0
1993-09-28,3567.7000,3571.3301,3559.8701,3566.0200,0
1993-09-29,3566.0000,3576.3601,3554.2800,3566.3000,0
1993-09-30,3566.3000,3567.7000,3547.8601,3555.1201,0
1993-10-01,3555.1001,3587.2600,3553.7200,3581.1101,0
1993-10-04,3581.1001,3584.4600,3566.8601,3577.7600,0
1993-10-05,3577.8000,3599.2700,3575.5200,3587.2600,0
1993-10-06,3587.3000,3605.9800,3584.1799,3598.9900,0
1993-10-07,3599.0000,3600.6699,3583.0701,3583.6299,0
1993-10-08,3583.6001,3597.0400,3557.3601,3584.7400,0
1993-10-11,3584.7000,3597.0400,3583.6299,3593.4099,0
1993-10-12,3593.3999,3602.6299,3588.6599,3593.1299,0
1993-10-13,3593.1001,3608.2200,3588.6599,3603.1899,0
1993-10-14,3603.2000,3637.5000,3598.4399,3621.6299,0
1993-10-15,3621.6001,3642.3101,3618.8401,3629.7300,0
1993-10-18,3629.7000,3646.5000,3620.2300,3642.3101,0
1993-10-19,3642.3000,3653.2100,3623.8701,3635.3201,0
1993-10-20,3635.3000,3645.1001,3629.4500,3645.1001,0
1993-10-21,3645.1001,3656.0000,3630.8501,3636.1599,0
1993-10-22,3637.3000,3676.9600,3637.2800,3649.3000,0
1993-10-25,3649.3000,3676.9600,3644.8201,3673.6101,0
1993-10-26,3673.6001,3674.7300,3654.0500,3672.4900,0
1993-10-27,3672.5000,3673.3301,3654.3301,3664.6599,0
1993-10-28,3664.7000,3708.8201,3664.6599,3687.8601,0
1993-10-29,3687.8999,3690.9299,3675.0000,3680.5901,0
1993-11-01,3680.6001,3695.1201,3674.4500,3692.6101,0
1993-11-02,3692.6001,3703.2300,3667.4600,3697.6399,0
1993-11-03,3697.6001,3700.4299,3644.5400,3661.8701,0
1993-11-04,3661.8999,3670.5300,3623.8701,3624.9800,0
1993-11-05,3625.0000,3644.5400,3600.6699,3643.4299,0
1993-11-08,3643.3999,3661.0300,3634.4800,3647.8999,0
1993-11-09,3647.8999,3669.9700,3640.0701,3640.0701,0
1993-11-10,3640.1001,3663.5500,3631.9700,3663.5500,0
1993-11-11,3663.6001,3679.7600,3658.5200,3662.4299,0
1993-11-12,3663.0000,3691.2100,3662.9900,3684.5000,0
1993-11-15,3684.5000,3687.8201,3669.9700,3677.5200,0
1993-11-16,3677.5000,3711.8899,3668.5801,3710.7700,0
1993-11-17,3710.8000,3717.7600,3684.5100,3704.3501,0
1993-11-18,3704.3501,3704.3501,3668.0200,3685.3401,0
1993-11-19,3685.3000,3694.0100,3657.1201,3694.0100,0
1993-11-22,3693.1699,3693.1699,3650.6899,3670.2500,0
1993-11-23,3670.3000,3684.5100,3663.5500,3674.1699,0
1993-11-24,3674.2000,3690.6499,3672.4900,3687.5801,0
1993-11-26,3687.6001,3697.9199,3675.5601,3683.9500,0
1993-11-29,3684.0000,3700.7100,3676.1201,3677.8000,0
1993-11-30,3677.8000,3698.7600,3673.6101,3683.9500,0
1993-12-01,3685.1001,3711.6101,3685.0601,3697.0801,0
1993-12-02,3697.1001,3707.7000,3690.6499,3702.1101,0
1993-12-03,3702.1001,3709.9399,3694.2900,3704.0701,0
1993-12-06,3704.1001,3721.1101,3702.1101,3710.2100,0
1993-12-07,3710.2000,3723.6299,3709.9399,3718.8799,0
1993-12-08,3718.8999,3735.0901,3716.0801,3734.5300,0
1993-12-09,3734.5000,3748.7800,3725.8601,3729.7800,0
1993-12-10,3729.8000,3741.2300,3723.9099,3740.6699,0
1993-12-13,3740.7000,3766.6599,3732.0100,3764.4299,0
1993-12-14,3764.3999,3770.0200,3741.5100,3742.6299,0
1993-12-15,3742.6001,3743.7500,3716.9199,3716.9199,0
1993-12-16,3716.8999,3734.8101,3713.8501,3726.1399,0
1993-12-17,3726.1001,3751.5701,3723.3501,3751.5701,0
1993-12-20,3751.6001,3760.5200,3742.6299,3755.2100,0
1993-12-21,3755.2000,3756.0400,3736.7600,3745.1499,0
1993-12-22,3745.2000,3762.7500,3744.8701,3762.1899,0
1993-12-23,3762.2000,3774.2100,3757.4399,3757.7200,0
1993-12-27,3757.7000,3792.9299,3755.7600,3792.9299,0
1993-12-28,3792.8999,3796.5601,3779.8000,3793.7700,0
1993-12-29,3793.8000,3799.9199,3782.0300,3794.3301,0
1993-12-30,3794.3000,3794.8899,3769.7400,3775.8799,0
1993-12-31,3775.8999,3792.0901,3754.0901,3754.0901,0
1994-01-03,3754.1001,3764.9900,3745.4299,3756.6001,0
1994-01-04,3756.6001,3783.8999,3742.8101,3783.8999,0
1994-01-05,3783.8999,3798.8201,3771.8000,3798.8201,0
1994-01-06,3798.8000,3813.1699,3798.2500,3803.8799,0
1994-01-07,3803.8999,3826.3899,3799.1001,3820.7700,0
1994-01-10,3820.8000,3865.5100,3813.4500,3865.5100,0
1994-01-11,3864.9500,3864.9500,3845.8101,3850.3101,0
1994-01-12,3850.3000,3858.4800,3824.9900,3848.6299,0
1994-01-13,3848.3000,3848.3401,3829.2100,3842.4299,0
1994-01-14,3842.3999,3873.6699,3841.8701,3867.2000,0
1994-01-17,3867.2000,3878.4600,3856.2200,3870.2900,0
1994-01-18,3870.3000,3882.1101,3863.8201,3870.2900,0
1994-01-19,3870.3000,3885.4900,3864.3799,3884.3701,0
1994-01-20,3884.3999,3893.0901,3877.3301,3891.9600,0
1994-01-21,3892.0000,3914.4800,3884.6499,3914.4800,0
1994-01-24,3914.5000,3934.4600,3902.6599,3912.7900,0
1994-01-25,3912.8000,3920.9500,3887.1799,3895.3401,0
1994-01-26,3895.3000,3911.1001,3887.1799,3908.0000,0
1994-01-27,3908.0000,3930.5200,3901.2500,3926.3000,0
1994-01-28,3926.3000,3953.3101,3926.0100,3945.4299,0
1994-01-31,3945.4299,3985.9600,3945.4299,3978.3601,0
1994-02-01,3978.3999,3982.0200,3957.2500,3964.0100,0
1994-02-02,3964.0000,3976.9500,3956.6899,3975.5400,0
1994-02-03,3975.5000,3975.5400,3948.5300,3967.6599,0
1994-02-04,3967.7000,3968.5100,3870.0100,3871.4199,0
1994-02-07,3871.3999,3910.2600,3859.0400,3906.3201,0
1994-02-08,3906.3000,3918.7000,3892.5300,3906.0300,0
1994-02-09,3906.0000,3936.9900,3904.9099,3931.9199,0
1994-02-10,3931.8999,3938.3999,3893.9299,3895.3401,0
1994-02-11,3895.3000,3908.8999,3867.2000,3894.7800,0
1994-02-14,3894.8000,3923.2000,3880.1399,3904.0601,0
1994-02-15,3904.1001,3930.8000,3904.1001,3928.2700,0
1994-02-16,3928.3000,3949.6499,3927.1399,3937.2700,0
1994-02-17,3937.3000,3958.1001,3906.6001,3922.6399,0
1994-02-18,3922.6001,3923.2000,3880.1399,3887.4600,0
1994-02-22,3887.5000,3911.6599,3885.7700,3911.6599,0
1994-02-23,3911.7000,3914.4800,3882.6799,3891.6799,0
1994-02-24,3890.8000,3890.8401,3837.3701,3839.8999,0
1994-02-25,3839.8999,3855.3799,3826.3899,3838.7800,0
1994-02-28,3838.8000,3852.2800,3632.0200,3832.0200,0
1994-03-01,3832.0000,3835.6799,3786.1499,3809.2300,0
1994-03-02,3809.2000,3832.3000,3755.7600,3831.7400,0
1994-03-03,3831.7000,3832.5801,3808.6599,3824.4199,0
1994-03-04,3824.3999,3847.2200,3815.1399,3832.3000,0
1994-03-07,3832.3000,3861.8501,3832.0200,3856.2200,0
1994-03-08,3856.2000,3859.8799,3840.4600,3851.7200,0
1994-03-09,3851.7000,3856.5100,3829.7700,3853.4099,0
1994-03-10,3853.3999,3856.5100,3814.8601,3830.6201,0
1994-03-11,3830.6001,3862.7000,3815.4199,3862.7000,0
1994-03-14,3862.7000,3871.4199,3855.9399,3862.9800,0
1994-03-15,3863.0000,3872.0500,3839.2200,3849.5901,0
1994-03-16,3849.6001,3866.2900,3836.6299,3848.1499,0
1994-03-17,3848.2000,3865.1399,3842.9700,3865.1399,0
1994-03-18,3865.1001,3895.6499,3848.1499,3895.6499,0
1994-03-21,3895.7000,3895.9399,3857.9399,3864.8501,0
1994-03-22,3864.8999,3879.5300,3861.3899,3862.5500,0
1994-03-23,3862.6001,3881.5500,3857.0801,3869.4600,0
1994-03-24,3869.4600,3869.4600,3803.2400,3821.0901,0
1994-03-25,3821.1001,3826.8501,3774.7300,3774.7300,0
1994-03-28,3774.7000,3779.0500,3728.3799,3762.3501,0
1994-03-29,3762.3999,3762.9299,3697.8601,3699.0200,0
1994-03-30,3699.0000,3699.0200,3626.7500,3626.7500,0
1994-03-31,3626.8000,3650.6499,3559.0901,3635.9600,0
1994-04-04,3634.5000,3634.5200,3552.4700,3593.3501,0
1994-04-05,3593.9299,3680.3000,3593.9299,3675.4099,0
1994-04-06,3675.3999,3695.8501,3655.8301,3679.7300,0
1994-04-07,3679.7000,3697.2900,3657.8401,3693.2600,0
1994-04-08,3693.3000,3701.0300,3655.2500,3674.2600,0
1994-04-11,3674.3000,3701.0200,3670.6899,3688.8301,0
1994-04-12,3688.8000,3704.0000,3673.9600,3681.6899,0
1994-04-13,3681.7000,3685.8601,3631.1299,3661.4700,0
1994-04-14,3661.5000,3674.5500,3640.3501,3663.2500,0
1994-04-15,3663.3000,3679.3101,3655.8101,3661.4700,0
1994-04-18,3661.5000,3668.0100,3613.5801,3620.4199,0
1994-04-19,3620.3999,3642.1299,3582.9399,3619.8201,0
1994-04-20,3619.8000,3646.0000,3570.1499,3598.7100,0
1994-04-21,3599.3000,3652.8401,3599.3000,3652.5400,0
1994-04-22,3652.5000,3664.1399,3640.6399,3648.6799,0
1994-04-25,3648.7000,3706.0801,3648.6799,3705.7800,0
1994-04-26,3705.8000,3710.8401,3692.9900,3699.5400,0
1994-04-28,3699.5000,3704.8899,3657.3000,3668.3101,0
1994-04-29,3668.3000,3689.7200,3659.3799,3681.6899,0
1994-05-02,3681.7000,3713.8101,3665.0300,3701.0200,0
1994-05-03,3701.0000,3714.4099,3683.4800,3714.4099,0
1994-05-04,3714.3999,3715.6001,3684.9600,3697.7500,0
1994-05-05,3697.8000,3712.3301,3691.5100,3695.9700,0
1994-05-06,3695.6699,3695.6699,3641.5400,3669.5000,0
1994-05-09,3669.5000,3669.7900,3625.1799,3629.0400,0
1994-05-10,3629.3401,3666.5200,3629.3401,3656.4099,0
1994-05-11,3656.3999,3661.7600,3623.1001,3629.0400,0
1994-05-12,3629.6399,3664.1399,3629.6399,3652.8401,0
1994-05-13,3652.8000,3665.0300,3637.3701,3659.6799,0
1994-05-16,3659.7000,3676.1001,3647.5500,3671.5000,0
1994-05-17,3671.5000,3720.6101,3667.5100,3720.6101,0
1994-05-18,3720.6001,3741.1799,3700.6599,3732.8899,0
1994-05-19,3732.8999,3763.2800,3723.6799,3758.9800,0
1994-05-20,3759.0000,3768.8000,3740.8701,3766.3501,0
1994-05-23,3765.7000,3765.7300,3727.0601,3742.4099,0
1994-05-24,3742.3999,3766.3501,3729.2100,3745.1699,0
1994-05-25,3745.2000,3755.3000,3721.2300,3755.3000,0
1994-05-26,3755.3000,3772.7900,3742.7100,3753.4600,0
1994-05-27,3753.5000,3757.1399,3739.0300,3757.1399,0
1994-05-31,3757.1001,3767.2900,3742.0601,3758.3701,0
1994-06-01,3758.3999,3768.5200,3732.2100,3760.8301,0
1994-06-02,3760.8000,3770.3601,3753.7500,3758.9900,0
1994-06-03,3759.0000,3775.6001,3742.6699,3772.2200,0
1994-06-06,3772.2000,3793.4399,3768.2100,3768.5200,0
1994-06-07,3768.5000,3773.1299,3752.2100,3755.9099,0
1994-06-08,3755.8999,3767.2900,3730.9800,3749.4500,0
1994-06-09,3749.5000,3755.2900,3740.5200,3753.1399,0
1994-06-10,3753.1001,3779.6001,3751.9099,3773.4500,0
1994-06-13,3773.5000,3787.2400,3759.9700,3783.1201,0
1994-06-14,3783.4299,3816.4099,3783.4299,3814.8301,0
1994-06-15,3814.8000,3823.3899,3783.7500,3790.4099,0
1994-06-16,3790.3999,3811.3401,3785.3401,3811.3401,0
1994-06-17,3811.3000,3812.6101,3775.5100,3776.7800,0
1994-06-20,3776.1001,3776.1399,3729.8501,3741.8999,0
1994-06-21,3741.5801,3741.5801,3686.4099,3707.9700,0
1994-06-22,3708.0000,3733.3401,3707.9700,3724.7700,0
1994-06-23,3724.8000,3741.2600,3694.0200,3699.0901,0
1994-06-24,3698.7700,3698.7700,3629.0200,3636.9399,0
1994-06-27,3636.8999,3687.7700,3610.3999,3685.5000,0
1994-06-28,3685.5000,3694.2500,3639.5300,3669.6399,0
1994-06-29,3669.6001,3700.0701,3661.5500,3667.0500,0
1994-06-30,3667.1001,3675.7900,3622.7000,3624.9600,0
1994-07-01,3625.0000,3650.5400,3623.0200,3646.6499,0
1994-07-05,3646.6001,3667.7000,3636.2900,3652.4800,0
1994-07-06,3652.5000,3682.9099,3643.0901,3674.5000,0
1994-07-07,3674.5000,3694.2500,3668.9900,3688.4199,0
1994-07-08,3688.3999,3709.4600,3674.1699,3709.1399,0
1994-07-11,3709.1001,3718.2000,3680.3201,3702.9900,0
1994-07-12,3703.0000,3706.8701,3672.2300,3702.6599,0
1994-07-13,3702.7000,3722.0901,3696.1899,3704.2800,0
1994-07-14,3705.8999,3748.6299,3705.8999,3739.2500,0
1994-07-15,3739.3000,3753.8101,3731.1499,3753.8101,0
1994-07-18,3753.8000,3761.2600,3739.2500,3755.4299,0
1994-07-19,3755.3999,3762.5601,3748.3101,3748.3101,0
1994-07-20,3748.3000,3753.4900,3720.4099,3727.2700,0
1994-07-21,3727.3000,3744.1001,3714.6399,3732.4500,0
1994-07-22,3732.3999,3742.4800,3724.6799,3735.0400,0
1994-07-25,3735.0000,3744.1001,3731.8000,3741.8401,0
1994-07-26,3741.8401,3743.7800,3727.5901,3735.6799,0
1994-07-27,3735.7000,3736.6599,3714.9600,3720.4700,0
1994-07-28,3720.5000,3757.0500,3717.5500,3730.8301,0
1994-07-29,3730.8301,3770.0000,3730.8301,3764.5000,0
1994-08-01,3764.5000,3798.8101,3760.9399,3798.1699,0
1994-08-02,3798.2000,3811.4399,3791.3701,3796.2200,0
1994-08-03,3796.2000,3796.5500,3780.6799,3792.6599,0
1994-08-04,3792.0000,3792.0200,3765.7900,3765.7900,0
1994-08-05,3765.7900,3765.7900,3742.1599,3747.0200,0
1994-08-08,3747.0200,3761.9099,3747.0200,3753.8101,0
1994-08-09,3753.8000,3758.6699,3743.7800,3755.7600,0
1994-08-10,3756.1001,3777.4500,3756.0801,3766.7600,0
1994-08-11,3766.8000,3773.5601,3736.3301,3750.8999,0
1994-08-12,3750.8999,3774.2100,3750.2500,3768.7100,0
1994-08-15,3768.7000,3781.3301,3759.9700,3760.2900,0
1994-08-16,3760.3000,3788.1299,3740.5400,3784.5701,0
1994-08-17,3784.6001,3795.2500,3772.9099,3776.4800,0
1994-08-18,3776.4800,3776.4800,3749.2800,3755.4299,0
1994-08-19,3755.3999,3762.2300,3741.5100,3755.1101,0
1994-08-22,3755.1001,3755.1101,3737.6299,3751.2200,0
1994-08-23,3751.2000,3791.3701,3750.8999,3775.8301,0
1994-08-24,3775.8301,3846.7300,3775.8301,3846.7300,0
1994-08-25,3846.7000,3856.1201,3827.9500,3829.8899,0
1994-08-26,3829.8999,3893.6699,3829.8899,3881.0500,0
1994-08-29,3881.3999,3911.1499,3881.3701,3898.8501,0
1994-08-30,3898.8999,3920.8701,3888.4900,3917.3000,0
1994-08-31,3917.3000,3939.3201,3906.9500,3913.4199,0
1994-09-01,3913.1001,3913.1001,3887.5200,3901.4399,0
1994-09-02,3901.3999,3919.8899,3880.3999,3885.5801,0
1994-09-06,3885.6001,3898.7000,3877.1699,3898.7000,0
1994-09-07,3898.7000,3903.4099,3881.5400,3886.2500,0
1994-09-08,3886.3000,3911.1499,3882.8899,3908.4600,0
1994-09-09,3907.7800,3907.7800,3858.3301,3874.8101,0
1994-09-12,3874.8000,3880.5300,3859.0000,3860.3401,0
1994-09-13,3861.0200,3992.6399,3861.0200,3879.8601,0
1994-09-14,3879.8999,3900.7200,3869.0901,3895.3301,0
1994-09-15,3895.3000,3953.8799,3894.3301,3953.8799,0
1994-09-16,3953.5000,3953.5400,3912.8301,3933.3501,0
1994-09-19,3933.3999,3953.2000,3928.3101,3936.7200,0
1994-09-20,3936.3799,3936.3799,3869.0901,3869.0901,0
1994-09-21,3869.1001,3876.1599,3821.6499,3851.6001,0
1994-09-22,3851.6001,3864.7200,3832.7600,3837.1299,0
1994-09-23,3837.1001,3851.2600,3820.3101,3831.7500,0
1994-09-26,3831.8000,3849.9099,3826.3601,3849.2400,0
1994-09-27,3849.2000,3871.7800,3844.8701,3863.0400,0
1994-09-28,3863.0400,3890.9600,3863.0400,3878.1799,0
1994-09-29,3878.1799,3878.1799,3847.8999,3854.6299,0
1994-09-30,3854.6001,3875.8201,3838.8101,3843.1899,0
1994-10-03,3843.2000,3852.2700,3826.3601,3846.8899,0
1994-10-04,3846.8999,3858.3301,3794.0701,3801.1299,0
1994-10-05,3801.1001,3802.1399,3747.9700,3787.3401,0
1994-10-06,3787.3000,3795.0701,3768.1599,3775.5601,0
1994-10-07,3775.6001,3802.8101,3769.1699,3797.4299,0
1994-10-10,3798.1001,3825.3501,3798.1001,3821.3201,0
1994-10-11,3821.3201,3882.5500,3821.3201,3876.8301,0
1994-10-12,3876.8000,3887.2600,3862.0300,3875.1499,0
1994-10-13,3876.8301,3927.6299,3876.8301,3889.9500,0
1994-10-14,3889.8999,3912.1599,3878.5100,3910.4700,0
1994-10-17,3910.5000,3934.0300,3901.0500,3923.9299,0
1994-10-18,3923.8999,3927.9700,3903.7500,3917.5400,0
1994-10-19,3917.5000,3949.8401,3901.0500,3936.0400,0
1994-10-20,3936.0000,3942.1001,3894.6599,3911.1499,0
1994-10-21,3911.1001,3911.1499,3883.8999,3891.3000,0
1994-10-24,3891.3000,3911.4800,3853.6201,3855.3000,0
1994-10-25,3855.3000,3863.0400,3832.4199,3850.5901,0
1994-10-26,3850.6001,3870.1001,3837.4700,3848.2300,0
1994-10-27,3848.9099,3875.1499,3848.9099,3875.1499,0
1994-10-28,3875.1001,3931.6699,3873.4700,3930.6599,0
1994-10-31,3930.7000,3937.0500,3907.7800,3908.1201,0
1994-11-01,3907.7800,3907.7800,3858.3301,3863.3701,0
1994-11-02,3863.3999,3875.1499,3837.1299,3837.1299,0
1994-11-03,3837.1001,3853.6201,3833.4299,3845.8799,0
1994-11-04,3845.8999,3865.0500,3807.5200,3807.5200,0
1994-11-07,3807.5000,3819.3000,3798.1001,3808.8701,0
1994-11-08,3808.8999,3846.5500,3808.8701,3830.7400,0
1994-11-09,3810.6001,3868.8000,3810.5500,3831.7500,0
1994-11-10,3831.8000,3858.6599,3814.9199,3821.9900,0
1994-11-11,3821.6499,3821.6499,3795.4099,3801.4700,0
1994-11-14,3801.5000,3833.4299,3800.4600,3829.7300,0
1994-11-15,3829.7000,3856.3101,3807.8601,3826.3601,0
1994-11-16,3826.3999,3845.5400,3820.3101,3845.2000,0
1994-11-17,3845.2000,3849.5801,3808.5300,3828.0500,0
1994-11-18,3828.0500,3828.0500,3784.9800,3815.2600,0
1994-11-21,3815.3000,3833.4299,3763.4500,3769.5100,0
1994-11-22,3769.5000,3770.1799,3677.9900,3677.9900,0
1994-11-23,3678.0000,3685.7300,3638.6299,3674.6299,0
1994-11-25,3674.6001,3713.3201,3673.9600,3708.2700,0
1994-11-28,3708.3000,3741.9199,3707.9399,3739.5601,0
1994-11-29,3739.6001,3742.9299,3717.6899,3738.5500,0
1994-11-30,3738.6001,3763.1101,3731.1499,3739.2300,0
1994-12-01,3739.2000,3743.2600,3690.4399,3700.8701,0
1994-12-02,3700.8999,3745.9500,3690.4399,3745.6201,0
1994-12-05,3745.6001,3762.7800,3727.1101,3741.9199,0
1994-12-06,3741.8999,3749.3201,3716.0100,3745.9500,0
1994-12-07,3744.8999,3744.9399,3718.0300,3735.5200,0
1994-12-08,3735.5000,3742.9299,3677.6599,3685.7300,0
1994-12-09,3685.7000,3691.1101,3655.1101,3691.1101,0
1994-12-12,3691.1001,3718.3701,3682.0300,3718.3701,0
1994-12-13,3718.3999,3727.4500,3710.2900,3715.3401,0
1994-12-14,3715.3000,3758.7400,3713.6599,3746.2900,0
1994-12-15,3746.3000,3775.8999,3743.6001,3765.4700,0
1994-12-16,3765.8000,3807.1899,3765.8000,3807.1899,0
1994-12-19,3806.8501,3806.8501,3780.9399,3790.7000,0
1994-12-20,3790.7000,3791.0400,3767.1499,3767.1499,0
1994-12-21,3768.2000,3817.9500,3768.1599,3801.8000,0
1994-12-22,3801.8000,3829.0601,3800.7900,3814.9199,0
1994-12-23,3814.8999,3846.8899,3812.5701,3833.4299,0
1994-12-27,3833.8000,3866.3999,3833.7700,3861.6899,0
1994-12-28,3861.7000,3862.3601,3826.0300,3839.4900,0
1994-12-29,3839.5000,3847.8999,3832.4199,3833.4299,0
1994-12-30,3833.3999,3850.5901,3833.0901,3834.4399,0
1995-01-03,3834.3999,3845.2000,3827.7100,3838.4800,0
1995-01-04,3838.5000,3857.9900,3831.0701,3857.6499,0
1995-01-05,3857.6001,3860.6799,3843.1899,3850.9199,0
1995-01-06,3850.8999,3887.2600,3841.8401,3867.4099,0
1995-01-09,3867.3999,3874.4800,3853.2800,3861.3501,0
1995-01-10,3861.3999,3898.7000,3861.3501,3866.7400,0
1995-01-11,3866.7000,3882.8899,3840.1599,3862.0300,0
1995-01-12,3862.0000,3864.0500,3851.2600,3859.0000,0
1995-01-13,3859.0000,3910.1399,3859.0000,3908.4600,0
1995-01-16,3908.5000,3936.7200,3907.4500,3932.3401,0
1995-01-17,3932.3000,3934.7000,3916.1899,3930.6599,0
1995-01-18,3930.7000,3931.3301,3906.1001,3928.9800,0
1995-01-19,3928.3000,3928.3101,3878.5100,3882.2100,0
1995-01-20,3882.2000,3882.5500,3847.2200,3869.4299,0
1995-01-23,3869.3999,3871.1101,3838.4800,3867.4099,0
1995-01-24,3867.3999,3876.4900,3862.3601,3862.7000,0
1995-01-25,3862.7000,3891.3000,3845.8799,3871.4500,0
1995-01-26,3871.3999,3879.5200,3853.2800,3870.4399,0
1995-01-27,3870.3999,3887.2600,3848.2300,3857.9900,0
1995-01-30,3858.0000,3859.0000,3817.2600,3832.0801,0
1995-01-31,3832.1001,3851.9299,3828.0500,3843.8601,0
1995-02-01,3843.8999,3868.0801,3831.4099,3847.5601,0
1995-02-02,3847.6001,3871.1101,3843.8601,3870.7700,0
1995-02-03,3872.1201,3944.4600,3872.1201,3928.6399,0
1995-02-06,3928.6001,3948.8301,3920.5701,3937.7300,0
1995-02-07,3937.7000,3942.1001,3924.9399,3937.3899,0
1995-02-08,3937.3999,3953.5400,3930.6599,3935.3701,0
1995-02-09,3935.3999,3948.8301,3928.3101,3932.6799,0
1995-02-10,3932.7000,3945.1299,3923.9299,3939.0701,0
1995-02-13,3939.1001,3956.8999,3935.0300,3954.2100,0
1995-02-14,3954.2000,3965.6499,3949.5000,3958.2500,0
1995-02-15,3958.3000,3997.9500,3953.2000,3986.1699,0
1995-02-16,3986.2000,3987.5200,3964.3101,3987.5200,0
1995-02-17,3969.6899,3969.6899,3952.5300,3953.5400,0
1995-02-21,3953.5000,3969.6899,3952.5300,3963.9700,0
1995-02-22,3964.0000,3986.8501,3962.2900,3973.0500,0
1995-02-23,3973.7300,4020.4900,3973.7300,4003.3301,0
1995-02-24,4003.3000,4013.0901,3990.8799,4011.7400,0
1995-02-27,4011.7000,4021.2300,3974.7400,3988.5701,0
1995-02-28,3988.6001,4011.0500,3978.8899,4011.0500,0
1995-03-01,4011.1001,4014.5100,3985.1101,3994.8000,0
1995-03-02,3994.8000,3995.4900,3959.1799,3979.9299,0
1995-03-03,3979.8999,3989.6101,3959.1799,3989.6101,0
1995-03-06,3989.6001,4001.0200,3955.3701,3997.5601,0
1995-03-07,3997.6001,3997.9099,3945.6899,3962.6299,0
1995-03-08,3962.6001,3985.4600,3956.0601,3979.2300,0
1995-03-09,3979.2000,3993.7600,3971.2800,3983.3899,0
1995-03-10,3984.1001,4048.3999,3984.0801,4035.6101,0
1995-03-13,4035.6001,4042.5200,4019.7000,4025.2300,0
1995-03-14,4025.6001,4060.5100,4025.5801,4048.7500,0
1995-03-15,4048.8000,4054.6299,4029.0400,4038.3701,0
1995-03-16,4038.3999,4075.3799,4038.0300,4069.1499,0
1995-03-17,4069.2000,4080.2200,4058.7800,4073.6499,0
1995-03-20,4073.7000,4088.8701,4071.5701,4083.6799,0
1995-03-21,4083.7000,4109.2700,4061.8899,4072.6101,0
1995-03-22,4072.6001,4082.9900,4060.5100,4082.9900,0
1995-03-23,4083.0000,4094.7500,4068.1201,4087.8301,0
1995-03-24,4087.8000,4139.3599,4087.1399,4138.6699,0
1995-03-27,4138.7002,4157.3398,4132.1001,4157.3398,0
1995-03-28,4156.6499,4156.6499,4137.6299,4151.8101,0
1995-03-29,4151.7998,4198.8398,4139.7002,4160.7998,0
1995-03-30,4160.7998,4183.2798,4153.8799,4172.5601,0
1995-03-31,4172.2002,4172.2100,4111.6899,4157.6899,0
1995-04-03,4157.7002,4172.5601,4155.9600,4168.4102,0
1995-04-04,4168.4102,4201.6099,4168.4102,4201.6099,0
1995-04-05,4201.6001,4210.6001,4188.1201,4200.5698,0
1995-04-06,4200.6001,4224.0898,4197.9600,4205.4102,0
1995-04-07,4205.3999,4211.2900,4169.4502,4192.6201,0
1995-04-10,4192.6001,4203.6899,4180.8599,4198.1499,0
1995-04-11,4198.2002,4216.8301,4182.9302,4187.0801,0
1995-04-12,4187.1001,4201.9600,4182.2402,4197.8101,0
1995-04-13,4197.7998,4221.3198,4195.7300,4208.1802,0
1995-04-17,4208.2002,4237.2300,4189.5098,4195.3799,0
1995-04-18,4195.3999,4205.0698,4169.1001,4179.1299,0
1995-04-19,4179.1001,4210.9502,4156.6499,4207.4902,0
1995-04-20,4207.5000,4244.8398,4203.6899,4230.6602,0
1995-04-21,4231.3999,4270.4302,4231.3501,4270.0898,0
1995-04-24,4270.1001,4310.8999,4255.9102,4303.9800,0
1995-04-25,4304.0000,4315.3901,4294.6401,4300.1699,0
1995-04-26,4300.2002,4307.7798,4283.2300,4299.8301,0
1995-04-27,4299.7998,4316.0801,4289.1099,4314.7002,0
1995-04-28,4314.7002,4328.5298,4282.8799,4321.2700,0
1995-05-01,4321.2998,4327.1499,4301.5601,4316.0801,0
1995-05-02,4316.1001,4331.6499,4306.3999,4328.8799,0
1995-05-03,4328.8999,4375.5698,4327.8398,4373.1499,0
1995-05-04,4373.1001,4410.5000,4347.2100,4359.6602,0
1995-05-05,4359.7002,4371.7598,4327.5000,4343.3999,0
1995-05-08,4343.3999,4395.6299,4335.1001,4383.8701,0
1995-05-09,4383.8999,4403.9302,4374.8799,4390.7798,0
1995-05-10,4390.7998,4407.0400,4375.2202,4404.6201,0
1995-05-11,4404.6001,4420.8701,4390.4399,4411.1899,0
1995-05-12,4411.2002,4435.0498,4393.5498,4430.5601,0
1995-05-15,4430.6001,4446.1201,4417.7598,4437.4702,0
1995-05-16,4437.5000,4443.3501,4429.5200,4435.0498,0
1995-05-17,4435.0000,4436.0898,4403.2300,4422.6001,0
1995-05-18,4422.2598,4422.2598,4340.6401,4340.6401,0
1995-05-19,4340.6001,4345.4800,4311.2402,4341.3301,0
1995-05-22,4341.3301,4403.9302,4341.3301,4395.6299,0
1995-05-23,4395.6001,4436.7798,4393.2100,4436.4399,0
1995-05-24,4436.3999,4458.5698,4404.6201,4438.1602,0
1995-05-25,4438.1602,4438.1602,4388.7100,4412.2300,0
1995-05-26,4412.2002,4412.5698,4355.1602,4369.0000,0
1995-05-30,4377.0000,4390.0898,4352.3999,4378.6802,0
1995-05-31,4378.7002,4465.1401,4367.6099,4465.1401,0
1995-06-01,4465.1001,4478.6299,4437.4702,4472.7500,0
1995-06-02,4472.7998,4488.6602,4430.5601,4444.3901,0
1995-06-05,4444.3999,4493.8398,4439.5498,4476.5498,0
1995-06-06,4476.6001,4493.5000,4470.3301,4485.2002,0
1995-06-07,4484.5000,4484.5098,4448.8901,4462.0298,0
1995-06-08,4462.0000,4468.9399,4452.6899,4458.5698,0
1995-06-09,4458.2002,4458.2300,4406.6899,4423.9902,0
1995-06-12,4424.0000,4465.8301,4423.9902,4446.4600,0
1995-06-13,4447.2002,4491.7700,4447.1602,4484.5098,0
1995-06-14,4484.5000,4492.8101,4463.7598,4491.0801,0
1995-06-15,4491.1001,4510.4502,4482.0898,4496.2700,0
1995-06-16,4496.6099,4517.0200,4496.6099,4510.7900,0
1995-06-19,4510.7998,4557.1299,4509.0601,4553.6802,0
1995-06-20,4553.7002,4554.3701,4535.0000,4550.5601,0
1995-06-21,4550.6001,4559.2100,4541.9199,4547.1001,0
1995-06-22,4547.7998,4589.6401,4547.7998,4589.6401,0
1995-06-23,4589.6001,4589.6401,4572.0000,4585.8398,0
1995-06-26,4585.7998,4593.1001,4549.5298,4551.2500,0
1995-06-27,4551.2998,4574.0801,4535.6899,4542.6099,0
1995-06-28,4542.6001,4574.0801,4528.4302,4556.7900,0
1995-06-29,4556.7998,4577.8799,4521.8599,4550.5601,0
1995-06-30,4550.6001,4581.0000,4544.3398,4556.1001,0
1995-07-03,4556.1001,4585.1499,4551.2500,4585.1499,0
1995-07-05,4585.1001,4630.1099,4583.7598,4615.2300,0
1995-07-06,4615.2002,4664.6899,4607.2798,4664.0000,0
1995-07-07,4664.0000,4704.8101,4653.6201,4702.7300,0
1995-07-10,4702.7002,4728.3198,4692.7002,4702.3901,0
1995-07-11,4702.3999,4704.1201,4670.5698,4680.6001,0
1995-07-12,4680.6001,4733.8599,4671.2598,4727.2900,0
1995-07-13,4727.2998,4735.5801,4706.3501,4727.4800,0
1995-07-14,4726.0801,4726.0801,4687.6899,4708.8198,0
1995-07-17,4708.7998,4747.2100,4704.5898,4736.2900,0
1995-07-18,4735.8999,4735.9399,4678.1802,4686.2798,0
1995-07-19,4686.2998,4688.0400,4552.0898,4628.8701,0
1995-07-20,4628.8999,4650.3501,4607.7402,4641.5498,0
1995-07-21,4641.6001,4651.0601,4611.6099,4641.5498,0
1995-07-24,4641.5000,4679.2300,4640.4902,4668.6699,0
1995-07-25,4668.7002,4719.0298,4668.6699,4714.4502,0
1995-07-26,4714.5000,4725.3701,4691.5601,4707.0601,0
1995-07-27,4707.4102,4741.9199,4707.4102,4732.7700,0
1995-07-28,4732.7998,4738.0498,4705.2998,4715.5098,0
1995-07-31,4715.5000,4726.7798,4687.3301,4708.4702,0
1995-08-01,4708.5000,4709.5200,4666.9102,4700.3701,0
1995-08-02,4700.3999,4754.9600,4682.3999,4690.1499,0
1995-08-03,4690.1001,4701.4199,4649.2998,4701.4199,0
1995-08-04,4701.3999,4709.5200,4682.0498,4683.4600,0
1995-08-07,4683.5000,4702.8301,4683.4600,4693.3198,0
1995-08-08,4693.2998,4702.1299,4667.9600,4693.3198,0
1995-08-09,4693.2998,4696.8398,4666.5498,4671.4902,0
1995-08-10,4671.5000,4683.8101,4633.1001,4643.6602,0
1995-08-11,4647.5000,4647.8901,4597.1699,4618.2998,0
1995-08-14,4615.7998,4660.2202,4615.1299,4659.8599,0
1995-08-15,4652.5000,4661.2700,4614.0801,4640.8398,0
1995-08-16,4634.2002,4643.6602,4627.4600,4639.0801,0
1995-08-17,4628.5000,4638.3799,4606.6802,4630.6299,0
1995-08-18,4640.5000,4647.1802,4612.3198,4617.6001,0
1995-08-21,4628.2002,4656.3398,4614.0801,4614.7798,0
1995-08-22,4618.2998,4623.5898,4595.7598,4620.4199,0
1995-08-23,4618.0000,4624.2900,4584.4902,4584.8501,0
1995-08-24,4592.2002,4595.7598,4573.2202,4580.6201,0
1995-08-25,4584.8999,4614.4302,4579.9199,4601.3999,0
1995-08-28,4611.6001,4620.7700,4580.2700,4594.0000,0
1995-08-29,4591.2002,4609.8501,4570.8501,4608.4399,0
1995-08-30,4615.5000,4621.4702,4601.0498,4604.6001,0
1995-08-31,4605.2998,4615.8398,4599.9902,4610.5601,0
1995-09-01,4610.2002,4648.9502,4607.0298,4647.5400,0
1995-09-05,4660.2002,4679.2300,4645.7798,4670.0801,0
1995-09-06,4675.7002,4694.3799,4669.7202,4683.8101,0
1995-09-07,4685.2002,4688.0400,4663.7402,4669.7202,0
1995-09-08,4683.1001,4701.4199,4664.4399,4700.7202,0
1995-09-11,4703.5000,4723.6099,4698.9600,4704.9399,0
1995-09-12,4718.7002,4747.2100,4704.2402,4747.2100,0
1995-09-13,4741.2002,4771.1602,4732.7700,4765.5200,0
1995-09-14,4765.5000,4801.7998,4759.8901,4801.7998,0
1995-09-15,4801.7998,4815.1802,4784.5400,4797.5698,0
1995-09-18,4795.6001,4795.7598,4755.8398,4780.4102,0
1995-09-19,4780.7998,4781.1299,4730.5498,4767.0400,0
1995-09-20,4766.2998,4796.3101,4763.0698,4792.6899,0
1995-09-21,4788.7002,4794.1401,4742.8398,4767.3999,0
1995-09-22,4767.7998,4773.1802,4728.3901,4764.1499,0
1995-09-25,4766.2998,4769.9302,4744.6401,4769.9302,0
1995-09-26,4770.2998,4798.1099,4755.1201,4765.6001,0
1995-09-27,4763.1001,4790.1602,4692.9800,4762.3501,0
1995-09-28,4763.1001,4787.6401,4758.3701,4787.6401,0
1995-09-29,4787.6001,4816.5400,4781.8599,4789.0801,0
1995-10-02,4789.7998,4789.7998,4761.2598,4761.2598,0
1995-10-03,4763.1001,4767.3999,4716.1001,4749.7002,0
1995-10-04,4749.2998,4749.7002,4726.9399,4740.6699,0
1995-10-05,4740.0000,4762.7100,4735.2500,4762.7100,0
1995-10-06,4762.3999,4783.6602,4749.7002,4769.2100,0
1995-10-09,4767.0000,4768.1299,4711.7700,4726.2202,0
1995-10-10,4721.5000,4726.5801,4659.7402,4720.7998,0
1995-10-11,4719.0000,4738.8599,4711.4102,4735.2500,0
1995-10-12,4737.7998,4764.8799,4735.2500,4764.8799,0
1995-10-13,4765.6001,4816.8999,4765.6001,4793.7798,0
1995-10-16,4794.1001,4796.6699,4722.8198,4784.3799,0
1995-10-17,4784.7998,4798.1099,4771.3799,4795.9502,0
1995-10-18,4794.5000,4810.7598,4771.0200,4777.5200,0
1995-10-19,4779.0000,4802.4502,4770.2900,4802.4502,0
1995-10-20,4802.5000,4815.8198,4786.9102,4794.8599,0
1995-10-23,4795.2002,4795.2202,4746.8101,4755.4800,0
1995-10-24,4758.0000,4788.7202,4755.8398,4783.6602,0
1995-10-25,4784.3999,4800.2798,4733.8101,4753.6802,0
1995-10-26,4754.3999,4755.4800,4667.6899,4703.8198,0
1995-10-27,4703.7998,4742.4800,4676.0000,4741.7500,0
1995-10-30,4742.8398,4765.6001,4742.8398,4756.5698,0
1995-10-31,4756.8999,4801.0000,4755.4800,4755.4800,0
1995-11-01,4753.7002,4770.2900,4744.6401,4766.6802,0
1995-11-02,4767.0000,4808.5898,4766.3198,4808.5898,0
1995-11-03,4805.7002,4825.9302,4802.8101,4825.5698,0
1995-11-06,4825.6001,4832.4302,4810.0298,4814.0098,0
1995-11-07,4814.7002,4888.7100,4788.7202,4797.0298,0
1995-11-08,4795.8999,4852.6699,4794.8599,4852.6699,0
1995-11-09,4851.2002,4876.8701,4840.7402,4864.2300,0
1995-11-10,4864.2002,4873.6201,4840.0200,4870.3701,0
1995-11-13,4867.7998,4886.6299,4847.6099,4872.8999,0
1995-11-14,4870.3999,4890.2402,4861.3398,4871.8101,0
1995-11-15,4867.5000,4922.7500,4860.6099,4922.7500,0
1995-11-16,4922.3999,4969.3599,4920.5898,4969.3599,0
1995-11-17,4969.7002,4996.8101,4958.5200,4989.9502,0
1995-11-20,4990.2998,5003.6802,4976.2202,4983.0898,0
1995-11-21,4980.6001,5024.6299,4976.5801,5023.5498,0
1995-11-22,5022.7998,5067.6201,5018.4902,5041.6099,0
1995-11-24,5042.0000,5057.5098,5041.6099,5048.8398,0
1995-11-27,5048.8398,5090.0200,5048.8398,5070.8799,0
1995-11-28,5070.5000,5078.1001,5032.9399,5078.1001,0
1995-11-29,5077.0000,5105.5601,5075.9302,5105.5601,0
1995-11-30,5107.0000,5118.9302,5074.4902,5074.4902,0
1995-12-01,5075.6001,5107.3701,5073.4102,5087.1299,0
1995-12-04,5086.3999,5139.5200,5074.1299,5139.5200,0
1995-12-05,5138.3999,5191.5400,5134.8198,5177.4502,0
1995-12-06,5176.0000,5209.2500,5168.7798,5199.1299,0
1995-12-07,5199.1001,5199.1299,5148.1899,5159.3901,0
1995-12-08,5159.3999,5175.6499,5137.7100,5156.8599,0
1995-12-11,5156.1001,5194.4302,5145.6602,5184.3198,0
1995-12-12,5183.2002,5188.2900,5169.1401,5174.9199,0
1995-12-13,5171.7002,5219.3599,5166.6099,5216.4702,0
1995-12-14,5217.2002,5235.6201,5172.3901,5182.1499,0
1995-12-15,5185.3999,5188.6499,5163.0000,5176.7300,0
1995-12-18,5174.2002,5176.3701,5069.7900,5075.2100,0
1995-12-19,5075.6001,5114.5898,5051.7300,5109.8901,0
1995-12-20,5110.2998,5140.2402,5059.3198,5059.3198,0
1995-12-21,5057.5098,5099.4199,5057.5098,5096.5298,0
1995-12-22,5096.2002,5126.8701,5092.9102,5097.9702,0
1995-12-26,5098.0000,5117.1201,5097.9702,5110.2598,0
1995-12-27,5106.6001,5126.5098,5098.3301,5105.9199,0
1995-12-28,5106.2798,5106.2798,5088.2202,5095.7998,0
1995-12-29,5096.5000,5117.1201,5087.8599,5117.1201,0
1996-01-02,5115.7002,5184.6802,5098.3301,5177.4502,0
1996-01-03,5177.1001,5207.0801,5176.3701,5194.0698,0
1996-01-04,5191.2002,5227.3101,5139.8799,5173.8398,0
1996-01-05,5173.1001,5181.7900,5133.3799,5181.4302,0
1996-01-08,5181.1001,5207.0801,5179.9800,5197.7002,0
1996-01-09,5197.7002,5213.5801,5116.0400,5130.1299,0
1996-01-10,5127.2002,5127.6001,5014.5200,5032.9399,0
1996-01-11,5033.7002,5066.1802,5020.2998,5065.1001,0
1996-01-12,5065.7998,5090.0200,5022.8301,5061.1201,0
1996-01-15,5060.3999,5078.8198,5036.9199,5043.7798,0
1996-01-16,5044.1001,5088.5801,5018.8501,5088.2202,0
1996-01-17,5086.3999,5097.9702,5052.0898,5066.8999,0
1996-01-18,5065.8198,5125.0698,5065.8198,5124.3501,0
1996-01-19,5124.7002,5194.0698,5111.7002,5184.6802,0
1996-01-22,5184.0000,5219.3599,5175.6499,5219.3599,0
1996-01-23,5219.7002,5219.7202,5177.8101,5192.2700,0
1996-01-24,5193.7100,5260.5498,5193.7100,5242.8398,0
1996-01-25,5244.2998,5249.7100,5209.2500,5216.8301,0
1996-01-26,5214.2998,5276.4399,5205.9902,5271.7500,0
1996-01-29,5271.3999,5306.0698,5271.3901,5304.9800,0
1996-01-30,5306.1001,5381.5698,5304.6201,5381.2100,0
1996-01-31,5378.7002,5408.6699,5350.1401,5395.2998,0
1996-02-01,5394.8999,5405.0601,5370.3701,5405.0601,0
1996-02-02,5402.8999,5410.8398,5357.0098,5373.9902,0
1996-02-05,5373.2998,5407.9502,5348.3398,5407.5898,0
1996-02-06,5407.6001,5460.3301,5397.1099,5459.6099,0
1996-02-07,5458.2002,5492.4902,5452.0200,5492.1201,0
1996-02-08,5488.5000,5542.7002,5471.5298,5539.4502,0
1996-02-09,5539.5000,5584.9702,5513.4399,5541.6201,0
1996-02-12,5541.2998,5616.3999,5541.2598,5600.1499,0
1996-02-13,5593.6001,5627.9600,5562.5698,5601.2300,0
1996-02-14,5599.1001,5610.6201,5553.8999,5579.5498,0
1996-02-15,5578.1001,5595.8101,5547.0400,5551.3701,0
1996-02-16,5552.1001,5552.1001,5499.3501,5503.3198,0
1996-02-20,5502.2002,5502.2402,5433.2402,5458.5298,0
1996-02-21,5454.8999,5520.6699,5454.1899,5515.9702,0
1996-02-22,5516.3301,5613.8799,5516.3301,5608.4600,0
1996-02-23,5608.5000,5659.3999,5560.4102,5630.4902,0
1996-02-26,5629.1001,5629.7700,5559.6802,5565.1001,0
1996-02-27,5564.0000,5564.0200,5509.1001,5549.2100,0
1996-02-28,5547.7998,5593.2798,5495.7402,5506.2100,0
1996-02-29,5506.2002,5530.7798,5461.7798,5485.6201,0
1996-03-01,5488.2002,5537.2798,5436.1299,5536.5601,0
1996-03-04,5535.1201,5629.0498,5535.1201,5600.1499,0
1996-03-05,5600.8999,5642.4199,5577.0200,5642.4199,0
1996-03-06,5643.5000,5666.9800,5624.3501,5629.7700,0
1996-03-07,5630.0000,5641.6899,5599.7900,5641.6899,0
1996-03-08,5636.6001,5636.6401,5424.2002,5470.4502,0
1996-03-11,5470.7998,5583.1699,5444.0801,5581.0000,0
1996-03-12,5580.6001,5584.2500,5485.2598,5583.8901,0
1996-03-13,5581.7002,5595.4502,5548.8501,5568.7202,0
1996-03-14,5569.1001,5629.7700,5569.0801,5586.0601,0
1996-03-15,5586.3999,5590.0298,5550.6499,5584.9702,0
1996-03-18,5585.7002,5683.6001,5585.7002,5683.6001,0
1996-03-19,5683.6001,5709.9702,5652.5298,5669.5098,0
1996-03-20,5668.7998,5683.9600,5616.3999,5655.4199,0
1996-03-21,5652.2002,5668.7900,5613.8799,5626.8799,0
1996-03-22,5628.2998,5649.2798,5620.3799,5636.6401,0
1996-03-25,5638.3999,5678.5400,5619.6602,5643.8599,0
1996-03-26,5642.7998,5678.5400,5623.6299,5670.6001,0
1996-03-27,5670.6001,5680.7100,5608.4600,5626.8799,0
1996-03-28,5624.7002,5636.2700,5591.4800,5630.8501,0
1996-03-29,5633.3999,5645.3101,5576.6602,5587.1401,0
1996-04-01,5588.6001,5640.2500,5587.5000,5637.7202,0
1996-04-02,5637.3999,5671.6802,5623.2700,5671.6802,0
1996-04-03,5671.7002,5689.7402,5641.6899,5689.7402,0
1996-04-04,5689.7002,5697.6899,5671.3198,5682.8799,0
1996-04-08,5679.9902,5679.9902,5542.3398,5594.3701,0
1996-04-09,5595.1001,5618.9302,5549.9302,5560.4102,0
1996-04-10,5559.2998,5567.9902,5472.9800,5485.9800,0
1996-04-11,5488.5000,5512.3599,5415.5298,5487.0698,0
1996-04-12,5487.3999,5536.2002,5480.2002,5532.5898,0
1996-04-15,5535.7998,5592.9199,5534.7598,5592.9199,0
1996-04-16,5593.6001,5627.9600,5577.3901,5620.0200,0
1996-04-17,5618.6001,5620.7402,5527.8901,5549.9302,0
1996-04-18,5547.7998,5564.3799,5522.8301,5551.7402,0
1996-04-19,5551.3999,5572.3301,5518.8599,5535.4800,0
1996-04-22,5536.2002,5588.2202,5536.2002,5564.7402,0
1996-04-23,5565.1001,5598.3398,5562.2100,5588.5898,0
1996-04-24,5590.3999,5599.0601,5530.7798,5553.8999,0
1996-04-25,5554.2998,5582.8101,5508.3799,5566.9102,0
1996-04-26,5566.8999,5590.3901,5546.3198,5567.9902,0
1996-04-29,5567.6001,5589.6699,5552.8198,5573.4102,0
1996-04-30,5574.1001,5579.9199,5547.0400,5569.0801,0
1996-05-01,5567.6001,5594.7002,5547.7998,5575.2202,0
1996-05-02,5574.5000,5574.5000,5475.5098,5498.2700,0
1996-05-03,5495.3999,5527.1699,5458.1602,5478.0298,0
1996-05-06,5479.5000,5500.0698,5423.1201,5464.3101,0
1996-05-07,5464.7002,5468.2798,5414.4502,5420.9502,0
1996-05-08,5417.2998,5475.8701,5342.2002,5474.0601,0
1996-05-09,5470.7998,5504.0498,5460.6899,5475.1401,0
1996-05-10,5476.6001,5533.6699,5476.2300,5518.1401,0
1996-05-13,5516.5000,5587.7700,5516.4702,5582.6001,0
1996-05-14,5577.4199,5633.5698,5577.4199,5624.7100,0
1996-05-15,5622.8999,5673.1001,5619.5298,5625.4399,0
1996-05-16,5622.1001,5654.2598,5607.3398,5635.0498,0
1996-05-17,5635.7998,5698.5801,5635.4199,5687.5000,0
1996-05-20,5688.2002,5750.2998,5671.9902,5748.8198,0
1996-05-21,5749.8999,5759.1602,5731.4600,5736.2598,0
1996-05-22,5730.2998,5782.4399,5715.2100,5778.0000,0
1996-05-23,5778.0000,5796.1001,5728.5000,5762.1201,0
1996-05-24,5761.7002,5789.0801,5745.1299,5762.8599,0
1996-05-28,5762.1001,5783.9102,5697.8501,5709.6699,0
1996-05-29,5709.7002,5717.0498,5645.3901,5673.8301,0
1996-05-30,5671.6001,5715.5801,5644.2798,5693.4102,0
1996-05-31,5693.0000,5698.5801,5636.8999,5643.1802,0
1996-06-03,5643.8999,5643.9102,5606.2402,5624.7100,0
1996-06-04,5625.8101,5671.9902,5625.8101,5665.7100,0
1996-06-05,5665.7002,5699.3198,5656.8398,5697.4800,0
1996-06-06,5696.0000,5723.3301,5665.3398,5667.1899,0
1996-06-07,5665.0000,5697.1099,5580.3799,5697.1099,0
1996-06-10,5697.1001,5703.0200,5663.8599,5687.8701,0
1996-06-11,5687.8999,5728.8701,5657.5801,5668.6602,0
1996-06-12,5667.6001,5705.2300,5662.0098,5668.2900,0
1996-06-13,5668.2998,5683.4399,5639.8501,5657.9502,0
1996-06-14,5658.2998,5664.9702,5630.9902,5649.4502,0
1996-06-17,5650.2002,5677.8999,5637.2700,5652.7798,0
1996-06-18,5652.7998,5663.4902,5622.8599,5628.0298,0
1996-06-19,5629.1001,5674.5698,5627.6602,5648.3501,0
1996-06-20,5645.0000,5680.4800,5632.8301,5659.4302,0
1996-06-21,5660.2002,5705.2300,5660.1699,5705.2300,0
1996-06-24,5704.5000,5742.5400,5704.4902,5717.7900,0
1996-06-25,5717.7998,5729.9800,5698.9502,5719.2700,0
1996-06-26,5717.7998,5720.7500,5673.8301,5682.7002,0
1996-06-27,5682.7002,5683.0698,5646.5000,5677.5298,0
1996-06-28,5677.5000,5704.8599,5652.0400,5654.6299,0
1996-07-01,5654.6001,5729.9800,5653.8901,5729.9800,0
1996-07-02,5729.6001,5733.3101,5695.6299,5720.3799,0
1996-07-03,5720.0000,5720.7500,5682.7002,5703.0200,0
1996-07-05,5700.3999,5702.2798,5581.4902,5588.1401,0
1996-07-08,5586.2998,5598.8501,5538.6401,5550.8301,0
1996-07-09,5552.2998,5596.6299,5550.8301,5581.8599,0
1996-07-10,5582.6001,5604.3901,5533.4702,5603.6499,0
1996-07-11,5603.6499,5603.6499,5469.9302,5520.5400,0
1996-07-12,5520.8999,5543.0698,5471.4102,5510.5601,0
1996-07-15,5509.7998,5509.8301,5318.7700,5349.5098,0
1996-07-16,5349.5000,5402.0400,5182.3198,5358.7598,0
1996-07-17,5357.2998,5430.1499,5357.2798,5376.8799,0
1996-07-18,5376.8999,5473.0601,5368.7402,5464.1802,0
1996-07-19,5464.2002,5469.3599,5408.6899,5426.8198,0
1996-07-22,5426.5000,5426.8198,5369.4902,5390.9399,0
1996-07-23,5392.7998,5434.2202,5330.6499,5346.5498,0
1996-07-24,5346.6001,5379.1001,5270.3501,5354.6899,0
1996-07-25,5355.7998,5431.2598,5355.0601,5422.0098,0
1996-07-26,5422.7998,5474.5400,5422.0098,5473.0601,0
1996-07-29,5473.1001,5473.4302,5434.5898,5434.5898,0
1996-07-30,5435.7002,5481.9302,5421.6401,5481.9302,0
1996-07-31,5479.3999,5536.3101,5473.7998,5528.9102,0
1996-08-01,5528.8999,5607.3301,5524.1001,5594.7500,0
1996-08-02,5595.8999,5679.8301,5592.5400,5679.8301,0
1996-08-05,5680.2002,5696.4800,5661.3398,5674.2798,0
1996-08-06,5674.2998,5700.9199,5648.0200,5696.1099,0
1996-08-07,5695.7002,5719.4102,5679.8301,5718.6699,0
1996-08-08,5716.4502,5716.4502,5685.7500,5713.4902,0
1996-08-09,5709.7998,5729.0298,5667.6299,5681.3101,0
1996-08-12,5681.2998,5706.1001,5648.0200,5704.9800,0
1996-08-13,5696.5000,5699.4399,5635.4399,5647.2798,0
1996-08-14,5645.3999,5668.0000,5630.2700,5666.8999,0
1996-08-15,5666.5000,5679.0898,5649.8701,5665.7798,0
1996-08-16,5666.5200,5698.7002,5666.5200,5689.4502,0
1996-08-19,5689.7998,5704.9902,5686.4902,5699.4399,0
1996-08-20,5699.3999,5723.8501,5692.7798,5721.2598,0
1996-08-21,5717.8999,5717.9302,5672.7998,5689.8198,0
1996-08-22,5689.7998,5733.4702,5684.2700,5733.4702,0
1996-08-23,5733.7998,5739.0200,5700.9199,5722.7402,0
1996-08-26,5723.5000,5733.4702,5675.3901,5693.8901,0
1996-08-27,5696.1001,5712.0098,5690.9302,5711.2700,0
1996-08-28,5710.2002,5727.1802,5702.3999,5712.3799,0
1996-08-29,5710.8999,5710.8999,5625.8301,5647.6499,0
1996-08-30,5646.5000,5647.2798,5588.4702,5616.2100,0
1996-09-03,5611.7998,5650.9800,5561.4600,5648.3901,0
1996-09-04,5646.8999,5659.8599,5631.0098,5656.8999,0
1996-09-05,5655.7998,5656.5298,5601.4102,5606.9600,0
1996-09-06,5607.0000,5681.3101,5605.8501,5659.8599,0
1996-09-09,5660.2300,5735.6899,5660.2300,5733.8398,0
1996-09-10,5732.3999,5741.6099,5709.4199,5727.1802,0
1996-09-11,5726.3999,5767.5000,5713.4902,5754.9199,0
1996-09-12,5752.7002,5794.1299,5751.5898,5771.9399,0
1996-09-13,5773.1001,5855.1699,5773.0498,5838.5200,0
1996-09-16,5837.7998,5905.4702,5837.4102,5889.2002,0
1996-09-17,5889.6001,5897.7002,5849.6201,5888.8301,0
1996-09-18,5889.2002,5890.6802,5864.4102,5877.3599,0
1996-09-19,5875.1001,5881.4302,5847.3999,5867.7402,0
1996-09-20,5868.1001,5897.3301,5864.7798,5888.4600,0
1996-09-23,5887.7002,5896.5898,5835.1899,5894.7402,0
1996-09-24,5894.3999,5929.8901,5852.5801,5874.0298,0
1996-09-25,5874.3999,5895.1099,5855.5298,5877.3599,0
1996-09-26,5877.3999,5903.9902,5851.4702,5868.8501,0
1996-09-27,5870.0000,5876.6201,5845.1802,5872.9199,0
1996-09-30,5873.2998,5907.3198,5872.5498,5882.1699,0
1996-10-01,5878.3999,5910.8701,5861.6699,5904.8999,0
1996-10-02,5906.3999,5939.9302,5906.3901,5933.9702,0
1996-10-03,5933.2002,5942.1699,5917.2002,5932.8501,0
1996-10-04,5934.7002,5995.4702,5932.8501,5992.8599,0
1996-10-07,5992.8999,6002.1699,5970.5000,5979.8101,0
1996-10-08,5979.3999,6010.3701,5959.3101,5966.7700,0
1996-10-09,5964.2002,5974.9702,5915.3398,5930.6201,0
1996-10-10,5930.9902,5930.9902,5904.8999,5921.6699,0
1996-10-11,5923.5000,5973.1001,5922.4199,5969.3799,0
1996-10-14,5970.1201,6020.8101,5970.1201,6010.0000,0
1996-10-15,6010.3999,6044.2900,5970.5000,6004.7798,0
1996-10-16,6004.0000,6021.1802,5969.3799,6020.8101,0
1996-10-17,6021.2002,6065.8999,6020.0601,6059.2002,0
1996-10-18,6059.2002,6095.3501,6040.1899,6094.2300,0
1996-10-21,6093.8999,6133.7300,6059.9399,6090.8701,0
1996-10-22,6090.1001,6091.2500,6037.5801,6061.7998,0
1996-10-23,6059.8999,6060.3101,5992.8599,6036.4600,0
1996-10-24,6036.1001,6039.0698,5988.3799,5992.4800,0
1996-10-25,5990.2998,6020.4399,5981.6802,6007.0200,0
1996-10-28,6007.0000,6043.1699,5972.3599,5972.7300,0
1996-10-29,5974.2002,6032.7300,5959.6899,6007.0200,0
1996-10-30,6009.2998,6028.6401,5990.9902,5993.2300,0
1996-10-31,5992.8999,6041.3101,5990.6201,6029.3799,0
1996-11-01,6027.1001,6057.7002,5998.8198,6021.9302,0
1996-11-04,6023.3999,6049.5098,6011.4902,6041.6802,0
1996-11-05,6042.7998,6093.4800,6042.4199,6081.1802,0
1996-11-06,6079.7002,6178.4600,6074.1001,6177.7100,0
1996-11-07,6174.3999,6222.8101,6149.7598,6206.0400,0
1996-11-08,6206.0000,6222.0601,6181.0698,6219.8198,0
1996-11-11,6220.6001,6262.3101,6220.5698,6255.6001,0
1996-11-12,6251.5000,6278.7100,6236.2202,6266.0400,0
1996-11-13,6262.2998,6285.0498,6243.6802,6274.2402,0
1996-11-14,6272.7998,6314.1201,6254.1099,6313.0000,0
1996-11-15,6312.6201,6377.8501,6312.6201,6348.0298,0
1996-11-18,6348.7998,6376.3501,6324.1802,6346.9102,0
1996-11-19,6347.2998,6397.9702,6347.2798,6397.6001,0
1996-11-20,6392.3999,6447.1699,6389.7700,6430.0200,0
1996-11-21,6430.0000,6438.9702,6393.5000,6418.4702,0
1996-11-22,6418.5000,6471.7598,6418.4702,6471.7598,0
1996-11-25,6471.7998,6548.1602,6464.3101,6547.7900,0
1996-11-26,6546.7002,6589.5298,6497.1099,6528.4102,0
1996-11-27,6526.6001,6538.8501,6491.1401,6499.3398,0
1996-11-29,6500.5000,6532.1401,6499.3398,6521.7002,0
1996-12-02,6520.6001,6523.9399,6472.8799,6521.7002,0
1996-12-03,6521.0000,6554.5000,6438.2202,6442.6899,0
1996-12-04,6442.0000,6443.0698,6367.4102,6422.9399,0
1996-12-05,6421.7998,6452.0098,6402.0698,6437.1001,0
1996-12-06,6432.6001,6433.3799,6291.7500,6381.9399,0
1996-12-09,6383.4399,6467.2900,6383.4399,6463.9399,0
1996-12-10,6464.7002,6512.3901,6463.9399,6473.2500,0
1996-12-11,6471.7002,6472.8701,6343.3101,6402.5200,0
1996-12-12,6399.1001,6436.7300,6302.1802,6303.7100,0
1996-12-13,6304.5000,6344.4702,6251.0498,6304.8701,0
1996-12-16,6305.2998,6355.6099,6253.3501,6268.3501,0
1996-12-17,6268.0000,6324.8599,6236.0498,6308.3301,0
1996-12-18,6308.7002,6356.7700,6308.3301,6346.7700,0
1996-12-19,6343.7002,6479.0200,6343.7002,6473.6401,0
1996-12-20,6479.3999,6548.9902,6479.0200,6484.3999,0
1996-12-23,6481.7002,6508.6201,6450.1899,6489.0200,0
1996-12-24,6490.2002,6523.6201,6486.3301,6522.8501,0
1996-12-26,6523.6001,6563.2100,6522.0801,6546.6802,0
1996-12-27,6543.6001,6576.2798,6537.4600,6560.9102,0
1996-12-30,6561.2998,6587.0498,6540.5298,6549.3701,0
1996-12-31,6550.8999,6553.6001,6448.2700,6448.2700,0
1997-01-02,6447.5000,6468.6602,6352.8301,6442.4902,0
1997-01-03,6443.7002,6545.6299,6443.6499,6544.0898,0
1997-01-06,6546.0000,6619.1299,6531.0000,6567.1802,0
1997-01-07,6567.6001,6603.3501,6512.5298,6600.6602,0
1997-01-08,6600.2998,6627.9800,6536.7798,6549.4800,0
1997-01-09,6547.8999,6657.2300,6544.8599,6625.6699,0
1997-01-10,6623.7998,6708.0298,6557.9399,6703.7900,0
1997-01-13,6706.1001,6734.2002,6669.5400,6709.1802,0
1997-01-14,6709.2002,6788.8398,6707.6401,6762.2900,0
1997-01-15,6760.3999,6762.2900,6704.1802,6726.8799,0
1997-01-16,6725.3999,6781.5298,6715.7202,6765.3701,0
1997-01-17,6764.6001,6835.7900,6764.6001,6833.1001,0
1997-01-20,6836.2002,6855.7998,6808.0801,6843.8701,0
1997-01-21,6843.8999,6894.2900,6800.0000,6883.8999,0
1997-01-22,6882.3999,6888.1299,6808.0801,6850.0298,0
1997-01-23,6850.7998,6906.6001,6742.2798,6755.7500,0
1997-01-24,6756.5000,6759.9800,6662.2300,6696.4800,0
1997-01-27,6696.5000,6708.7998,6635.6802,6660.6899,0
1997-01-28,6663.3999,6761.1401,6622.9800,6656.0801,0
1997-01-29,6657.2300,6740.7402,6657.2300,6740.7402,0
1997-01-30,6740.7402,6823.8599,6740.7402,6823.8599,0
1997-01-31,6824.6001,6873.8901,6808.0801,6813.0898,0
1997-02-03,6810.7998,6819.2402,6766.9102,6806.1602,0
1997-02-04,6804.2002,6833.4800,6767.6802,6833.4800,0
1997-02-05,6833.1001,6875.4302,6710.7202,6746.8999,0
1997-02-06,6743.1001,6773.0601,6713.7998,6773.0601,0
1997-02-07,6775.0000,6868.5000,6762.6699,6855.7998,0
1997-02-10,6856.2002,6876.5801,6798.4600,6806.5400,0
1997-02-11,6806.6001,6860.8101,6783.4600,6858.1099,0
1997-02-12,6855.3999,6961.6299,6854.6499,6961.6299,0
1997-02-13,6962.0000,7040.9102,6960.4800,7022.4399,0
1997-02-14,7024.0000,7024.7500,6983.9502,6988.9600,0
1997-02-18,6994.0000,7067.4600,6977.4102,7067.4600,0
1997-02-19,7062.7998,7073.6201,7010.8901,7020.1299,0
1997-02-20,7015.1001,7017.8198,6905.8301,6927.3799,0
1997-02-21,6927.7998,6950.8599,6906.2202,6931.6201,0
1997-02-24,6931.6001,7013.5801,6905.4502,7008.2002,0
1997-02-25,7009.0000,7046.6802,6972.7900,7037.8301,0
1997-02-26,7037.1001,7045.5298,6915.4502,6983.1802,0
1997-02-27,6982.3999,6989.3398,6920.4600,6925.0698,0
1997-02-28,6923.5000,6923.9199,6868.1201,6877.7402,0
1997-03-03,6874.2998,6918.9199,6828.1001,6918.9199,0
1997-03-04,6918.5000,6942.7798,6845.4102,6852.7202,0
1997-03-05,6852.0000,6945.8501,6851.1899,6945.8501,0
1997-03-06,6947.7998,6987.7998,6937.0000,6944.7002,0
1997-03-07,6944.7002,7018.5898,6944.7002,7000.8901,0
1997-03-10,7001.7002,7079.3901,6993.1899,7079.3901,0
1997-03-11,7079.3999,7112.1001,7063.6099,7085.1602,0
1997-03-12,7084.3999,7088.2402,7010.8901,7039.3701,0
1997-03-13,7034.3701,7034.3701,6874.6602,6878.8901,0
1997-03-14,6878.5098,6956.6299,6878.5098,6935.4600,0
1997-03-17,6934.2998,6969.4502,6854.2700,6955.4800,0
1997-03-18,6954.3999,6970.5898,6854.6401,6896.5601,0
1997-03-19,6896.2002,6913.9399,6826.3198,6877.6802,0
1997-03-20,6872.3999,6879.5698,6798.3701,6820.2798,0
1997-03-21,6819.8999,6851.6201,6790.0601,6804.7900,0
1997-03-24,6805.2002,6906.0098,6783.6401,6905.2500,0
1997-03-25,6909.0000,6952.4600,6867.8599,6876.1699,0
1997-03-26,6874.2998,6915.0698,6846.3301,6880.7002,0
1997-03-27,6880.0000,6891.2798,6663.9199,6740.5898,0
1997-03-31,6739.7998,6739.8301,6561.2002,6583.4800,0
1997-04-01,6583.5000,6621.6201,6522.6699,6611.0498,0
1997-04-02,6609.8999,6610.2900,6499.6401,6517.0000,0
1997-04-03,6516.2998,6517.3901,6421.4600,6477.3999,0
1997-04-04,6477.3999,6527.2100,6404.8398,6526.1001,0
1997-04-07,6528.7002,6589.1401,6527.2100,6555.8999,0
1997-04-08,6556.7002,6609.5400,6520.0298,6609.2002,0
1997-04-09,6610.2998,6639.0000,6546.0898,6563.7998,0
1997-04-10,6563.7998,6593.2998,6535.1401,6540.0498,0
1997-04-11,6537.7002,6537.7002,6387.0000,6391.7002,0
1997-04-14,6392.1001,6455.1099,6356.7798,6451.8999,0
1997-04-15,6452.7002,6587.1602,6452.7002,6587.1602,0
1997-04-16,6583.1001,6679.8701,6558.6602,6679.8701,0
1997-04-17,6677.8999,6713.5898,6648.1699,6658.6001,0
1997-04-18,6657.7998,6711.9800,6657.3999,6703.3501,0
1997-04-21,6705.2002,6721.2100,6616.8599,6660.2002,0
1997-04-22,6659.7998,6834.3999,6657.3999,6833.6001,0
1997-04-23,6835.2002,6850.0498,6799.0801,6812.7002,0
1997-04-24,6813.5000,6890.5898,6777.3999,6792.2998,0
1997-04-25,6791.1001,6792.2500,6726.0298,6738.8999,0
1997-04-28,6736.5000,6788.6401,6701.1499,6783.0000,0
1997-04-29,6783.8301,6970.8599,6783.8301,6962.0000,0
1997-04-30,6957.6001,7057.5498,6935.5400,7009.0000,0
1997-05-01,7008.9902,7008.9902,6913.4702,6976.5000,0
1997-05-02,6978.1001,7077.6201,6976.8799,7071.2002,0
1997-05-05,7070.0000,7215.2900,7056.3501,7213.6802,0
1997-05-06,7215.7002,7269.4702,7187.1899,7225.2998,0
1997-05-07,7225.2998,7225.3198,7075.6201,7085.6499,0
1997-05-08,7085.7002,7215.2900,7056.7500,7136.6001,0
1997-05-09,7135.7998,7196.0200,7094.4800,7169.5000,0
1997-05-12,7169.1201,7296.4600,7169.1201,7292.7998,0
1997-05-13,7288.6001,7315.8301,7241.6499,7274.2002,0
1997-05-14,7272.6001,7351.6802,7263.0801,7286.2002,0
1997-05-15,7285.2998,7336.4302,7254.0098,7333.5000,0
1997-05-16,7328.6001,7329.0098,7190.5498,7194.7002,0
1997-05-19,7194.2998,7243.2998,7172.4199,7228.8999,0
1997-05-20,7228.1001,7313.3501,7152.6401,7303.5000,0
1997-05-21,7299.7998,7352.9102,7239.1802,7290.7002,0
1997-05-22,7290.7002,7310.0601,7242.4702,7258.1001,0
1997-05-23,7260.6001,7362.7998,7259.7798,7345.8999,0
1997-05-27,7342.2002,7394.9502,7302.2300,7383.3999,0
1997-05-28,7380.7998,7391.1401,7308.7202,7357.2002,0
1997-05-29,7351.7002,7368.8101,7306.5698,7330.2002,0
1997-05-30,7327.6001,7371.3901,7241.7598,7331.0000,0
1997-06-02,7331.0000,7354.2202,7279.9600,7289.3999,0
1997-06-03,7287.2998,7342.2002,7253.7798,7312.1001,0
1997-06-04,7312.1499,7312.1499,7258.9302,7269.7002,0
1997-06-05,7269.7002,7351.6499,7267.9399,7305.2998,0
1997-06-06,7305.7002,7445.2202,7304.8599,7435.7998,0
1997-06-09,7442.3999,7511.5298,7437.9800,7478.5000,0
1997-06-10,7479.7998,7572.2998,7478.0601,7539.2700,0
1997-06-11,7538.3999,7584.1899,7534.4302,7575.7998,0
1997-06-12,7574.1001,7712.7900,7573.6201,7711.5000,0
1997-06-13,7713.7002,7799.6802,7712.3701,7782.0000,0
1997-06-16,7781.1001,7795.1602,7753.0898,7772.1001,0
1997-06-17,7771.2002,7810.0801,7703.7798,7760.7998,0
1997-06-18,7759.8701,7759.8701,7697.8999,7718.7002,0
1997-06-19,7716.4399,7810.5400,7716.4399,7777.1001,0
1997-06-20,7778.8999,7834.0601,7777.0601,7796.5000,0
1997-06-23,7797.8701,7797.8701,7602.4502,7604.2998,0
1997-06-24,7607.7002,7764.6201,7607.6499,7758.0601,0
1997-06-25,7758.1001,7812.1201,7629.1401,7690.0000,0
1997-06-26,7688.8999,7730.2402,7594.0801,7654.2998,0
1997-06-27,7653.7998,7770.7300,7653.7900,7687.7002,0
1997-06-30,7688.6001,7727.2998,7612.1699,7672.7998,0
1997-07-01,7678.0000,7748.3398,7667.3599,7722.2998,0
1997-07-02,7721.7002,7795.3799,7697.4502,7795.3799,0
1997-07-03,7797.0000,7896.2598,7796.9702,7895.7998,0
1997-07-07,7896.5000,7951.4502,7828.1802,7858.5000,0
1997-07-08,7858.0000,7962.3101,7857.1299,7962.2998,0
1997-07-09,7961.3999,7991.2598,7794.9302,7842.3999,0
1997-07-10,7852.7998,7913.2202,7809.6299,7886.7998,0
1997-07-11,7887.2100,7955.2900,7887.2100,7921.7998,0
1997-07-14,7920.3999,7950.6201,7860.0400,7923.0000,0
1997-07-15,7926.0000,7983.1401,7879.0801,7975.7002,0
1997-07-16,7973.2002,8069.7700,7953.4102,8038.8999,0
1997-07-17,8037.0000,8068.3799,7990.7998,8020.7998,0
1997-07-18,8020.5000,8036.1001,7875.3599,7890.5000,0
1997-07-21,7890.8999,7919.9600,7840.0601,7906.7002,0
1997-07-22,7906.0200,8068.6099,7906.0200,8061.6001,0
1997-07-23,8063.2998,8147.8198,8058.1602,8088.3599,0
1997-07-24,8089.2998,8132.9502,7993.8198,8116.8999,0
1997-07-25,8116.2002,8157.1099,8080.4600,8113.3999,0
1997-07-28,8113.3999,8178.0098,8108.3301,8121.1001,0
1997-07-29,8121.1001,8176.6201,8092.0698,8174.5000,0
1997-07-30,8175.0000,8274.1699,8172.8999,8254.9004,0
1997-07-31,8257.0000,8282.7695,8207.2803,8222.5996,0
1997-08-01,8222.7998,8247.6904,8103.4502,8194.0000,0
1997-08-04,8191.0000,8215.8701,8134.1099,8198.5000,0
1997-08-05,8198.2002,8209.1396,8162.4502,8187.5000,0
1997-08-06,8186.7998,8274.8701,8155.9502,8259.2998,0
1997-08-07,8258.7998,8299.4902,8181.0298,8188.0000,0
1997-08-08,8182.2002,8184.0498,7876.3999,8031.2002,0
1997-08-11,8030.7998,8076.5098,7964.5601,8062.1001,0
1997-08-12,8066.5000,8095.5601,7948.9902,7960.7998,0
1997-08-13,7963.3999,8040.5098,7879.0801,7928.2998,0
1997-08-14,7928.7998,7997.7700,7864.9102,7942.0000,0
1997-08-15,7937.3799,7937.3799,7694.6602,7694.7002,0
1997-08-18,7701.6001,7803.3599,7618.4702,7803.3599,0
1997-08-19,7802.8999,7918.7998,7802.8999,7918.1001,0
1997-08-20,7915.1001,8021.2300,7893.7100,8021.2002,0
1997-08-21,8021.7002,8023.0898,7847.4902,7894.0000,0
1997-08-22,7893.7002,7893.7100,7716.4902,7887.8999,0
1997-08-25,7888.7998,7944.1201,7833.0898,7859.6001,0
1997-08-26,7859.2998,7860.7300,7770.6099,7782.2002,0
1997-08-27,7774.2998,7809.1699,7697.6802,7787.2998,0
1997-08-28,7784.2998,7812.4199,7658.1899,7694.3999,0
1997-08-29,7694.0000,7710.4502,7606.8599,7622.3999,0
1997-09-02,7631.7002,7880.2402,7624.0498,7879.7998,0
1997-09-03,7875.7998,7944.3501,7866.5400,7894.6001,0
1997-09-04,7894.6001,7899.9902,7817.9902,7867.2002,0
1997-09-05,7867.2002,7942.2598,7785.9399,7822.3999,0
1997-09-08,7821.7100,7881.1699,7821.7100,7835.2002,0
1997-09-09,7835.0000,7899.0601,7797.7900,7851.8999,0
1997-09-10,7847.7002,7847.7202,7712.5400,7719.2998,0
1997-09-11,7716.9600,7716.9600,7580.8501,7661.0000,0
1997-09-12,7661.0000,7752.9600,7607.5601,7743.0000,0
1997-09-15,7743.3999,7794.5298,7718.1201,7721.1001,0
1997-09-16,7722.7998,7910.6299,7722.7998,7895.8999,0
1997-09-17,7897.6001,7931.5000,7862.2500,7886.3999,0
1997-09-18,7882.3999,8020.8999,7882.3999,7922.7002,0
1997-09-19,7923.0000,7931.0200,7865.5698,7917.2998,0
1997-09-22,7918.7002,8021.8799,7918.0000,7996.7998,0
1997-09-23,7997.2998,8005.1802,7929.0498,7970.1001,0
1997-09-24,7972.2998,8035.6299,7901.2998,7906.7002,0
1997-09-25,7906.7002,7929.5400,7840.3999,7848.0000,0
1997-09-26,7848.7998,7928.8101,7848.7500,7922.2002,0
1997-09-29,7922.2002,7995.6001,7893.4502,7991.3999,0
1997-09-30,7990.8999,8001.2500,7937.3999,7945.2998,0
1997-10-01,7948.5000,8028.7598,7945.0200,8015.5000,0
1997-10-02,8015.2998,8033.6699,7984.0601,8027.5000,0
1997-10-03,8031.5000,8144.4199,7956.0698,8038.6001,0
1997-10-06,8039.6001,8109.2998,8039.5601,8100.2002,0
1997-10-07,8101.7002,8181.7500,8088.9199,8178.2998,0
1997-10-08,8178.7998,8184.7002,8051.3501,8095.1001,0
1997-10-09,8094.0801,8094.0801,8002.7300,8061.3999,0
1997-10-10,8059.4502,8059.4502,8002.7300,8045.2002,0
1997-10-13,8042.7998,8114.7100,8042.7500,8072.2002,0
1997-10-14,8073.2002,8112.2500,8018.9302,8096.2998,0
1997-10-15,8093.1001,8093.1001,8035.3901,8058.0000,0
1997-10-16,8058.5000,8112.7402,7896.3901,7938.8999,0
1997-10-17,7931.2998,7934.2100,7755.6802,7847.0000,0
1997-10-20,7847.5000,7924.8799,7815.6001,7921.3999,0
1997-10-21,7922.2002,8064.6099,7921.9302,8060.3999,0
1997-10-22,8058.7002,8059.9399,7993.8901,8034.6001,0
1997-10-23,8023.3999,8029.0000,7805.0400,7847.7998,0
1997-10-24,7852.7002,7939.6099,7695.5098,7715.3999,0
1997-10-27,7714.3999,7714.4199,7159.9199,7161.2002,0
1997-10-28,7160.8999,7515.0200,6971.0698,7498.2998,0
1997-10-29,7498.6001,7621.6001,7456.0801,7506.7002,0
1997-10-30,7497.7998,7543.0098,7381.1802,7381.7002,0
1997-10-31,7390.0000,7495.8599,7352.6899,7442.1001,0
1997-11-03,7445.7998,7674.3999,7443.0698,7674.3999,0
1997-11-04,7674.2002,7701.6499,7622.3301,7689.1001,0
1997-11-05,7688.2002,7765.7500,7664.5698,7692.6001,0
1997-11-06,7691.7998,7708.0400,7640.2598,7683.2002,0
1997-11-07,7678.5698,7678.5698,7487.7598,7581.2998,0
1997-11-10,7581.6001,7656.2202,7540.5601,7552.6001,0
1997-11-11,7552.6001,7599.7402,7518.2100,7558.7002,0
1997-11-12,7554.2998,7554.3101,7393.7100,7401.2998,0
1997-11-13,7400.1001,7499.7900,7349.9902,7487.7998,0
1997-11-14,7486.7998,7590.1602,7467.3799,7572.5000,0
1997-11-17,7582.7998,7738.4902,7575.6699,7698.2002,0
1997-11-18,7693.2998,7720.8101,7643.2100,7650.7998,0
1997-11-19,7646.3999,7753.9600,7625.5298,7724.7002,0
1997-11-20,7725.8999,7856.2002,7724.6499,7826.6001,0
1997-11-21,7827.8999,7881.0698,7791.5498,7881.0698,0
1997-11-24,7876.6001,7881.0698,7753.2500,7767.8999,0
1997-11-25,7767.2002,7821.3901,7739.5698,7809.0000,0
1997-11-26,7809.2002,7846.5000,7794.5298,7794.7998,0
1997-11-28,7795.2998,7853.2202,7794.7798,7823.1001,0
1997-12-01,7825.1201,8015.1001,7825.1201,8013.1001,0
1997-12-02,8012.6001,8041.7100,7995.2100,8018.7998,0
1997-12-03,8017.2998,8076.0200,7961.6401,8032.0000,0
1997-12-04,8032.7998,8113.8198,8023.7998,8050.2002,0
1997-12-05,8046.2002,8166.2900,8017.0898,8149.1001,0
1997-12-08,8148.8999,8158.0801,8083.7300,8110.7998,0
1997-12-09,8110.7998,8111.0898,8029.7700,8049.7002,0
1997-12-10,8048.8999,8049.4199,7922.3501,7978.7998,0
1997-12-11,7973.7998,7973.9702,7815.1699,7849.0000,0
1997-12-12,7849.5000,7904.9399,7784.3301,7838.2998,0
1997-12-15,7838.2998,7947.7100,7838.2998,7922.6001,0
1997-12-16,7924.3301,8019.8198,7924.3301,7976.2998,0
1997-12-17,7978.2998,8034.0000,7932.0400,7957.3999,0
1997-12-18,7953.3999,7955.8701,7810.4502,7846.5000,0
1997-12-19,7846.4702,7846.4702,7576.9302,7756.2998,0
1997-12-22,7758.5000,7844.7202,7743.3398,7819.2998,0
1997-12-23,7818.7998,7823.0498,7689.2798,7691.7998,0
1997-12-24,7693.0000,7740.3501,7660.1299,7660.1299,0
1997-12-26,7660.1001,7717.9302,7659.1401,7679.2998,0
1997-12-29,7679.2998,7801.6299,7677.2998,7792.3999,0
1997-12-30,7796.3999,7922.7002,7791.5098,7916.0000,0
1997-12-31,7916.2002,7959.5601,7886.5698,7908.2998,0
1998-01-02,7910.2002,7965.0400,7880.8501,7965.0000,0
1998-01-05,7967.0000,8035.5400,7912.9800,7979.0000,0
1998-01-06,7978.2500,7978.2500,7880.3501,7906.2500,0
1998-01-07,7904.7998,7905.7598,7776.9702,7902.2998,0
1998-01-08,7902.0000,7902.0200,7796.1499,7802.6001,0
1998-01-09,7799.8999,7800.1299,7527.3599,7580.3999,0
1998-01-12,7575.2002,7652.6602,7443.4102,7647.2002,0
1998-01-13,7646.3999,7733.1201,7645.6899,7732.1001,0
1998-01-14,7732.1001,7788.9199,7707.9600,7784.7002,0
1998-01-15,7783.7002,7783.9399,7686.5400,7691.7998,0
1998-01-16,7696.0098,7803.1201,7696.0098,7753.5000,0
1998-01-20,7753.7998,7874.8701,7749.5601,7873.1001,0
1998-01-21,7871.8999,7872.1201,7737.3599,7794.3999,0
1998-01-22,7793.3999,7797.8901,7701.9800,7730.8999,0
1998-01-23,7730.6001,7776.9702,7642.7002,7700.7002,0
1998-01-26,7701.7300,7757.7798,7690.7700,7712.9399,0
1998-01-27,7713.1899,7848.4600,7708.7100,7815.0801,0
1998-01-28,7815.0801,7919.2100,7815.0801,7915.4702,0
1998-01-29,7916.7202,8015.1201,7883.0898,7973.0200,0
1998-01-30,7971.2700,7985.9702,7893.0498,7906.5000,0
1998-02-02,7909.9902,8122.2300,7909.9902,8107.7798,0
1998-02-03,8107.7798,8164.3301,8057.7100,8160.3501,0
1998-02-04,8158.6001,8160.1001,8090.1001,8129.7100,0
1998-02-05,8128.7100,8182.2700,8071.9102,8117.2500,0
1998-02-06,8113.7598,8211.9102,8113.1299,8189.4902,0
1998-02-09,8191.4902,8216.6504,8141.9102,8180.5200,0
1998-02-10,8179.7798,8320.0303,8178.2798,8295.6104,0
1998-02-11,8293.3701,8314.5498,8276.9297,8314.5498,0
1998-02-12,8311.3096,8390.2695,8238.3203,8369.5996,0
1998-02-13,8366.8604,8374.8301,8311.8096,8370.0996,0
1998-02-17,8368.5996,8446.3203,8368.5996,8398.5000,0
1998-02-18,8393.5098,8451.0596,8361.8799,8451.0596,0
1998-02-19,8451.8096,8451.8096,8369.3496,8375.5801,0
1998-02-20,8375.8301,8424.4004,8318.5303,8413.9404,0
1998-02-23,8413.9404,8446.5703,8374.8301,8410.2002,0
1998-02-24,8408.2100,8421.6602,8345.4404,8370.0996,0
1998-02-25,8368.8496,8489.1699,8368.8496,8457.7803,0
1998-02-26,8455.2900,8503.1201,8419.9199,8490.6699,0
1998-02-27,8489.6699,8566.8896,8474.9697,8545.7197,0
1998-03-02,8544.4697,8566.8896,8510.8398,8550.4502,0
1998-03-03,8548.7100,8585.0801,8509.3496,8584.8301,0
1998-03-04,8582.5898,8583.0400,8494.6504,8539.2402,0
1998-03-05,8536.7998,8537.0498,8405.7197,8444.3301,0
1998-03-06,8446.8203,8570.8799,8444.5801,8569.3896,0
1998-03-09,8570.6299,8624.4404,8541.2402,8567.1396,0
1998-03-10,8567.6396,8650.0996,8566.6396,8643.1201,0
1998-03-11,8642.3701,8695.1904,8639.6299,8675.7500,0
1998-03-12,8673.7598,8682.4805,8611.2402,8659.5596,0
1998-03-13,8659.5596,8698.4199,8592.7998,8602.5195,0
1998-03-16,8603.5098,8718.8496,8602.0195,8718.8496,0
1998-03-17,8718.8496,8749.9902,8683.9805,8749.9902,0
1998-03-18,8746.5000,8780.1299,8706.8896,8775.4004,0
1998-03-19,8770.9199,8803.0498,8759.9502,8803.0498,0
1998-03-20,8803.7998,8913.4102,8803.2998,8906.4297,0
1998-03-23,8899.7100,8900.1396,8807.2900,8816.2500,0
1998-03-24,8817.5000,8920.3799,8817.5000,8904.4404,0
1998-03-25,8905.1904,8959.2402,8800.0596,8872.7998,0
1998-03-26,8868.5703,8892.9805,8820.9902,8846.8896,0
1998-03-27,8846.1504,8895.7197,8771.9102,8796.0801,0
1998-03-30,8795.0801,8827.9600,8748.7402,8782.1201,0
1998-03-31,8783.1201,8898.9600,8776.8896,8799.8096,0
1998-04-01,8801.5596,8883.7598,8748.7402,8868.3203,0
1998-04-02,8868.3203,8997.1104,8861.3398,8986.6396,0
1998-04-03,8986.6396,9030.4902,8946.2900,8983.4102,0
1998-04-06,8983.4102,9094.5098,8983.4102,9033.2305,0
1998-04-07,9033.2305,9033.9805,8893.4805,8956.5000,0
1998-04-08,8956.5000,8968.9600,8861.8398,8891.4805,0
1998-04-09,8891.4805,9014.2998,8890.7402,8994.8604,0
1998-04-13,8997.1104,9025.2598,8925.6104,9012.2998,0
1998-04-14,9014.2998,9121.4102,9013.7998,9110.2002,0
1998-04-15,9110.4502,9162.2695,9083.5498,9162.2695,0
1998-04-16,9162.2695,9164.7598,9041.9502,9076.5703,0
1998-04-17,9077.5703,9167.5000,9052.9102,9167.5000,0
1998-04-20,9166.7500,9172.7305,9091.5195,9141.8398,0
1998-04-21,9137.8496,9193.6504,9098.2500,9184.9404,0
1998-04-22,9184.9297,9213.3301,9165.2598,9176.7197,0
1998-04-23,9176.9600,9209.0996,9114.6904,9143.3301,0
1998-04-24,9143.8301,9160.0195,9020.0303,9064.6201,0
1998-04-27,9058.1396,9058.6396,8840.6699,8917.6396,0
1998-04-28,8920.8799,9006.5703,8863.5801,8898.9600,0
1998-04-29,8899.2100,8995.1104,8899.2100,8951.5195,0
1998-04-30,8953.5098,9128.6396,8953.5098,9063.3701,0
1998-05-01,9066.6104,9147.8203,9066.6104,9147.0703,0
1998-05-04,9145.3301,9261.9102,9145.3301,9192.6602,0
1998-05-05,9192.6602,9198.1396,9104.4697,9147.5703,0
1998-05-06,9146.1904,9180.2002,9049.9199,9054.6504,0
1998-05-07,9053.1602,9055.6504,8965.2197,8976.6797,0
1998-05-08,8978.1699,9095.7500,8971.2002,9055.1504,0
1998-05-11,9055.5098,9189.6699,9055.4004,9091.5195,0
1998-05-12,9089.5303,9175.7197,9059.8799,9161.7695,0
1998-05-13,9158.6201,9225.5400,9157.0303,9211.8398,0
1998-05-14,9211.3398,9221.5596,9113.9404,9172.2305,0
1998-05-15,9170.3398,9186.1797,9090.5195,9096.0000,0
1998-05-18,9092.9697,9128.8896,8999.8496,9050.9102,0
1998-05-19,9052.1602,9113.4404,9038.2100,9054.6504,0
1998-05-20,9053.7598,9172.9805,9052.0195,9171.4805,0
1998-05-21,9171.7305,9202.3701,9104.9697,9132.3701,0
1998-05-22,9132.3701,9164.2598,9077.3203,9114.4404,0
1998-05-26,9114.4404,9168.7402,8962.7305,8963.7305,0
1998-05-27,8963.8096,8964.0596,8788.0996,8936.5703,0
1998-05-28,8933.4697,8993.1201,8900.7002,8970.2002,0
1998-05-29,8970.2002,9027.0000,8899.9502,8899.9502,0
1998-06-01,8900.9502,8981.4102,8864.0801,8922.3701,0
1998-06-02,8922.8701,8976.6797,8872.2998,8891.2402,0
1998-06-03,8889.4404,8928.3496,8789.8496,8803.7998,0
1998-06-04,8804.2998,8876.5400,8749.7402,8870.5596,0
1998-06-05,8870.5596,9039.4600,8870.5596,9037.7100,0
1998-06-08,9039.9502,9104.7197,9034.9697,9069.5996,0
1998-06-09,9070.5898,9086.5400,9014.5400,9049.9199,0
1998-06-10,9050.1699,9096.0000,8952.2695,8971.7002,0
1998-06-11,8971.7002,8993.6201,8808.5303,8811.7695,0
1998-06-12,8811.7695,8834.9404,8684.2197,8834.9404,0
1998-06-15,8831.9502,8831.9502,8623.1904,8627.9297,0
1998-06-16,8635.1504,8675.5098,8569.8799,8665.2900,0
1998-06-17,8666.2305,8892.4805,8665.7305,8829.4600,0
1998-06-18,8824.9199,8853.8701,8793.3301,8813.0098,0
1998-06-19,8812.7695,8861.8398,8688.9600,8712.8701,0
1998-06-22,8711.7402,8763.6904,8684.2197,8711.1299,0
1998-06-23,8713.3701,8830.4502,8713.3701,8828.4600,0
1998-06-24,8829.2100,8934.3301,8777.8896,8923.8701,0
1998-06-25,8923.8701,9025.0098,8915.4004,8935.5801,0
1998-06-26,8934.2598,8991.6299,8934.0801,8944.5400,0
1998-06-29,8945.5400,9052.6602,8945.5400,8997.3604,0
1998-06-30,8994.7197,9020.5195,8929.5996,8952.0195,0
1998-07-01,8958.9902,9049.1699,8958.9902,9048.6699,0
1998-07-02,9047.6797,9047.6797,9003.3301,9025.2598,0
1998-07-06,9023.0596,9091.7695,9000.5898,9091.7695,0
1998-07-07,9091.2695,9150.8096,9067.1104,9085.0400,0
1998-07-08,9086.2900,9184.4404,9084.2998,9174.9697,0
1998-07-09,9174.9697,9174.9697,9065.6104,9089.7803,0
1998-07-10,9090.8096,9135.5996,9029.7900,9105.7402,0
1998-07-13,9107.0303,9132.7695,9073.2998,9096.2100,0
1998-07-14,9100.0703,9256.6104,9098.5303,9245.5400,0
1998-07-15,9246.5703,9305.5303,9228.0303,9234.4697,0
1998-07-16,9233.2305,9332.3096,9206.1504,9328.1904,0
1998-07-17,9328.1904,9354.7100,9310.1699,9337.9697,0
1998-07-20,9340.5498,9367.8398,9264.5898,9295.7500,0
1998-07-21,9296.2598,9344.6699,9173.9697,9190.1904,0
1998-07-22,9185.7100,9186.3701,9075.0996,9128.9102,0
1998-07-23,9130.4600,9156.4600,8932.9805,8932.9805,0
1998-07-24,8934.5195,8998.3799,8863.2100,8937.3604,0
1998-07-27,8937.3604,9028.2402,8855.7402,9028.2402,0
1998-07-28,9028.5000,9028.5000,8816.0898,8934.7803,0
1998-07-29,8935.8096,9001.2100,8880.7100,8914.9600,0
1998-07-30,8913.4102,9041.3701,8913.4102,9026.9502,0
1998-07-31,9026.9502,9030.0400,8828.1904,8883.2900,0
1998-08-03,8883.2900,8886.1201,8785.9697,8786.7402,0
1998-08-04,8788.7998,8857.0303,8487.3096,8487.3096,0
1998-08-05,8486.0195,8574.8496,8361.9199,8546.7803,0
1998-08-06,8546.1299,8593.3799,8486.0195,8577.6797,0
1998-08-07,8579.2197,8710.0195,8552.9600,8598.0195,0
1998-08-10,8596.7305,8635.3496,8543.1797,8574.8496,0
1998-08-11,8570.8398,8570.8398,8316.8701,8462.8496,0
1998-08-12,8462.6299,8564.5498,8460.0596,8552.9600,0
1998-08-13,8550.7002,8603.4297,8459.5000,8459.5000,0
1998-08-14,8458.9902,8556.5703,8380.7197,8425.0000,0
1998-08-17,8419.9600,8574.8496,8368.6201,8574.8496,0
1998-08-18,8572.4902,8730.6104,8568.1104,8714.6504,0
1998-08-19,8712.7002,8753.7803,8663.4102,8693.2803,0
1998-08-20,8694.0498,8694.5703,8604.9697,8611.4102,0
1998-08-21,8607.7998,8608.0596,8328.2002,8533.6504,0
1998-08-24,8533.6504,8619.1299,8502.7598,8566.6104,0
1998-08-25,8568.4102,8689.4199,8538.5400,8602.6504,0
1998-08-26,8600.9297,8600.9297,8467.4805,8523.3496,0
1998-08-27,8518.0898,8518.3496,8164.1899,8165.9902,0
1998-08-28,8164.1802,8244.5195,8011.5200,8051.6802,0
1998-08-31,8052.4502,8095.4502,7539.0698,7539.0698,0
1998-09-01,7545.7598,7897.9702,7400.2998,7827.4302,0
1998-09-02,7824.1699,7952.5601,7767.4399,7782.3701,0
1998-09-03,7781.3398,7781.3398,7578.4600,7682.2202,0
1998-09-04,7685.0498,7760.7500,7495.8101,7640.2500,0
1998-09-08,7645.1401,8033.1401,7645.1401,8020.7798,0
1998-09-09,8020.7798,8030.5698,7851.8901,7865.0200,0
1998-09-10,7858.0698,7858.0698,7519.5000,7615.5400,0
1998-09-11,7612.1802,7817.3901,7518.9902,7795.5000,0
1998-09-14,7796.5298,8039.0601,7796.5298,7945.3501,0
1998-09-15,7945.0898,8035.7202,7881.5000,8024.3901,0
1998-09-16,8026.1299,8102.9199,7962.8501,8089.7798,0
1998-09-17,8078.1499,8078.1499,7854.4600,7873.7700,0
1998-09-18,7876.3501,7930.6699,7827.9399,7895.6602,0
1998-09-21,7889.3301,7945.3501,7711.0498,7933.2500,0
1998-09-22,7934.2798,7986.7998,7855.7500,7897.2002,0
1998-09-23,7897.2002,8160.5898,7896.4302,8154.4102,0
1998-09-24,8152.3501,8182.4702,7935.8198,8001.9902,0
1998-09-25,8001.9902,8086.4399,7889.9902,8028.7700,0
1998-09-28,8026.1699,8160.3301,8026.1699,8108.8398,0
1998-09-29,8109.8701,8150.5498,8015.6299,8080.5200,0
1998-09-30,8079.4902,8079.4902,7825.3701,7842.6201,0
1998-10-01,7841.3301,7841.3301,7582.8398,7632.5298,0
1998-10-02,7631.2402,7818.1602,7530.3101,7784.6899,0
1998-10-05,7787.0098,7788.0400,7551.6802,7726.2402,0
1998-10-06,7733.9702,7880.9800,7683.5098,7742.9800,0
1998-10-07,7745.1802,7858.3198,7629.1802,7741.6899,0
1998-10-08,7734.4800,7756.3701,7467.4902,7731.9102,0
1998-10-09,7734.7402,7917.2798,7666.5098,7899.5200,0
1998-10-12,7900.5498,8084.6401,7900.5498,8001.4702,0
1998-10-13,8002.5000,8009.9702,7884.5898,7938.1401,0
1998-10-14,7938.1401,8048.3301,7878.1499,7968.7798,0
1998-10-15,7966.9702,8347.7598,7920.1201,8299.3604,0
1998-10-16,8300.3896,8429.3799,8300.3896,8416.7598,0
1998-10-19,8415.4805,8515.3701,8388.9600,8466.4502,0
1998-10-20,8471.8604,8652.8604,8471.8604,8505.8496,0
1998-10-21,8504.6699,8561.9697,8446.1201,8519.2305,0
1998-10-22,8519.0303,8555.7900,8422.1699,8533.1396,0
1998-10-23,8531.3398,8531.3398,8426.8096,8452.2900,0
1998-10-26,8448.9502,8521.0400,8408.0098,8432.2100,0
1998-10-27,8433.2402,8533.1396,8346.2197,8366.0400,0
1998-10-28,8365.2695,8432.9805,8328.7100,8371.9697,0
1998-10-29,8371.2197,8496.3203,8352.4004,8495.0303,0
1998-10-30,8498.1201,8659.8096,8498.1201,8592.0996,0
1998-11-02,8595.7002,8742.9697,8595.7002,8706.1504,0
1998-11-03,8706.6699,8744.5195,8677.5801,8706.1504,0
1998-11-04,8708.4697,8854.4502,8708.4697,8783.1396,0
1998-11-05,8782.1104,8917.2695,8714.9102,8915.4697,0
1998-11-06,8915.3398,8990.9102,8897.1904,8975.4600,0
1998-11-09,8971.9697,8985.5000,8845.9600,8897.9600,0
1998-11-10,8895.1699,8928.3496,8854.7100,8863.9805,0
1998-11-11,8863.9805,8936.0703,8792.6602,8823.8203,0
1998-11-12,8822.3203,8907.7500,8810.9404,8829.7402,0
1998-11-13,8830.6104,8925.5098,8829.8398,8919.5898,0
1998-11-16,8921.1396,9030.2998,8920.8799,9011.2500,0
1998-11-17,9010.9902,9103.1602,8929.1201,8986.2803,0
1998-11-18,8978.6201,9041.1104,8957.1797,9041.1104,0
1998-11-19,9039.8301,9087.7197,9010.7305,9056.0498,0
1998-11-20,9058.6201,9161.3496,9058.6201,9159.5498,0
1998-11-23,9159.5498,9374.2695,9159.2900,9374.2695,0
1998-11-24,9371.5195,9380.2002,9289.0498,9301.1504,0
1998-11-25,9300.7803,9318.1504,9252.4902,9314.2803,0
1998-11-27,9311.8496,9346.2100,9304.5000,9333.0801,0
1998-11-30,9333.0801,9333.0801,9116.5498,9116.5498,0
1998-12-01,9116.5498,9141.2695,8987.8203,9133.5400,0
1998-12-02,9129.7803,9129.7803,8955.1201,9064.5400,0
1998-12-03,9064.7998,9082.5703,8871.4502,8879.6797,0
1998-12-04,8879.6797,9025.1504,8879.6797,9016.1396,0
1998-12-07,9017.1699,9084.1104,9003.7803,9070.4697,0
1998-12-08,9070.4697,9088.7500,8946.6299,9027.9805,0
1998-12-09,9027.1504,9050.9004,8968.5098,9009.1904,0
1998-12-10,9008.4199,9012.7900,8823.2998,8841.5801,0
1998-12-11,8839.5098,8844.9297,8730.0996,8821.7598,0
1998-12-14,8820.7305,8820.7305,8676.0303,8695.5996,0
1998-12-15,8699.4600,8823.2998,8678.6104,8823.2998,0
1998-12-16,8823.2998,8851.3604,8740.6504,8790.5996,0
1998-12-17,8787.5498,8879.9404,8785.7500,8875.8203,0
1998-12-18,8877.6299,8928.5996,8858.5703,8903.6299,0
1998-12-21,8902.9697,9079.2197,8898.7402,8988.8496,0
1998-12-22,8989.1104,9069.4404,8948.6904,9044.4600,0
1998-12-23,9044.7197,9211.0400,9043.1699,9202.0303,0
1998-12-24,9202.2900,9245.5400,9178.5996,9217.9902,0
1998-12-28,9220.5703,9262.7900,9189.4102,9226.7500,0
1998-12-29,9221.1104,9334.8799,9187.6104,9320.9805,0
1998-12-30,9320.9805,9326.3896,9268.2002,9274.6396,0
1998-12-31,9274.1201,9287.7695,9181.4297,9181.4297,0
1999-01-04,9184.0098,9350.3301,9122.4697,9184.2695,0
1999-01-05,9184.7803,9338.7402,9182.9805,9311.1904,0
1999-01-06,9315.4199,9562.2197,9315.4199,9544.9697,0
1999-01-07,9542.1396,9542.1396,9426.0195,9537.7598,0
1999-01-08,9538.2803,9647.9600,9525.4102,9643.3203,0
1999-01-11,9643.3203,9643.3203,9532.6104,9619.8896,0
1999-01-12,9618.8604,9620.1504,9451.7695,9474.6797,0
1999-01-13,9471.3398,9471.3398,9213.0996,9349.5596,0
1999-01-14,9349.5596,9359.0801,9087.7197,9120.9297,0
1999-01-15,9127.1602,9342.6104,9127.1602,9340.5498,0
1999-01-19,9343.1201,9399.2500,9210.0098,9355.2197,0
1999-01-20,9354.0498,9480.0898,9300.9004,9335.9102,0
1999-01-21,9335.9102,9377.3604,9228.5498,9264.0801,0
1999-01-22,9264.0801,9264.5898,9088.4902,9120.6699,0
1999-01-25,9120.6699,9203.8301,9063.2598,9203.3203,0
1999-01-26,9203.3203,9329.9902,9188.3799,9324.5801,0
1999-01-27,9325.3604,9385.8604,9195.3398,9200.2305,0
1999-01-28,9203.5703,9301.1504,9203.5703,9281.3301,0
1999-01-29,9281.5898,9383.2803,9224.1699,9358.8301,0
1999-02-01,9359.5996,9430.6602,9341.5801,9345.7002,0
1999-02-02,9342.6104,9344.9199,9198.1699,9274.1201,0
1999-02-03,9272.5801,9398.2197,9239.6201,9366.8096,0
1999-02-04,9365.1504,9397.9600,9274.8896,9304.5000,0
1999-02-05,9305.0195,9347.2402,9247.3398,9304.2402,0
1999-02-08,9301.5898,9334.8799,9209.2402,9291.1104,0
1999-02-09,9291.1104,9305.0195,9123.2500,9133.0303,0
1999-02-10,9133.9102,9183.4902,9099.0400,9177.3096,0
1999-02-11,9175.0498,9363.4600,9143.3301,9363.4600,0
1999-02-12,9367.3203,9389.9805,9228.0303,9274.8896,0
1999-02-16,9277.3096,9387.6602,9234.7305,9297.0303,0
1999-02-17,9289.7803,9365.5400,9179.2100,9195.4697,0
1999-02-18,9201.8701,9308.7598,9190.9404,9298.6299,0
1999-02-19,9299.1699,9395.6699,9267.7100,9339.9502,0
1999-02-22,9339.9502,9558.2803,9331.1602,9552.6797,0
1999-02-23,9553.4805,9611.3301,9473.2402,9544.4199,0
1999-02-24,9544.2305,9600.1299,9391.1396,9399.6699,0
1999-02-25,9395.6602,9396.1904,9233.3203,9366.3398,0
1999-02-26,9365.2598,9398.4004,9252.5195,9306.5801,0
1999-03-01,9307.3896,9355.2100,9222.6299,9324.7803,0
1999-03-02,9324.2402,9421.2197,9268.0000,9297.6104,0
1999-03-03,9296.4404,9337.0000,9211.2305,9275.8799,0
1999-03-04,9275.7197,9480.7100,9275.7197,9467.4004,0
1999-03-05,9467.6699,9738.7900,9467.6699,9736.0801,0
1999-03-08,9737.1904,9764.7998,9674.3301,9727.6104,0
1999-03-09,9725.3896,9798.9297,9669.8896,9693.7598,0
1999-03-10,9695.9805,9776.1699,9675.7197,9772.8398,0
1999-03-11,9769.9600,9935.4600,9769.9600,9897.4404,0
1999-03-12,9897.7197,9958.7695,9861.9199,9876.3496,0
1999-03-15,9876.0801,9970.1504,9862.4805,9958.7695,0
1999-03-16,9957.6602,10001.7803,9926.5801,9930.4697,0
1999-03-17,9931.1299,9960.7100,9859.1504,9879.4102,0
1999-03-18,9873.9004,10001.5098,9845.8301,9997.6201,0
1999-03-19,10001.2305,10085.3096,9899.9404,9903.5498,0
1999-03-22,9902.2803,9934.6299,9874.9697,9890.5098,0
1999-03-23,9890.2305,9891.0596,9632.7100,9671.8301,0
1999-03-24,9671.5596,9703.1904,9625.2100,9666.8398,0
1999-03-25,9664.9004,9841.9404,9664.9004,9836.3896,0
1999-03-26,9836.3896,9853.3203,9747.3096,9822.2402,0
1999-03-29,9821.6104,10040.3604,9821.6104,10006.7803,0
1999-03-30,10003.8398,10003.8398,9874.4102,9913.2598,0
1999-03-31,9914.3701,10002.3398,9781.4502,9786.1602,0
1999-04-01,9786.4404,9840.0000,9765.6299,9832.5098,0
1999-04-05,9836.1201,10023.1504,9836.1201,10007.3301,0
1999-04-06,10004.8398,10030.3701,9915.7598,9963.4902,0
1999-04-07,9963.4902,10089.7500,9955.1602,10085.3096,0
1999-04-08,10086.4199,10209.0801,10059.7803,10197.7002,0
1999-04-09,10197.7002,10212.1299,10094.4697,10173.8398,0
1999-04-12,10174.1104,10340.6201,10096.6904,10339.5098,0
1999-04-13,10340.6201,10418.8701,10316.4697,10395.0098,0
1999-04-14,10394.7305,10526.5400,10367.8096,10411.6602,0
1999-04-15,10411.6602,10500.7402,10378.6299,10462.7197,0
1999-04-16,10463.5596,10520.0098,10386.6104,10493.8896,0
1999-04-19,10493.8896,10765.7402,10404.8701,10440.5303,0
1999-04-20,10440.5303,10496.3701,10333.1504,10448.5498,0
1999-04-21,10448.9600,10581.4199,10420.7695,10581.4199,0
1999-04-22,10580.6201,10753.8096,10580.0498,10727.1797,0
1999-04-23,10726.0400,10754.6699,10646.7100,10689.6699,0
1999-04-26,10689.6699,10729.1904,10649.8604,10718.5898,0
1999-04-27,10719.1602,10847.7402,10719.1602,10831.7100,0
1999-04-28,10831.9902,10935.3701,10811.0898,10845.4502,0
1999-04-29,10844.7803,10928.2100,10834.8604,10878.3799,0
1999-04-30,10876.9502,10961.7100,10654.7305,10789.0400,0
1999-05-03,10789.0400,11014.6904,10756.1104,11014.6904,0
1999-05-04,11014.6904,11035.3096,10868.3604,10886.1104,0
1999-05-05,10883.5400,10955.4102,10775.8604,10955.4102,0
1999-05-06,10949.7305,10980.0400,10852.3203,10946.8203,0
1999-05-07,10947.1104,11033.8799,10933.6504,11031.5898,0
1999-05-10,11029.1396,11100.5996,10951.9805,11007.2500,0
1999-05-11,11001.2305,11102.3203,10970.5898,11026.1504,0
1999-05-12,11023.6104,11043.6104,10812.8096,11000.3701,0
1999-05-13,10998.4297,11130.6699,10998.4297,11107.1904,0
1999-05-14,11105.9004,11106.7598,10870.0801,10913.3203,0
1999-05-17,10910.5703,10910.5703,10745.7998,10853.4697,0
1999-05-18,10849.7900,10930.7500,10740.7998,10836.9502,0
1999-05-19,10836.6699,10891.8096,10797.1299,10887.3896,0
1999-05-20,10887.6797,10946.0801,10866.7402,10866.7402,0
1999-05-21,10867.0400,10888.8604,10787.4004,10829.2803,0
1999-05-24,10829.8701,10856.4199,10626.6504,10654.6699,0
1999-05-25,10651.7305,10754.6602,10530.2100,10531.0898,0
1999-05-26,10530.8896,10721.3301,10518.7002,10702.1602,0
1999-05-27,10701.2803,10701.2803,10434.2598,10466.9297,0
1999-05-28,10468.4902,10589.5000,10467.2402,10559.7402,0
1999-06-01,10561.0098,10597.5195,10409.1396,10596.2598,0
1999-06-02,10594.8896,10627.5996,10464.5498,10577.8896,0
1999-06-03,10577.2598,10667.1797,10577.2598,10663.6904,0
1999-06-04,10661.7900,10799.8398,10659.5801,10799.8398,0
1999-06-07,10799.2002,10917.2998,10782.7402,10909.3799,0
1999-06-08,10908.1201,10909.0703,10724.1699,10765.6396,0
1999-06-09,10765.6396,10790.0195,10672.5596,10690.2900,0
1999-06-10,10690.2900,10690.2900,10526.2900,10621.2695,0
1999-06-11,10618.2305,10691.5596,10430.6699,10490.5098,0
1999-06-14,10490.8301,10606.3896,10486.7100,10563.3301,0
1999-06-15,10563.3301,10682.0596,10562.0596,10594.9902,0
1999-06-16,10598.5400,10800.4697,10598.2197,10784.9502,0
1999-06-17,10777.7197,10870.4404,10714.3496,10841.6299,0
1999-06-18,10847.6396,10888.4902,10811.5498,10855.5596,0
1999-06-21,10854.7500,10880.2500,10755.8301,10815.9805,0
1999-06-22,10815.9805,10815.9805,10708.6504,10721.6299,0
1999-06-23,10721.6299,10725.1201,10616.8398,10666.8604,0
1999-06-24,10666.8604,10666.8604,10471.2002,10534.8301,0
1999-06-25,10542.4297,10650.4004,10538.0000,10552.5596,0
1999-06-28,10555.8799,10692.5098,10555.8799,10655.1504,0
1999-06-29,10655.4600,10815.3496,10633.9297,10815.3496,0
1999-06-30,10813.8896,11003.4102,10731.4502,10970.7998,0
1999-07-01,10966.0498,11080.3496,10903.6797,11066.4199,0
1999-07-02,11065.1504,11139.5596,11058.8203,11139.2402,0
1999-07-06,11137.4697,11236.7598,11104.0996,11135.1201,0
1999-07-07,11135.1201,11187.3604,11080.3496,11187.3604,0
1999-07-08,11182.6201,11211.1104,11092.0703,11126.8896,0
1999-07-09,11125.6299,11194.3301,11124.0400,11193.7002,0
1999-07-12,11193.3799,11230.7402,11149.6904,11200.9805,0
1999-07-13,11200.0303,11211.1104,11085.0996,11175.0195,0
1999-07-14,11177.5498,11209.2100,11112.0098,11148.0996,0
1999-07-15,11149.3701,11217.7598,11149.3701,11186.4102,0
1999-07-16,11186.3496,11213.3301,11143.0400,11209.8398,0
1999-07-19,11209.8398,11252.2695,11159.8203,11187.6797,0
1999-07-20,11188.0000,11188.6299,10969.5400,10996.1299,0
1999-07-21,10998.9404,11055.9697,10945.4805,11002.7803,0
1999-07-22,11002.7803,11044.2598,10880.2500,10969.2197,0
1999-07-23,10969.2197,11006.5801,10861.8896,10910.9600,0
1999-07-26,10907.7998,10929.3301,10831.8096,10863.1602,0
1999-07-27,10862.8398,11031.2803,10862.8398,10979.0400,0
1999-07-28,10970.7998,11023.9902,10925.8496,10972.0703,0
1999-07-29,10971.3604,10971.3604,10714.0303,10791.2900,0
1999-07-30,10791.2900,10825.7998,10647.8604,10655.1504,0
1999-08-02,10654.8301,10791.5996,10615.2500,10645.9600,0
1999-08-03,10645.9600,10727.9697,10613.9902,10677.3096,0
1999-08-04,10675.6602,10829.9102,10670.0303,10674.7695,0
1999-08-05,10675.4102,10798.2500,10566.1797,10793.8203,0
1999-08-06,10792.5801,10818.2002,10653.2500,10714.0303,0
1999-08-09,10714.0303,10761.8398,10683.3203,10707.7002,0
1999-08-10,10704.2197,10714.6699,10549.0801,10655.1504,0
1999-08-11,10650.5898,10795.7197,10646.9102,10787.7998,0
1999-08-12,10785.6504,10900.8301,10780.8398,10789.3896,0
1999-08-13,10786.7002,10981.8896,10786.7002,10973.6504,0
1999-08-16,10980.1104,11046.7900,10950.8604,11046.7900,0
1999-08-17,11049.6396,11117.0801,11011.6504,11117.0801,0
1999-08-18,11109.6602,11110.9199,10982.8398,10991.3799,0
1999-08-19,10988.8496,10995.5000,10873.2900,10963.8398,0
1999-08-20,10963.8398,11100.6104,10963.8398,11100.6104,0
1999-08-23,11099.6602,11299.7598,11098.0801,11299.7598,0
1999-08-24,11297.5400,11365.9297,11194.0098,11283.2998,0
1999-08-25,11282.3799,11334.5898,11198.4502,11326.0400,0
1999-08-26,11326.0400,11333.0000,11191.4805,11198.4502,0
1999-08-27,11198.4502,11229.1602,11077.8203,11090.1699,0
1999-08-30,11087.6904,11123.0898,10902.0996,10914.1299,0
1999-08-31,10909.7002,10982.2002,10782.1104,10829.2803,0
1999-09-01,10828.4404,10941.3604,10828.4404,10937.8799,0
1999-09-02,10934.0801,10934.0801,10732.7100,10843.2100,0
1999-09-03,10856.1904,11087.0000,10856.1904,11078.4502,0
1999-09-07,11079.0801,11104.0996,11011.9600,11034.1299,0
1999-09-08,11034.1299,11117.3896,10967.0000,11036.3398,0
1999-09-09,11031.2803,11095.8604,10981.8896,11079.4004,0
1999-09-10,11087.0000,11142.4102,11023.9902,11028.4297,0
1999-09-13,11027.4004,11042.3604,10982.2002,11030.3301,0
1999-09-14,11028.7402,11028.7402,10886.2695,10910.3301,0
1999-09-15,10910.4004,11013.8604,10798.5703,10801.4199,0
1999-09-16,10795.7695,10799.2500,10626.6504,10737.4600,0
1999-09-17,10745.3799,10860.9404,10745.0596,10803.6299,0
1999-09-20,10801.8701,10845.7402,10780.8398,10823.9004,0
1999-09-21,10822.9502,10822.9502,10551.9297,10598.4697,0
1999-09-22,10599.4199,10606.0703,10493.9902,10524.0703,0
1999-09-23,10524.0703,10572.5098,10302.1299,10318.5898,0
1999-09-24,10311.9404,10336.3203,10187.2002,10279.3301,0
1999-09-27,10279.3301,10402.4902,10279.3301,10303.3896,0
1999-09-28,10300.5098,10310.0400,10081.1299,10275.5303,0
1999-09-29,10274.2695,10334.7402,10210.9404,10213.4805,0
1999-09-30,10214.1104,10402.8096,10212.8398,10336.9502,0
1999-10-01,10335.6904,10335.6904,10184.0303,10273.0000,0
1999-10-04,10274.5801,10417.6904,10274.2695,10401.2305,0
1999-10-05,10401.2305,10509.1904,10277.1104,10400.5898,0
1999-10-06,10399.7695,10588.3398,10399.4502,10588.3398,0
1999-10-07,10588.3398,10604.4902,10508.2402,10537.0498,0
1999-10-08,10534.5195,10655.7803,10506.3398,10649.7598,0
1999-10-11,10649.7598,10719.0996,10634.8799,10648.1797,0
1999-10-12,10648.8096,10648.8096,10417.0596,10417.0596,0
1999-10-13,10412.3096,10443.0195,10226.4600,10232.1602,0
1999-10-14,10230.8896,10342.9697,10133.6904,10286.6104,0
1999-10-15,10286.6104,10286.6104,9998.1797,10019.7100,0
1999-10-18,10018.4502,10127.9902,9976.0195,10116.2803,0
1999-10-19,10117.5400,10335.3701,10117.5400,10204.9297,0
1999-10-20,10203.3096,10392.3604,10203.3096,10392.3604,0
1999-10-21,10390.7100,10390.7100,10177.3799,10297.6904,0
1999-10-22,10298.9600,10520.9004,10298.9600,10470.2500,0
1999-10-25,10468.9805,10469.2998,10315.1104,10349.9297,0
1999-10-26,10350.8799,10408.1904,10300.8604,10302.1299,0
1999-10-27,10302.7598,10420.5400,10273.9502,10394.8896,0
1999-10-28,10397.6699,10637.7305,10397.6699,10622.5303,0
1999-10-29,10629.1797,10790.0195,10628.8701,10729.8604,0
1999-11-01,10730.7803,10745.7695,10648.5098,10648.5098,0
1999-11-02,10653.7100,10751.8799,10572.6699,10581.8398,0
1999-11-03,10582.5400,10650.3496,10563.1904,10609.0596,0
1999-11-04,10612.4199,10711.8203,10602.9404,10639.6396,0
1999-11-05,10639.9502,10842.7197,10638.4199,10704.4805,0
1999-11-08,10668.4199,10776.0498,10650.3496,10718.8496,0
1999-11-09,10715.0996,10765.6504,10585.2100,10617.3203,0
1999-11-10,10611.9404,10654.6299,10536.2695,10597.7402,0
1999-11-11,10603.2500,10643.9297,10543.9199,10595.2998,0
1999-11-12,10593.5098,10771.7598,10542.3896,10769.3203,0
1999-11-15,10764.7305,10798.3701,10712.1299,10760.7500,0
1999-11-16,10762.8896,10937.8301,10757.3896,10932.3301,0
1999-11-17,10929.0000,10937.5303,10879.1104,10883.0898,0
1999-11-18,10887.6699,11054.3496,10886.1504,11035.7002,0
1999-11-19,11033.2500,11036.6201,10976.0596,11003.8896,0
1999-11-22,11008.7803,11112.7695,10978.2002,11089.5195,0
1999-11-23,11090.2900,11101.7598,10976.3701,10995.6299,0
1999-11-24,11000.2197,11044.2598,10949.1504,11008.1699,0
1999-11-26,11007.2598,11055.5801,10984.0098,10988.9102,0
1999-11-29,10985.7305,10987.3799,10886.1504,10947.9199,0
1999-11-30,10945.4902,11045.4805,10873.6104,10877.8096,0
1999-12-01,10876.4697,11000.8301,10859.6504,10998.3896,0
1999-12-02,10995.0195,11070.7197,10988.5996,11039.0596,0
1999-12-03,11046.0996,11341.2305,11045.7900,11286.1797,0
1999-12-06,11286.7900,11297.7998,11193.5098,11225.0098,0
1999-12-07,11221.6504,11253.4502,11106.6504,11106.6504,0
1999-12-08,11107.2598,11171.7900,11068.1201,11068.1201,0
1999-12-09,11073.6201,11204.2100,11054.6602,11134.7900,0
1999-12-10,11137.8496,11274.5498,11118.2695,11224.7002,0
1999-12-13,11217.4600,11250.3896,11162.3096,11192.5898,0
1999-12-14,11195.3398,11235.7100,11143.0498,11160.1699,0
1999-12-15,11158.7803,11282.2002,11130.5098,11225.3203,0
1999-12-16,11224.4004,11244.8896,11124.3896,11244.8896,0
1999-12-17,11257.4297,11383.7402,11257.4297,11257.4297,0
1999-12-20,11254.5000,11310.0303,11110.9297,11144.2695,0
1999-12-21,11142.4297,11237.8496,11098.0098,11200.5400,0
1999-12-22,11199.4502,11260.1797,11181.8896,11203.5996,0
1999-12-23,11202.0703,11443.0703,11202.0703,11405.7598,0
1999-12-27,11410.6504,11475.1797,11380.5996,11391.0801,0
1999-12-28,11389.2402,11517.3896,11382.2100,11476.7100,0
1999-12-29,11472.8799,11543.0801,11425.6396,11484.6602,0
1999-12-30,11484.3604,11568.7695,11446.7402,11452.8604,0
1999-12-31,11453.4805,11542.4102,11442.8203,11497.1201,0
2000-01-03,11501.8496,11522.0098,11305.6904,11357.5098,0
2000-01-04,11349.7500,11350.0596,10986.4502,10997.9297,0
2000-01-05,10989.3701,11215.0996,10938.6699,11122.6504,0
2000-01-06,11113.3701,11313.4502,11098.4502,11253.2598,0
2000-01-07,11247.0596,11528.1396,11239.9199,11522.5596,0
2000-01-10,11532.4805,11638.2803,11532.4805,11572.2002,0
2000-01-11,11568.4697,11663.0996,11502.7002,11511.0801,0
2000-01-12,11506.7305,11612.5303,11505.1797,11551.0996,0
2000-01-13,11558.2402,11656.5801,11524.1104,11582.4297,0
2000-01-14,11619.3496,11750.2803,11612.5303,11722.9805,0
2000-01-18,11719.1904,11720.1201,11546.4502,11560.7197,0
2000-01-19,11535.2402,11574.6797,11456.0098,11489.3604,0
2000-01-20,11490.2900,11558.7002,11274.9805,11351.2998,0
2000-01-21,11356.2598,11387.5996,11232.4805,11251.7100,0
2000-01-24,11251.9404,11366.5000,10917.2695,11008.1699,0
2000-01-25,11010.9600,11079.5195,10883.4502,11029.8896,0
2000-01-26,11025.8496,11131.0303,11002.5801,11032.9902,0
2000-01-27,11035.5498,11164.1396,10915.4004,11028.0195,0
2000-01-28,11024.9199,11024.9199,10735.7695,10738.8701,0
2000-01-31,10735.7695,10956.6699,10701.6396,10940.5303,0
2000-02-01,10937.7402,11073.3203,10907.9600,11041.0498,0
2000-02-02,11037.6396,11118.9297,10987.0703,11003.2002,0
2000-02-03,11010.4805,11079.5195,10842.2598,11013.4404,0
2000-02-04,11014.3701,11089.4502,10943.0195,10963.7998,0
2000-02-07,10965.9697,10970.9404,10846.2197,10905.7900,0
2000-02-08,10904.2598,11023.0596,10904.2598,10957.5996,0
2000-02-09,10948.8203,10948.8203,10698.8496,10699.1602,0
2000-02-10,10697.9199,10738.2500,10606.4004,10643.6299,0
2000-02-11,10638.6396,10638.6396,10356.9600,10425.2100,0
2000-02-14,10431.6504,10549.0000,10430.7998,10519.8398,0
2000-02-15,10520.1504,10763.0703,10494.4805,10718.0898,0
2000-02-16,10711.8203,10741.6699,10561.4102,10561.4102,0
2000-02-17,10565.7598,10671.8604,10454.6104,10514.5703,0
2000-02-18,10514.5703,10517.7500,10199.9805,10219.5195,0
2000-02-22,10219.8301,10336.7900,10103.7998,10304.8398,0
2000-02-23,10294.8203,10338.3496,10164.9199,10225.7305,0
2000-02-24,10242.4805,10248.0596,9942.7803,10092.6299,0
2000-02-25,10090.7695,10132.4199,9836.0596,9862.1201,0
2000-02-28,9854.6602,10156.5400,9842.5703,10038.6504,0
2000-02-29,10039.5801,10204.9404,10029.9600,10128.3096,0
2000-03-01,10128.1104,10186.3301,10084.5596,10137.9297,0
2000-03-02,10135.4404,10212.3896,10103.4902,10164.9199,0
2000-03-03,10171.1201,10443.5195,10171.1201,10367.2002,0
2000-03-06,10358.9600,10383.9502,10121.4805,10170.5000,0
2000-03-07,10197.6104,10229.1396,9752.6797,9796.0303,0
2000-03-08,9800.6904,9918.8896,9731.8096,9856.5303,0
2000-03-09,9855.2900,10010.7305,9738.9502,10010.7305,0
2000-03-10,10008.5498,10091.3896,9907.2598,9928.8203,0
2000-03-13,9911.2197,9998.5498,9735.5400,9947.1299,0
2000-03-14,9957.6699,10043.2998,9811.2402,9811.2402,0
2000-03-15,9808.1504,10180.2002,9776.4902,10131.4102,0
2000-03-16,10139.5801,10632.4600,10138.3398,10630.5996,0
2000-03-17,10629.9805,10763.3799,10567.3096,10595.2305,0
2000-03-20,10594.7500,10727.7100,10586.9902,10680.2402,0
2000-03-21,10680.2402,10907.3398,10603.6104,10907.3398,0
2000-03-22,10916.9600,10917.2695,10789.1299,10866.7002,0
2000-03-23,10884.3799,11136.6104,10831.0195,11119.8604,0
2000-03-24,11107.4502,11234.6504,11045.0898,11112.7197,0
2000-03-27,11093.2500,11170.8203,10982.7305,11025.8496,0
2000-03-28,11023.6797,11094.3398,10932.7803,10936.1104,0
2000-03-29,10939.0498,11101.5498,10910.7500,11018.7197,0
2000-03-30,11008.1699,11144.0596,10916.3398,10980.2500,0
2000-03-31,10993.2803,11107.7598,10921.9199,10921.9199,0
2000-04-03,10863.2803,11223.7900,10862.9697,11221.9297,0
2000-04-04,11225.3398,11418.2402,10717.7803,11164.8398,0
2000-04-05,11163.2900,11218.2100,11002.5801,11033.9199,0
2000-04-06,11029.5596,11201.1396,11029.5596,11114.2695,0
2000-04-07,11122.0303,11192.4502,11062.7695,11111.4805,0
2000-04-10,11114.8896,11287.7002,11097.2100,11186.5596,0
2000-04-11,11180.9805,11361.1504,11102.4805,11287.0801,0
2000-04-12,11283.0498,11425.4502,11116.7500,11125.1299,0
2000-04-13,11132.5801,11144.0596,10920.7598,10923.5498,0
2000-04-14,10922.8496,10922.8496,10201.5303,10305.7695,0
2000-04-17,10303.2900,10583.7500,10232.5498,10582.5098,0
2000-04-18,10584.0195,10773.9297,10571.3398,10767.4199,0
2000-04-19,10748.9697,10789.4404,10632.1504,10674.9600,0
2000-04-20,10668.1904,10845.2900,10665.0898,10844.0498,0
2000-04-24,10822.3301,10910.7500,10695.4404,10906.0996,0
2000-04-25,10916.6504,11136.6104,10881.0400,11124.8203,0
2000-04-26,11127.9199,11141.8799,10902.0596,10945.5000,0
2000-04-27,10941.9102,10941.9102,10747.2500,10888.0996,0
2000-04-28,10892.7598,10959.2305,10715.2998,10733.9102,0
2000-05-01,10749.4199,10926.2598,10724.2197,10811.7803,0
2000-05-02,10805.5801,10824.5000,10710.0195,10731.1201,0
2000-05-03,10732.2100,10732.2100,10400.0898,10480.1299,0
2000-05-04,10478.8896,10523.0996,10407.5303,10412.4902,0
2000-05-05,10409.7002,10585.9199,10375.8096,10577.8604,0
2000-05-08,10571.3096,10627.8496,10522.0703,10603.6299,0
2000-05-09,10607.5400,10684.8496,10514.2500,10536.7500,0
2000-05-10,10533.0898,10533.0898,10292.0996,10367.7803,0
2000-05-11,10369.2695,10575.0996,10369.2695,10545.9697,0
2000-05-12,10549.0596,10673.7900,10543.9199,10609.3701,0
2000-05-15,10606.9697,10811.5498,10605.2598,10807.7803,0
2000-05-16,10816.0098,10971.2402,10816.0098,10934.5703,0
2000-05-17,10930.6396,10930.6396,10752.6104,10769.7402,0
2000-05-18,10771.7998,10864.3203,10764.2598,10777.2803,0
2000-05-19,10764.2197,10764.2197,10570.6504,10626.8496,0
2000-05-22,10624.7900,10664.5400,10369.4902,10542.5498,0
2000-05-23,10539.1201,10557.4502,10416.7803,10422.2695,0
2000-05-24,10420.9004,10554.8799,10364.0098,10535.3496,0
2000-05-25,10529.8701,10558.6504,10266.0000,10323.9199,0
2000-05-26,10322.8896,10387.6602,10258.8096,10299.2402,0
2000-05-30,10302.3096,10528.1504,10302.3096,10527.1299,0
2000-05-31,10528.2803,10599.4297,10490.7998,10522.3301,0
2000-06-01,10532.2695,10673.4502,10513.0801,10652.2002,0
2000-06-02,10660.0898,10846.0801,10660.0898,10794.7598,0
2000-06-05,10793.1104,10863.0000,10752.2803,10815.2998,0
2000-06-06,10822.6104,10822.6104,10707.7197,10735.5703,0
2000-06-07,10733.4805,10848.3799,10695.1797,10812.8604,0
2000-06-08,10818.7803,10823.6602,10635.7305,10668.7197,0
2000-06-09,10678.4697,10763.7695,10588.2900,10614.0596,0
2000-06-12,10615.1201,10652.5898,10564.2100,10564.2100,0
2000-06-13,10562.3096,10654.7197,10492.7900,10621.8398,0
2000-06-14,10632.4600,10737.7100,10624.6797,10687.9502,0
2000-06-15,10689.6299,10763.7002,10669.2100,10714.8203,0
2000-06-16,10717.7598,10724.8301,10449.2998,10449.2998,0
2000-06-19,10448.4004,10597.4404,10440.1104,10557.8398,0
2000-06-20,10558.9004,10561.3799,10407.9404,10435.1602,0
2000-06-21,10446.8301,10521.0703,10410.0596,10497.7402,0
2000-06-22,10495.9697,10495.9697,10335.4600,10376.1201,0
2000-06-23,10376.4697,10478.6504,10376.4697,10404.7500,0
2000-06-26,10403.6904,10566.6797,10403.6904,10542.9902,0
2000-06-27,10541.5801,10615.8301,10504.4600,10504.4600,0
2000-06-28,10506.3896,10620.4199,10506.3896,10527.7900,0
2000-06-29,10523.9004,10523.9004,10359.5000,10398.0400,0
2000-06-30,10393.0898,10448.2402,10336.1602,10447.8896,0
2000-07-03,10450.3604,10565.6201,10422.0801,10560.6699,0
2000-07-05,10538.2305,10572.6904,10463.1797,10483.5996,0
2000-07-06,10481.4502,10527.7900,10393.0898,10481.4697,0
2000-07-07,10483.3301,10658.2500,10483.3301,10635.9805,0
2000-07-10,10627.1396,10703.1504,10604.8604,10646.5801,0
2000-07-11,10649.0596,10807.4502,10626.7900,10727.1904,0
2000-07-12,10722.2402,10834.3203,10722.2402,10783.7598,0
2000-07-13,10774.9199,10829.7305,10754.4199,10788.7100,0
2000-07-14,10793.3096,10821.9502,10753.7100,10812.7500,0
2000-07-17,10812.4004,10847.4004,10749.4697,10804.2695,0
2000-07-18,10799.1602,10799.1602,10703.0596,10739.9199,0
2000-07-19,10724.1504,10790.4805,10685.4805,10696.0801,0
2000-07-20,10700.6797,10874.6299,10700.6797,10843.8701,0
2000-07-21,10843.5098,10851.6504,10716.1504,10733.5596,0
2000-07-24,10731.4404,10778.1104,10678.4004,10685.1201,0
2000-07-25,10689.2803,10744.5195,10680.1699,10699.9697,0
2000-07-26,10689.3604,10692.5498,10516.4805,10516.4805,0
2000-07-27,10516.8301,10643.4004,10516.8301,10586.1299,0
2000-07-28,10594.9697,10649.0596,10464.5000,10511.1699,0
2000-07-31,10514.2900,10603.2900,10497.7998,10521.9805,0
2000-08-01,10523.8096,10626.9199,10516.7598,10606.9502,0
2000-08-02,10609.1504,10724.5303,10587.5400,10687.5303,0
2000-08-03,10679.3701,10744.3096,10623.4404,10706.5801,0
2000-08-04,10713.3604,10769.9502,10664.4600,10767.7500,0
2000-08-07,10773.9805,10892.2803,10736.9805,10867.0098,0
2000-08-08,10865.1504,10988.2500,10836.6104,10976.8896,0
2000-08-09,10970.9404,10978.2695,10892.6504,10905.8301,0
2000-08-10,10901.0596,10946.4902,10886.7900,10908.7598,0
2000-08-11,10905.9805,11067.7305,10902.6797,11027.7998,0
2000-08-14,11027.0703,11177.6104,11006.1904,11176.1396,0
2000-08-15,11175.0498,11175.0498,11046.1201,11067.0000,0
2000-08-16,11068.8301,11088.9697,10961.1396,11008.3896,0
2000-08-17,11010.9502,11091.5400,10984.4004,11055.6396,0
2000-08-18,11051.2002,11082.3799,11006.1904,11046.4805,0
2000-08-21,11058.8496,11106.1904,11027.0703,11079.8096,0
2000-08-22,11082.2002,11189.7002,11081.2803,11139.1504,0
2000-08-23,11130.5498,11172.2998,11059.6699,11144.6504,0
2000-08-24,11143.9102,11197.7598,11120.0996,11182.7402,0
2000-08-25,11182.7402,11210.9404,11155.6299,11192.6299,0
2000-08-28,11194.4805,11319.0596,11188.9297,11252.8398,0
2000-08-29,11249.2695,11256.1699,11196.5996,11215.0996,0
2000-08-30,11209.0098,11210.2900,11096.3496,11103.0098,0
2000-08-31,11105.2305,11310.5498,11104.8604,11215.0996,0
2000-09-01,11219.5400,11313.5996,11219.5400,11238.7803,0
2000-09-05,11221.7598,11301.6699,11184.7695,11260.6104,0
2000-09-06,11253.5801,11401.1904,11253.2100,11310.6396,0
2000-09-07,11316.0098,11323.8701,11223.2402,11259.8701,0
2000-09-08,11261.7197,11261.7197,11191.0498,11220.6504,0
2000-09-11,11219.5400,11286.1299,11139.2598,11195.4902,0
2000-09-12,11197.7100,11255.7998,11113.7305,11233.2305,0
2000-09-13,11225.0303,11231.0098,11140.7402,11182.1797,0
2000-09-14,11189.5801,11208.0703,11069.3398,11087.4697,0
2000-09-15,11087.8398,11110.0400,10916.9199,10927.0000,0
2000-09-18,10926.4199,10935.5801,10798.1699,10808.5195,0
2000-09-19,10812.2197,10839.1396,10761.9102,10789.2900,0
2000-09-20,10794.4697,10824.0596,10567.3203,10687.9199,0
2000-09-21,10680.5195,10783.3701,10660.5400,10765.5195,0
2000-09-22,10678.2998,10858.0996,10621.7002,10847.3701,0
2000-09-25,10847.3701,10897.3096,10783.0000,10808.1504,0
2000-09-26,10806.2998,10813.2402,10615.7803,10631.3203,0
2000-09-27,10631.3203,10678.6699,10579.5195,10628.3604,0
2000-09-28,10629.8398,10856.2500,10623.1797,10824.0596,0
2000-09-29,10821.4004,10821.4004,10650.5498,10650.9199,0
2000-10-02,10659.0596,10721.2197,10631.3203,10700.1299,0
2000-10-03,10709.8398,10857.7305,10709.8398,10719.7402,0
2000-10-04,10723.3301,10849.9600,10713.6201,10784.4805,0
2000-10-05,10783.7197,10843.2998,10722.7002,10724.9199,0
2000-10-06,10726.7598,10779.8496,10518.8496,10596.5400,0
2000-10-09,10596.9102,10641.3096,10546.2305,10568.4297,0
2000-10-10,10569.1699,10623.5498,10488.8896,10524.4004,0
2000-10-11,10521.0703,10566.5801,10350.8896,10413.7900,0
2000-10-12,10424.1396,10460.4004,10023.4902,10034.5801,0
2000-10-13,10031.6201,10208.0898,10014.2402,10192.1797,0
2000-10-16,10184.7803,10272.0898,10177.7598,10238.7998,0
2000-10-17,10242.8701,10293.9199,10026.4502,10089.7100,0
2000-10-18,10085.9902,10085.9902,9654.6396,9975.0195,0
2000-10-19,10014.6104,10142.9805,10014.6104,10142.9805,0
2000-10-20,10141.1299,10229.5498,10067.5098,10226.5898,0
2000-10-23,10230.2900,10361.2500,10216.2305,10271.7197,0
2000-10-24,10273.5703,10439.3096,10273.5703,10393.0703,0
2000-10-25,10395.6602,10461.9697,10306.5898,10326.4805,0
2000-10-26,10326.4805,10454.8496,10265.0596,10380.1201,0
2000-10-27,10381.5996,10590.6201,10380.8604,10590.6201,0
2000-10-30,10588.0596,10869.5195,10578.4902,10835.7695,0
2000-10-31,10835.3896,10995.4102,10812.2598,10971.1396,0
2000-11-01,10966.2100,10993.5098,10838.0400,10899.4697,0
2000-11-02,10903.1699,10946.4902,10869.9004,10880.5098,0
2000-11-03,10883.1699,10883.1699,10756.9004,10817.9502,0
2000-11-06,10820.5996,11006.5000,10809.9805,10977.2100,0
2000-11-07,10978.7197,10996.5498,10926.0195,10952.1797,0
2000-11-08,10954.3398,11002.2305,10903.2695,10907.0596,0
2000-11-09,10902.1104,10902.1104,10618.4902,10834.2500,0
2000-11-10,10813.7803,10813.7803,10602.5703,10602.9502,0
2000-11-13,10595.3496,10595.7305,10369.7402,10517.2500,0
2000-11-14,10528.2500,10728.3604,10528.2500,10681.0596,0
2000-11-15,10681.2100,10799.3701,10635.9404,10707.5996,0
2000-11-16,10705.3301,10757.6602,10639.3496,10656.0303,0
2000-11-17,10657.1299,10762.5898,10565.7900,10629.8701,0
2000-11-20,10624.1797,10624.2803,10449.2803,10462.6504,0
2000-11-21,10465.5703,10569.0098,10415.2500,10494.5000,0
2000-11-22,10484.2598,10493.2695,10371.6396,10399.3203,0
2000-11-24,10403.8701,10508.1504,10397.0498,10470.2305,0
2000-11-27,10479.3301,10626.8398,10479.3301,10546.0703,0
2000-11-28,10537.8604,10613.9404,10489.5703,10507.5801,0
2000-11-29,10502.7402,10646.1699,10480.8301,10629.1104,0
2000-11-30,10610.5303,10610.5303,10292.3896,10414.4902,0
2000-12-01,10416.7598,10524.4502,10348.7002,10373.5400,0
2000-12-04,10377.3301,10604.4600,10319.3096,10560.9502,0
2000-12-05,10576.7803,10917.2998,10576.7803,10898.7197,0
2000-12-06,10896.1396,10896.1396,10620.8604,10664.3799,0
2000-12-07,10644.6602,10689.0195,10583.2305,10617.3604,0
2000-12-08,10632.1396,10803.5400,10631.8604,10712.9102,0
2000-12-11,10719.3604,10792.1602,10670.0596,10725.7998,0
2000-12-12,10725.7998,10856.2500,10703.8096,10768.2695,0
2000-12-13,10777.9502,10915.4004,10772.5400,10794.4404,0
2000-12-14,10794.8203,10798.9902,10615.8398,10674.9902,0
2000-12-15,10647.9805,10653.3799,10434.5898,10434.9600,0
2000-12-18,10433.3398,10679.9199,10433.3398,10645.4199,0
2000-12-19,10643.1396,10784.5801,10582.8496,10584.3701,0
2000-12-20,10580.9697,10580.9697,10318.9297,10318.9297,0
2000-12-21,10314.3799,10520.4697,10299.2100,10487.2900,0
2000-12-22,10495.2598,10640.8701,10475.3496,10635.5596,0
2000-12-26,10638.2100,10701.1602,10597.6396,10692.4404,0
2000-12-27,10690.0996,10828.9404,10645.0400,10803.1602,0
2000-12-28,10795.2002,10901.3701,10774.7197,10868.7598,0
2000-12-29,10868.7598,10917.6797,10758.3203,10787.9902,0
2001-01-02,10790.9199,10797.0195,10585.3604,10646.1504,0
2001-01-03,10637.4199,11019.0498,10581.0898,10945.7500,0
2001-01-04,10944.9404,11028.0000,10888.4199,10912.4102,0
2001-01-05,10912.8096,10919.4199,10627.7500,10662.0098,0
2001-01-08,10658.7305,10700.8496,10516.0195,10621.3496,0
2001-01-09,10625.2100,10680.7197,10531.0703,10572.5498,0
2001-01-10,10568.4805,10611.5898,10472.5098,10604.2695,0
2001-01-11,10600.2002,10638.0195,10552.6201,10609.5498,0
2001-01-12,10608.7402,10623.8896,10468.0400,10525.3799,0
2001-01-16,10525.7803,10664.0498,10486.6396,10652.6602,0
2001-01-17,10660.9502,10705.9297,10545.2998,10584.3398,0
2001-01-18,10584.5703,10737.2402,10567.4697,10678.2803,0
2001-01-19,10686.0000,10717.7197,10564.0098,10587.5898,0
2001-01-22,10581.9004,10634.3604,10509.9199,10578.2402,0
2001-01-23,10575.7998,10679.0898,10553.8398,10649.8096,0
2001-01-24,10651.8496,10680.3096,10619.7197,10646.9697,0
2001-01-25,10664.5303,10778.7197,10633.4404,10729.5195,0
2001-01-26,10727.0801,10742.9404,10625.0098,10659.9805,0
2001-01-29,10657.1299,10725.1396,10612.5303,10702.1904,0
2001-01-30,10702.1904,10900.7695,10682.9600,10881.2002,0
2001-01-31,10882.2500,10957.5000,10832.5801,10887.3604,0
2001-02-01,10884.8203,10983.7998,10864.1699,10983.6299,0
2001-02-02,10982.7100,11022.7803,10848.5801,10864.0996,0
2001-02-05,10860.4404,10977.6602,10851.4297,10965.8496,0
2001-02-06,10965.0303,11035.1396,10932.1797,10957.4199,0
2001-02-07,10948.9502,11004.0400,10911.2598,10946.7197,0
2001-02-08,10940.6201,10965.2002,10871.5000,10880.5498,0
2001-02-09,10878.5098,10889.2197,10754.9600,10781.4502,0
2001-02-12,10779.4199,10953.6299,10771.6504,10946.7695,0
2001-02-13,10950.1797,11012.9004,10894.3398,10903.3203,0
2001-02-14,10899.4199,10917.9102,10780.4102,10795.4102,0
2001-02-15,10800.6504,10922.5801,10800.6504,10891.0195,0
2001-02-16,10884.1104,10884.1104,10722.1504,10799.8203,0
2001-02-20,10800.2305,10903.1699,10727.5303,10730.8799,0
2001-02-21,10721.2900,10746.2100,10520.2695,10526.5801,0
2001-02-22,10527.7998,10566.1904,10372.4297,10526.8096,0
2001-02-23,10529.2500,10529.2500,10294.0098,10441.9004,0
2001-02-26,10447.5898,10642.5303,10421.9102,10642.5303,0
2001-02-27,10638.4404,10698.4297,10560.1201,10636.8799,0
2001-02-28,10639.3203,10684.7695,10423.5000,10495.2803,0
2001-03-01,10493.2500,10493.2500,10302.8896,10450.1396,0
2001-03-02,10438.0400,10579.2695,10302.0596,10466.3096,0
2001-03-05,10468.9297,10571.6201,10468.5303,10562.2998,0
2001-03-06,10570.1699,10690.9297,10570.1699,10591.2197,0
2001-03-07,10591.8604,10731.4805,10591.8604,10729.5996,0
2001-03-08,10727.1602,10859.5000,10711.2998,10858.2500,0
2001-03-09,10850.1104,10850.1104,10579.2695,10644.6201,0
2001-03-12,10638.5195,10638.6299,10166.6201,10208.2500,0
2001-03-13,10206.8896,10293.0801,10108.0898,10290.7998,0
2001-03-14,10279.4199,10279.4199,9895.5703,9973.4600,0
2001-03-15,9982.9199,10097.7305,9980.8496,10031.2803,0
2001-03-16,10023.5498,10049.7197,9814.3496,9823.4102,0
2001-03-19,9820.0498,9992.6602,9794.0703,9959.1104,0
2001-03-20,9961.1396,10019.9404,9718.1602,9720.7598,0
2001-03-21,9717.4600,9719.4404,9461.5400,9487.0000,0
2001-03-22,9490.6602,9497.7803,9106.5400,9389.4805,0
2001-03-23,9395.5801,9529.4004,9338.1504,9504.7803,0
2001-03-26,9509.2500,9724.8701,9509.2500,9687.5303,0
2001-03-27,9687.9297,9960.8799,9649.8096,9947.5400,0
2001-03-28,9941.2002,9941.2002,9695.8096,9785.3496,0
2001-03-29,9784.9404,9882.7998,9687.6104,9799.0596,0
2001-03-30,9799.4697,9908.1396,9760.6396,9878.7803,0
2001-04-02,9877.1602,9992.5303,9705.0703,9777.9297,0
2001-04-03,9774.7803,9774.7803,9428.0703,9485.7100,0
2001-04-04,9480.9502,9625.9004,9375.7197,9515.4199,0
2001-04-05,9527.2100,9929.7900,9527.2100,9918.0498,0
2001-04-06,9913.9404,9913.9404,9698.0703,9791.0898,0
2001-04-09,9793.5801,9935.5898,9775.7900,9845.1504,0
2001-04-10,9850.3496,10155.2402,9849.5000,10102.7402,0
2001-04-11,10109.0498,10173.7900,9951.9199,10013.4697,0
2001-04-12,10013.0801,10127.4600,9934.3496,10126.9404,0
2001-04-16,10118.1602,10184.6504,10046.5195,10158.5596,0
2001-04-17,10151.7305,10219.4004,10075.5400,10216.7305,0
2001-04-18,10226.8799,10687.1396,10226.8799,10615.8301,0
2001-04-19,10616.0898,10694.2402,10562.1504,10693.7100,0
2001-04-20,10690.3301,10706.4697,10517.0703,10579.8496,0
2001-04-23,10571.0000,10571.0000,10483.2305,10532.2305,0
2001-04-24,10529.7500,10636.9102,10448.0303,10454.3398,0
2001-04-25,10453.4297,10639.1904,10444.0596,10625.2002,0
2001-04-26,10633.0098,10766.9805,10623.7100,10692.3496,0
2001-04-27,10694.9502,10810.0498,10694.9502,10810.0498,0
2001-04-30,10814.4102,10906.4102,10712.1904,10734.9697,0
2001-05-01,10734.0498,10904.2002,10731.4502,10898.3398,0
2001-05-02,10902.7695,10939.2002,10802.5596,10876.6797,0
2001-05-03,10872.3203,10872.3203,10723.5703,10796.6504,0
2001-05-04,10793.2002,10958.1396,10673.2197,10951.2402,0
2001-05-07,10952.3496,10995.2803,10893.5898,10935.1699,0
2001-05-08,10936.6602,10946.8096,10819.8096,10883.5098,0
2001-05-09,10875.9600,10914.0098,10800.9404,10866.9805,0
2001-05-10,10868.8701,10979.0898,10868.7998,10910.4404,0
2001-05-11,10908.2998,10920.1396,10774.1299,10821.3096,0
2001-05-14,10819.5498,10878.7598,10800.1299,10877.3301,0
2001-05-15,10877.4600,10922.1699,10816.1699,10872.9697,0
2001-05-16,10864.7402,11231.1504,10814.3096,11215.9199,0
2001-05-17,11218.6504,11328.6104,11181.9102,11248.5801,0
2001-05-18,11245.7803,11303.7598,11193.5996,11301.7402,0
2001-05-21,11299.1396,11345.7197,11232.8398,11337.9199,0
2001-05-22,11339.7998,11350.0498,11239.5996,11257.2402,0
2001-05-23,11257.7598,11262.2500,11101.2100,11105.5098,0
2001-05-24,11107.0703,11173.3701,11044.9697,11122.4199,0
2001-05-25,11122.0303,11123.9902,10993.7900,11005.3701,0
2001-05-29,11004.6602,11066.0098,10970.4297,11039.1396,0
2001-05-30,11032.9600,11042.1299,10864.8301,10872.6396,0
2001-05-31,10873.2305,10978.9600,10865.9404,10911.9404,0
2001-06-01,10913.5703,11021.5703,10835.4902,10990.4102,0
2001-06-04,10991.7695,11071.6699,10938.8799,11061.5195,0
2001-06-05,11061.3896,11196.5303,11043.4404,11175.8398,0
2001-06-06,11177.7305,11179.6797,11059.6396,11070.2402,0
2001-06-07,11069.5801,11100.0400,11008.9502,11090.7402,0
2001-06-08,11095.6201,11096.4600,10938.0801,10977.0000,0
2001-06-11,10974.7900,10975.4404,10871.3398,10922.0898,0
2001-06-12,10914.6699,10982.1396,10788.5801,10948.3799,0
2001-06-13,10942.0000,11004.3301,10866.5195,10871.6201,0
2001-06-14,10868.2695,10868.4805,10659.4697,10690.1299,0
2001-06-15,10680.8096,10716.2998,10566.5498,10623.6396,0
2001-06-18,10622.5000,10709.0498,10614.7197,10645.3799,0
2001-06-19,10654.2998,10740.7900,10563.6602,10596.6699,0
2001-06-20,10593.7900,10702.0703,10563.8604,10647.3301,0
2001-06-21,10646.3896,10759.6396,10597.1396,10715.4297,0
2001-06-22,10716.5000,10724.6904,10573.9902,10604.5898,0
2001-06-25,10607.8799,10644.2402,10468.1201,10504.2197,0
2001-06-26,10497.2998,10534.2100,10394.7197,10472.4805,0
2001-06-27,10470.3496,10531.1904,10408.0000,10434.8398,0
2001-06-28,10438.7305,10646.4502,10438.6602,10566.2100,0
2001-06-29,10565.2695,10605.5898,10491.5996,10502.4004,0
2001-07-02,10504.9502,10638.8701,10467.3799,10593.7197,0
2001-07-03,10588.8896,10595.1299,10531.5195,10571.1104,0
2001-07-05,10566.2305,10567.6396,10461.1396,10479.8604,0
2001-07-06,10476.7305,10476.7305,10220.1396,10252.6797,0
2001-07-09,10253.6201,10323.1104,10222.2402,10299.4004,0
2001-07-10,10300.8203,10335.6299,10162.7100,10175.6396,0
2001-07-11,10174.7002,10274.0195,10120.8896,10241.0195,0
2001-07-12,10269.3096,10496.6396,10269.3096,10478.9902,0
2001-07-13,10478.3896,10549.7598,10432.5996,10539.0596,0
2001-07-16,10537.9805,10568.6904,10446.5996,10472.1201,0
2001-07-17,10468.6201,10628.4805,10438.6602,10606.3896,0
2001-07-18,10594.5400,10594.5400,10480.8799,10569.8301,0
2001-07-19,10574.3301,10679.1201,10523.9199,10610.0000,0
2001-07-20,10606.1904,10606.1904,10529.2500,10576.6504,0
2001-07-23,10576.9199,10595.4004,10419.7100,10424.4199,0
2001-07-24,10423.7998,10423.7998,10203.6904,10241.1201,0
2001-07-25,10241.7500,10405.6699,10241.1904,10405.6699,0
2001-07-26,10403.4600,10459.0195,10284.0898,10455.6299,0
2001-07-27,10451.8896,10460.1201,10375.2900,10416.6699,0
2001-07-30,10418.6797,10440.4805,10361.4502,10401.7197,0
2001-07-31,10403.1797,10595.0498,10402.9697,10522.8096,0
2001-08-01,10527.3799,10599.9600,10484.2002,10510.0098,0
2001-08-02,10513.4697,10609.6504,10513.4697,10551.1797,0
2001-08-03,10550.0098,10550.5596,10433.0703,10512.7803,0
2001-08-06,10504.1299,10504.1299,10374.9502,10401.3096,0
2001-08-07,10399.0303,10472.7197,10376.0498,10458.7402,0
2001-08-08,10456.1797,10479.6396,10267.9697,10293.5000,0
2001-08-09,10291.1504,10312.1904,10205.5596,10298.5596,0
2001-08-10,10296.8896,10433.4600,10197.3203,10416.2500,0
2001-08-13,10411.9004,10445.7998,10367.0596,10415.9102,0
2001-08-14,10416.9502,10478.8096,10386.9199,10412.1699,0
2001-08-15,10407.0498,10469.7402,10340.7598,10345.9502,0
2001-08-16,10342.0996,10395.2100,10271.5703,10392.5195,0
2001-08-17,10385.4600,10385.4600,10180.9297,10240.7803,0
2001-08-20,10239.3301,10320.0703,10210.4805,10320.0703,0
2001-08-21,10320.0703,10378.7500,10156.0195,10174.1396,0
2001-08-22,10170.2998,10305.1299,10134.5000,10276.9004,0
2001-08-23,10276.4102,10286.7900,10213.5195,10229.1504,0
2001-08-24,10232.4805,10440.6797,10223.7598,10423.1699,0
2001-08-27,10422.7598,10441.3701,10382.3496,10382.3496,0
2001-08-28,10382.5596,10382.8301,10214.3398,10222.0303,0
2001-08-29,10224.4502,10267.7002,10075.6104,10090.9004,0
2001-08-30,10077.0703,10117.5400,9869.1396,9919.5801,0
2001-08-31,9918.9600,10036.9404,9887.2002,9949.7500,0
2001-09-04,9946.9805,10182.3799,9894.8799,9997.4902,0
2001-09-05,9998.1201,10066.6904,9885.8799,10033.2695,0
2001-09-06,10028.3496,10028.3496,9826.0898,9840.8398,0
2001-09-07,9841.2500,9842.0801,9558.3896,9605.8496,0
2001-09-10,9603.3604,9671.7998,9493.5498,9605.5098,0
2001-09-17,9580.3203,9580.3203,8883.4004,8920.7002,0
2001-09-18,8922.7002,9022.0596,8861.0498,8903.4004,0
2001-09-19,8903.5400,8945.4697,8480.2100,8759.1299,0
2001-09-20,8748.6104,8748.8203,8375.7197,8376.2100,0
2001-09-21,8356.5596,8438.4102,8062.3398,8235.8096,0
2001-09-24,8242.3203,8649.3896,8242.3203,8603.8604,0
2001-09-25,8605.5898,8695.5400,8506.3604,8659.9697,0
2001-09-26,8660.0596,8718.1602,8527.0498,8567.3896,0
2001-09-27,8567.4600,8681.4199,8471.9697,8681.4199,0
2001-09-28,8679.0703,8856.5498,8679.0000,8847.5596,0
2001-10-01,8845.9697,8850.6699,8732.1396,8836.8301,0
2001-10-02,8836.6904,8950.5898,8798.4297,8950.5898,0
2001-10-03,8946.0195,9148.3496,8860.8398,9123.7803,0
2001-10-04,9127.2402,9187.3701,9045.3799,9060.8799,0
2001-10-05,9058.8301,9131.7402,8951.0703,9119.7695,0
2001-10-08,9115.7500,9144.8096,9012.2998,9067.9404,0
2001-10-09,9066.5596,9086.9697,9004.1396,9052.4404,0
2001-10-10,9052.2998,9252.9004,9000.1396,9240.8604,0
2001-10-11,9242.6299,9432.0400,9242.6299,9410.4502,0
2001-10-12,9409.0703,9409.0703,9193.7305,9344.1602,0
2001-10-15,9340.8398,9352.0498,9238.7803,9347.6201,0
2001-10-16,9346.3096,9411.1396,9298.7002,9384.2305,0
2001-10-17,9389.7598,9489.3301,9226.9502,9232.9697,0
2001-10-18,9230.7500,9233.9404,9134.2998,9163.2197,0
2001-10-19,9162.8096,9218.0195,9080.8096,9204.1104,0
2001-10-22,9203.9102,9392.8096,9167.4502,9377.0303,0
2001-10-23,9379.1699,9439.2100,9300.3701,9340.0801,0
2001-10-24,9341.4004,9388.8604,9278.7002,9345.6201,0
2001-10-25,9342.2900,9462.9004,9177.8896,9462.9004,0
2001-10-26,9462.2803,9598.1699,9423.3203,9545.1699,0
2001-10-29,9543.3701,9543.3701,9269.5000,9269.5000,0
2001-10-30,9264.5195,9264.5195,9065.5898,9121.9805,0
2001-10-31,9123.6396,9223.0703,9064.4102,9075.1396,0
2001-11-01,9087.4502,9284.4502,9014.4600,9263.9004,0
2001-11-02,9264.5195,9343.8203,9209.6504,9323.5400,0
2001-11-05,9326.5898,9476.4502,9326.1699,9441.0303,0
2001-11-06,9437.0898,9600.5996,9386.5098,9591.1201,0
2001-11-07,9584.6797,9644.1201,9522.4102,9554.3701,0
2001-11-08,9558.3896,9721.7500,9558.3896,9587.5195,0
2001-11-09,9586.9600,9630.4102,9519.7695,9608.0000,0
2001-11-12,9606.1299,9606.1299,9408.5801,9554.3701,0
2001-11-13,9551.4297,9755.7803,9551.4297,9750.9502,0
2001-11-14,9751.1299,9859.3799,9741.4102,9823.6104,0
2001-11-15,9824.6504,9903.0400,9808.2500,9872.3896,0
2001-11-16,9871.5098,9908.7900,9792.4697,9866.9902,0
2001-11-19,9870.4502,9976.4600,9870.4502,9976.4600,0
2001-11-20,9968.6396,9976.7305,9893.4902,9901.3799,0
2001-11-21,9894.1904,9894.1904,9796.4102,9834.6797,0
2001-11-23,9833.0898,9961.5801,9833.0195,9959.7100,0
2001-11-26,9961.5801,9992.7900,9903.8096,9982.7500,0
2001-11-27,9980.3301,9992.7197,9831.1504,9872.5996,0
2001-11-28,9867.0596,9867.2002,9706.6104,9711.8604,0
2001-11-29,9710.3398,9829.4199,9691.3896,9829.4199,0
2001-11-30,9828.7998,9891.5801,9802.9102,9851.5596,0
2001-12-03,9848.9297,9848.9297,9703.9004,9763.9600,0
2001-12-04,9765.5498,9893.8398,9743.0498,9893.8398,0
2001-12-05,9891.3496,10142.3203,9891.3496,10114.2900,0
2001-12-06,10113.5303,10169.4404,10079.7695,10099.1396,0
2001-12-07,10099.1396,10099.2100,10002.4102,10049.4600,0
2001-12-10,10047.0400,10075.6104,9921.4502,9921.4502,0
2001-12-11,9925.5996,10015.9004,9866.8496,9888.3701,0
2001-12-12,9887.2695,9919.7197,9806.0996,9894.8096,0
2001-12-13,9889.1299,9889.2002,9745.0703,9766.4502,0
2001-12-14,9764.7197,9848.4502,9736.4199,9811.1504,0
2001-12-17,9809.4199,9930.9297,9798.8398,9891.9697,0
2001-12-18,9893.2197,10015.3398,9892.5898,9998.3896,0
2001-12-19,9994.5898,10088.3398,9919.7900,10070.4902,0
2001-12-20,10064.1299,10076.0303,9985.1797,9985.1797,0
2001-12-21,9986.8398,10069.5000,9986.8398,10035.3398,0
2001-12-24,10036.5898,10072.9102,10034.4404,10035.3398,0
2001-12-26,10035.5498,10169.0898,10034.9297,10088.1396,0
2001-12-27,10088.7100,10147.2305,10080.8701,10131.3096,0
2001-12-28,10133.9404,10184.4502,10109.8604,10136.9902,0
2001-12-31,10136.3604,10137.6104,10019.1504,10021.5703,0
2002-01-02,10021.7100,10074.0195,9935.7002,10073.4004,0
2002-01-03,10073.8799,10174.0098,10051.9502,10172.1396,0
2002-01-04,10176.8398,10283.6699,10174.8398,10259.7402,0
2002-01-07,10261.3301,10300.1504,10188.1201,10197.0498,0
2002-01-08,10195.7598,10211.2305,10121.3496,10150.5498,0
2002-01-09,10153.1797,10270.8799,10069.4502,10094.0898,0
2002-01-10,10092.5000,10101.7695,10032.2305,10067.8604,0
2002-01-11,10069.5195,10098.3799,9985.2500,9987.5303,0
2002-01-14,9985.3799,9985.3799,9889.2695,9891.4199,0
2002-01-15,9892.7305,9986.2100,9865.6104,9924.1504,0
2002-01-16,9916.5400,9916.5400,9711.0996,9712.2695,0
2002-01-17,9712.2100,9857.7900,9712.2100,9850.0400,0
2002-01-18,9830.9404,9830.9404,9738.4297,9771.8496,0
2002-01-22,9772.3398,9842.8398,9696.5703,9713.7998,0
2002-01-23,9710.9600,9773.3701,9680.5098,9730.9600,0
2002-01-24,9734.2100,9856.9697,9734.2100,9796.0703,0
2002-01-25,9793.2305,9897.8496,9755.1104,9840.0801,0
2002-01-28,9843.0498,9894.5303,9798.5596,9865.7500,0
2002-01-29,9865.5400,9908.1602,9616.6504,9618.2402,0
2002-01-30,9619.1396,9775.5898,9529.4600,9762.8604,0
2002-01-31,9763.2002,9922.4902,9763.2002,9920.0000,0
2002-02-01,9923.0400,9943.9404,9860.6904,9907.2598,0
2002-02-04,9905.4600,9905.4600,9677.5400,9687.0898,0
2002-02-05,9684.7402,9773.7197,9603.9902,9685.4297,0
2002-02-06,9682.0400,9733.0996,9608.2100,9653.3896,0
2002-02-07,9650.9697,9743.0498,9624.1201,9625.4404,0
2002-02-08,9627.6504,9745.5596,9580.3203,9744.2402,0
2002-02-11,9739.8096,9892.7998,9710.6797,9884.7803,0
2002-02-12,9880.3496,9906.0195,9811.6396,9863.7402,0
2002-02-13,9856.9902,9998.2500,9856.9902,9989.6699,0
2002-02-14,9989.6699,10052.2900,9959.2305,10001.9902,0
2002-02-15,10000.8301,10007.4600,9893.7695,9903.0400,0
2002-02-19,9899.2402,9899.3799,9734.9004,9745.1396,0
2002-02-20,9742.3701,9956.0498,9734.2100,9941.1699,0
2002-02-21,9933.5596,10029.9404,9831.9805,9834.6797,0
2002-02-22,9834.8896,10002.5400,9796.1396,9968.1504,0
2002-02-25,9969.7500,10172.6201,9966.3604,10145.7100,0
2002-02-26,10145.8604,10186.8799,10033.7500,10115.2598,0
2002-02-27,10117.6504,10255.2402,10058.6602,10127.5801,0
2002-02-28,10130.2803,10238.7002,10104.8799,10106.1299,0
2002-03-01,10111.0400,10374.8799,10111.0400,10368.8604,0
2002-03-04,10368.0996,10600.0996,10366.7803,10586.8203,0
2002-03-05,10591.3799,10596.0898,10425.0498,10433.4102,0
2002-03-06,10431.9600,10601.5098,10425.7998,10574.2900,0
2002-03-07,10578.0996,10606.8799,10468.6396,10525.3701,0
2002-03-08,10531.6699,10663.8301,10531.6699,10572.4902,0
2002-03-11,10570.0703,10647.0898,10526.0000,10611.2402,0
2002-03-12,10604.3203,10639.6797,10510.9102,10632.3496,0
2002-03-13,10620.1699,10620.1699,10474.1699,10501.8496,0
2002-03-14,10501.2900,10551.1104,10474.7197,10517.1396,0
2002-03-15,10516.4502,10607.2305,10511.4697,10607.2305,0
2002-03-18,10608.5400,10661.0596,10525.0303,10577.7500,0
2002-03-19,10578.3799,10673.0996,10577.4805,10635.2500,0
2002-03-20,10626.8496,10626.9805,10496.0400,10501.5703,0
2002-03-21,10501.9902,10505.7197,10354.7402,10479.8398,0
2002-03-22,10477.7002,10491.1904,10386.3604,10427.6699,0
2002-03-25,10428.4297,10449.2598,10280.7695,10281.6699,0
2002-03-26,10280.5098,10432.8604,10276.7598,10353.3604,0
2002-03-27,10351.2803,10453.9004,10337.8604,10426.9102,0
2002-03-28,10429.6797,10502.6104,10403.7305,10403.9404,0
2002-04-01,10402.0703,10402.0703,10263.6797,10362.7002,0
2002-04-02,10352.4600,10352.4600,10264.8604,10313.7100,0
2002-04-03,10311.8096,10339.8604,10139.4805,10198.2900,0
2002-04-04,10199.5400,10261.8799,10157.2598,10235.1699,0
2002-04-05,10235.7998,10335.2998,10217.3896,10271.6396,0
2002-04-08,10258.9102,10258.9102,10120.8701,10249.0801,0
2002-04-09,10249.8398,10304.9902,10201.1299,10208.6699,0
2002-04-10,10210.4004,10394.6699,10210.4004,10381.7305,0
2002-04-11,10378.8896,10378.8896,10154.2803,10176.0801,0
2002-04-12,10178.5703,10237.9404,10138.6504,10190.8203,0
2002-04-15,10189.5703,10225.7598,10070.4902,10093.6699,0
2002-04-16,10100.3799,10308.1699,10100.1104,10301.3203,0
2002-04-17,10299.6602,10326.4404,10188.2598,10220.7803,0
2002-04-18,10219.4697,10258.8398,10057.0000,10205.2803,0
2002-04-19,10212.6904,10270.8799,10212.6904,10257.1104,0
2002-04-22,10256.0000,10256.0000,10109.2402,10136.4297,0
2002-04-23,10137.2002,10177.1299,10069.4600,10089.2402,0
2002-04-24,10090.0703,10163.4199,10027.6602,10030.4297,0
2002-04-25,10028.7002,10039.5596,9926.5703,10035.0596,0
2002-04-26,10037.4199,10082.6699,9910.7197,9910.7197,0
2002-04-29,9910.5195,9937.0898,9811.5703,9819.8701,0
2002-04-30,9818.9004,10006.2803,9818.9004,9946.2197,0
2002-05-01,9944.9004,10086.6104,9830.6699,10059.6299,0
2002-05-02,10057.6201,10117.5400,10040.1201,10091.8701,0
2002-05-03,10091.7305,10092.0801,9943.7100,10006.6299,0
2002-05-06,10005.7998,10023.8604,9807.6904,9808.0400,0
2002-05-07,9810.5303,9919.0303,9810.5303,9836.5498,0
2002-05-08,9847.9600,10148.9404,9847.9600,10141.8301,0
2002-05-09,10137.9600,10144.7402,10016.7305,10037.4199,0
2002-05-10,10040.2500,10062.0498,9922.3496,9939.9199,0
2002-05-13,9938.8203,10110.9697,9920.2002,10109.6602,0
2002-05-14,10119.3398,10304.4404,10119.3398,10298.1396,0
2002-05-15,10288.5596,10349.0703,10223.6904,10243.6797,0
2002-05-16,10242.1104,10318.8301,10230.6797,10289.2100,0
2002-05-17,10291.0498,10353.4297,10256.7197,10353.0801,0
2002-05-20,10348.9297,10348.9297,10211.7197,10229.5000,0
2002-05-21,10229.0801,10292.9502,10086.5498,10105.7100,0
2002-05-22,10098.5801,10157.8799,10063.5000,10157.8799,0
2002-05-23,10158.2998,10216.0801,10086.9600,10216.0801,0
2002-05-24,10211.9199,10217.6699,10084.7500,10104.2598,0
2002-05-28,10106.5400,10118.5098,9961.8604,9981.5801,0
2002-05-29,9976.9404,9988.5000,9922.9697,9923.0400,0
2002-05-30,9915.0098,9943.5195,9802.2305,9911.6904,0
2002-05-31,9915.1504,10042.2598,9915.0098,9925.2500,0
2002-06-03,9923.9404,9986.4902,9704.1797,9709.7900,0
2002-06-04,9710.3398,9739.4102,9592.7900,9687.8398,0
2002-06-05,9688.5303,9800.8896,9688.3203,9796.7998,0
2002-06-06,9795.7002,9802.5498,9594.6602,9624.6396,0
2002-06-07,9592.3799,9636.4697,9472.5400,9589.6699,0
2002-06-10,9587.3799,9718.0898,9562.5400,9645.4004,0
2002-06-11,9647.6201,9758.7998,9508.6904,9517.2598,0
2002-06-12,9515.1201,9624.7695,9449.9805,9617.7100,0
2002-06-13,9612.8701,9625.4004,9491.8604,9502.7998,0
2002-06-14,9498.9199,9498.9199,9260.9902,9474.2100,0
2002-06-17,9476.5000,9687.7695,9476.5000,9687.4199,0
2002-06-18,9684.5195,9721.7500,9636.9600,9706.1201,0
2002-06-19,9702.0000,9733.3896,9542.7402,9561.5703,0
2002-06-20,9561.6396,9573.8896,9425.8799,9431.7695,0
2002-06-21,9430.6602,9430.6602,9220.6299,9253.7900,0
2002-06-24,9252.4697,9369.9502,9083.5596,9281.8203,0
2002-06-25,9285.5596,9413.0801,9111.2500,9126.8203,0
2002-06-26,9108.2197,9160.8096,8926.5703,9120.1104,0
2002-06-27,9122.1201,9269.9199,9034.9600,9269.9199,0
2002-06-28,9270.3301,9362.8203,9237.7305,9243.2598,0
2002-07-01,9239.2500,9327.4404,9106.8896,9109.7900,0
2002-07-02,9104.9502,9135.8203,8960.5400,9007.7500,0
2002-07-03,9006.3701,9070.8896,8897.5400,9054.9697,0
2002-07-05,9061.5400,9379.8496,9061.5400,9379.5000,0
2002-07-08,9375.7002,9410.3799,9240.3604,9274.9004,0
2002-07-09,9273.3799,9318.0996,9081.9600,9096.0898,0
2002-07-10,9098.1602,9134.2305,8811.7002,8813.5000,0
2002-07-11,8812.1201,8854.9004,8605.3398,8801.5303,0
2002-07-12,8805.3301,8849.2197,8599.6602,8684.5303,0
2002-07-15,8681.2803,8681.9004,8244.8701,8639.1904,0
2002-07-16,8635.3096,8635.6602,8406.4502,8473.1104,0
2002-07-17,8476.2100,8723.3701,8452.7598,8542.4805,0
2002-07-18,8540.4697,8621.9502,8404.4297,8409.4902,0
2002-07-19,8406.0996,8406.0996,7966.7202,8019.2598,0
2002-07-22,8015.0400,8103.8599,7717.2900,7784.5801,0
2002-07-23,7785.5498,7894.4102,7682.8901,7702.3398,0
2002-07-24,7698.4600,8202.0195,7532.6602,8191.2900,0
2002-07-25,8185.8901,8309.3896,7945.9502,8186.3101,0
2002-07-26,8192.6104,8267.7197,8114.5898,8264.3896,0
2002-07-29,8267.9902,8711.8799,8267.9902,8711.8799,0
2002-07-30,8707.0303,8762.1396,8540.1201,8680.0303,0
2002-07-31,8678.6504,8736.7305,8537.0996,8736.5898,0
2002-08-01,8732.5801,8734.3096,8479.9004,8506.6201,0
2002-08-02,8504.9600,8508.7695,8203.8203,8313.1299,0
2002-08-05,8312.9199,8312.9199,8030.8198,8043.6299,0
2002-08-06,8049.9302,8418.1504,8049.9302,8274.0898,0
2002-08-07,8282.2500,8460.1699,8214.6201,8456.1504,0
2002-08-08,8456.2900,8717.4199,8430.3301,8712.0195,0
2002-08-09,8707.2402,8796.6797,8575.9805,8745.4502,0
2002-08-12,8741.9199,8742.0596,8582.0098,8688.8896,0
2002-08-13,8683.1504,8745.5195,8473.3203,8482.3896,0
2002-08-14,8479.1396,8748.2900,8353.0703,8743.3096,0
2002-08-15,8745.0400,8854.2100,8687.9199,8818.1396,0
2002-08-16,8813.0703,8837.5195,8709.3896,8778.0596,0
2002-08-19,8777.0898,8994.1201,8753.5195,8990.7900,0
2002-08-20,8986.5000,8986.5000,8822.0195,8872.0703,0
2002-08-21,8866.1396,8974.3604,8798.8896,8957.2305,0
2002-08-22,8961.1797,9077.0098,8926.9199,9053.6396,0
2002-08-23,9051.4902,9051.4902,8829.9600,8872.9600,0
2002-08-26,8873.9297,8949.5303,8756.0195,8919.0098,0
2002-08-27,8917.4902,9017.0195,8782.0303,8824.4102,0
2002-08-28,8823.9297,8823.9902,8646.1904,8694.0898,0
2002-08-29,8690.6904,8742.0098,8558.0195,8670.9902,0
2002-08-30,8669.2598,8783.3496,8605.8701,8663.5000,0
2002-09-03,8659.2695,8659.2695,8304.2998,8308.0498,0
2002-09-04,8308.5303,8452.5898,8280.4004,8425.1201,0
2002-09-05,8420.2002,8420.2002,8217.0498,8283.7002,0
2002-09-06,8296.4600,8474.7100,8296.4600,8427.2002,0
2002-09-09,8425.8799,8558.0098,8315.4697,8519.3799,0
2002-09-10,8520.1396,8602.6104,8502.3203,8602.6104,0
2002-09-11,8604.2695,8726.9004,8570.2197,8581.1699,0
2002-09-12,8574.9404,8574.9404,8359.0898,8379.4102,0
2002-09-13,8377.6797,8378.4404,8247.8398,8312.6904,0
2002-09-16,8311.7900,8389.2598,8257.6904,8380.1797,0
2002-09-17,8386.3496,8482.3398,8192.0098,8207.5498,0
2002-09-18,8203.0703,8253.3203,8051.9102,8172.4502,0
2002-09-19,8170.6499,8170.6499,7939.8301,7942.3901,0
2002-09-20,7945.9302,8017.3701,7922.0698,7986.0200,0
2002-09-23,7984.7700,7984.7700,7788.4199,7872.1499,0
2002-09-24,7871.2300,7871.2300,7666.0000,7683.1299,0
2002-09-25,7687.1602,7891.2798,7665.6602,7841.8198,0
2002-09-26,7844.6201,8012.4199,7844.6201,7997.1201,0
2002-09-27,7996.0098,7996.0098,7694.7202,7701.4502,0
2002-09-30,7698.8101,7698.8101,7460.7798,7591.9302,0
2002-10-01,7593.0400,7940.5898,7593.0400,7938.7900,0
2002-10-02,7936.5698,7969.3701,7742.0200,7755.6099,0
2002-10-03,7753.4600,7913.4702,7693.3301,7717.1899,0
2002-10-04,7719.3398,7784.8101,7472.0098,7528.3999,0
2002-10-07,7528.6802,7637.9102,7404.9399,7422.8398,0
2002-10-08,7425.8198,7622.6602,7331.4199,7501.4902,0
2002-10-09,7499.9600,7500.0298,7282.3901,7286.2700,0
2002-10-10,7286.3398,7560.9302,7197.4902,7533.9502,0
2002-10-11,7540.7402,7901.2598,7540.7402,7850.2900,0
2002-10-14,7848.2100,7915.0000,7745.7002,7877.3999,0
2002-10-15,7883.2300,8255.6797,7883.2300,8255.6797,0
2002-10-16,8232.0996,8232.0996,8013.4102,8036.0298,0
2002-10-17,8038.3101,8318.4502,8038.2402,8275.0400,0
2002-10-18,8287.7197,8331.5596,8147.2002,8322.4004,0
2002-10-21,8320.7402,8547.8301,8230.5000,8538.2402,0
2002-10-22,8534.0801,8534.0801,8376.1504,8450.1602,0
2002-10-23,8448.5596,8494.7598,8294.3799,8494.2695,0
2002-10-24,8495.3799,8558.6299,8277.8701,8317.3398,0
2002-10-25,8317.4805,8445.2998,8258.5195,8443.9902,0
2002-10-28,8448.9805,8531.4502,8325.4502,8368.0400,0
2002-10-29,8367.2803,8399.7402,8198.0400,8368.9404,0
2002-10-30,8363.9502,8459.3096,8307.4199,8427.4102,0
2002-10-31,8427.3398,8493.9199,8336.3398,8397.0303,0
2002-11-01,8395.6396,8542.2695,8309.5000,8517.6396,0
2002-11-04,8521.5996,8730.6396,8521.5996,8571.5996,0
2002-11-05,8568.7598,8691.3799,8544.4199,8678.2695,0
2002-11-06,8677.1699,8800.0000,8590.1904,8771.0098,0
2002-11-07,8766.0801,8766.2197,8549.8203,8586.2402,0
2002-11-08,8585.7500,8668.9102,8498.9199,8537.1299,0
2002-11-11,8535.8096,8535.8799,8349.5303,8358.9502,0
2002-11-12,8356.7305,8504.6699,8356.7305,8386.0000,0
2002-11-13,8380.3203,8493.5098,8298.6797,8398.4902,0
2002-11-14,8403.6904,8545.1104,8403.6904,8542.1299,0
2002-11-15,8535.6396,8583.9502,8460.7695,8579.0898,0
2002-11-18,8579.7402,8636.2402,8480.6797,8486.5703,0
2002-11-19,8484.9297,8546.8398,8405.1201,8474.7803,0
2002-11-20,8469.5703,8643.0303,8439.0596,8623.0098,0
2002-11-21,8625.4805,8856.5703,8625.4805,8845.1504,0
2002-11-22,8842.4102,8880.3896,8801.0000,8804.8398,0
2002-11-25,8804.9697,8868.8701,8756.0195,8849.4004,0
2002-11-26,8844.1201,8844.4004,8670.1797,8676.4199,0
2002-11-27,8678.9600,8939.9102,8678.9600,8931.6797,0
2002-11-29,8933.6699,8950.3301,8891.2900,8896.0898,0
2002-12-02,8902.9502,9043.3701,8787.1504,8862.5703,0
2002-12-03,8861.1299,8861.1299,8721.8799,8742.9297,0
2002-12-04,8734.2197,8811.6201,8653.3799,8737.8496,0
2002-12-05,8740.6602,8769.0498,8608.7500,8623.2803,0
2002-12-06,8620.8799,8679.5098,8501.8604,8645.7695,0
2002-12-09,8643.9902,8643.9902,8473.0000,8473.4102,0
2002-12-10,8473.6104,8578.9902,8469.5498,8574.2598,0
2002-12-11,8571.5195,8625.8896,8487.5303,8589.1396,0
2002-12-12,8590.9902,8615.1299,8510.8398,8538.4004,0
2002-12-13,8536.0703,8536.0703,8422.9404,8433.7100,0
2002-12-16,8436.5898,8627.5400,8434.7402,8627.4004,0
2002-12-17,8626.9902,8638.6396,8525.0303,8535.3896,0
2002-12-18,8531.3096,8531.3799,8407.7197,8447.3496,0
2002-12-19,8441.9404,8505.2305,8327.7803,8364.7998,0
2002-12-20,8367.4102,8513.6504,8367.4102,8511.3203,0
2002-12-23,8511.3896,8554.0400,8462.6396,8493.2900,0
2002-12-24,8491.9902,8491.9902,8443.6504,8448.1104,0
2002-12-26,8448.8604,8565.0098,8408.7100,8432.6104,0
2002-12-27,8429.2803,8449.4102,8285.1396,8303.7803,0
2002-12-30,8304.0596,8364.7402,8252.5098,8332.8496,0
2002-12-31,8332.2402,8361.3096,8242.9102,8341.6299,0
2003-01-02,8342.3799,8608.2695,8342.3799,8607.5195,0
2003-01-03,8607.3799,8635.4902,8552.8701,8601.6904,0
2003-01-06,8602.7803,8800.5898,8602.0996,8773.5703,0
2003-01-07,8775.8398,8802.6396,8713.0303,8740.5898,0
2003-01-08,8735.9297,8736.0703,8580.0996,8595.3096,0
2003-01-09,8596.6797,8787.7002,8596.6104,8776.1797,0
2003-01-10,8776.0400,8818.5498,8689.5801,8784.8896,0
2003-01-13,8787.8301,8869.2900,8746.9697,8785.9805,0
2003-01-14,8787.2197,8843.3701,8746.3496,8842.6201,0
2003-01-15,8843.6396,8854.6104,8702.1396,8723.1797,0
2003-01-16,8721.1201,8805.5195,8673.0498,8697.8701,0
2003-01-17,8695.8203,8695.8203,8559.1104,8586.7402,0
2003-01-21,8586.2598,8623.4902,8438.1797,8442.9004,0
2003-01-22,8439.5400,8444.6104,8306.5898,8318.7305,0
2003-01-23,8320.7197,8386.6104,8255.8604,8369.4697,0
2003-01-24,8367.8896,8367.8896,8112.4302,8131.0098,0
2003-01-27,8128.5400,8150.3398,7957.8198,7989.5601,0
2003-01-28,7991.0698,8114.0000,7991.0698,8088.8398,0
2003-01-29,8087.9502,8158.0200,7945.0000,8110.7100,0
2003-01-30,8109.1401,8141.0898,7938.6201,7945.1299,0
2003-01-31,7939.7202,8089.6602,7917.1602,8053.8101,0
2003-02-03,8053.7402,8152.0801,8053.7402,8109.8198,0
2003-02-04,8104.6099,8104.6099,7934.7700,8013.2900,0
2003-02-05,8014.4502,8152.5298,7967.8198,7985.1802,0
2003-02-06,7981.9502,7991.9600,7881.2998,7929.2998,0
2003-02-07,7932.4502,8001.0801,7830.0200,7864.2300,0
2003-02-10,7865.7402,7933.6802,7801.2900,7920.1099,0
2003-02-11,7920.9302,7985.5200,7806.5000,7843.1099,0
2003-02-12,7836.3599,7854.6201,7753.7100,7758.1699,0
2003-02-13,7756.5498,7781.8901,7628.9902,7749.8701,0
2003-02-14,7750.8999,7908.7998,7725.3198,7908.7998,0
2003-02-18,7909.2998,8076.0200,7909.2998,8041.1499,0
2003-02-19,8033.7998,8043.1099,7935.2700,8000.6001,0
2003-02-20,8002.7002,8027.3501,7893.7402,7914.9600,0
2003-02-21,7915.5200,8039.2700,7854.3799,8018.1099,0
2003-02-24,8017.3398,8017.3398,7851.1099,7858.2402,0
2003-02-25,7856.4199,7920.4902,7719.6401,7909.5000,0
2003-02-26,7907.3901,7925.8101,7793.8901,7806.9800,0
2003-02-27,7807.9600,7924.6201,7789.9502,7884.9902,0
2003-02-28,7886.1099,7965.7998,7855.4399,7891.0801,0
2003-03-03,7890.2402,7981.4600,7822.7300,7837.8599,0
2003-03-04,7838.1401,7845.7100,7704.3101,7704.8701,0
2003-03-05,7702.3501,7775.6001,7661.3198,7775.6001,0
2003-03-06,7774.7598,7777.4199,7659.0898,7673.9902,0
2003-03-07,7671.7500,7743.8198,7562.6499,7740.0298,0
2003-03-10,7739.3999,7739.4702,7559.6401,7568.1802,0
2003-03-11,7568.5298,7642.4102,7520.6299,7524.0601,0
2003-03-12,7517.7598,7552.0698,7416.6401,7552.0698,0
2003-03-13,7555.2900,7824.3398,7555.2900,7821.7500,0
2003-03-14,7822.1699,7931.6299,7799.4800,7859.7100,0
2003-03-17,7857.9600,8145.8398,7779.7300,8141.9199,0
2003-03-18,8142.6899,8209.3604,8096.1201,8194.2305,0
2003-03-19,8193.0400,8277.6396,8141.5000,8265.4502,0
2003-03-20,8264.6797,8318.8096,8130.8599,8286.5996,0
2003-03-21,8290.3799,8522.1797,8290.3799,8521.9697,0
2003-03-24,8514.8203,8514.8203,8185.2002,8214.6797,0
2003-03-25,8216.8496,8337.7197,8180.7202,8280.2305,0
2003-03-26,8279.8799,8284.9902,8187.7300,8229.8799,0
2003-03-27,8226.3896,8251.7998,8104.0498,8201.4502,0
2003-03-28,8198.8496,8205.0898,8105.7900,8145.7700,0
2003-03-31,8142.8301,8142.8301,7929.3101,7992.1299,0
2003-04-01,7992.8301,8100.5298,7979.6899,8069.8599,0
2003-04-02,8069.8599,8316.5801,8069.8599,8285.0596,0
2003-04-03,8285.7598,8335.6201,8237.5400,8240.3799,0
2003-04-04,8240.5898,8305.8604,8215.0996,8277.1504,0
2003-04-07,8284.1504,8520.2100,8284.1504,8300.4102,0
2003-04-08,8299.1201,8342.8301,8260.4805,8298.9199,0
2003-04-09,8299.2803,8388.3301,8195.1396,8197.9404,0
2003-04-10,8198.9902,8225.0400,8145.8701,8221.3301,0
2003-04-11,8223.2197,8337.5801,8179.8799,8203.4102,0
2003-04-14,8203.9697,8351.9404,8201.5498,8351.0996,0
2003-04-15,8347.6602,8402.4297,8307.5400,8402.3604,0
2003-04-16,8405.7197,8446.4697,8233.7305,8257.6104,0
2003-04-17,8255.7900,8347.4502,8235.4102,8337.6504,0
2003-04-21,8336.6699,8397.9502,8301.9404,8328.9004,0
2003-04-22,8326.3799,8487.5098,8263.9805,8484.9902,0
2003-04-23,8484.9199,8526.3799,8451.4502,8515.6602,0
2003-04-24,8512.4404,8512.4404,8395.7002,8440.0400,0
2003-04-25,8438.9805,8439.3301,8288.4902,8306.3496,0
2003-04-28,8306.8398,8501.6602,8305.0303,8471.6104,0
2003-04-29,8472.8799,8559.7695,8442.3398,8502.9902,0
2003-04-30,8501.3799,8528.7500,8432.1201,8480.0898,0
2003-05-01,8478.4805,8488.3496,8340.2305,8454.2500,0
2003-05-02,8453.4805,8593.2500,8409.2900,8582.6797,0
2003-05-05,8583.1699,8601.9404,8511.1104,8531.5703,0
2003-05-06,8531.2803,8641.2197,8525.7500,8588.3604,0
2003-05-07,8585.4199,8635.0596,8529.0400,8560.6299,0
2003-05-08,8558.6699,8575.1104,8477.3604,8491.2197,0
2003-05-09,8492.6904,8612.7900,8492.6904,8604.5996,0
2003-05-12,8603.9004,8743.4697,8569.4404,8726.7305,0
2003-05-13,8722.8799,8723.2900,8647.5996,8679.2500,0
2003-05-14,8673.2900,8728.4102,8608.3096,8647.8203,0
2003-05-15,8649.2197,8727.7803,8643.1104,8713.1396,0
2003-05-16,8710.3604,8742.5801,8644.8203,8678.9697,0
2003-05-19,8676.5195,8676.5898,8483.3096,8493.3896,0
2003-05-20,8494.0898,8550.2598,8416.7197,8491.3604,0
2003-05-21,8485.6201,8523.1602,8431.2100,8516.4297,0
2003-05-22,8516.9902,8628.1396,8509.2197,8594.0195,0
2003-05-23,8594.0195,8625.8203,8541.5703,8601.3799,0
2003-05-27,8600.5400,8792.4404,8540.5898,8781.3496,0
2003-05-28,8781.8398,8854.5303,8773.9297,8793.1201,0
2003-05-29,8787.2305,8862.5801,8679.5996,8711.1797,0
2003-05-30,8711.4600,8868.3301,8711.3896,8850.2598,0
2003-06-02,8851.4502,9003.2695,8851.4502,8897.8096,0
2003-06-03,8898.2305,8940.3799,8861.3203,8922.9502,0
2003-06-04,8919.9404,9057.4004,8909.0098,9038.9805,0
2003-06-05,9036.6699,9045.1504,8969.2402,9041.2998,0
2003-06-06,9045.5703,9215.8799,9045.5703,9062.7900,0
2003-06-09,9061.1797,9066.4502,8945.5898,8980.0000,0
2003-06-10,8980.7900,9059.2900,8980.6504,9054.8896,0
2003-06-11,9048.8496,9183.2197,9038.0703,9183.2197,0
2003-06-12,9184.2900,9236.1104,9116.8604,9196.5498,0
2003-06-13,9197.8799,9222.6699,9074.0801,9117.1201,0
2003-06-16,9117.5596,9318.9600,9117.5596,9318.9600,0
2003-06-17,9319.6602,9352.7695,9268.9600,9323.0195,0
2003-06-18,9322.6699,9333.6602,9232.0498,9293.7998,0
2003-06-19,9293.7998,9313.2900,9154.7402,9179.5303,0
2003-06-20,9180.9297,9276.5098,9180.9297,9200.7500,0
2003-06-23,9199.4902,9199.7002,9038.2900,9072.9502,0
2003-06-24,9071.4805,9140.8096,9057.8896,9109.8496,0
2003-06-25,9109.5703,9161.7402,9000.6797,9011.5303,0
2003-06-26,9011.0596,9092.2100,8987.1602,9079.0400,0
2003-06-27,9079.7402,9105.5098,8970.2803,8989.0498,0
2003-06-30,8990.7402,9068.0498,8970.4297,8985.4404,0
2003-07-01,8983.6602,9050.8203,8871.2002,9040.9502,0
2003-07-02,9043.5400,9148.2998,9043.5400,9142.8398,0
2003-07-03,9141.1602,9149.6299,9035.3398,9070.2100,0
2003-07-07,9073.9199,9261.1201,9073.9199,9216.7900,0
2003-07-08,9213.4805,9236.3896,9162.9404,9223.0898,0
2003-07-09,9221.9004,9229.1104,9108.2402,9156.2100,0
2003-07-10,9154.5303,9154.5303,8996.7598,9036.0400,0
2003-07-11,9036.3896,9146.4805,9035.5195,9119.5898,0
2003-07-14,9126.4502,9278.4102,9126.4502,9177.1504,0
2003-07-15,9179.1797,9238.0098,9091.2998,9128.9697,0
2003-07-16,9133.7002,9153.4199,9042.1904,9094.5898,0
2003-07-17,9089.3398,9113.5703,9017.8398,9050.8203,0
2003-07-18,9052.2900,9188.1504,9052.2900,9188.1504,0
2003-07-21,9187.7998,9187.7998,9075.1904,9096.6904,0
2003-07-22,9098.6504,9174.4199,9037.2998,9158.4502,0
2003-07-23,9159.0801,9203.4805,9102.2803,9194.2402,0
2003-07-24,9196.5596,9281.4199,9106.4199,9112.5098,0
2003-07-25,9113.8496,9284.5703,9085.1299,9284.5703,0
2003-07-28,9284.9199,9303.8301,9234.5000,9266.5098,0
2003-07-29,9268.1904,9289.6904,9168.2598,9204.4600,0
2003-07-30,9204.3896,9236.5400,9164.9697,9200.0498,0
2003-07-31,9199.3496,9361.4004,9199.2803,9233.7998,0
2003-08-01,9232.6797,9234.2197,9138.2900,9153.9697,0
2003-08-04,9154.1797,9209.1504,9048.5801,9186.0400,0
2003-08-05,9185.2695,9187.7305,9034.5703,9036.3203,0
2003-08-06,9032.9600,9134.5703,8997.1104,9061.7402,0
2003-08-07,9060.4805,9135.0000,9031.1396,9126.4502,0
2003-08-08,9127.3604,9191.3701,9127.3604,9191.0898,0
2003-08-11,9189.6201,9251.5898,9146.6201,9217.3496,0
2003-08-12,9218.1201,9310.2695,9208.7998,9310.0596,0
2003-08-13,9303.6904,9322.1104,9233.9404,9271.7598,0
2003-08-14,9272.2500,9334.5703,9218.8203,9310.5596,0
2003-08-15,9308.5195,9337.1699,9281.5000,9321.6904,0
2003-08-18,9320.6602,9419.3799,9320.5898,9412.4502,0
2003-08-19,9412.1699,9445.0801,9351.7305,9428.9004,0
2003-08-20,9420.1299,9423.2598,9364.0303,9397.5098,0
2003-08-21,9399.9600,9481.4404,9391.8896,9423.6797,0
2003-08-22,9436.0400,9499.9697,9345.8604,9348.8701,0
2003-08-25,9349.4404,9350.7695,9280.9404,9317.6396,0
2003-08-26,9316.0303,9353.8604,9233.0801,9340.4502,0
2003-08-27,9339.8203,9346.9805,9306.4902,9333.7900,0
2003-08-28,9334.3496,9392.5898,9261.5703,9374.2100,0
2003-08-29,9373.3301,9421.2305,9350.0703,9415.8203,0
2003-09-02,9416.6699,9535.9697,9389.5801,9523.2695,0
2003-09-03,9521.8604,9597.3799,9514.4902,9568.4600,0
2003-09-04,9569.0898,9609.0898,9541.7197,9587.9004,0
2003-09-05,9589.5195,9589.5195,9461.3701,9503.3398,0
2003-09-08,9503.4102,9599.3398,9503.4102,9586.2900,0
2003-09-09,9584.9199,9584.9502,9490.8398,9507.2002,0
2003-09-10,9504.8799,9504.9502,9400.3799,9420.4600,0
2003-09-11,9415.0498,9502.8398,9410.4199,9459.7598,0
2003-09-12,9456.8799,9488.3203,9380.9502,9471.5498,0
2003-09-15,9471.1904,9490.9102,9436.5996,9448.8096,0
2003-09-16,9449.1602,9571.1299,9449.1602,9567.3398,0
2003-09-17,9566.0801,9594.4297,9536.8096,9545.6504,0
2003-09-18,9544.0400,9662.8398,9538.2803,9659.1299,0
2003-09-19,9661.7998,9686.0801,9610.1504,9644.8203,0
2003-09-22,9641.7998,9641.8701,9501.7197,9535.4102,0
2003-09-23,9535.7598,9583.4805,9511.4102,9576.0400,0
2003-09-24,9575.9697,9592.6699,9423.5400,9425.5098,0
2003-09-25,9425.5801,9458.4902,9342.9805,9343.9600,0
2003-09-26,9342.4297,9358.2803,9303.8203,9313.0801,0
2003-09-29,9314.4199,9395.3203,9293.2197,9380.2402,0
2003-09-30,9378.0996,9378.0996,9230.4697,9275.0596,0
2003-10-01,9276.7998,9472.7598,9276.7998,9469.2002,0
2003-10-02,9464.7598,9511.0596,9427.6504,9487.7998,0
2003-10-03,9492.5400,9666.5303,9492.5400,9572.3096,0
2003-10-06,9572.3896,9624.9102,9562.5303,9594.9805,0
2003-10-07,9593.2803,9654.6104,9536.0195,9654.6104,0
2003-10-08,9653.3301,9672.0195,9595.2803,9630.9004,0
2003-10-09,9633.3496,9768.6904,9633.2002,9680.0098,0
2003-10-10,9682.9004,9712.2402,9656.5303,9674.6797,0
2003-10-13,9675.7197,9783.4902,9675.5703,9764.3799,0
2003-10-14,9763.2695,9812.9805,9732.3096,9812.9805,0
2003-10-15,9824.0898,9850.0098,9764.4600,9803.0498,0
2003-10-16,9798.6797,9823.4199,9730.3799,9791.7197,0
2003-10-17,9791.8604,9815.7900,9701.7197,9721.7900,0
2003-10-20,9721.5000,9777.9404,9705.5703,9777.9404,0
2003-10-21,9778.3096,9784.3096,9736.6797,9747.6396,0
2003-10-22,9741.9805,9742.0498,9580.2402,9598.2402,0
2003-10-23,9597.2002,9622.1602,9551.7305,9613.1299,0
2003-10-24,9600.9805,9600.9805,9497.7197,9582.4600,0
2003-10-27,9584.5400,9663.7900,9584.5400,9608.1602,0
2003-10-28,9609.7197,9749.9404,9609.7197,9748.3096,0
2003-10-29,9747.0498,9787.2695,9724.6797,9774.5303,0
2003-10-30,9772.0098,9838.7598,9754.0098,9786.6104,0
2003-10-31,9786.7500,9839.8604,9786.7500,9801.1201,0
2003-11-03,9802.4600,9896.1602,9802.3799,9858.4600,0
2003-11-04,9857.4902,9874.8301,9819.8604,9838.8301,0
2003-11-05,9837.6396,9859.3398,9778.3096,9820.8301,0
2003-11-06,9820.6797,9870.5996,9773.1201,9856.9697,0
2003-11-07,9857.1201,9903.5703,9798.6104,9809.7900,0
2003-11-10,9807.4902,9824.3799,9736.9004,9756.5303,0
2003-11-11,9756.5303,9761.2002,9719.0498,9737.7900,0
2003-11-12,9729.5000,9859.3398,9729.4199,9848.8301,0
2003-11-13,9846.9697,9852.9004,9792.0098,9837.9404,0
2003-11-14,9836.4600,9892.9697,9737.7900,9768.6797,0
2003-11-17,9765.6396,9765.6396,9629.8701,9710.8301,0
2003-11-18,9711.4404,9750.4600,9622.3896,9624.1602,0
2003-11-19,9620.6797,9707.6396,9614.2402,9690.4600,0
2003-11-20,9688.4600,9726.0898,9613.7197,9619.4199,0
2003-11-21,9622.0195,9650.3096,9585.5000,9628.5303,0
2003-11-24,9629.8701,9749.3496,9629.8701,9747.7900,0
2003-11-25,9748.6797,9795.2100,9723.7900,9763.9404,0
2003-11-26,9763.4902,9794.6797,9706.0098,9779.5703,0
2003-11-28,9779.7197,9804.9805,9764.8301,9782.4600,0
2003-12-01,9785.3496,9902.2305,9785.3496,9899.0498,0
2003-12-02,9899.6396,9900.4502,9837.2695,9853.6396,0
2003-12-03,9851.9404,9942.0098,9851.4199,9873.4199,0
2003-12-04,9874.8301,9933.8604,9865.7803,9930.8203,0
2003-12-05,9923.2695,9923.4199,9846.3096,9862.6797,0
2003-12-08,9862.0098,9970.1602,9859.5703,9965.2695,0
2003-12-09,9966.4502,10003.1201,9916.9004,9923.4199,0
2003-12-10,9922.3799,9958.3799,9882.3799,9921.8604,0
2003-12-11,9922.4502,10026.5303,9920.9697,10008.1602,0
2003-12-12,10008.7500,10052.0703,9976.7900,10042.1602,0
2003-12-15,10046.5303,10139.6299,10021.6396,10022.8203,0
2003-12-16,10023.3398,10137.6299,10023.3398,10129.5596,0
2003-12-17,10128.7500,10146.3799,10094.7500,10145.2598,0
2003-12-18,10141.4102,10254.0801,10137.3398,10248.0801,0
2003-12-19,10249.4805,10293.1904,10230.0801,10278.2197,0
2003-12-22,10276.4805,10338.0000,10255.2598,10338.0000,0
2003-12-23,10337.5596,10375.9297,10296.1504,10341.2598,0
2003-12-24,10341.4102,10341.4805,10305.1201,10305.1904,0
2003-12-26,10305.8496,10343.0400,10304.8203,10324.6699,0
2003-12-29,10321.3496,10450.0000,10321.3496,10450.0000,0
2003-12-30,10449.7002,10456.0703,10405.8496,10425.0400,0
2003-12-31,10426.2998,10462.4404,10407.0400,10453.9199,0
2004-01-02,10452.7402,10527.0303,10384.2998,10409.8496,0
2004-01-05,10411.8496,10544.0703,10411.8496,10544.0703,0
2004-01-06,10543.8496,10549.1797,10499.8496,10538.6602,0
2004-01-07,10535.4600,10539.4600,10466.2900,10529.0303,0
2004-01-08,10530.0703,10592.5898,10530.0703,10592.4404,0
2004-01-09,10589.2500,10589.2500,10448.6699,10458.8896,0
2004-01-12,10461.5498,10491.6299,10444.1504,10485.1797,0
2004-01-13,10485.1797,10509.8496,10367.4102,10427.1797,0
2004-01-14,10428.6699,10548.5098,10428.6699,10538.3701,0
2004-01-15,10534.5195,10592.7402,10477.1797,10553.8496,0
2004-01-16,10556.3701,10600.7402,10542.5195,10600.5098,0
2004-01-20,10601.4004,10616.9600,10519.4902,10528.6602,0
2004-01-21,10522.7695,10643.5498,10490.9600,10623.6201,0
2004-01-22,10624.2197,10660.8799,10607.4004,10623.1797,0
2004-01-23,10625.2500,10643.4805,10523.8496,10568.2900,0
2004-01-26,10568.0000,10705.1797,10561.8496,10702.5098,0
2004-01-27,10701.0996,10701.7695,10609.9199,10609.9199,0
2004-01-28,10610.0703,10658.4297,10437.7803,10468.3701,0
2004-01-29,10467.4102,10522.5898,10417.8496,10510.2900,0
2004-01-30,10510.2197,10510.8096,10438.9600,10488.0703,0
2004-02-02,10487.7803,10568.9600,10434.6699,10499.1797,0
2004-02-03,10499.4805,10528.9600,10457.1104,10505.1797,0
2004-02-04,10503.1104,10524.2197,10447.1797,10470.7402,0
2004-02-05,10469.3301,10522.5195,10453.5498,10495.5498,0
2004-02-06,10494.8896,10593.4004,10464.5195,10593.0303,0
2004-02-09,10592.0000,10618.5098,10564.4404,10579.0303,0
2004-02-10,10578.7402,10626.6602,10559.2598,10613.8496,0
2004-02-11,10605.4805,10746.8799,10572.5898,10737.7002,0
2004-02-12,10735.1797,10735.2900,10688.3604,10694.0703,0
2004-02-13,10696.2197,10734.6904,10604.1396,10627.8496,0
2004-02-17,10628.8799,10735.2500,10628.7402,10714.8799,0
2004-02-18,10706.6797,10720.5098,10646.9600,10671.9902,0
2004-02-19,10674.5898,10753.6299,10656.5898,10664.7305,0
2004-02-20,10666.2900,10688.2197,10580.6602,10619.0303,0
2004-02-23,10619.5498,10644.9600,10560.4404,10609.6201,0
2004-02-24,10609.5498,10637.1104,10521.7002,10566.3701,0
2004-02-25,10566.5898,10615.5596,10560.0703,10601.6201,0
2004-02-26,10598.1396,10612.1396,10539.3301,10580.1396,0
2004-02-27,10581.5498,10652.3604,10563.6299,10583.9199,0
2004-03-01,10582.2500,10695.5498,10582.2197,10678.1396,0
2004-03-02,10678.3604,10678.3604,10568.8799,10591.4805,0
2004-03-03,10588.5898,10610.0000,10550.1396,10593.1104,0
2004-03-04,10593.4805,10603.2500,10562.7402,10588.0000,0
2004-03-05,10582.5898,10651.3301,10524.5898,10595.5498,0
2004-03-08,10595.3701,10634.2900,10526.8896,10529.4805,0
2004-03-09,10529.5195,10529.7002,10424.0703,10456.9600,0
2004-03-10,10457.5898,10473.8604,10284.6699,10296.8896,0
2004-03-11,10288.8496,10321.4102,10120.3799,10128.3799,0
2004-03-12,10130.6699,10241.1904,10130.6699,10240.0801,0
2004-03-15,10238.4502,10241.1104,10092.4697,10102.8896,0
2004-03-16,10103.4102,10221.1104,10103.4102,10184.6699,0
2004-03-17,10184.6699,10326.5195,10184.2998,10300.2998,0
2004-03-18,10298.9600,10328.8203,10214.1504,10295.7803,0
2004-03-19,10295.8496,10314.5898,10182.5996,10186.5996,0
2004-03-22,10185.9297,10186.1504,10012.1602,10064.7500,0
2004-03-23,10066.6699,10131.3496,10047.4102,10063.6396,0
2004-03-24,10065.4102,10108.1504,10007.4902,10048.2305,0
2004-03-25,10049.5596,10226.0801,10049.4902,10218.8203,0
2004-03-26,10218.3701,10271.7803,10181.0400,10212.9697,0
2004-03-29,10212.9102,10350.4502,10212.9102,10329.6299,0
2004-03-30,10327.6299,10387.2598,10306.1504,10381.7002,0
2004-03-31,10380.8896,10401.7002,10314.8896,10357.7002,0
2004-04-01,10357.5195,10419.0400,10342.5898,10373.3301,0
2004-04-02,10375.3301,10496.4404,10375.3301,10470.5898,0
2004-04-05,10470.5898,10558.6602,10465.6299,10558.3701,0
2004-04-06,10553.7598,10570.8096,10505.1104,10570.8096,0
2004-04-07,10569.2598,10569.2598,10465.3301,10480.1504,0
2004-04-08,10482.7695,10554.0996,10393.9102,10442.0303,0
2004-04-12,10444.3799,10526.2695,10443.8096,10515.5596,0
2004-04-13,10516.0498,10552.6104,10361.9902,10381.2803,0
2004-04-14,10378.0996,10415.2803,10322.9404,10377.9502,0
2004-04-15,10377.9502,10430.6201,10322.1602,10397.4600,0
2004-04-16,10398.3203,10460.0596,10376.3896,10451.9697,0
2004-04-19,10451.6201,10451.7598,10399.4697,10437.8496,0
2004-04-20,10437.8496,10487.6699,10313.5801,10314.5000,0
2004-04-21,10311.8701,10332.8799,10250.4805,10317.2695,0
2004-04-22,10314.9902,10496.6104,10292.2803,10461.2002,0
2004-04-23,10463.1104,10482.9102,10410.5996,10472.8398,0
2004-04-26,10472.9102,10512.7900,10418.1201,10444.7305,0
2004-04-27,10445.3799,10537.3496,10441.7500,10478.1602,0
2004-04-28,10476.6699,10476.9502,10333.8701,10342.5996,0
2004-04-29,10339.4102,10407.9697,10219.1797,10272.2695,0
2004-04-30,10273.0596,10333.8701,10225.5703,10225.5703,0
2004-05-03,10227.2695,10329.0498,10227.1299,10314.0000,0
2004-05-04,10314.3203,10386.3203,10266.1699,10317.2002,0
2004-05-05,10316.9805,10348.3496,10291.0801,10310.9502,0
2004-05-06,10308.2002,10308.2002,10170.5098,10241.2598,0
2004-05-07,10240.6201,10271.9902,10114.8604,10117.3398,0
2004-05-10,10116.2803,10116.2803,9932.7402,9990.0195,0
2004-05-11,9989.2402,10038.3496,9974.0498,10019.4697,0
2004-05-12,10011.5195,10048.2100,9852.1904,10045.1602,0
2004-05-13,10044.3096,10074.1104,9970.9297,10010.7402,0
2004-05-14,10008.4297,10065.6797,9938.4199,10012.8701,0
2004-05-17,10009.9199,10009.9199,9862.7695,9906.9102,0
2004-05-18,9906.7100,9987.0400,9906.6396,9968.5098,0
2004-05-19,9962.5498,10093.2100,9933.1104,9937.7100,0
2004-05-20,9939.1201,9970.6396,9900.5898,9937.6396,0
2004-05-21,9939.3398,10036.7803,9939.2695,9966.7402,0
2004-05-24,9968.0195,10045.4502,9927.1396,9958.4297,0
2004-05-25,9958.0801,10121.6699,9915.8604,10117.6201,0
2004-05-26,10116.8398,10128.8398,10077.8096,10109.8896,0
2004-05-27,10109.8896,10222.2402,10109.8896,10205.2002,0
2004-05-28,10205.8301,10216.6299,10172.7695,10188.4502,0
2004-06-01,10187.1797,10214.5703,10134.8604,10202.6504,0
2004-06-02,10199.7803,10288.8096,10197.0596,10262.9697,0
2004-06-03,10261.8496,10281.9199,10193.7803,10195.9102,0
2004-06-04,10196.8301,10302.0801,10196.6904,10242.8203,0
2004-06-07,10243.3096,10391.1504,10243.3096,10391.0801,0
2004-06-08,10389.4102,10432.8096,10353.0498,10432.5195,0
2004-06-09,10431.0996,10431.3203,10364.9600,10368.4404,0
2004-06-10,10367.7998,10410.9502,10367.7998,10410.0996,0
2004-06-14,10401.2305,10401.2998,10307.0498,10334.7305,0
2004-06-15,10336.5098,10428.0498,10336.5098,10380.4297,0
2004-06-16,10380.2305,10393.4199,10355.5098,10379.5801,0
2004-06-17,10378.5898,10390.0098,10338.1299,10377.5195,0
2004-06-18,10375.8203,10437.9004,10358.0000,10416.4102,0
2004-06-21,10417.8203,10440.0498,10363.3604,10371.4697,0
2004-06-22,10370.2100,10401.1797,10307.2500,10395.0703,0
2004-06-23,10395.1396,10498.6699,10323.3203,10479.5703,0
2004-06-24,10477.4297,10487.4600,10433.5596,10443.8096,0
2004-06-25,10444.2402,10487.5400,10369.9199,10371.8398,0
2004-06-28,10377.5195,10464.3799,10337.7002,10357.0898,0
2004-06-29,10356.3496,10429.1299,10341.6797,10413.4297,0
2004-06-30,10413.4297,10471.2402,10375.6699,10435.4805,0
2004-07-01,10434.0000,10448.0898,10274.5098,10334.1602,0
2004-07-02,10334.0000,10334.0801,10264.9199,10282.8301,0
2004-07-06,10280.2598,10280.2598,10191.4004,10219.3398,0
2004-07-07,10211.9199,10266.6104,10199.2900,10240.2900,0
2004-07-08,10238.5195,10263.7305,10166.2500,10171.5596,0
2004-07-09,10173.1201,10239.2500,10173.1201,10213.2197,0
2004-07-12,10211.7500,10257.0996,10162.1797,10238.2197,0
2004-07-13,10238.3701,10257.0996,10230.6299,10247.5898,0
2004-07-14,10232.8398,10286.8896,10172.3896,10208.7998,0
2004-07-15,10208.2002,10235.6504,10162.9404,10163.1602,0
2004-07-16,10162.3398,10238.3701,10135.1299,10139.7803,0
2004-07-19,10140.9502,10148.6299,10063.3096,10094.0596,0
2004-07-20,10094.4297,10155.6299,10072.6797,10149.0703,0
2004-07-21,10156.2998,10237.1201,10045.6104,10046.1299,0
2004-07-22,10047.5996,10073.4902,9946.8799,10050.3301,0
2004-07-23,10045.4600,10045.4697,9931.7695,9962.2197,0
2004-07-26,9964.7100,10003.7998,9913.9199,9961.9199,0
2004-07-27,9963.5400,10103.1299,9963.5400,10085.1396,0
2004-07-28,10084.0303,10146.8604,9994.2197,10117.0703,0
2004-07-29,10115.5195,10163.0098,10084.8398,10129.2402,0
2004-07-30,10129.1201,10149.6504,10086.3203,10139.7100,0
2004-08-02,10138.4502,10203.5596,10101.3604,10179.1602,0
2004-08-03,10178.2695,10178.2803,10102.8398,10120.2402,0
2004-08-04,10117.9600,10162.4199,10068.1104,10126.5098,0
2004-08-05,10127.0996,10129.0898,9955.7305,9963.0303,0
2004-08-06,9960.6699,9960.7402,9793.0498,9815.3301,0
2004-08-09,9816.1396,9858.6797,9811.1201,9814.6602,0
2004-08-10,9815.5498,9944.6699,9815.4697,9944.6699,0
2004-08-11,9931.2402,9954.1797,9841.3604,9938.3203,0
2004-08-12,9936.4805,9936.4805,9808.5400,9814.5898,0
2004-08-13,9814.1104,9854.9199,9783.9102,9825.3496,0
2004-08-16,9825.3496,9967.0801,9825.3496,9954.5498,0
2004-08-17,9955.5000,10023.9404,9952.1104,9972.8301,0
2004-08-18,9964.2197,10083.1504,9934.0498,10083.1504,0
2004-08-19,10082.7803,10082.7803,9989.8701,10040.8203,0
2004-08-20,10040.8096,10126.8799,10012.5098,10110.1396,0
2004-08-23,10111.0996,10131.0801,10067.9697,10073.0498,0
2004-08-24,10074.8896,10146.7900,10062.1299,10098.6299,0
2004-08-25,10098.4902,10199.2100,10068.1104,10181.7402,0
2004-08-26,10181.0703,10193.5400,10155.8604,10173.4102,0
2004-08-27,10174.0703,10211.2500,10166.6904,10195.0098,0
2004-08-30,10193.8301,10196.7803,10122.5195,10122.5195,0
2004-08-31,10121.9697,10173.9199,10074.2197,10173.9199,0
2004-09-01,10170.1201,10208.2695,10110.6504,10168.4600,0
2004-09-02,10168.3896,10301.4902,10162.0498,10290.2803,0
2004-09-03,10277.8203,10321.7695,10260.2002,10260.2002,0
2004-09-07,10261.5195,10363.3604,10261.4502,10342.7900,0
2004-09-08,10342.4199,10361.2197,10305.1797,10313.3604,0
2004-09-09,10314.6904,10337.3301,10269.4902,10289.0996,0
2004-09-10,10289.4697,10321.9199,10237.7803,10313.0703,0
2004-09-13,10306.6504,10348.3896,10292.5703,10314.7598,0
2004-09-14,10315.1299,10340.1299,10303.4102,10318.1602,0
2004-09-15,10316.9004,10317.0498,10228.7803,10231.3604,0
2004-09-16,10231.5898,10281.8799,10228.6396,10244.4902,0
2004-09-17,10245.8203,10314.7598,10245.7402,10284.4600,0
2004-09-20,10283.8701,10283.8701,10187.1904,10204.8896,0
2004-09-21,10204.5195,10270.5195,10200.2500,10244.9297,0
2004-09-22,10244.0498,10244.0498,10097.3701,10109.1797,0
2004-09-23,10108.2900,10108.7402,10031.1602,10038.9004,0
2004-09-24,10039.4199,10081.2998,10034.8496,10047.2402,0
2004-09-27,10046.6504,10046.6504,9985.3701,9988.5400,0
2004-09-28,9989.7305,10099.5195,9977.9199,10077.4004,0
2004-09-29,10056.7500,10136.2402,10050.5596,10136.2402,0
2004-09-30,10136.3799,10142.9404,10038.9004,10080.2695,0
2004-10-01,10082.0400,10198.6201,10082.0400,10192.6504,0
2004-10-04,10191.4004,10270.3701,10191.4004,10216.5400,0
2004-10-05,10216.7598,10221.1104,10158.0703,10177.6797,0
2004-10-06,10170.7002,10240.1396,10157.9902,10239.9199,0
2004-10-07,10239.8398,10240.9502,10124.5195,10125.4004,0
2004-10-08,10124.1104,10148.0400,10036.3203,10055.2002,0
2004-10-11,10056.0898,10098.7803,10056.0898,10081.9697,0
2004-10-12,10080.4199,10102.3301,10017.1504,10077.1797,0
2004-10-13,10085.2100,10127.1699,9957.7900,10002.3301,0
2004-10-14,10002.5400,10003.3604,9875.1299,9894.4502,0
2004-10-15,9895.6299,9982.7100,9895.5498,9933.3799,0
2004-10-18,9932.9805,9960.1504,9861.6299,9956.3203,0
2004-10-19,9958.3799,10020.5498,9894.8896,9897.6201,0
2004-10-20,9895.1904,9895.7002,9804.1904,9886.9297,0
2004-10-21,9884.6504,9903.1504,9800.8701,9865.7598,0
2004-10-22,9863.8496,9883.2500,9753.0195,9757.8096,0
2004-10-25,9757.2197,9777.8701,9708.4004,9749.9902,0
2004-10-26,9750.5898,9888.4805,9749.5498,9888.4805,0
2004-10-27,9888.2500,10018.5498,9841.9502,10002.0303,0
2004-10-28,9998.9404,10044.9502,9952.4805,10004.5400,0
2004-10-29,10004.6904,10044.1396,9990.8301,10027.4697,0
2004-11-01,10028.7305,10076.5898,10010.1504,10054.3896,0
2004-11-02,10053.8701,10132.9902,10011.1797,10035.7305,0
2004-11-03,10037.5000,10215.5098,10037.4297,10137.0498,0
2004-11-04,10132.4805,10318.2305,10127.9805,10314.7598,0
2004-11-05,10317.0498,10416.6699,10316.9805,10387.5400,0
2004-11-08,10385.1504,10405.6904,10361.4404,10391.3096,0
2004-11-09,10387.6201,10427.8096,10368.5898,10386.3701,0
2004-11-10,10378.5898,10439.4004,10378.5898,10385.4805,0
2004-11-11,10386.9502,10486.6504,10386.9502,10469.8398,0
2004-11-12,10469.2100,10539.5996,10460.4004,10539.0098,0
2004-11-15,10541.8896,10563.0195,10517.1299,10550.2402,0
2004-11-16,10549.7900,10549.7900,10477.9502,10487.6504,0
2004-11-17,10481.8301,10602.8496,10481.8301,10549.5703,0
2004-11-18,10549.2002,10585.2598,10547.3896,10572.5498,0
2004-11-19,10571.6299,10573.7402,10438.5801,10456.9102,0
2004-11-22,10455.7305,10508.0400,10432.0098,10489.4199,0
2004-11-23,10486.6904,10514.9902,10436.3799,10492.5996,0
2004-11-24,10493.8604,10527.4004,10482.2598,10520.3096,0
2004-11-26,10518.6904,10543.2900,10508.5596,10522.2305,0
2004-11-29,10520.6396,10557.4102,10417.0801,10475.9004,0
2004-11-30,10475.2695,10483.1396,10428.0195,10428.0195,0
2004-12-01,10425.7998,10590.2197,10425.7598,10590.2197,0
2004-12-02,10590.4404,10629.1602,10544.7695,10585.1201,0
2004-12-03,10597.9004,10643.0498,10560.5801,10592.2100,0
2004-12-06,10591.3203,10591.9902,10526.8203,10547.0596,0
2004-12-07,10546.7998,10567.1602,10440.3604,10440.5801,0
2004-12-08,10438.7695,10506.8496,10438.6602,10494.2305,0
2004-12-09,10492.4502,10562.5098,10418.6299,10552.8203,0
2004-12-10,10552.1602,10575.5801,10522.6797,10543.2197,0
2004-12-13,10543.4404,10642.5303,10543.2100,10638.3203,0
2004-12-14,10640.5303,10695.0703,10621.0303,10676.4502,0
2004-12-15,10675.7100,10706.1602,10636.4697,10691.4502,0
2004-12-16,10691.7100,10726.8496,10661.6699,10705.6396,0
2004-12-17,10704.8301,10739.3301,10641.8799,10649.9199,0
2004-12-20,10652.1396,10735.2695,10652.0703,10661.5996,0
2004-12-21,10661.8896,10765.2695,10661.8896,10759.4297,0
2004-12-22,10752.3398,10822.6797,10739.1904,10815.8896,0
2004-12-23,10815.0000,10864.6699,10809.5303,10827.1201,0
2004-12-27,10828.0098,10868.0703,10776.1299,10776.1299,0
2004-12-28,10776.0596,10859.0400,10773.9199,10854.5400,0
2004-12-29,10853.7197,10853.7197,10795.5703,10829.1904,0
2004-12-30,10829.1201,10850.1797,10799.7100,10800.2998,0
2004-12-31,10800.2998,10832.5195,10781.0098,10783.0098,0
2005-01-03,10783.7500,10867.3896,10710.0703,10729.4297,0
2005-01-04,10727.8096,10769.5596,10605.1504,10630.7803,0
2005-01-05,10629.5303,10684.4297,10597.7500,10597.8301,0
2005-01-06,10593.1904,10667.5801,10589.3301,10622.8799,0
2005-01-07,10624.7998,10653.2500,10571.7402,10603.9600,0
2005-01-10,10603.4404,10663.7402,10582.3799,10621.0303,0
2005-01-11,10619.7695,10619.7695,10531.5400,10556.2197,0
2005-01-12,10561.3203,10622.8799,10499.4697,10617.7803,0
2005-01-13,10617.4102,10618.1504,10485.7305,10505.8301,0
2005-01-14,10506.7100,10567.0098,10503.7598,10558.0000,0
2005-01-18,10554.2305,10628.9404,10500.5801,10628.7900,0
2005-01-19,10626.0498,10626.2803,10536.4902,10539.9697,0
2005-01-20,10538.9004,10546.7695,10457.9404,10471.4697,0
2005-01-21,10471.9805,10512.1797,10390.8496,10392.9902,0
2005-01-24,10393.5801,10442.8701,10368.6104,10368.6104,0
2005-01-25,10369.4199,10509.8301,10369.4199,10461.5596,0
2005-01-26,10463.1904,10531.9902,10463.1904,10498.5898,0
2005-01-27,10498.1396,10498.1396,10429.9404,10467.4004,0
2005-01-28,10470.5801,10488.3896,10386.5596,10427.2002,0
2005-01-31,10428.7598,10510.1904,10428.7598,10489.9404,0
2005-02-01,10489.7197,10570.2598,10489.6396,10551.9404,0
2005-02-02,10551.0498,10616.3701,10544.4805,10596.7900,0
2005-02-03,10592.2100,10601.1504,10550.0898,10593.0996,0
2005-02-04,10593.1699,10723.8896,10586.8896,10716.1299,0
2005-02-07,10715.7598,10733.5000,10699.7305,10715.7598,0
2005-02-08,10712.5098,10744.5098,10695.9600,10724.6299,0
2005-02-09,10717.7598,10741.5498,10660.4199,10664.1104,0
2005-02-10,10665.0000,10763.9404,10664.3301,10749.6104,0
2005-02-11,10742.9199,10829.1904,10703.4297,10796.0098,0
2005-02-14,10795.7197,10802.2900,10773.1797,10791.1299,0
2005-02-15,10791.0596,10852.3896,10779.3096,10837.3203,0
2005-02-16,10832.0303,10853.4297,10794.1602,10834.8799,0
2005-02-17,10835.0303,10841.1602,10752.3398,10754.2598,0
2005-02-18,10755.1504,10792.0195,10730.3203,10785.2197,0
2005-02-22,10783.3799,10783.4502,10610.5400,10611.2002,0
2005-02-23,10609.2803,10700.6904,10608.9805,10673.7900,0
2005-02-24,10672.2402,10755.7402,10647.3398,10748.7900,0
2005-02-25,10748.4199,10845.5996,10735.7695,10841.5996,0
2005-02-28,10842.0498,10842.0498,10730.4697,10766.2305,0
2005-03-01,10769.0400,10849.1396,10769.0400,10830.0000,0
2005-03-02,10825.6797,10869.8301,10774.2900,10811.9697,0
2005-03-03,10812.2695,10869.1699,10767.1904,10833.0303,0
2005-03-04,10834.5098,10962.4199,10834.2900,10940.5498,0
2005-03-07,10940.5498,10984.4600,10931.4600,10936.8604,0
2005-03-08,10935.5996,10952.4502,10900.1299,10912.6201,0
2005-03-09,10912.3203,10923.1797,10802.0596,10805.6201,0
2005-03-10,10806.2803,10875.5195,10780.3496,10851.5098,0
2005-03-11,10845.2998,10872.3496,10758.5498,10774.3604,0
2005-03-14,10773.9199,10805.4697,10754.4102,10804.5098,0
2005-03-15,10804.2900,10838.6504,10745.0996,10745.0996,0
2005-03-16,10741.6299,10741.6299,10612.3799,10633.0703,0
2005-03-17,10633.2998,10658.6396,10598.3398,10626.3496,0
2005-03-18,10627.8301,10653.6904,10557.0400,10629.6699,0
2005-03-21,10629.9004,10630.4902,10534.0596,10565.3896,0
2005-03-22,10565.3896,10609.9502,10470.2803,10470.5098,0
2005-03-23,10470.5801,10497.4199,10430.5303,10456.0195,0
2005-03-24,10457.0596,10518.6299,10442.8701,10442.8701,0
2005-03-28,10444.1299,10533.5498,10439.9902,10485.6504,0
2005-03-29,10485.6504,10520.8398,10396.2402,10405.7002,0
2005-03-30,10405.7695,10544.1797,10404.8096,10540.9297,0
2005-03-31,10541.5898,10542.0400,10490.3799,10503.7598,0
2005-04-01,10504.5703,10568.9297,10381.0195,10404.2998,0
2005-04-04,10401.7100,10444.2803,10356.7100,10421.1396,0
2005-04-05,10421.1396,10476.4902,10419.4404,10458.4600,0
2005-04-06,10453.4502,10526.0000,10453.3799,10486.0195,0
2005-04-07,10485.8799,10557.1104,10476.7100,10546.3203,0
2005-04-08,10546.3203,10553.5596,10460.4600,10461.3398,0
2005-04-11,10462.0801,10482.1797,10438.4404,10448.5596,0
2005-04-12,10448.6299,10529.7695,10360.9199,10507.9697,0
2005-04-13,10507.4502,10521.0596,10379.7002,10403.9297,0
2005-04-14,10403.7100,10417.8896,10273.4297,10278.7500,0
2005-04-15,10276.6104,10278.5303,10076.5703,10087.5098,0
2005-04-18,10088.5400,10105.3896,10020.9297,10071.2500,0
2005-04-19,10071.5498,10156.5303,10071.5498,10127.4102,0
2005-04-20,10131.1797,10186.4502,10000.4600,10012.3604,0
2005-04-21,10010.5098,10218.5996,10010.5098,10218.5996,0
2005-04-22,10218.5996,10219.3398,10069.9199,10157.7100,0
2005-04-25,10158.5195,10260.2002,10158.5195,10242.4697,0
2005-04-26,10240.9902,10263.5996,10150.9902,10151.1299,0
2005-04-27,10150.3203,10219.5596,10079.4502,10198.7998,0
2005-04-28,10194.5801,10194.5801,10070.1396,10070.3701,0
2005-04-29,10070.3701,10196.3604,10048.1201,10192.5098,0
2005-05-02,10192.0000,10258.4297,10188.0703,10251.7002,0
2005-05-03,10251.0400,10304.5400,10208.0303,10256.9502,0
2005-05-04,10255.2500,10392.4697,10255.2500,10384.6396,0
2005-05-05,10384.4902,10405.7695,10296.4805,10340.3799,0
2005-05-06,10339.7100,10400.5996,10339.6396,10345.4004,0
2005-05-09,10345.4004,10384.8604,10320.1396,10384.3398,0
2005-05-10,10382.9404,10382.9404,10250.2305,10281.1104,0
2005-05-11,10272.9102,10311.1904,10184.9004,10300.2500,0
2005-05-12,10299.7402,10322.3496,10183.4297,10189.4805,0
2005-05-13,10188.2305,10234.3398,10075.5498,10140.1201,0
2005-05-16,10139.6104,10255.2500,10138.2803,10252.2900,0
2005-05-17,10247.4902,10336.9004,10213.1396,10331.8799,0
2005-05-18,10323.1904,10480.8496,10323.0400,10464.4502,0
2005-05-19,10464.4502,10494.7402,10435.3203,10493.1904,0
2005-05-20,10492.7500,10499.2598,10423.8799,10471.9102,0
2005-05-23,10472.7998,10560.8096,10466.0703,10523.5596,0
2005-05-24,10522.6797,10522.6797,10471.9102,10503.6797,0
2005-05-25,10503.1699,10503.1699,10426.3896,10457.7998,0
2005-05-26,10458.6797,10544.0996,10458.6104,10537.5996,0
2005-05-27,10537.0801,10552.0098,10517.6602,10542.5498,0
2005-05-31,10541.8896,10542.3301,10467.4805,10467.4805,0
2005-06-01,10462.8604,10586.3701,10457.9102,10549.8701,0
2005-06-02,10548.8301,10559.9297,10510.4102,10553.4902,0
2005-06-03,10552.8203,10553.1904,10448.4102,10460.9697,0
2005-06-06,10461.6396,10481.0000,10430.9697,10467.0303,0
2005-06-07,10466.0000,10578.8398,10465.9199,10483.0703,0
2005-06-08,10484.8398,10543.2900,10465.3203,10476.8604,0
2005-06-09,10477.7500,10526.3701,10443.3096,10503.0195,0
2005-06-10,10503.0195,10538.6396,10452.6201,10512.6299,0
2005-06-13,10503.5703,10589.1602,10474.3799,10522.5596,0
2005-06-14,10521.9502,10586.7002,10521.7900,10547.5703,0
2005-06-15,10548.6504,10589.9297,10495.3896,10566.3701,0
2005-06-16,10566.7598,10595.4502,10540.0596,10578.6504,0
2005-06-17,10580.4102,10656.2900,10579.4902,10623.0703,0
2005-06-20,10621.5400,10637.5703,10562.3799,10609.1104,0
2005-06-21,10608.8799,10630.3604,10580.8701,10599.6699,0
2005-06-22,10599.3604,10646.2402,10578.0400,10587.9297,0
2005-06-23,10587.0898,10589.0098,10419.5996,10421.4404,0
2005-06-24,10422.2803,10422.2803,10297.8398,10297.8398,0
2005-06-27,10298.0703,10332.1299,10253.4902,10290.7803,0
2005-06-28,10291.0098,10409.7002,10290.5498,10405.6299,0
2005-06-29,10405.9404,10433.7900,10363.2803,10374.4805,0
2005-06-30,10374.1797,10412.7900,10267.2197,10274.9697,0
2005-07-01,10273.5898,10343.7900,10273.5195,10303.4404,0
2005-07-05,10303.1299,10389.0596,10282.6504,10371.7998,0
2005-07-06,10366.5195,10380.4697,10267.6104,10270.6797,0
2005-07-07,10269.7598,10310.0400,10175.4004,10302.2900,0
2005-07-08,10302.9004,10462.2598,10300.4502,10449.1396,0
2005-07-11,10449.5996,10534.2197,10449.5996,10519.7197,0
2005-07-12,10519.4902,10544.0400,10483.2002,10513.8896,0
2005-07-13,10513.3604,10564.9102,10512.3604,10557.3896,0
2005-07-14,10559.8604,10657.6904,10559.8604,10628.8896,0
2005-07-15,10629.4404,10654.1201,10600.4805,10640.8301,0
2005-07-18,10640.1904,10640.1904,10574.9902,10574.9902,0
2005-07-19,10576.9004,10668.5195,10576.9004,10646.5596,0
2005-07-20,10629.5195,10691.2998,10581.1201,10689.1504,0
2005-07-21,10690.0303,10700.0596,10608.4297,10627.7695,0
2005-07-22,10624.1904,10658.5801,10588.0498,10651.1797,0
2005-07-25,10651.6602,10686.5303,10591.5498,10596.4805,0
2005-07-26,10597.5996,10626.0000,10572.9199,10579.7695,0
2005-07-27,10579.4502,10645.9199,10577.3799,10637.0898,0
2005-07-28,10633.5000,10710.4805,10629.6797,10705.5498,0
2005-07-29,10705.1602,10717.7305,10640.9102,10640.9102,0
2005-08-01,10641.7803,10672.3604,10610.8896,10623.1504,0
2005-08-02,10623.7900,10699.1904,10623.4697,10683.7402,0
2005-08-03,10681.5098,10698.0703,10638.4805,10697.5898,0
2005-08-04,10696.7998,10696.8799,10606.6699,10610.0996,0
2005-08-05,10610.3398,10610.8096,10554.4502,10558.0303,0
2005-08-08,10557.2402,10606.0400,10524.9102,10536.9297,0
2005-08-09,10537.6504,10639.0801,10537.6504,10615.6699,0
2005-08-10,10606.5195,10719.4102,10570.0498,10594.4102,0
2005-08-11,10591.8301,10685.8896,10588.5195,10685.8896,0
2005-08-12,10682.7002,10682.7803,10568.2998,10600.3096,0
2005-08-15,10599.1904,10655.0801,10557.8701,10634.3799,0
2005-08-16,10631.5898,10640.2695,10510.3398,10513.4502,0
2005-08-17,10505.5996,10588.9297,10503.3701,10550.7100,0
2005-08-18,10549.7500,10592.9004,10517.4297,10554.9297,0
2005-08-19,10552.7002,10626.2598,10552.7002,10559.2305,0
2005-08-22,10559.2305,10641.1504,10523.9600,10569.8896,0
2005-08-23,10571.0098,10577.4600,10496.7305,10519.5801,0
2005-08-24,10519.3398,10559.0000,10432.0801,10434.8701,0
2005-08-25,10434.3896,10465.3604,10428.3398,10450.6299,0
2005-08-26,10450.9502,10450.9502,10383.9805,10397.2900,0
2005-08-29,10396.9004,10487.5000,10349.3701,10463.0498,0
2005-08-30,10461.5400,10461.5400,10350.0000,10412.8203,0
2005-08-31,10409.0801,10484.7900,10356.8701,10481.5996,0
2005-09-01,10481.4404,10513.7598,10425.7998,10459.6299,0
2005-09-02,10460.6699,10497.4502,10434.7100,10447.3701,0
2005-09-06,10447.6904,10593.0596,10447.6904,10589.2402,0
2005-09-07,10588.6797,10640.4297,10573.9502,10633.5000,0
2005-09-08,10633.1104,10636.4902,10569.3398,10595.9297,0
2005-09-09,10594.0996,10695.9199,10593.9404,10678.5596,0
2005-09-12,10678.4102,10701.8096,10664.0898,10682.9404,0
2005-09-13,10673.7100,10674.0303,10595.2900,10597.4404,0
2005-09-14,10597.5195,10633.1904,10536.6201,10544.9004,0
2005-09-15,10545.8496,10582.0703,10520.9297,10558.7500,0
2005-09-16,10560.5000,10647.3604,10560.4199,10641.9404,0
2005-09-19,10641.8701,10644.5703,10521.1797,10557.6299,0
2005-09-20,10558.1904,10604.7598,10467.1104,10481.5195,0
2005-09-21,10484.2305,10484.5498,10375.2402,10378.0303,0
2005-09-22,10376.2002,10444.5098,10350.9600,10422.0498,0
2005-09-23,10422.0498,10455.8096,10372.0596,10419.5898,0
2005-09-26,10420.2197,10509.2305,10410.1104,10443.6299,0
2005-09-27,10444.5801,10496.2500,10415.6201,10456.2100,0
2005-09-28,10456.6104,10512.0996,10423.9805,10473.0898,0
2005-09-29,10472.6104,10563.3701,10418.0098,10552.7803,0
2005-09-30,10552.7002,10569.8096,10526.1201,10568.7002,0
2005-10-03,10569.5000,10608.5596,10523.6299,10535.4805,0
2005-10-04,10534.3604,10567.8203,10434.7900,10441.1104,0
2005-10-05,10434.8096,10438.4697,10316.1602,10317.3604,0
2005-10-06,10317.3604,10369.5498,10218.0898,10287.0996,0
2005-10-07,10287.4199,10347.2998,10280.6201,10292.3096,0
2005-10-10,10292.9502,10323.1201,10237.7998,10238.7598,0
2005-10-11,10239.1602,10312.8799,10234.2002,10253.1699,0
2005-10-12,10253.8096,10308.8799,10186.0898,10216.9102,0
2005-10-13,10216.9102,10241.3203,10156.4600,10216.5898,0
2005-10-14,10216.5898,10291.9102,10200.0996,10287.3398,0
2005-10-17,10287.4199,10350.9902,10269.8096,10348.0996,0
2005-10-18,10349.1396,10361.4697,10285.2598,10285.2598,0
2005-10-19,10277.1797,10414.1299,10232.9805,10414.1299,0
2005-10-20,10411.7305,10432.7803,10252.1299,10281.0996,0
2005-10-21,10282.2197,10350.9805,10193.4502,10215.2197,0
2005-10-24,10216.1104,10387.0000,10216.1104,10385.0000,0
2005-10-25,10383.8799,10411.6504,10316.8799,10377.8701,0
2005-10-26,10377.3896,10434.4697,10336.8203,10344.9805,0
2005-10-27,10344.7402,10349.2197,10229.9502,10229.9502,0
2005-10-28,10231.1504,10404.7002,10231.1504,10402.7695,0
2005-10-31,10403.1699,10486.6504,10403.1699,10440.0703,0
2005-11-01,10440.0703,10455.2803,10406.0400,10406.7695,0
2005-11-02,10406.2900,10493.5400,10388.7598,10472.7305,0
2005-11-03,10470.4902,10561.1602,10470.4902,10522.5898,0
2005-11-04,10523.2305,10552.3799,10479.3896,10530.7598,0
2005-11-07,10531.2402,10593.3496,10520.4297,10586.2305,0
2005-11-08,10574.1797,10574.2197,10524.2803,10539.7197,0
2005-11-09,10539.2402,10601.9199,10519.5498,10546.2100,0
2005-11-10,10541.1602,10655.5303,10519.3896,10640.0996,0
2005-11-11,10640.0996,10696.4502,10637.4297,10686.0400,0
2005-11-14,10686.5996,10710.0596,10674.2803,10697.1699,0
2005-11-15,10697.1699,10741.9902,10664.2695,10686.4404,0
2005-11-16,10683.0303,10712.2197,10652.2695,10674.7598,0
2005-11-17,10677.0000,10727.6699,10665.5498,10720.2197,0
2005-11-18,10719.3398,10796.2598,10697.2500,10766.3301,0
2005-11-21,10766.3301,10835.3301,10761.0498,10820.2803,0
2005-11-22,10815.9600,10877.4297,10787.2197,10871.4297,0
2005-11-23,10871.4297,10950.7500,10855.3398,10916.0898,0
2005-11-25,10916.0898,10955.4805,10914.4902,10931.6201,0
2005-11-28,10932.7402,10951.9297,10881.6299,10890.7197,0
2005-11-29,10888.4805,10959.7900,10888.0703,10888.1602,0
2005-11-30,10883.9102,10924.8203,10803.8701,10805.8701,0
2005-12-01,10806.0303,10934.9004,10806.0303,10912.5703,0
2005-12-02,10912.0098,10921.3701,10861.6602,10877.5098,0
2005-12-05,10876.9502,10876.9502,10810.6699,10835.0098,0
2005-12-06,10835.4102,10936.2002,10835.4102,10856.8604,0
2005-12-07,10856.8604,10868.0596,10764.0098,10810.9102,0
2005-12-08,10808.4297,10847.2500,10729.6699,10755.1201,0
2005-12-09,10751.7598,10805.9502,10729.9102,10778.5801,0
2005-12-12,10778.6602,10811.7100,10735.1104,10767.7695,0
2005-12-13,10765.6904,10871.5098,10751.3604,10823.7197,0
2005-12-14,10821.3203,10919.7695,10820.3203,10883.5098,0
2005-12-15,10883.4297,10938.7402,10865.4199,10881.6699,0
2005-12-16,10881.6699,10940.3398,10869.2695,10875.5898,0
2005-12-19,10875.5098,10922.4102,10825.6396,10836.5303,0
2005-12-20,10836.9297,10860.1396,10789.6201,10805.5498,0
2005-12-21,10805.6299,10900.8896,10805.6299,10833.7305,0
2005-12-22,10831.5596,10891.0400,10829.1602,10889.4404,0
2005-12-23,10883.2695,10904.7998,10869.8301,10883.2695,0
2005-12-27,10883.7500,10932.8203,10776.4902,10777.7695,0
2005-12-28,10778.2500,10825.1602,10778.2500,10796.2598,0
2005-12-29,10795.7002,10825.2402,10779.2197,10784.8203,0
2005-12-30,10783.8604,10783.8604,10709.4199,10717.5000,0
2006-01-03,10718.2998,10862.7803,10684.4502,10847.4102,0
2006-01-04,10843.9697,10892.6396,10833.9004,10880.1504,0
2006-01-05,10880.3896,10908.2500,10843.6504,10882.1504,0
2006-01-06,10875.4502,10968.8398,10875.4502,10959.3096,0
2006-01-09,10959.4697,11020.1504,10944.4297,11011.9004,0
2006-01-10,11010.4600,11013.9805,10949.8701,11011.5801,0
2006-01-11,11011.6602,11047.7598,10991.9697,11043.4404,0
2006-01-12,11043.4404,11045.8398,10951.2305,10962.3604,0
2006-01-13,10961.4805,10992.6904,10921.5303,10959.8701,0
2006-01-17,10957.8701,10957.8701,10875.5996,10896.3203,0
2006-01-18,10890.0801,10890.0801,10817.3203,10854.8604,0
2006-01-19,10855.1797,10915.9502,10852.1299,10880.7100,0
2006-01-20,10880.7100,10880.7100,10661.1504,10667.3896,0
2006-01-23,10668.7500,10737.0400,10666.3496,10688.7695,0
2006-01-24,10690.2100,10750.3096,10686.0400,10712.2197,0
2006-01-25,10713.2598,10760.5703,10672.5996,10709.7402,0
2006-01-26,10711.0195,10827.9600,10710.9404,10809.4697,0
2006-01-27,10815.3203,10932.3398,10804.7500,10907.2100,0
2006-01-30,10908.4902,10930.5000,10887.4404,10899.9199,0
2006-01-31,10900.4004,10923.4502,10862.1396,10864.8604,0
2006-02-01,10862.1396,10967.5703,10852.8203,10953.9502,0
2006-02-02,10950.1104,10950.1104,10827.1602,10851.9805,0
2006-02-03,10849.5703,10863.5801,10779.0596,10793.6201,0
2006-02-06,10793.2998,10814.5098,10770.9697,10798.2695,0
2006-02-07,10796.4199,10822.7598,10737.6699,10749.7598,0
2006-02-08,10742.1602,10865.4199,10740.6299,10858.6201,0
2006-02-09,10859.4199,10952.2695,10855.7402,10883.3496,0
2006-02-10,10883.5098,10944.9902,10820.2002,10919.0498,0
2006-02-13,10915.2100,10939.8604,10849.8896,10892.3203,0
2006-02-14,10890.7197,11047.6797,10890.7197,11028.3896,0
2006-02-15,11025.6699,11068.7402,10989.7197,11058.9697,0
2006-02-16,11059.0498,11120.7598,11046.4004,11120.6797,0
2006-02-17,11119.5596,11131.9502,11077.7002,11115.3203,0
2006-02-21,11115.4805,11140.7695,11050.8096,11069.0596,0
2006-02-22,11065.2900,11159.1797,11060.3301,11137.1699,0
2006-02-23,11133.5195,11135.8896,11052.7305,11069.2197,0
2006-02-24,11065.7695,11085.5400,11010.2197,11061.8496,0
2006-02-27,11062.8096,11132.6104,11061.7305,11097.5498,0
2006-02-28,11096.7500,11100.1904,10978.6104,10993.4102,0
2006-03-01,10993.2500,11069.3799,10991.9697,11053.5303,0
2006-03-02,11052.5703,11052.5703,10986.0498,11025.5098,0
2006-03-03,11024.2305,11106.6797,10984.6104,11021.5898,0
2006-03-06,11022.4697,11037.1201,10929.2197,10958.5898,0
2006-03-07,10957.3096,10989.0098,10928.7402,10980.6904,0
2006-03-08,10977.0801,11026.7100,10922.7305,11005.7402,0
2006-03-09,11005.6602,11049.1201,10963.8799,10972.2803,0
2006-03-10,10972.9199,11098.9902,10972.9199,11076.3398,0
2006-03-13,11067.6104,11116.6797,11056.3301,11076.0195,0
2006-03-14,11076.0195,11161.3496,11058.6504,11151.3398,0
2006-03-15,11149.7598,11226.7402,11138.9297,11209.7695,0
2006-03-16,11210.9697,11282.4502,11210.5703,11253.2402,0
2006-03-17,11254.1201,11290.0703,11254.1201,11279.6504,0
2006-03-20,11278.9297,11308.3896,11259.7998,11274.5303,0
2006-03-21,11275.8896,11334.9600,11221.5400,11235.4697,0
2006-03-22,11234.5098,11328.7998,11226.4199,11317.4297,0
2006-03-23,11317.3496,11327.2002,11237.1504,11270.2900,0
2006-03-24,11270.6104,11316.0898,11244.0303,11279.9697,0
2006-03-27,11280.1299,11280.4502,11229.8604,11250.1104,0
2006-03-28,11250.1104,11281.7695,11145.0195,11154.5400,0
2006-03-29,11154.9404,11244.3496,11154.9404,11215.7002,0
2006-03-30,11216.3398,11259.1602,11117.6396,11150.7002,0
2006-03-31,11151.3398,11191.3604,11105.6504,11109.3203,0
2006-04-03,11113.0000,11247.8701,11113.0000,11144.9404,0
2006-04-04,11142.5400,11226.9805,11123.5703,11203.8496,0
2006-04-05,11203.2100,11250.9902,11169.3496,11239.5498,0
2006-04-06,11233.0098,11246.9102,11167.0303,11216.5000,0
2006-04-07,11217.1396,11269.2998,11108.0195,11120.0400,0
2006-04-10,11119.8799,11185.5400,11117.0801,11141.3301,0
2006-04-11,11141.3301,11186.6396,11053.1699,11089.6299,0
2006-04-12,11089.4697,11144.1396,11087.4697,11129.9697,0
2006-04-13,11130.1299,11178.4004,11105.7998,11137.6504,0
2006-04-17,11137.3301,11159.9902,11039.1201,11073.7803,0
2006-04-18,11074.5801,11280.4502,11074.5801,11268.7695,0
2006-04-19,11265.4004,11302.9502,11236.1904,11278.7695,0
2006-04-20,11278.5303,11384.1104,11275.0498,11342.8896,0
2006-04-21,11343.4502,11405.8799,11316.7900,11347.4502,0
2006-04-24,11346.8096,11359.7002,11305.8301,11336.3203,0
2006-04-25,11336.5596,11355.3701,11260.8398,11283.2500,0
2006-04-26,11283.2500,11379.8701,11282.7695,11354.4902,0
2006-04-27,11349.5303,11416.9297,11275.2998,11382.5098,0
2006-04-28,11358.3301,11417.6602,11347.2100,11367.1396,0
2006-05-01,11367.7803,11428.3701,11329.4404,11343.2900,0
2006-05-02,11345.2100,11427.6504,11345.1299,11416.4502,0
2006-05-03,11414.6904,11424.9297,11362.4199,11400.2803,0
2006-05-04,11401.7998,11463.1104,11401.7998,11438.8604,0
2006-05-05,11440.6201,11586.3799,11440.6201,11577.7402,0
2006-05-08,11576.3701,11603.5898,11561.9697,11584.5400,0
2006-05-09,11584.6201,11640.7305,11572.0498,11639.7695,0
2006-05-10,11630.4805,11670.1904,11595.1797,11642.6504,0
2006-05-11,11639.2900,11639.4502,11479.4404,11500.7305,0
2006-05-12,11500.0098,11500.0098,11374.7402,11380.9902,0
2006-05-15,11380.4297,11435.3398,11333.0400,11428.7695,0
2006-05-16,11428.2100,11460.5498,11392.6699,11419.8896,0
2006-05-17,11410.1299,11410.1299,11174.3799,11205.6104,0
2006-05-18,11206.1699,11247.3896,11127.0898,11128.2900,0
2006-05-19,11124.3701,11180.2900,11075.2197,11144.0596,0
2006-05-22,11143.4199,11175.3496,11040.0703,11125.3301,0
2006-05-23,11126.2900,11202.6504,11097.3096,11098.3496,0
2006-05-24,11100.1104,11168.2402,11030.4697,11117.3203,0
2006-05-25,11114.9600,11214.9805,11114.9600,11211.0498,0
2006-05-26,11211.6904,11283.4902,11211.5400,11278.6104,0
2006-05-30,11277.2500,11278.1299,11094.3496,11094.4297,0
2006-05-31,11091.1504,11183.0400,11085.3799,11168.3096,0
2006-06-01,11169.0303,11270.2100,11150.0703,11260.2803,0
2006-06-02,11260.5195,11285.8203,11191.5303,11247.8701,0
2006-06-05,11247.5498,11248.7900,11040.2402,11048.7197,0
2006-06-06,11048.2402,11094.2598,10926.4199,11002.1396,0
2006-06-07,11002.0596,11077.3799,10928.3398,10930.9004,0
2006-06-08,10929.7002,10964.6797,10757.5498,10938.8203,0
2006-06-09,10939.1396,10976.2002,10871.5898,10891.9199,0
2006-06-12,10892.0000,10927.1201,10790.2598,10792.5801,0
2006-06-13,10783.1396,10862.2998,10700.9297,10706.1396,0
2006-06-14,10706.7803,10817.0000,10698.8496,10816.9199,0
2006-06-15,10817.4805,11036.4805,10817.4805,11015.1904,0
2006-06-16,11014.3799,11045.2002,10984.1299,11014.5498,0
2006-06-19,11014.8701,11057.6104,10907.2900,10942.1104,0
2006-06-20,10942.0303,11029.8301,10938.4199,10974.8398,0
2006-06-21,10975.2402,11131.7305,10971.7197,11079.4600,0
2006-06-22,11077.7803,11077.7803,10986.1396,11019.1104,0
2006-06-23,11019.1904,11074.2598,10973.4004,10989.0898,0
2006-06-26,10990.2900,11048.7197,10973.7197,11045.2803,0
2006-06-27,11048.2402,11064.0898,10920.7305,10924.7402,0
2006-06-28,10925.2998,10981.2500,10902.4805,10973.5596,0
2006-06-29,10974.3604,11195.5400,10974.3604,11190.7998,0
2006-06-30,11190.7998,11235.6299,11150.0596,11150.2197,0
2006-07-03,11149.3398,11231.2998,11149.3398,11228.0195,0
2006-07-05,11225.0596,11225.0596,11123.3203,11151.8203,0
2006-07-06,11147.1201,11257.0801,11147.1201,11225.2998,0
2006-07-07,11224.1797,11224.1797,11066.0098,11090.6699,0
2006-07-10,11091.7100,11174.4697,11090.0400,11103.5498,0
2006-07-11,11102.5898,11151.1797,11027.9902,11134.7695,0
2006-07-12,11133.9697,11149.9600,10995.9697,11013.1797,0
2006-07-13,11012.6201,11012.6201,10832.9297,10846.2900,0
2006-07-14,10846.5303,10848.3701,10701.3398,10739.3496,0
2006-07-17,10739.3496,10802.6699,10714.7100,10747.3604,0
2006-07-18,10745.8398,10813.7900,10683.3203,10799.2305,0
2006-07-19,10797.3896,11038.4805,10797.3896,11011.4199,0
2006-07-20,11007.2598,11037.2803,10924.9805,10928.0996,0
2006-07-21,10937.9404,10951.7695,10838.8496,10868.3799,0
2006-07-24,10868.7002,11065.9502,10868.6201,11051.0498,0
2006-07-25,11051.0498,11133.8096,10999.9004,11103.7100,0
2006-07-26,11102.9102,11157.8203,11048.1602,11102.5098,0
2006-07-27,11104.1904,11187.7598,11087.5498,11100.4297,0
2006-07-28,11102.1104,11243.3096,11102.0303,11219.7002,0
2006-07-31,11218.9004,11219.0596,11178.3203,11185.6797,0
2006-08-01,11184.7998,11185.2803,11083.8604,11125.7305,0
2006-08-02,11125.5703,11229.4600,11125.2500,11199.9297,0
2006-08-03,11195.2803,11269.4902,11144.4600,11242.5898,0
2006-08-04,11244.5898,11344.1699,11187.3604,11240.3496,0
2006-08-07,11239.4697,11245.9502,11190.5596,11219.3799,0
2006-08-08,11218.1797,11276.2900,11141.8203,11173.5898,0
2006-08-09,11168.4697,11250.8398,11068.5703,11076.1797,0
2006-08-10,11073.1396,11143.9805,11044.7197,11124.3701,0
2006-08-11,11121.1602,11121.1602,11042.6396,11088.0303,0
2006-08-14,11089.0703,11202.7305,11079.7803,11097.8701,0
2006-08-15,11098.0303,11234.2695,11098.0303,11230.2598,0
2006-08-16,11224.9102,11340.7998,11224.9102,11327.1201,0
2006-08-17,11327.3604,11372.4199,11298.3799,11334.9600,0
2006-08-18,11333.7598,11381.4697,11317.6699,11381.4697,0
2006-08-21,11380.6699,11380.9902,11321.9902,11345.0498,0
2006-08-22,11344.4102,11383.7100,11303.3398,11339.8398,0
2006-08-23,11337.1201,11370.8203,11264.0400,11297.9004,0
2006-08-24,11297.8203,11334.7197,11273.8896,11304.4600,0
2006-08-25,11301.2197,11317.4297,11260.2803,11284.0498,0
2006-08-28,11285.3301,11387.7900,11273.4902,11352.0098,0
2006-08-29,11352.6504,11379.5498,11299.5801,11369.9404,0
2006-08-30,11365.9805,11407.0801,11355.6904,11382.9102,0
2006-08-31,11383.4697,11405.3203,11369.7803,11381.1504,0
2006-09-01,11382.7500,11476.4805,11382.7500,11464.1504,0
2006-09-05,11461.8301,11488.1699,11438.0596,11469.2803,0
2006-09-06,11466.2305,11466.2305,11395.1504,11406.2002,0
2006-09-07,11405.1602,11405.2402,11323.8398,11331.4404,0
2006-09-08,11332.2402,11402.8398,11331.0400,11392.1104,0
2006-09-11,11389.8701,11421.2500,11342.1699,11396.8398,0
2006-09-12,11396.8398,11512.9805,11395.7100,11498.0898,0
2006-09-13,11487.6904,11567.2500,11476.1602,11543.3203,0
2006-09-14,11543.4004,11549.0801,11495.3701,11527.3896,0
2006-09-15,11528.7500,11613.5098,11528.7500,11560.7695,0
2006-09-18,11559.9697,11588.3799,11528.1104,11555.0000,0
2006-09-19,11554.5996,11562.0498,11480.5596,11540.9102,0
2006-09-20,11542.2803,11628.8799,11542.2002,11613.1904,0
2006-09-21,11611.6699,11630.5596,11501.7695,11533.2305,0
2006-09-22,11532.9102,11533.0703,11474.5596,11508.0996,0
2006-09-25,11509.2998,11616.4805,11486.0000,11575.8096,0
2006-09-26,11575.7305,11670.2695,11567.6504,11669.3896,0
2006-09-27,11670.1904,11720.7695,11659.6201,11689.2402,0
2006-09-28,11689.4004,11728.4600,11660.4199,11718.4502,0
2006-09-29,11718.0498,11741.9902,11677.7900,11679.0703,0
2006-10-02,11678.9902,11726.9404,11658.6602,11670.3496,0
2006-10-03,11670.1104,11758.9502,11653.0596,11727.3398,0
2006-10-04,11722.9404,11851.2500,11707.4902,11850.6104,0
2006-10-05,11844.3799,11870.0596,11821.2305,11866.6904,0
2006-10-06,11865.4902,11865.5703,11800.5000,11850.2100,0
2006-10-09,11849.5596,11872.9404,11813.2197,11857.8096,0
2006-10-10,11857.7305,11877.9004,11829.7100,11867.1699,0
2006-10-11,11865.4902,11875.9805,11794.1699,11852.1299,0
2006-10-12,11854.1299,11959.6299,11854.0498,11947.7002,0
2006-10-13,11947.2197,11960.5098,11908.7998,11960.5098,0
2006-10-16,11961.3096,11997.2500,11945.5400,11980.5996,0
2006-10-17,11977.4004,11979.0801,11887.1904,11950.0195,0
2006-10-18,11947.6201,12049.5098,11947.6201,11992.6797,0
2006-10-19,11988.9199,12027.7402,11966.9102,12011.7305,0
2006-10-20,12013.0098,12048.8701,11941.9404,12002.3701,0
2006-10-23,12116.5098,12125.1602,11971.7900,12116.9102,0
2006-10-24,12116.5098,12133.7998,12079.0498,12127.8799,0
2006-10-25,12127.2402,12147.9697,12081.7695,12134.6797,0
2006-10-26,12134.8398,12167.0195,12096.0996,12163.6602,0
2006-10-27,12164.7803,12164.8604,12073.5303,12090.2598,0
2006-10-30,12089.1396,12117.2305,12049.9199,12086.5000,0
2006-10-31,12086.1797,12113.3896,12025.3398,12080.7305,0
2006-11-01,12080.2500,12123.9600,12007.1699,12031.0195,0
2006-11-02,12023.9805,12032.5498,11979.0000,12018.5400,0
2006-11-03,12018.2998,12061.5195,11965.3096,11986.0400,0
2006-11-06,11985.1602,12117.7100,11984.7598,12105.5498,0
2006-11-07,12104.7500,12196.3203,12101.0596,12156.7695,0
2006-11-08,12147.3799,12193.7500,12102.9004,12176.5400,0
2006-11-09,12174.7002,12187.0303,12090.0996,12103.2998,0
2006-11-10,12102.7402,12127.0801,12074.0098,12108.4297,0
2006-11-13,12097.7002,12164.7002,12084.8096,12131.8799,0
2006-11-14,12132.4404,12228.0098,12084.9697,12218.0098,0
2006-11-15,12214.3701,12291.7305,12205.7598,12251.7100,0
2006-11-16,12250.0498,12325.9102,12250.0498,12305.8203,0
2006-11-17,12304.6201,12342.5596,12277.4004,12342.5596,0
2006-11-20,12340.7100,12355.2305,12302.5195,12316.5400,0
2006-11-21,12312.1299,12339.8496,12296.0303,12321.5898,0
2006-11-22,12321.9102,12361.0000,12302.7598,12326.9502,0
2006-11-24,12321.7100,12324.1104,12258.8604,12280.1699,0
2006-11-27,12279.1299,12279.5303,12110.8096,12121.7100,0
2006-11-28,12118.9404,12149.1904,12072.5996,12136.4502,0
2006-11-29,12134.4004,12240.6699,12134.4004,12226.7305,0
2006-11-30,12226.7305,12275.1201,12162.4805,12221.9297,0
2006-12-01,12220.9697,12248.0400,12089.9805,12194.1299,0
2006-12-04,12195.5703,12309.9697,12195.5703,12283.8496,0
2006-12-05,12283.6904,12335.3701,12276.0801,12331.5996,0
2006-12-06,12328.7197,12335.4502,12294.8301,12309.2500,0
2006-12-07,12310.1299,12360.7598,12264.4697,12278.4102,0
2006-12-08,12278.4102,12332.8799,12243.0801,12307.4902,0
2006-12-11,12306.2100,12354.5898,12297.6299,12328.4805,0
2006-12-12,12328.2402,12333.9199,12252.0498,12315.5801,0
2006-12-13,12312.7100,12368.6104,12301.5596,12317.5000,0
2006-12-14,12317.5000,12431.2598,12307.0098,12416.7598,0
2006-12-15,12417.9600,12486.2998,12417.8799,12445.5195,0
2006-12-18,12446.2402,12490.7002,12428.9404,12441.2695,0
2006-12-19,12439.5098,12491.9102,12397.6104,12471.3203,0
2006-12-20,12471.3203,12498.4697,12456.5801,12463.8701,0
2006-12-21,12461.6201,12483.7305,12396.0098,12421.2500,0
2006-12-22,12413.0801,12420.2100,12341.7002,12343.2197,0
2006-12-26,12341.9404,12418.2002,12337.0498,12407.6299,0
2006-12-27,12408.4297,12519.2197,12407.7900,12510.5703,0
2006-12-28,12510.5703,12529.8799,12478.1299,12501.5195,0
2006-12-29,12500.4805,12526.0303,12451.1299,12463.1504,0
2007-01-03,12459.5400,12580.3496,12404.8203,12474.5195,0
2007-01-04,12473.1602,12510.4102,12403.8604,12480.6904,0
2007-01-05,12480.0498,12480.1299,12365.4102,12398.0098,0
2007-01-08,12392.0098,12445.9199,12337.3701,12423.4902,0
2007-01-09,12424.7695,12466.4297,12369.1699,12416.5996,0
2007-01-10,12417.0000,12451.6104,12355.6299,12442.1602,0
2007-01-11,12442.9600,12544.4600,12442.9600,12514.9805,0
2007-01-12,12514.6602,12561.0400,12489.6602,12556.0801,0
2007-01-16,12555.8398,12585.0801,12538.9297,12582.5898,0
2007-01-17,12571.4600,12614.0000,12550.5498,12577.1504,0
2007-01-18,12575.0596,12611.9102,12547.3398,12567.9297,0
2007-01-19,12567.9297,12586.8398,12523.5498,12565.5303,0
2007-01-22,12565.5303,12572.5801,12450.8896,12477.1602,0
2007-01-23,12477.8096,12554.2305,12468.3496,12533.7998,0
2007-01-24,12534.3701,12623.4502,12531.0801,12621.7695,0
2007-01-25,12621.7695,12622.6504,12487.3398,12502.5596,0
2007-01-26,12503.2803,12539.0898,12431.3398,12487.0195,0
2007-01-29,12487.0996,12542.7002,12481.4902,12490.7803,0
2007-01-30,12492.2305,12538.4502,12459.4600,12523.3096,0
2007-01-31,12520.0303,12657.0195,12505.2002,12621.6904,0
2007-02-01,12617.2002,12682.5703,12616.0801,12673.6797,0
2007-02-02,12673.8398,12683.9297,12638.3496,12653.4902,0
2007-02-05,12653.4102,12681.2100,12629.8604,12661.7402,0
2007-02-06,12661.6602,12680.5703,12633.9404,12666.3096,0
2007-02-07,12656.8604,12700.2803,12630.5000,12666.8701,0
2007-02-08,12665.6699,12665.8301,12575.8604,12637.6299,0
2007-02-09,12638.0303,12675.6797,12545.0996,12580.8301,0
2007-02-12,12580.1104,12607.5098,12536.2100,12552.5498,0
2007-02-13,12549.1904,12658.2197,12549.1904,12654.8496,0
2007-02-14,12651.2900,12759.4004,12651.2100,12741.8604,0
2007-02-15,12741.7002,12779.0303,12728.7197,12765.0098,0
2007-02-16,12764.1299,12769.1699,12744.0195,12767.5703,0
2007-02-20,12766.8496,12795.9297,12704.6797,12786.6396,0
2007-02-21,12782.8701,12782.8701,12707.1699,12738.4102,0
2007-02-22,12735.7695,12763.7305,12650.6104,12686.0195,0
2007-02-23,12679.8896,12682.1299,12628.0195,12647.4805,0
2007-02-26,12647.8799,12697.2305,12608.4697,12632.2598,0
2007-02-27,12628.9004,12629.3799,12086.0596,12216.2402,0
2007-02-28,12214.9199,12353.4697,12186.0400,12268.6299,0
2007-03-01,12268.6299,12289.2197,12059.5400,12234.3398,0
2007-03-02,12233.7803,12247.4004,12107.3701,12114.0996,0
2007-03-05,12111.6104,12188.8398,12039.1104,12050.4102,0
2007-03-06,12051.1699,12224.4102,12050.6104,12207.5898,0
2007-03-07,12204.4600,12256.9404,12178.9902,12192.4502,0
2007-03-08,12193.3301,12303.6396,12193.3301,12260.7002,0
2007-03-09,12262.0596,12330.8799,12228.5000,12276.3203,0
2007-03-12,12275.6797,12349.9502,12246.5195,12318.6201,0
2007-03-13,12307.4902,12307.5703,12071.4805,12075.9600,0
2007-03-14,12074.5195,12142.9404,11939.6104,12133.4004,0
2007-03-15,12133.1602,12188.1201,12105.9199,12159.6797,0
2007-03-16,12159.6797,12190.3604,12082.1299,12110.4102,0
2007-03-19,12110.4102,12234.6699,12110.4102,12226.1699,0
2007-03-20,12226.8096,12294.0303,12213.1104,12288.0996,0
2007-03-21,12288.9805,12480.4502,12263.5098,12447.5195,0
2007-03-22,12446.7197,12476.2803,12408.5098,12461.1396,0
2007-03-23,12460.5000,12511.0498,12448.6504,12481.0098,0
2007-03-26,12480.3701,12486.7803,12367.1699,12469.0703,0
2007-03-27,12468.6699,12468.6699,12377.2695,12397.2900,0
2007-03-28,12396.4902,12396.4902,12257.4199,12300.3604,0
2007-03-29,12301.4805,12381.9102,12267.5898,12348.7500,0
2007-03-30,12348.9102,12416.6797,12242.5996,12354.3496,0
2007-04-02,12354.5195,12394.9805,12324.2803,12382.2998,0
2007-04-03,12379.0498,12534.2695,12379.0498,12510.2998,0
2007-04-04,12511.3604,12541.5098,12495.7500,12530.0498,0
2007-04-05,12523.2197,12572.4697,12500.3896,12560.2002,0
2007-04-09,12562.6396,12593.5996,12555.3203,12569.1396,0
2007-04-10,12568.4902,12588.5596,12549.4697,12573.8496,0
2007-04-11,12573.1201,12580.0303,12455.8496,12484.6201,0
2007-04-12,12483.6396,12557.3496,12428.2197,12552.9600,0
2007-04-13,12551.9102,12615.3799,12530.2100,12612.1299,0
2007-04-16,12611.6396,12731.1797,12611.3096,12720.4600,0
2007-04-17,12719.5596,12790.0195,12707.4502,12773.0400,0
2007-04-18,12771.0801,12838.4600,12728.9902,12803.8398,0
2007-04-19,12799.7695,12830.0801,12734.9199,12808.6299,0
2007-04-20,12811.1504,12966.2900,12810.1699,12961.9805,0
2007-04-23,12961.9805,12983.9199,12916.6299,12919.4004,0
2007-04-24,12919.6396,12989.8604,12901.6797,12953.9404,0
2007-04-25,12951.4199,13107.4502,12951.4199,13089.8896,0
2007-04-26,13088.8398,13132.7998,13068.1201,13105.5000,0
2007-04-27,13104.0400,13148.0000,13073.4004,13120.9404,0
2007-04-30,13120.2100,13162.0596,13061.5303,13062.9102,0
2007-05-01,13062.7500,13137.7598,13041.2998,13136.1396,0
2007-05-02,13133.9404,13256.3301,13130.5303,13211.8799,0
2007-05-03,13206.6504,13246.8203,13196.0303,13241.3799,0
2007-05-04,13243.0801,13284.5303,13228.7803,13264.6201,0
2007-05-07,13264.1299,13317.6904,13260.7998,13312.9697,0
2007-05-08,13309.4004,13314.4297,13237.5596,13309.0703,0
2007-05-09,13300.6201,13369.2900,13278.3496,13362.8701,0
2007-05-10,13359.0498,13359.1299,13210.9004,13215.1299,0
2007-05-11,13212.2002,13333.4502,13212.0400,13326.2197,0
2007-05-14,13325.8096,13383.7598,13297.0400,13346.7803,0
2007-05-15,13346.0498,13481.5996,13339.4697,13383.8398,0
2007-05-16,13486.9600,13489.5703,13363.9297,13487.5303,0
2007-05-17,13487.5303,13516.7100,13447.7900,13476.7197,0
2007-05-18,13476.4004,13558.4805,13476.4004,13556.5303,0
2007-05-21,13556.5303,13586.0303,13529.1396,13542.8799,0
2007-05-22,13544.9902,13586.6797,13528.9805,13539.9502,0
2007-05-23,13540.8398,13609.7598,13505.1699,13525.6504,0
2007-05-24,13522.5996,13624.5498,13423.9004,13441.1299,0
2007-05-25,13441.9404,13516.1396,13440.0703,13507.2803,0
2007-05-29,13507.2803,13564.6602,13465.3496,13521.3398,0
2007-05-30,13517.8896,13636.0898,13456.7305,13633.0801,0
2007-05-31,13633.0000,13673.0703,13614.7197,13627.6396,0
2007-06-01,13628.6904,13692.0000,13624.3896,13668.1104,0
2007-06-04,13667.2100,13690.3799,13618.7803,13676.3203,0
2007-06-05,13673.1904,13673.5098,13551.0000,13595.4600,0
2007-06-06,13590.6602,13591.0703,13437.3096,13465.6699,0
2007-06-07,13463.4805,13480.2197,13259.8203,13266.7305,0
2007-06-08,13267.1396,13431.2197,13251.5303,13424.3896,0
2007-06-11,13424.3896,13478.1104,13381.6396,13424.9600,0
2007-06-12,13424.3896,13449.5000,13294.6104,13295.0098,0
2007-06-13,13287.6201,13485.1201,13287.6201,13482.3496,0
2007-06-14,13482.4297,13581.6104,13479.3496,13553.7305,0
2007-06-15,13556.6504,13688.6602,13556.4902,13639.4805,0
2007-06-18,13639.0000,13667.9404,13608.7598,13612.9805,0
2007-06-19,13611.6797,13652.1699,13577.2197,13635.4199,0
2007-06-20,13636.5596,13674.3604,13483.2500,13489.4199,0
2007-06-21,13486.6602,13564.2100,13398.8701,13545.8398,0
2007-06-22,13545.0303,13545.1104,13359.6904,13360.2598,0
2007-06-25,13360.0898,13488.7695,13299.7803,13352.0498,0
2007-06-26,13352.3701,13452.5195,13308.7197,13337.6602,0
2007-06-27,13336.9297,13433.0098,13259.8604,13427.7305,0
2007-06-28,13427.4805,13498.2900,13389.2803,13422.2803,0
2007-06-29,13422.6104,13524.5400,13314.0000,13408.6201,0
2007-07-02,13409.5996,13537.8701,13409.5195,13535.4297,0
2007-07-03,13531.5303,13591.6904,13531.5303,13577.2998,0
2007-07-05,13576.2402,13580.0596,13513.4902,13565.8398,0
2007-07-06,13559.0098,13633.6299,13537.9502,13611.6797,0
2007-07-09,13612.6602,13670.4600,13609.0000,13649.9697,0
2007-07-10,13648.5898,13649.2402,13496.1699,13501.7002,0
2007-07-11,13500.4004,13590.9502,13474.7900,13577.8701,0
2007-07-12,13579.3301,13869.9404,13579.1699,13861.7305,0
2007-07-13,13859.8604,13932.2900,13845.8799,13907.2500,0
2007-07-16,13907.0898,13989.1104,13894.9805,13950.9805,0
2007-07-17,13951.9600,14021.9502,13942.8496,13971.5498,0
2007-07-18,13955.0498,13965.9404,13823.5996,13918.2197,0
2007-07-19,13918.7900,14015.8496,13918.7900,14000.4102,0
2007-07-20,14000.7305,14009.2695,13797.6699,13851.0801,0
2007-07-23,13851.7305,13973.9902,13851.7305,13943.4199,0
2007-07-24,13940.9004,13940.9902,13701.5898,13716.9502,0
2007-07-25,13718.2500,13822.2197,13674.8398,13785.0703,0
2007-07-26,13783.1201,13783.4502,13335.2998,13473.5703,0
2007-07-27,13472.6797,13520.7998,13265.4697,13265.4697,0
2007-07-30,13266.2100,13397.7305,13219.1396,13358.3096,0
2007-07-31,13360.6602,13498.5303,13199.7900,13211.9902,0
2007-08-01,13211.0898,13393.0195,13132.6504,13362.3701,0
2007-08-02,13357.8203,13503.3301,13350.4199,13463.3301,0
2007-08-03,13462.2500,13471.7900,13175.2402,13181.9102,0
2007-08-06,13183.1299,13470.1602,13158.5801,13468.7803,0
2007-08-07,13467.7197,13608.1104,13347.1699,13504.2998,0
2007-08-08,13497.2305,13695.8203,13484.7900,13657.8604,0
2007-08-09,13652.3301,13652.3301,13270.6797,13270.6797,0
2007-08-10,13270.5898,13306.5195,13057.8604,13239.5400,0
2007-08-13,13239.5400,13338.1504,13219.4600,13236.5303,0
2007-08-14,13235.7197,13269.7803,13018.2695,13028.9199,0
2007-08-15,13021.9297,13119.3203,12834.2402,12861.4697,0
2007-08-16,12861.4697,12885.8496,12517.9404,12845.7803,0
2007-08-17,12848.0498,13167.6797,12847.8096,13079.0801,0
2007-08-20,13079.0801,13181.6602,12982.7500,13121.3496,0
2007-08-21,13120.0498,13178.3301,13052.1699,13090.8604,0
2007-08-22,13090.8604,13248.0801,13088.2598,13236.1299,0
2007-08-23,13236.1299,13298.6396,13169.1504,13235.8799,0
2007-08-24,13235.8799,13381.4697,13208.6504,13378.8701,0
2007-08-27,13377.1602,13387.3301,13305.5498,13322.1299,0
2007-08-28,13318.4297,13318.5996,13034.7803,13041.8496,0
2007-08-29,13043.0703,13293.4404,13043.0703,13289.2900,0
2007-08-30,13287.9102,13315.1396,13184.5898,13238.7305,0
2007-08-31,13240.8398,13428.9502,13240.8398,13357.7402,0
2007-09-04,13358.3896,13494.0596,13317.5000,13448.8604,0
2007-09-05,13442.8496,13443.1699,13248.2402,13305.4697,0
2007-09-06,13306.4404,13398.7100,13274.8203,13363.3496,0
2007-09-07,13360.7402,13360.8301,13082.1699,13113.3799,0
2007-09-10,13116.3896,13207.1904,13021.9297,13127.8496,0
2007-09-11,13129.4004,13325.9502,13129.1504,13308.3896,0
2007-09-12,13298.3096,13360.0098,13263.0303,13291.6504,0
2007-09-13,13292.3799,13469.2695,13292.3799,13424.8799,0
2007-09-14,13421.3896,13459.7500,13323.8398,13442.5195,0
2007-09-17,13441.9502,13451.5400,13362.3701,13403.4199,0
2007-09-18,13403.1797,13739.9600,13403.1797,13739.3896,0
2007-09-19,13740.6104,13867.5000,13739.8799,13815.5596,0
2007-09-20,13813.5195,13822.1396,13741.0098,13766.7002,0
2007-09-21,13768.3301,13877.1699,13768.2500,13820.1904,0
2007-09-24,13821.5703,13874.4102,13750.9297,13759.0596,0
2007-09-25,13757.8398,13787.1904,13696.3096,13778.6504,0
2007-09-26,13779.2998,13915.7900,13779.2998,13878.1504,0
2007-09-27,13879.5303,13920.4199,13868.1504,13912.9404,0
2007-09-28,13912.9404,13924.8096,13850.2695,13895.6299,0
2007-10-01,13895.7100,14115.5098,13893.5098,14087.5498,0
2007-10-02,14087.1396,14107.4697,14012.1104,14047.3096,0
2007-10-03,14038.8604,14038.9404,13947.7305,13968.0498,0
2007-10-04,13967.8896,14010.4102,13951.6299,13974.3096,0
2007-10-05,13969.0703,14124.5400,13968.8301,14066.0098,0
2007-10-08,14065.3604,14067.9600,14009.6699,14043.7305,0
2007-10-09,14043.7305,14166.9697,14034.3896,14164.5303,0
2007-10-10,14165.0195,14165.0195,14009.5098,14078.6904,0
2007-10-11,14079.0996,14198.0996,13950.2500,14015.1201,0
2007-10-12,14016.3398,14101.7695,14013.7402,14093.0801,0
2007-10-15,14092.4297,14118.5195,13904.3203,13984.7998,0
2007-10-16,13986.3398,13992.0303,13877.9004,13912.9404,0
2007-10-17,13920.6602,14012.8398,13774.6699,13892.5400,0
2007-10-18,13887.9004,13913.7500,13820.3496,13888.9600,0
2007-10-19,13888.4697,13888.4697,13511.9404,13522.0195,0
2007-10-22,13521.6201,13587.2197,13407.4902,13566.9697,0
2007-10-23,13568.9297,13684.5996,13540.8799,13676.2305,0
2007-10-24,13675.5801,13690.4502,13470.1602,13675.2500,0
2007-10-25,13677.8496,13741.2598,13547.6299,13671.9199,0
2007-10-26,13675.6602,13811.2500,13675.2500,13806.7002,0
2007-10-29,13807.3496,13901.4004,13805.3096,13870.2598,0
2007-10-30,13869.0400,13869.2900,13778.4102,13792.4697,0
2007-10-31,13792.0596,13962.5303,13767.6797,13930.0098,0
2007-11-01,13924.1602,13924.1602,13548.9297,13567.8701,0
2007-11-02,13569.9004,13632.9004,13446.0195,13595.0996,0
2007-11-05,13592.5801,13618.2695,13446.9102,13543.4004,0
2007-11-06,13542.3398,13669.7197,13511.8604,13660.9404,0
2007-11-07,13646.7197,13647.2900,13285.6299,13300.0195,0
2007-11-08,13299.7002,13354.0000,13079.4805,13266.2900,0
2007-11-09,13261.1699,13262.1396,13017.2998,13042.7402,0
2007-11-12,13039.1602,13162.6396,12981.0400,12987.5498,0
2007-11-13,12975.1104,13319.4502,12975.1104,13307.0898,0
2007-11-14,13305.4697,13367.1699,13197.8398,13231.0098,0
2007-11-15,13231.0098,13262.1396,13055.8301,13110.0498,0
2007-11-16,13109.4805,13211.1699,13050.5498,13176.7900,0
2007-11-19,13176.2998,13176.2998,12937.6299,12958.4404,0
2007-11-20,12955.9199,13107.3701,12839.6797,13010.1396,0
2007-11-21,13006.6504,13007.7100,12786.0303,12799.0400,0
2007-11-23,12796.0703,12980.8799,12796.0703,12980.8799,0
2007-11-26,12979.9902,13037.2998,12724.0898,12743.4404,0
2007-11-27,12744.7803,12991.8496,12744.7803,12958.4404,0
2007-11-28,12958.0400,13325.8701,12958.0400,13289.4502,0
2007-11-29,13287.9102,13346.2695,13214.7500,13311.7305,0
2007-11-30,13314.2500,13466.9902,13281.6504,13371.7197,0
2007-12-03,13368.2197,13407.2402,13296.2803,13314.5703,0
2007-12-04,13311.2402,13316.2803,13237.5898,13248.7305,0
2007-12-05,13244.0098,13460.2402,13244.0098,13444.9600,0
2007-12-06,13445.8496,13632.9004,13426.1797,13619.8896,0
2007-12-07,13618.2695,13668.0996,13601.3604,13625.5801,0
2007-12-10,13623.5498,13754.0195,13623.5498,13727.0303,0
2007-12-11,13726.8701,13780.1104,13413.7402,13432.7695,0
2007-12-12,13434.7998,13704.5195,13321.6396,13473.9004,0
2007-12-13,13473.9805,13527.6299,13353.9199,13517.9600,0
2007-12-14,13515.1104,13515.3604,13332.1299,13339.8496,0
2007-12-17,13339.2002,13339.4502,13158.4199,13167.2002,0
2007-12-18,13168.6602,13279.4600,13092.0000,13232.4697,0
2007-12-19,13231.9805,13300.4297,13146.7900,13207.2695,0
2007-12-20,13206.4600,13288.4004,13153.6201,13245.6396,0
2007-12-21,13241.6602,13473.9805,13241.5703,13450.6504,0
2007-12-24,13450.7305,13563.4805,13449.2695,13550.0400,0
2007-12-26,13547.9502,13563.3203,13492.6797,13551.6904,0
2007-12-27,13549.1699,13551.0400,13349.2803,13359.6104,0
2007-12-28,13361.2305,13451.3799,13298.1504,13365.8701,0
2007-12-31,13364.1602,13364.7305,13246.5303,13264.8203,0
2008-01-02,13261.8203,13279.5400,12991.3701,13043.9600,0
2008-01-03,13044.1201,13137.9297,13023.5596,13056.7197,0
2008-01-04,13046.5596,13046.7197,12789.0400,12800.1797,0
2008-01-07,12801.1504,12884.1504,12733.8398,12827.4902,0
2008-01-08,12820.9004,12906.4199,12565.4102,12589.0703,0
2008-01-09,12590.2100,12738.6396,12501.7598,12735.3096,0
2008-01-10,12733.1104,12931.2900,12632.1504,12853.0898,0
2008-01-11,12850.7402,12851.1396,12543.8701,12606.2998,0
2008-01-14,12613.7803,12794.5703,12613.7002,12778.1504,0
2008-01-15,12777.5000,12777.5000,12488.7598,12501.1104,0
2008-01-16,12476.8096,12613.1299,12392.2695,12466.1602,0
2008-01-17,12467.0498,12517.6104,12125.5596,12159.2100,0
2008-01-18,12159.9404,12341.5400,12022.4805,12099.2998,0
2008-01-22,12092.7197,12092.7197,11634.8203,11971.1904,0
2008-01-23,11969.0801,12276.6699,11644.8096,12270.1699,0
2008-01-24,12272.6904,12399.1797,12241.7998,12378.6104,0
2008-01-25,12391.7002,12486.8896,12183.6797,12207.1699,0
2008-01-28,12205.7100,12386.0098,12112.1396,12383.8896,0
2008-01-29,12385.1904,12503.1504,12346.9902,12480.2998,0
2008-01-30,12480.1396,12681.4102,12406.1699,12442.8301,0
2008-01-31,12438.2803,12702.3799,12249.9297,12650.3604,0
2008-02-01,12638.1699,12767.7402,12602.3203,12743.1904,0
2008-02-04,12743.1104,12749.7803,12621.8301,12635.1602,0
2008-02-05,12631.8496,12631.9297,12264.0703,12265.1299,0
2008-02-06,12257.2500,12390.3203,12178.1504,12200.0996,0
2008-02-07,12196.2002,12332.5195,12120.4404,12247.0000,0
2008-02-08,12248.4697,12281.8799,12103.3701,12182.1299,0
2008-02-11,12181.8896,12252.1201,12069.4697,12240.0098,0
2008-02-12,12241.5596,12469.4102,12241.5596,12373.4102,0
2008-02-13,12368.1201,12573.1299,12367.7998,12552.2402,0
2008-02-14,12551.5098,12557.6104,12361.4600,12376.9805,0
2008-02-15,12376.6602,12376.6602,12278.6201,12348.2100,0
2008-02-19,12349.5898,12505.2500,12304.0801,12337.2197,0
2008-02-20,12333.3096,12464.0596,12227.7197,12427.2598,0
2008-02-21,12426.8496,12503.4600,12247.3398,12284.2998,0
2008-02-22,12281.0898,12397.7900,12155.2598,12381.0195,0
2008-02-25,12380.7695,12584.6201,12341.0400,12570.2197,0
2008-02-26,12569.4805,12734.1797,12512.4102,12684.9199,0
2008-02-27,12683.5400,12756.5596,12609.3701,12694.2803,0
2008-02-28,12689.2803,12689.4404,12536.4297,12582.1797,0
2008-02-29,12579.5801,12580.1504,12223.5703,12266.3896,0
2008-03-03,12264.3604,12281.3701,12161.0498,12258.9004,0
2008-03-04,12259.1396,12259.2305,12032.4199,12213.7998,0
2008-03-05,12204.9297,12349.6699,12140.5303,12254.9902,0
2008-03-06,12254.5898,12254.5898,12026.0703,12040.3896,0
2008-03-07,12039.0898,12094.2100,11819.6904,11893.6904,0
2008-03-10,11893.0400,11926.5000,11731.5996,11740.1504,0
2008-03-11,11741.3301,12160.7998,11741.0098,12156.8096,0
2008-03-12,12148.6104,12303.3496,12092.2500,12110.2402,0
2008-03-13,12096.4902,12215.3496,11875.7803,12145.7402,0
2008-03-14,12146.3896,12193.6104,11832.7197,11951.0898,0
2008-03-17,11946.4502,12076.2197,11756.5996,11972.2500,0
2008-03-18,11975.9199,12392.6602,11975.8398,12392.6602,0
2008-03-19,12391.5195,12461.5303,12095.0996,12099.6602,0
2008-03-20,12102.4297,12378.7402,12097.8701,12361.3203,0
2008-03-24,12361.9697,12622.0703,12361.9697,12548.6396,0
2008-03-25,12547.3398,12571.8398,12449.0801,12532.5996,0
2008-03-26,12531.7900,12531.9502,12376.7002,12422.8604,0
2008-03-27,12421.8799,12476.7598,12293.3398,12302.4600,0
2008-03-28,12303.9199,12382.1602,12196.8701,12216.4004,0
2008-03-31,12215.9199,12326.4697,12176.1104,12262.8896,0
2008-04-01,12266.6396,12659.8203,12266.4697,12654.3604,0
2008-04-02,12651.6699,12696.2900,12555.1699,12608.9199,0
2008-04-03,12605.8301,12675.1201,12527.7500,12626.0303,0
2008-04-04,12626.0303,12688.4805,12528.1602,12609.4199,0
2008-04-07,12612.5898,12733.6602,12583.2803,12612.4297,0
2008-04-08,12602.6602,12607.2998,12525.7998,12576.4404,0
2008-04-09,12574.6504,12621.5498,12468.9697,12527.2598,0
2008-04-10,12526.7803,12649.3096,12497.2197,12581.9805,0
2008-04-11,12579.7803,12580.2695,12302.0596,12325.4199,0
2008-04-14,12324.7695,12367.5996,12280.4004,12302.0596,0
2008-04-15,12302.0596,12387.7900,12269.8096,12362.4697,0
2008-04-16,12371.5098,12625.7803,12371.5098,12619.2695,0
2008-04-17,12617.4004,12656.5596,12563.2500,12620.4902,0
2008-04-18,12626.7598,12893.9805,12626.7598,12849.3604,0
2008-04-21,12850.9102,12850.9102,12751.1699,12825.0195,0
2008-04-22,12825.0195,12825.2598,12656.5596,12720.2305,0
2008-04-23,12721.4502,12837.3896,12703.0498,12763.2197,0
2008-04-24,12764.6797,12942.2598,12706.6299,12848.9502,0
2008-04-25,12848.3799,12909.2002,12742.7803,12891.8604,0
2008-04-28,12890.7598,12938.7598,12857.5000,12871.7500,0
2008-04-29,12870.3701,12889.8301,12804.6602,12831.9404,0
2008-04-30,12831.4502,13010.0000,12808.9805,12820.1299,0
2008-05-01,12818.3398,13029.0498,12793.0996,13010.0000,0
2008-05-02,13012.5303,13132.4600,12981.8301,13058.2002,0
2008-05-05,13056.5703,13058.4502,12939.7402,12969.5400,0
2008-05-06,12968.8896,13046.1504,12863.2002,13020.8301,0
2008-05-07,13010.8203,13036.7100,12796.1904,12814.3496,0
2008-05-08,12814.3496,12909.8604,12794.8096,12866.7803,0
2008-05-09,12860.6797,12861.4102,12715.0195,12745.8799,0
2008-05-12,12745.5498,12904.1602,12740.5000,12876.3096,0
2008-05-13,12872.0801,12891.3701,12780.9697,12832.1797,0
2008-05-14,12825.1201,12993.1504,12825.1201,12898.3799,0
2008-05-15,12891.2900,12999.5000,12854.9805,12992.6602,0
2008-05-16,12992.7402,13001.9404,12893.4902,12986.7998,0
2008-05-19,12985.4102,13136.6904,12963.7598,13028.1602,0
2008-05-20,13026.0400,13026.0400,12781.7803,12828.6797,0
2008-05-21,12824.9404,12862.4697,12573.6699,12601.1904,0
2008-05-22,12597.6904,12669.3398,12591.3398,12625.6201,0
2008-05-23,12620.9004,12621.9600,12460.0898,12479.6299,0
2008-05-27,12479.6299,12572.5303,12442.5898,12548.3496,0
2008-05-28,12542.9004,12601.9297,12495.2695,12594.0303,0
2008-05-29,12593.8701,12726.6602,12554.7002,12646.2197,0
2008-05-30,12647.3604,12689.7002,12617.4004,12638.3203,0
2008-06-02,12637.6699,12638.0801,12427.7695,12503.8203,0
2008-06-03,12503.2002,12554.0498,12342.1201,12402.8496,0
2008-06-04,12391.8604,12496.1602,12338.7803,12390.4805,0
2008-06-05,12388.8096,12610.9600,12388.8096,12604.4502,0
2008-06-06,12602.7402,12603.0703,12192.0596,12209.8096,0
2008-06-09,12210.1299,12331.8604,12195.3203,12280.3203,0
2008-06-10,12277.7100,12369.2305,12206.9600,12289.7598,0
2008-06-11,12286.3398,12286.6699,12079.1299,12083.7695,0
2008-06-12,12089.6299,12269.2402,12076.9297,12141.5801,0
2008-06-13,12144.5898,12310.2803,12144.5898,12307.3496,0
2008-06-16,12306.8604,12319.7197,12212.2500,12269.0801,0
2008-06-17,12269.6504,12322.8203,12150.2900,12160.2998,0
2008-06-18,12158.6797,12158.6797,11993.6396,12029.0596,0
2008-06-19,12029.0596,12114.7900,11978.3301,12063.0898,0
2008-06-20,12062.1904,12062.1904,11818.8301,11842.6904,0
2008-06-23,11843.8301,11986.9600,11731.0596,11842.3604,0
2008-06-24,11842.3604,11904.3203,11725.5195,11807.4297,0
2008-06-25,11805.3096,11924.1904,11789.3604,11811.8301,0
2008-06-26,11808.5703,11808.7305,11453.4199,11453.4199,0
2008-06-27,11452.8496,11485.2500,11297.9902,11346.5098,0
2008-06-30,11345.7002,11437.2998,11287.5596,11350.0098,0
2008-07-01,11344.6396,11407.9004,11183.4297,11382.2598,0
2008-07-02,11382.3398,11434.1201,11214.3701,11215.5098,0
2008-07-03,11216.0000,11337.4805,11157.2100,11288.5400,0
2008-07-07,11289.1904,11399.1104,11120.7402,11231.9600,0
2008-07-08,11225.0303,11391.1299,11174.8799,11384.2100,0
2008-07-09,11381.9297,11418.2402,11141.9902,11147.4404,0
2008-07-10,11148.0098,11270.2998,11086.9502,11229.0195,0
2008-07-11,11226.1699,11241.0703,10977.6797,11100.5400,0
2008-07-14,11103.6396,11239.0400,11003.6504,11055.1904,0
2008-07-15,11050.7998,11123.6699,10827.7100,10962.5400,0
2008-07-16,10961.8896,11244.1699,10918.3301,11239.2803,0
2008-07-17,11238.3896,11446.6602,11209.5596,11446.6602,0
2008-07-18,11436.5596,11510.8203,11381.9297,11496.5703,0
2008-07-21,11495.0195,11559.6699,11423.9404,11467.3398,0
2008-07-22,11457.9004,11616.6602,11387.3896,11602.5000,0
2008-07-23,11603.3896,11698.1699,11558.2900,11632.3799,0
2008-07-24,11630.3398,11634.4902,11345.3701,11349.2803,0
2008-07-25,11341.1396,11443.8096,11325.0996,11370.6904,0
2008-07-28,11369.4697,11369.5498,11125.1299,11131.0801,0
2008-07-29,11133.4404,11398.3799,11128.0596,11397.5596,0
2008-07-30,11397.5596,11586.6201,11397.5596,11583.6904,0
2008-07-31,11577.9902,11578.8896,11363.6904,11378.0195,0
2008-08-01,11379.8896,11425.7305,11267.0498,11326.3203,0
2008-08-04,11326.3203,11382.1699,11221.5303,11284.1504,0
2008-08-05,11286.0195,11615.9297,11286.0195,11615.7695,0
2008-08-06,11603.6396,11685.4600,11521.3203,11656.0703,0
2008-08-07,11655.4199,11655.5801,11416.7002,11431.4297,0
2008-08-08,11432.0898,11759.9600,11388.0400,11734.3203,0
2008-08-11,11729.6699,11867.1104,11675.5303,11782.3496,0
2008-08-12,11781.7002,11782.3496,11601.5195,11642.4697,0
2008-08-13,11632.8096,11633.7803,11453.3398,11532.9600,0
2008-08-14,11532.0703,11718.2803,11450.8896,11615.9297,0
2008-08-15,11611.2100,11709.8896,11599.7305,11659.9004,0
2008-08-18,11659.6504,11690.4297,11434.1201,11479.3896,0
2008-08-19,11478.0898,11478.1699,11318.5000,11348.5498,0
2008-08-20,11345.9404,11454.1504,11290.5801,11417.4297,0
2008-08-21,11415.2305,11476.2100,11315.5703,11430.2100,0
2008-08-22,11426.7900,11632.1299,11426.7900,11628.0596,0
2008-08-25,11626.1904,11626.2695,11362.6299,11386.2500,0
2008-08-26,11383.5596,11436.2402,11340.4102,11412.8701,0
2008-08-27,11412.4600,11554.4600,11381.7695,11502.5098,0
2008-08-28,11499.8701,11715.1797,11499.7900,11715.1797,0
2008-08-29,11713.2305,11713.2305,11543.3896,11543.9600,0
2008-09-02,11545.6299,11790.1699,11471.9004,11516.9199,0
2008-09-03,11506.0098,11554.3799,11416.5303,11532.8799,0
2008-09-04,11532.4805,11532.4805,11176.0195,11188.2305,0
2008-09-05,11185.6299,11245.1504,11037.8496,11220.9600,0
2008-09-08,11224.8701,11570.6602,11224.7900,11510.7402,0
2008-09-09,11514.7305,11577.5000,11230.7305,11230.7305,0
2008-09-10,11233.9102,11380.6299,11215.2598,11268.9199,0
2008-09-11,11264.4404,11445.6797,11098.6699,11433.7100,0
2008-09-12,11429.3203,11459.9297,11280.4004,11421.9902,0
2008-09-15,11416.3701,11416.4502,10917.5098,10917.5098,0
2008-09-16,10905.6201,11093.2197,10742.7002,11059.0195,0
2008-09-17,11056.5801,11057.3096,10595.9004,10609.6602,0
2008-09-18,10609.0098,11076.4404,10459.4404,11019.6904,0
2008-09-19,11027.5098,11483.0498,11026.7002,11388.4404,0
2008-09-22,11394.4199,11394.5801,10992.2002,11015.6904,0
2008-09-23,11015.6904,11143.2100,10833.9404,10854.1699,0
2008-09-24,10850.0195,10928.4004,10753.5703,10825.1699,0
2008-09-25,10827.1699,11129.1904,10827.0098,11022.0596,0
2008-09-26,11019.0400,11168.0596,10868.8203,11143.1299,0
2008-09-29,11139.6201,11139.9404,10365.4502,10365.4502,0
2008-09-30,10371.5801,10868.9004,10371.4199,10850.6602,0
2008-10-01,10847.4004,10882.5195,10631.9502,10831.0703,0
2008-10-02,10825.5400,10825.5400,10439.5195,10482.8496,0
2008-10-03,10483.9600,10796.2598,10310.2500,10325.3799,0
2008-10-06,10322.5195,10322.7598,9525.3203,9955.5000,0
2008-10-07,9955.4199,10124.0303,9436.6699,9447.1104,0
2008-10-08,9437.2305,9628.0703,9194.7803,9258.0996,0
2008-10-09,9261.6904,9448.1396,8579.1904,8579.1904,0
2008-10-10,8568.6699,8901.2803,7882.5098,8451.1904,0
2008-10-13,8462.4199,9427.9902,8462.1797,9387.6104,0
2008-10-14,9388.9697,9794.3701,9085.4297,9310.9902,0
2008-10-15,9301.9102,9308.7598,8530.1201,8577.9102,0
2008-10-16,8577.0400,9013.2695,8197.6699,8979.2598,0
2008-10-17,8975.3496,9281.1201,8718.2500,8852.2197,0
2008-10-20,8852.2998,9266.6299,8852.2197,9265.4297,0
2008-10-21,9262.7998,9284.5498,9004.2695,9033.6602,0
2008-10-22,9027.8398,9027.8398,8335.2998,8519.2100,0
2008-10-23,8519.7695,8795.9902,8243.5498,8691.2500,0
2008-10-24,8683.2100,8683.2100,8187.4800,8378.9502,0
2008-10-27,8375.9199,8599.0996,8143.5898,8175.7700,0
2008-10-28,8178.7202,9082.0801,8174.7300,9065.1201,0
2008-10-29,9062.3301,9363.3203,8890.2900,8990.9600,0
2008-10-30,9004.6602,9266.4697,8976.8701,9180.6904,0
2008-10-31,9179.0898,9454.3604,9119.2002,9325.0098,0
2008-11-03,9326.0400,9410.5498,9255.4805,9319.8301,0
2008-11-04,9323.8896,9653.9502,9323.8896,9625.2803,0
2008-11-05,9616.5996,9616.5996,9111.4697,9139.2695,0
2008-11-06,9134.0098,9155.4404,8637.1699,8695.7900,0
2008-11-07,8696.0303,8961.5703,8696.0303,8943.8096,0
2008-11-10,8946.5996,9159.5801,8760.4600,8870.5400,0
2008-11-11,8864.3203,8867.9102,8560.7100,8693.9600,0
2008-11-12,8684.5195,8684.5996,8265.2900,8282.6602,0
2008-11-13,8281.1396,8876.5898,7965.4199,8835.2500,0
2008-11-14,8822.1904,8923.1797,8469.9902,8497.3096,0
2008-11-17,8494.8398,8571.2998,8246.8896,8273.5801,0
2008-11-18,8273.3398,8477.9502,8105.4399,8424.7500,0
2008-11-19,8420.6904,8504.6396,7987.0801,7997.2798,0
2008-11-20,7995.5298,8187.3999,7506.9702,7552.2900,0
2008-11-21,7552.3701,8071.7500,7449.3799,8046.4199,0
2008-11-24,8048.0898,8599.0195,8048.0898,8443.3896,0
2008-11-25,8445.1396,8607.3799,8281.4600,8479.4697,0
2008-11-26,8464.4902,8726.6104,8311.1699,8726.6104,0
2008-11-28,8724.7002,8831.3496,8672.6904,8829.0400,0
2008-12-01,8826.8896,8827.0498,8141.3599,8149.0898,0
2008-12-02,8153.7500,8437.1699,8143.5098,8419.0898,0
2008-12-03,8409.1396,8624.1904,8234.1504,8591.6904,0
2008-12-04,8587.0703,8631.9902,8259.4004,8376.2402,0
2008-12-05,8376.0801,8686.4697,8118.5000,8635.4199,0
2008-12-08,8637.6504,9026.4102,8637.4902,8934.1797,0
2008-12-09,8934.0996,8934.0996,8651.7402,8691.3301,0
2008-12-10,8693.0000,8879.2197,8646.3301,8761.4199,0
2008-12-11,8750.1299,8809.4502,8512.7598,8565.0898,0
2008-12-12,8563.0996,8682.5703,8347.8096,8629.6797,0
2008-12-15,8628.8096,8676.2803,8469.0303,8564.5303,0
2008-12-16,8565.6504,8958.7900,8565.6504,8924.1396,0
2008-12-17,8921.9102,8961.2598,8778.0703,8824.3398,0
2008-12-18,8823.9404,8883.3604,8527.4102,8604.9902,0
2008-12-19,8606.5000,8787.2305,8550.4297,8579.1104,0
2008-12-22,8573.3701,8601.4102,8372.0195,8519.6904,0
2008-12-23,8518.6504,8604.1201,8391.2998,8419.4902,0
2008-12-24,8416.8604,8498.5000,8416.8604,8468.4805,0
2008-12-26,8468.7100,8533.0703,8461.7803,8515.5498,0
2008-12-29,8515.8701,8530.6797,8364.0596,8483.9297,0
2008-12-30,8487.5098,8675.2402,8487.5098,8668.3896,0
2008-12-31,8666.4805,8842.6602,8664.8896,8776.3896,0
2009-01-02,8772.2500,9065.2803,8760.7803,9034.6904,0
2009-01-05,9027.1299,9034.3701,8892.3604,8952.8896,0
2009-01-06,8954.5703,9088.0596,8940.9502,9015.0996,0
2009-01-07,8996.9404,8996.9404,8719.9199,8769.7002,0
2009-01-08,8769.9404,8770.0195,8651.1904,8742.4600,0
2009-01-09,8738.7998,8769.6201,8576.9600,8599.1797,0
2009-01-12,8599.2598,8602.5996,8421.0801,8473.9697,0
2009-01-13,8474.6104,8522.0801,8376.8799,8448.5596,0
2009-01-14,8446.0098,8446.2500,8140.7202,8200.1396,0
2009-01-15,8196.2402,8286.1602,7995.1299,8212.4902,0
2009-01-16,8215.6699,8341.2002,8109.3398,8281.2197,0
2009-01-20,8279.6299,8291.9805,7939.9302,7949.0898,0
2009-01-21,7949.1699,8243.5498,7936.1899,8228.0996,0
2009-01-22,8224.4297,8224.8301,7957.1401,8122.7998,0
2009-01-23,8108.7900,8152.5898,7909.0298,8077.5601,0
2009-01-26,8078.0400,8231.6797,8023.1602,8116.0298,0
2009-01-27,8117.3901,8225.7900,8083.1401,8174.7300,0
2009-01-28,8175.9302,8405.8701,8175.9302,8375.4502,0
2009-01-29,8373.0596,8373.1396,8137.9399,8149.0098,0
2009-01-30,8149.0098,8195.7598,7961.9199,8000.8599,0
2009-02-02,8000.6201,8000.6201,7867.3701,7936.7500,0
2009-02-03,7936.9902,8111.5698,7905.5200,8078.3599,0
2009-02-04,8070.3198,8162.1499,7929.2598,7956.6602,0
2009-02-05,7954.8301,8107.8301,7845.3101,8063.0698,0
2009-02-06,8056.3799,8312.3701,8052.2402,8280.5898,0
2009-02-09,8281.3799,8315.0703,8196.2402,8270.8701,0
2009-02-10,8269.3604,8269.4404,7848.7402,7888.8799,0
2009-02-11,7887.0498,7983.7402,7852.1602,7939.5298,0
2009-02-12,7931.9702,7938.8198,7693.9800,7932.7598,0
2009-02-13,7933.0000,7970.8398,7840.4502,7850.4102,0
2009-02-17,7845.6299,7845.6299,7551.0098,7552.6001,0
2009-02-18,7546.3501,7617.7598,7479.9702,7555.6299,0
2009-02-19,7555.2300,7614.9702,7447.5498,7465.9502,0
2009-02-20,7461.4902,7469.2900,7249.4702,7365.6699,0
2009-02-23,7365.9902,7441.0200,7105.9399,7114.7798,0
2009-02-24,7115.3398,7378.9702,7114.2998,7350.9399,0
2009-02-25,7349.5801,7404.9399,7156.6802,7270.8901,0
2009-02-26,7269.0601,7402.3101,7173.5601,7182.0801,0
2009-02-27,7180.9702,7195.4600,7033.6201,7062.9302,0
2009-03-02,7056.4800,7058.9502,6755.1699,6763.2900,0
2009-03-03,6764.8101,6855.2900,6705.6299,6726.0200,0
2009-03-04,6726.5000,6979.2202,6726.4199,6875.8398,0
2009-03-05,6874.0098,6874.0098,6544.1001,6594.4399,0
2009-03-06,6595.1602,6755.1699,6469.9502,6626.9399,0
2009-03-09,6625.7402,6709.6099,6516.8599,6547.0498,0
2009-03-10,6547.0098,6926.4902,6546.6099,6926.4902,0
2009-03-11,6923.1299,7015.0601,6867.5498,6930.3999,0
2009-03-12,6932.3901,7184.7100,6872.2500,7170.0601,0
2009-03-13,7167.3501,7242.6201,7105.8599,7223.9800,0
2009-03-16,7225.3301,7392.9102,7206.8501,7216.9702,0
2009-03-17,7218.0000,7396.8101,7172.0498,7395.7002,0
2009-03-18,7395.7002,7571.6401,7257.2700,7486.5801,0
2009-03-19,7489.6802,7548.4600,7369.2598,7400.7998,0
2009-03-20,7402.3101,7460.9302,7257.8301,7278.3799,0
2009-03-23,7279.2500,7780.7202,7278.7798,7775.8599,0
2009-03-24,7773.4702,7796.5698,7646.9902,7659.9702,0
2009-03-25,7659.8101,7863.6299,7550.0601,7749.8101,0
2009-03-26,7752.3599,7931.3301,7752.2798,7924.5601,0
2009-03-27,7922.5698,7922.5698,7735.9502,7776.1802,0
2009-03-30,7773.3101,7773.3901,7437.5898,7522.0200,0
2009-03-31,7523.7700,7725.3599,7523.4502,7608.9199,0
2009-04-01,7606.1299,7789.0000,7483.8701,7761.6001,0
2009-04-02,7763.9902,8075.7300,7763.9902,7978.0801,0
2009-04-03,7980.6299,8019.5000,7897.2402,8017.5898,0
2009-04-06,8016.1602,8016.1602,7862.2002,7975.8501,0
2009-04-07,7968.9199,7969.0801,7762.0801,7789.5601,0
2009-04-08,7788.6802,7887.5200,7750.8501,7837.1099,0
2009-04-09,7839.8901,8087.2798,7839.8901,8083.3799,0
2009-04-13,8082.0200,8113.4102,7963.7500,8057.8101,0
2009-04-14,8057.4102,8057.4102,7902.2598,7920.1802,0
2009-04-15,7914.9199,8041.3198,7870.4800,8029.6201,0
2009-04-16,8029.1401,8168.1201,7962.7100,8125.4302,0
2009-04-17,8125.4302,8190.6602,8086.8799,8131.3301,0
2009-04-20,8128.9399,8128.9399,7840.4502,7841.7300,0
2009-04-21,7841.7300,7979.2002,7791.9502,7969.5601,0
2009-04-22,7964.7798,8044.8301,7868.0098,7886.5698,0
2009-04-23,7886.8101,7979.4399,7804.2100,7957.0601,0
2009-04-24,7957.4502,8127.5000,7957.4502,8076.2900,0
2009-04-27,8073.8198,8122.5601,7987.1602,8025.0000,0
2009-04-28,8023.5601,8091.6602,7938.9800,8016.9502,0
2009-04-29,8018.3101,8257.5703,8017.9102,8185.7300,0
2009-04-30,8188.5098,8307.5098,8136.8999,8168.1201,0
2009-05-01,8167.4102,8219.8096,8099.3101,8212.4102,0
2009-05-04,8213.5996,8434.8604,8213.5996,8426.7402,0
2009-05-05,8425.5498,8458.1201,8362.7803,8410.6504,0
2009-05-06,8403.4805,8518.5703,8403.0000,8512.2803,0
2009-05-07,8512.2803,8577.1904,8358.0000,8409.8496,0
2009-05-08,8410.7305,8587.5498,8410.7305,8574.6504,0
2009-05-11,8569.2305,8569.2305,8410.3301,8418.7695,0
2009-05-12,8419.1699,8517.4600,8365.6504,8469.1104,0
2009-05-13,8461.7998,8462.0400,8262.4297,8284.8896,0
2009-05-14,8285.9199,8376.6396,8273.9004,8331.3203,0
2009-05-15,8326.2197,8394.9600,8230.1699,8268.6396,0
2009-05-18,8270.1504,8511.8799,8270.1504,8504.0801,0
2009-05-19,8502.4805,8538.0098,8463.5400,8474.8496,0
2009-05-20,8471.8203,8591.9297,8405.4697,8422.0400,0
2009-05-21,8416.0703,8416.1504,8221.0098,8292.1299,0
2009-05-22,8292.2100,8364.1396,8257.1699,8277.3203,0
2009-05-26,8277.3203,8495.7100,8226.9004,8473.4902,0
2009-05-27,8473.6504,8496.5898,8289.3496,8300.0195,0
2009-05-28,8300.5000,8434.6201,8246.5801,8403.7998,0
2009-05-29,8404.0400,8522.9502,8368.5195,8500.3301,0
2009-06-01,8501.5303,8760.7002,8501.2900,8721.4404,0
2009-06-02,8721.5996,8787.1299,8693.7197,8740.8701,0
2009-06-03,8740.0703,8740.3896,8598.3799,8675.2402,0
2009-06-04,8675.2803,8751.2500,8634.5703,8750.2402,0
2009-06-05,8751.7500,8839.4004,8700.4102,8763.1299,0
2009-06-08,8759.3496,8823.9697,8633.0703,8764.4902,0
2009-06-09,8764.8301,8803.2598,8725.1201,8763.0596,0
2009-06-10,8763.6602,8834.9297,8639.9502,8739.0195,0
2009-06-11,8736.2305,8877.9297,8736.2305,8770.9199,0
2009-06-12,8770.0098,8805.5303,8716.7305,8799.2598,0
2009-06-15,8798.5000,8798.5000,8577.9004,8612.1299,0
2009-06-16,8612.4404,8643.6504,8499.3799,8504.6699,0
2009-06-17,8504.3604,8563.0098,8461.2900,8497.1797,0
2009-06-18,8496.7305,8590.5195,8475.1201,8555.5996,0
2009-06-19,8556.9600,8616.5898,8496.7305,8539.7305,0
2009-06-22,8538.5195,8538.8301,8334.5498,8339.0098,0
2009-06-23,8340.4404,8370.9004,8286.4102,8322.9102,0
2009-06-24,8323.5098,8428.4102,8259.8799,8299.8604,0
2009-06-25,8299.2500,8490.4600,8259.4297,8472.4004,0
2009-06-26,8468.5400,8468.7695,8401.3604,8438.3896,0
2009-06-29,8440.1299,8533.2305,8429.0898,8529.3799,0
2009-06-30,8528.9297,8560.4404,8393.9502,8447.0000,0
2009-07-01,8447.5303,8580.4697,8447.5303,8504.0596,0
2009-07-02,8503.0000,8503.2305,8280.7402,8280.7402,0
2009-07-06,8280.7402,8327.9697,8205.9902,8324.8701,0
2009-07-07,8324.9502,8326.3096,8154.3799,8163.6001,0
2009-07-08,8163.6001,8219.5195,8087.1899,8178.4102,0
2009-07-09,8179.0098,8228.6699,8145.3101,8183.1699,0
2009-07-10,8182.4902,8183.8501,8093.3101,8146.5200,0
2009-07-13,8146.5200,8331.6797,8130.4199,8331.6797,0
2009-07-14,8331.3701,8361.2305,8285.2002,8359.4902,0
2009-07-15,8363.9502,8628.2305,8363.9502,8616.2100,0
2009-07-16,8612.6602,8739.5498,8584.4004,8711.8203,0
2009-07-17,8711.8896,8754.2900,8674.4102,8743.9404,0
2009-07-20,8746.0498,8854.7998,8745.9004,8848.1504,0
2009-07-21,8848.1504,8927.1299,8811.2695,8915.9404,0
2009-07-22,8912.3896,8949.7998,8860.3203,8881.2598,0
2009-07-23,8882.3096,9096.7197,8866.4404,9069.2900,0
2009-07-24,9066.1104,9100.8799,9007.3896,9093.2402,0
2009-07-27,9093.0898,9123.4004,9034.5195,9108.5098,0
2009-07-28,9106.9199,9124.9102,9007.4697,9096.7197,0
2009-07-29,9092.3398,9094.8301,9014.1904,9070.7197,0
2009-07-30,9072.8398,9246.4297,9072.6104,9154.4600,0
2009-07-31,9154.6104,9218.7695,9133.4502,9171.6104,0
2009-08-03,9173.6504,9298.4297,9173.6504,9286.5596,0
2009-08-04,9285.0498,9321.0996,9250.7402,9320.1904,0
2009-08-05,9315.3604,9318.0801,9206.4502,9280.9697,0
2009-08-06,9277.1904,9325.1104,9208.7998,9256.2598,0
2009-08-07,9258.4502,9437.7100,9258.4502,9370.0703,0
2009-08-10,9368.4102,9371.9600,9290.3398,9337.9502,0
2009-08-11,9334.3301,9334.3301,9216.8799,9241.4502,0
2009-08-12,9236.0596,9424.1104,9221.0195,9361.6104,0
2009-08-13,9362.2900,9406.5000,9305.3096,9398.1904,0
2009-08-14,9398.0400,9401.9697,9232.8301,9321.4004,0
2009-08-17,9313.8496,9313.8496,9116.5195,9135.3398,0
2009-08-18,9134.3604,9233.5098,9134.3604,9217.9404,0
2009-08-19,9208.6797,9313.0898,9131.9404,9279.1602,0
2009-08-20,9278.5498,9363.9502,9267.9697,9350.0498,0
2009-08-21,9347.8604,9519.1104,9347.2500,9505.9600,0
2009-08-24,9506.1797,9587.7305,9486.2305,9509.2803,0
2009-08-25,9509.2100,9620.0000,9508.9805,9539.2900,0
2009-08-26,9538.6104,9582.9697,9485.7803,9543.5195,0
2009-08-27,9541.6299,9609.7197,9459.4004,9580.6299,0
2009-08-28,9582.7402,9630.2002,9495.9805,9544.2002,0
2009-08-31,9542.9102,9543.0596,9436.1299,9496.2803,0
2009-09-01,9492.3203,9557.9502,9292.0801,9310.5996,0
2009-09-02,9306.2100,9330.9297,9262.2998,9280.6699,0
2009-09-03,9282.0303,9350.2695,9252.9297,9344.6104,0
2009-09-04,9345.3604,9445.7197,9321.6299,9441.2695,0
2009-09-08,9440.1299,9511.0195,9439.9805,9497.3398,0
2009-09-09,9496.5898,9577.2197,9476.1797,9547.2197,0
2009-09-10,9546.5400,9633.0000,9508.2197,9627.4805,0
2009-09-11,9625.4404,9649.8496,9571.5596,9605.4102,0
2009-09-14,9598.0801,9631.1104,9535.9600,9626.7998,0
2009-09-15,9626.4199,9713.7100,9580.9297,9683.4102,0
2009-09-16,9683.7100,9799.7197,9679.1797,9791.7100,0
2009-09-17,9789.8203,9854.5801,9749.4600,9783.9199,0
2009-09-18,9784.7500,9847.7100,9784.6797,9820.2002,0
2009-09-21,9818.6104,9818.6904,9725.8799,9778.8604,0
2009-09-22,9779.6104,9843.4004,9771.9102,9829.8701,0
2009-09-23,9830.6299,9917.9902,9740.8398,9748.5498,0
2009-09-24,9749.9902,9805.3896,9666.0303,9707.4404,0
2009-09-25,9706.6797,9735.9297,9641.0098,9665.1904,0
2009-09-28,9663.2305,9823.6699,9663.2305,9789.3604,0
2009-09-29,9789.7402,9834.4805,9739.1104,9742.2002,0
2009-09-30,9741.8301,9776.8203,9608.5898,9712.2803,0
2009-10-01,9711.5996,9711.6699,9500.3701,9509.2803,0
2009-10-02,9507.6201,9524.7803,9430.0801,9487.6699,0
2009-10-05,9488.7305,9625.0596,9481.0898,9599.7500,0
2009-10-06,9601.2598,9774.3203,9601.2598,9731.2500,0
2009-10-07,9725.6904,9740.3203,9675.6201,9725.5801,0
2009-10-08,9728.2197,9836.6699,9728.0703,9786.8701,0
2009-10-09,9786.0400,9865.0098,9764.8799,9864.9404,0
2009-10-12,9865.2402,9931.8203,9849.3701,9885.7998,0
2009-10-13,9883.9805,9895.0898,9815.0596,9871.0596,0
2009-10-14,9873.5498,10027.7305,9873.4805,10015.8604,0
2009-10-15,10014.8799,10062.9404,9977.4697,10062.9404,0
2009-10-16,10061.3604,10061.6602,9939.9102,9995.9102,0
2009-10-19,9996.6699,10117.9600,9995.1504,10092.1904,0
2009-10-20,10092.4199,10098.3896,9992.8096,10041.4805,0
2009-10-21,10038.8398,10119.4697,9943.7598,9949.3604,0
2009-10-22,9946.1797,10105.1904,9916.7803,10081.3096,0
2009-10-23,10099.9004,10109.5703,9932.5000,9972.1797,0
2009-10-26,9972.3301,10072.3203,9849.4502,9867.9600,0
2009-10-27,9868.3398,9947.5400,9837.9600,9882.1699,0
2009-10-28,9881.1104,9902.4199,9758.0801,9762.6904,0
2009-10-29,9762.9102,9969.9102,9759.1299,9962.5801,0
2009-10-30,9961.5195,9962.1299,9684.5400,9712.7305,0
2009-11-02,9712.1299,9858.5898,9678.9502,9789.4404,0
2009-11-03,9787.4697,9787.4697,9703.8896,9771.9102,0
2009-11-04,9767.2998,9928.0400,9767.1396,9802.1396,0
2009-11-05,9807.7998,10013.0703,9807.7998,10005.9600,0
2009-11-06,10001.3496,10044.5000,9936.8096,10023.4199,0
2009-11-09,10020.6201,10228.2305,10020.6201,10226.9404,0
2009-11-10,10223.0098,10260.7998,10197.6904,10246.9697,0
2009-11-11,10247.4199,10341.9697,10246.1396,10291.2598,0
2009-11-12,10289.8203,10321.6396,10171.2402,10197.4697,0
2009-11-13,10197.8496,10305.6904,10192.0303,10270.4697,0
2009-11-16,10267.5303,10434.2402,10267.4502,10406.9600,0
2009-11-17,10404.7695,10438.1699,10361.9902,10437.4199,0
2009-11-18,10426.2695,10432.6602,10360.0996,10426.3096,0
2009-11-19,10425.3301,10425.3301,10256.1104,10332.4404,0
2009-11-20,10327.9102,10342.7197,10271.6797,10318.1602,0
2009-11-23,10320.1299,10495.6104,10320.0498,10450.9502,0
2009-11-24,10451.2500,10453.9697,10359.5801,10433.7100,0
2009-11-25,10432.9600,10481.4805,10420.9404,10464.4004,0
2009-11-27,10452.2305,10452.2305,10231.2500,10309.9199,0
2009-11-30,10309.7695,10364.3398,10263.2900,10344.8398,0
2009-12-01,10343.8203,10501.2803,10343.4404,10471.5801,0
2009-12-02,10470.4404,10513.5195,10421.4697,10452.6797,0
2009-12-03,10455.6299,10507.6299,10350.0498,10366.1504,0
2009-12-04,10368.5703,10516.7002,10311.8096,10388.9004,0
2009-12-07,10386.8604,10443.1602,10360.1797,10390.1104,0
2009-12-08,10385.4199,10385.6504,10249.8398,10285.9697,0
2009-12-09,10282.8496,10342.2695,10235.6299,10337.0498,0
2009-12-10,10336.0000,10444.5996,10335.7695,10405.8301,0
2009-12-11,10403.4102,10484.0498,10400.0801,10471.5000,0
2009-12-14,10471.2803,10514.6602,10471.2803,10501.0498,0
2009-12-15,10499.3096,10499.3096,10426.6904,10452.0000,0
2009-12-16,10449.8096,10509.9697,10427.5898,10441.1201,0
2009-12-17,10439.9902,10440.0596,10307.9600,10308.2598,0
2009-12-18,10309.3896,10372.3496,10263.9004,10328.8896,0
2009-12-21,10330.0996,10458.0498,10329.7998,10414.1396,0
2009-12-22,10414.6699,10479.8203,10414.5898,10464.9297,0
2009-12-23,10464.3203,10492.0596,10437.7998,10466.4404,0
2009-12-24,10467.1201,10522.0596,10461.6797,10520.0898,0
2009-12-28,10517.9102,10551.6104,10506.3398,10547.0801,0
2009-12-29,10547.8301,10580.3301,10544.2803,10545.4102,0
2009-12-30,10544.3604,10550.7002,10505.6602,10548.5098,0
2009-12-31,10548.5098,10555.0098,10423.1299,10428.0498,0
2010-01-04,10430.6904,10604.9697,10430.6904,10583.9600,0
2010-01-05,10584.5596,10584.5596,10522.5195,10572.0195,0
2010-01-06,10564.7197,10594.9902,10546.5498,10573.6797,0
2010-01-07,10571.1104,10612.3701,10505.2100,10606.8604,0
2010-01-08,10606.4004,10619.4004,10554.3301,10618.1904,0
2010-01-11,10620.3096,10676.2305,10591.5898,10663.9902,0
2010-01-12,10662.8604,10663.0801,10568.8398,10627.2598,0
2010-01-13,10628.0898,10709.2598,10614.4902,10680.7695,0
2010-01-14,10680.1602,10723.7695,10666.8604,10710.5498,0
2010-01-15,10706.9902,10709.9404,10561.0596,10609.6504,0
2010-01-19,10608.3701,10729.8896,10591.9697,10725.4297,0
2010-01-20,10719.6904,10719.9199,10517.2998,10603.1504,0
2010-01-21,10603.9102,10614.9404,10374.6904,10389.8799,0
2010-01-22,10389.5801,10389.5801,10157.6396,10172.9805,0
2010-01-25,10175.0996,10256.8701,10171.7695,10196.8604,0
2010-01-26,10195.3496,10285.1299,10155.5996,10194.2900,0
2010-01-27,10194.2900,10255.0596,10104.3604,10236.1602,0
2010-01-28,10236.9199,10258.8301,10055.0801,10120.4600,0
2010-01-29,10122.0400,10239.3398,10043.7500,10067.3301,0
2010-02-01,10068.9902,10190.8896,10068.9102,10185.5303,0
2010-02-02,10186.1299,10314.8398,10173.5898,10296.8496,0
2010-02-03,10291.7305,10307.2002,10231.9297,10270.5498,0
2010-02-04,10273.1201,10273.1201,9998.0303,10002.1797,0
2010-02-05,10003.6904,10031.9600,9835.0898,10012.2305,0
2010-02-08,10005.4297,10028.5596,9904.0898,9908.3896,0
2010-02-09,9910.2803,10139.4297,9910.0596,10058.6396,0
2010-02-10,10055.4600,10085.5400,9962.9600,10038.3799,0
2010-02-11,10037.8496,10161.5703,9976.7100,10144.1904,0
2010-02-12,10137.2305,10137.3896,9983.8203,10099.1396,0
2010-02-16,10100.8096,10279.5400,10100.8096,10268.8096,0
2010-02-17,10261.4805,10320.1299,10261.4805,10309.2402,0
2010-02-18,10309.3896,10406.5801,10294.5098,10392.9004,0
2010-02-19,10387.7695,10438.5498,10339.1699,10402.3496,0
2010-02-22,10402.4297,10433.6396,10368.9502,10383.3799,0
2010-02-23,10383.1602,10411.1201,10267.8301,10282.4102,0
2010-02-24,10284.0000,10393.5098,10283.9297,10374.1602,0
2010-02-25,10366.5996,10366.6797,10185.8301,10321.0303,0
2010-02-26,10321.4102,10353.4502,10272.2900,10325.2598,0
2010-03-01,10326.0996,10413.9902,10326.0996,10403.7900,0
2010-03-02,10404.1602,10456.9199,10389.4297,10405.9805,0
2010-03-03,10406.2803,10469.5400,10376.5801,10396.7598,0
2010-03-04,10396.5303,10452.3799,10390.8604,10444.1396,0
2010-03-05,10445.1299,10571.9404,10445.0498,10566.2002,0
2010-03-08,10563.7803,10587.7402,10542.3896,10552.5195,0
2010-03-09,10552.2402,10612.5996,10533.9297,10564.3799,0
2010-03-10,10560.1299,10601.7900,10526.5195,10567.3301,0
2010-03-11,10560.9805,10611.8398,10507.1699,10611.8398,0
2010-03-12,10611.7695,10644.9502,10594.8398,10624.6904,0
2010-03-15,10623.4102,10644.1904,10570.5098,10642.1504,0
2010-03-16,10642.5303,10693.9902,10621.9004,10685.9805,0
2010-03-17,10686.3604,10767.9805,10686.3604,10733.6699,0
2010-03-18,10733.4404,10784.0000,10728.1504,10779.1699,0
2010-03-19,10780.0000,10819.9004,10694.2197,10741.9805,0
2010-03-22,10741.0000,10809.8496,10695.1299,10785.8896,0
2010-03-23,10787.1797,10893.8896,10784.7598,10888.8301,0
2010-03-24,10887.6201,10887.8398,10825.4199,10836.1504,0
2010-03-25,10837.5098,10955.4805,10834.1904,10841.2100,0
2010-03-26,10841.2900,10909.3799,10816.4297,10850.3604,0
2010-03-29,10849.2305,10916.6396,10849.2305,10895.8604,0
2010-03-30,10895.0195,10940.2197,10866.8301,10907.4199,0
2010-03-31,10907.3398,10907.4199,10832.8301,10856.6299,0
2010-04-01,10857.3096,10956.3896,10857.3096,10927.0703,0
2010-04-05,10927.4502,10988.0596,10923.9697,10973.5498,0
2010-04-06,10972.4902,10987.3799,10927.5195,10969.9902,0
2010-04-07,10961.9502,10962.6602,10845.4502,10897.5195,0
2010-04-08,10896.9902,10949.3604,10844.0898,10927.0703,0
2010-04-09,10926.9199,11000.9805,10926.9199,10997.3496,0
2010-04-12,10996.7500,11029.7695,10992.2100,11005.9697,0
2010-04-13,11006.7197,11038.9199,10947.7695,11019.4199,0
2010-04-14,11020.7002,11125.2197,11020.6299,11123.1104,0
2010-04-15,11122.9600,11154.5498,11096.2002,11144.5703,0
2010-04-16,11143.6602,11153.7900,10973.9199,11018.6602,0
2010-04-19,11018.3604,11095.2998,10977.8496,11092.0498,0
2010-04-20,11093.1104,11146.0801,11081.4697,11117.0596,0
2010-04-21,11116.9102,11153.7197,11071.3398,11124.9199,0
2010-04-22,11119.7803,11149.8604,11016.4004,11134.2900,0
2010-04-23,11132.1797,11205.6396,11105.6504,11204.2803,0
2010-04-26,11205.1104,11258.0098,11187.6504,11205.0303,0
2010-04-27,11203.6699,11218.8604,10973.1699,10991.9902,0
2010-04-28,10988.8701,11078.5195,10965.3799,11045.2695,0
2010-04-29,11045.6396,11197.3203,11041.6396,11167.3203,0
2010-04-30,11168.2305,11197.9297,10999.6904,11008.6104,0
2010-05-03,11009.5996,11177.6699,11009.5996,11151.8301,0
2010-05-04,11149.4805,11149.4805,10869.2500,10926.7695,0
2010-05-05,10918.4004,10946.7900,10814.8398,10866.8301,0
2010-05-06,10868.1201,10879.7598,9869.6201,10520.3203,0
2010-05-07,10519.4199,10579.1201,10241.2305,10380.4297,0
2010-05-10,10386.1797,10835.1699,10386.0303,10785.1396,0
2010-05-11,10780.0000,10874.5400,10685.3799,10748.2598,0
2010-05-12,10742.1504,10909.0801,10742.1504,10896.9102,0
2010-05-13,10896.6104,10920.2695,10771.6904,10782.9502,0
2010-05-14,10780.6797,10780.7500,10537.2500,10620.1602,0
2010-05-17,10616.9805,10660.9697,10436.0596,10625.8301,0
2010-05-18,10625.4502,10718.8604,10482.2002,10510.9502,0
2010-05-19,10505.7002,10522.5195,10324.6602,10444.3701,0
2010-05-20,10440.2100,10440.2100,10065.3604,10068.0098,0
2010-05-21,10063.9297,10198.5303,9918.8203,10193.3896,0
2010-05-24,10193.4600,10196.4102,10052.6699,10066.5703,0
2010-05-25,10061.4297,10061.6602,9774.4805,10043.7500,0
2010-05-26,10045.1104,10179.0303,9952.6797,9974.4502,0
2010-05-27,9971.7305,10264.2002,9971.7305,10258.9902,0
2010-05-28,10258.0000,10258.0000,10095.9004,10136.6299,0
2010-06-01,10133.9404,10218.3301,10013.9004,10024.0195,0
2010-06-02,10025.6104,10254.2197,10025.6104,10249.5400,0
2010-06-03,10250.6699,10315.2100,10175.0195,10255.2803,0
2010-06-04,10249.6104,10249.6904,9889.8799,9931.9697,0
2010-06-07,9931.7500,9982.3799,9810.2998,9816.4902,0
2010-06-08,9812.9404,9953.6602,9757.5498,9939.9805,0
2010-06-09,9941.5703,10065.1396,9867.7305,9899.2500,0
2010-06-10,9901.6699,10185.8301,9901.6699,10172.5303,0
2010-06-11,10166.7803,10215.9805,10082.7100,10211.0703,0
2010-06-14,10211.8301,10328.6699,10186.2100,10190.8896,0
2010-06-15,10192.4004,10408.3203,10192.4004,10404.7695,0
2010-06-16,10404.2402,10429.0303,10332.5996,10409.4600,0
2010-06-17,10409.9805,10441.2002,10319.2197,10434.1699,0
2010-06-18,10435.0000,10483.4404,10424.4902,10450.6396,0
2010-06-21,10452.4600,10594.1602,10395.5498,10442.4102,0
2010-06-22,10441.9502,10493.5703,10283.4004,10293.5195,0
2010-06-23,10293.2998,10368.0400,10227.2402,10298.4404,0
2010-06-24,10297.0801,10298.0596,10128.8496,10152.7998,0
2010-06-25,10153.4805,10202.9102,10081.0801,10143.8096,0
2010-06-28,10143.0498,10201.9297,10101.4102,10138.5195,0
2010-06-29,10135.7197,10135.7998,9811.9199,9870.2998,0
