Date,Open,High,Low,Close,Volume
1970-06-01,0.7448,0.7812,0.7448,0.7812,0
1970-06-02,0.7747,0.7747,0.7604,0.7708,0
1970-06-03,0.7708,0.7747,0.7578,0.7708,0
1970-06-04,0.7708,0.7865,0.7708,0.7773,0
1970-06-05,0.7695,0.7695,0.7500,0.7552,0
1970-06-08,0.7552,0.7591,0.7435,0.7565,0
1970-06-09,0.7539,0.7539,0.7344,0.7461,0
1970-06-10,0.7435,0.7435,0.7318,0.7422,0
1970-06-11,0.7383,0.7383,0.7227,0.7318,0
1970-06-12,0.7318,0.7344,0.7188,0.7188,0
1970-06-15,0.7188,0.7279,0.7109,0.7174,0
1970-06-16,0.7240,0.7552,0.7240,0.7552,0
1970-06-17,0.7552,0.7708,0.7474,0.7474,0
1970-06-18,0.7474,0.7708,0.7448,0.7656,0
1970-06-19,0.7708,0.7865,0.7708,0.7708,0
1970-06-22,0.7708,0.7721,0.7552,0.7578,0
1970-06-23,0.7578,0.7604,0.7526,0.7565,0
1970-06-24,0.7565,0.7578,0.7409,0.7422,0
1970-06-25,0.7422,0.7474,0.7396,0.7422,0
1970-06-26,0.7422,0.7552,0.7422,0.7422,0
1970-06-29,0.7422,0.7422,0.7214,0.7227,0
1970-06-30,0.7227,0.7292,0.7188,0.7227,0
1970-07-01,0.7227,0.7240,0.7109,0.7240,0
1970-07-02,0.7292,0.7474,0.7292,0.7474,0
1970-07-06,0.7474,0.7474,0.7318,0.7383,0
1970-07-07,0.7344,0.7344,0.7253,0.7292,0
1970-07-08,0.7292,0.7552,0.7292,0.7552,0
1970-07-09,0.7552,0.7656,0.7422,0.7448,0
1970-07-10,0.7448,0.7643,0.7422,0.7617,0
1970-07-13,0.7617,0.7656,0.7539,0.7591,0
1970-07-14,0.7591,0.7643,0.7422,0.7461,0
1970-07-15,0.7461,0.7552,0.7422,0.7474,0
1970-07-16,0.7474,0.7500,0.7396,0.7422,0
1970-07-17,0.7448,0.7578,0.7448,0.7539,0
1970-07-20,0.7539,0.7656,0.7526,0.7578,0
1970-07-21,0.7591,0.7708,0.7591,0.7617,0
1970-07-22,0.7617,0.7630,0.7500,0.7513,0
1970-07-23,0.7513,0.7539,0.7448,0.7526,0
1970-07-24,0.7526,0.7552,0.7409,0.7409,0
1970-07-27,0.7422,0.7474,0.7422,0.7435,0
1970-07-28,0.7435,0.7435,0.7370,0.7370,0
1970-07-29,0.7370,0.7487,0.7331,0.7474,0
1970-07-30,0.7500,0.7604,0.7500,0.7604,0
1970-07-31,0.7604,0.7656,0.7578,0.7578,0
1970-08-03,0.7552,0.7552,0.7448,0.7461,0
1970-08-04,0.7435,0.7435,0.7396,0.7422,0
1970-08-05,0.7422,0.7435,0.7344,0.7357,0
1970-08-06,0.7357,0.7422,0.7357,0.7383,0
1970-08-07,0.7383,0.7435,0.7383,0.7396,0
1970-08-10,0.7396,0.7396,0.7188,0.7188,0
1970-08-11,0.7188,0.7214,0.7161,0.7188,0
1970-08-12,0.7188,0.7188,0.7161,0.7161,0
1970-08-13,0.7161,0.7174,0.6901,0.6940,0
1970-08-14,0.6940,0.6966,0.6875,0.6927,0
1970-08-17,0.6927,0.6927,0.6836,0.6901,0
1970-08-18,0.6927,0.7018,0.6927,0.7005,0
1970-08-19,0.7005,0.7109,0.7005,0.7109,0
1970-08-20,0.7109,0.7161,0.7031,0.7135,0
1970-08-21,0.7135,0.7214,0.7135,0.7188,0
1970-08-24,0.7214,0.7396,0.7214,0.7396,0
1970-08-25,0.7396,0.7500,0.7318,0.7487,0
1970-08-26,0.7487,0.7630,0.7474,0.7552,0
1970-08-27,0.7539,0.7539,0.7500,0.7500,0
1970-08-28,0.7500,0.7552,0.7422,0.7526,0
1970-08-31,0.7526,0.7526,0.7422,0.7474,0
1970-09-01,0.7474,0.7591,0.7409,0.7565,0
1970-09-02,0.7539,0.7539,0.7435,0.7526,0
1970-09-03,0.7539,0.7643,0.7539,0.7617,0
1970-09-04,0.7617,0.7760,0.7474,0.7474,0
1970-09-08,0.7474,0.7656,0.7435,0.7656,0
1970-09-09,0.7656,0.7760,0.7552,0.7630,0
1970-09-10,0.7604,0.7604,0.7500,0.7604,0
1970-09-11,0.7604,0.7630,0.7552,0.7578,0
1970-09-14,0.7578,0.7630,0.7565,0.7578,0
1970-09-15,0.7552,0.7552,0.7422,0.7474,0
1970-09-16,0.7474,0.7487,0.7409,0.7435,0
1970-09-17,0.7435,0.7500,0.7409,0.7448,0
1970-09-18,0.7448,0.7474,0.7409,0.7448,0
1970-09-21,0.7448,0.7474,0.7422,0.7422,0
1970-09-22,0.7422,0.7474,0.7396,0.7448,0
1970-09-23,0.7448,0.7604,0.7422,0.7565,0
1970-09-24,0.7578,0.7708,0.7578,0.7708,0
1970-09-25,0.7760,0.7812,0.7760,0.7812,0
1970-09-28,0.7812,0.7865,0.7786,0.7865,0
1970-09-29,0.7865,0.7891,0.7760,0.7839,0
1970-09-30,0.7799,0.7799,0.7656,0.7760,0
1970-10-01,0.7760,0.7799,0.7747,0.7786,0
1970-10-02,0.7786,0.7904,0.7747,0.7904,0
1970-10-05,0.7969,0.8177,0.7969,0.8125,0
1970-10-06,0.8177,0.8516,0.8177,0.8516,0
1970-10-07,0.8516,0.8516,0.8307,0.8359,0
1970-10-08,0.8320,0.8320,0.8099,0.8099,0
1970-10-09,0.8073,0.8073,0.7969,0.7969,0
1970-10-12,0.7969,0.7995,0.7865,0.7969,0
1970-10-13,0.7969,0.7995,0.7943,0.7995,0
1970-10-14,0.7995,0.8125,0.7995,0.8125,0
1970-10-15,0.8112,0.8112,0.8060,0.8060,0
1970-10-16,0.8086,0.8229,0.8086,0.8177,0
1970-10-19,0.8177,0.8177,0.8112,0.8112,0
1970-10-20,0.8112,0.8177,0.8073,0.8164,0
1970-10-21,0.8164,0.8203,0.8099,0.8112,0
1970-10-22,0.8112,0.8281,0.8099,0.8255,0
1970-10-23,0.8255,0.8320,0.8177,0.8229,0
1970-10-26,0.8229,0.8294,0.8203,0.8255,0
1970-10-27,0.8255,0.8281,0.8216,0.8281,0
1970-10-28,0.8281,0.8320,0.8190,0.8320,0
1970-10-29,0.8320,0.8333,0.8177,0.8203,0
1970-10-30,0.8203,0.8281,0.8203,0.8203,0
1970-11-02,0.8203,0.8268,0.8203,0.8229,0
1970-11-03,0.8229,0.8268,0.8229,0.8229,0
1970-11-04,0.8255,0.8385,0.8255,0.8320,0
1970-11-05,0.8320,0.8320,0.8242,0.8320,0
1970-11-06,0.8320,0.8359,0.8281,0.8359,0
1970-11-09,0.8359,0.8438,0.8333,0.8372,0
1970-11-10,0.8438,0.8555,0.8438,0.8555,0
1970-11-11,0.8555,0.8750,0.8516,0.8542,0
1970-11-12,0.8542,0.8620,0.8464,0.8464,0
1970-11-13,0.8464,0.8503,0.8385,0.8451,0
1970-11-16,0.8451,0.8542,0.8438,0.8490,0
1970-11-17,0.8490,0.8516,0.8451,0.8451,0
1970-11-18,0.8451,0.8451,0.8333,0.8372,0
1970-11-19,0.8372,0.8411,0.8320,0.8359,0
1970-11-20,0.8359,0.8490,0.8333,0.8490,0
1970-11-23,0.8490,0.8542,0.8451,0.8451,0
1970-11-24,0.8490,0.8542,0.8490,0.8542,0
1970-11-25,0.8542,0.8750,0.8542,0.8737,0
1970-11-27,0.8737,0.8737,0.8698,0.8711,0
1970-11-30,0.8711,0.8750,0.8698,0.8724,0
1970-12-01,0.8724,0.8802,0.8698,0.8737,0
1970-12-02,0.8737,0.8802,0.8724,0.8776,0
1970-12-03,0.8828,0.9010,0.8828,0.8919,0
1970-12-04,0.8919,0.8958,0.8880,0.8958,0
1970-12-07,0.8958,0.9049,0.8958,0.9010,0
1970-12-08,0.9010,0.9115,0.9010,0.9115,0
1970-12-09,0.9115,0.9115,0.8932,0.8984,0
1970-12-10,0.8971,0.8971,0.8854,0.8880,0
1970-12-11,0.8854,0.8854,0.8776,0.8789,0
1970-12-14,0.8789,0.8841,0.8659,0.8750,0
1970-12-15,0.8750,0.8841,0.8750,0.8776,0
1970-12-16,0.8776,0.8828,0.8763,0.8776,0
1970-12-17,0.8776,0.8802,0.8711,0.8737,0
1970-12-18,0.8737,0.8802,0.8698,0.8698,0
1970-12-21,0.8698,0.8776,0.8633,0.8659,0
1970-12-22,0.8659,0.8711,0.8607,0.8633,0
1970-12-23,0.8633,0.8672,0.8581,0.8581,0
1970-12-24,0.8646,0.8711,0.8646,0.8646,0
1970-12-28,0.8646,0.8724,0.8646,0.8724,0
1970-12-29,0.8776,0.8854,0.8776,0.8815,0
1970-12-30,0.8854,0.8958,0.8854,0.8945,0
1970-12-31,0.8945,0.8958,0.8789,0.8828,0
1971-01-04,0.8750,0.8750,0.8646,0.8659,0
1971-01-05,0.8620,0.8620,0.8516,0.8542,0
1971-01-06,0.8542,0.8685,0.8542,0.8685,0
1971-01-07,0.8724,0.8958,0.8724,0.8945,0
1971-01-08,0.8945,0.8945,0.8867,0.8945,0
1971-01-11,0.8932,0.8932,0.8880,0.8932,0
1971-01-12,0.8932,0.8984,0.8906,0.8906,0
1971-01-13,0.8906,0.8984,0.8880,0.8958,0
1971-01-14,0.8958,0.8958,0.8893,0.8958,0
1971-01-15,0.8958,0.8997,0.8906,0.8932,0
1971-01-18,0.8932,0.8932,0.8828,0.8828,0
1971-01-19,0.8828,0.8880,0.8802,0.8828,0
1971-01-20,0.8854,0.8958,0.8854,0.8893,0
1971-01-21,0.8893,0.8945,0.8867,0.8906,0
1971-01-22,0.8906,0.8906,0.8854,0.8867,0
1971-01-25,0.8867,0.8958,0.8854,0.8932,0
1971-01-26,0.8932,0.8958,0.8906,0.8906,0
1971-01-27,0.8906,0.8932,0.8867,0.8932,0
1971-01-28,0.8932,0.9089,0.8932,0.9062,0
1971-01-29,0.9062,0.9089,0.9036,0.9062,0
1971-02-01,0.9062,0.9062,0.8958,0.9010,0
1971-02-02,0.9010,0.9036,0.8984,0.8997,0
1971-02-03,0.8997,0.9049,0.8984,0.8997,0
1971-02-04,0.8997,0.9010,0.8945,0.8958,0
1971-02-05,0.8958,0.9036,0.8958,0.8958,0
1971-02-08,0.8958,0.8958,0.8893,0.8958,0
1971-02-09,0.8958,0.9036,0.8945,0.9023,0
1971-02-10,0.9023,0.9102,0.8958,0.9089,0
1971-02-11,0.9115,0.9258,0.9115,0.9193,0
1971-02-12,0.9193,0.9245,0.9167,0.9193,0
1971-02-16,0.9193,0.9245,0.9167,0.9219,0
1971-02-17,0.9219,0.9232,0.9036,0.9062,0
1971-02-18,0.9036,0.9036,0.8906,0.8984,0
1971-02-19,0.8984,0.9010,0.8932,0.8932,0
1971-02-22,0.8932,0.8958,0.8776,0.8802,0
1971-02-23,0.8802,0.8906,0.8776,0.8880,0
1971-02-24,0.8919,0.8997,0.8919,0.8945,0
1971-02-25,0.8945,0.8997,0.8919,0.8997,0
1971-02-26,0.9036,0.9115,0.9036,0.9076,0
1971-03-01,0.9076,0.9141,0.9010,0.9141,0
1971-03-02,0.9141,0.9206,0.9102,0.9141,0
1971-03-03,0.9141,0.9167,0.9089,0.9154,0
1971-03-04,0.9154,0.9336,0.9141,0.9336,0
1971-03-05,0.9336,0.9349,0.9258,0.9323,0
1971-03-08,0.9323,0.9375,0.9284,0.9375,0
1971-03-09,0.9375,0.9531,0.9375,0.9531,0
1971-03-10,0.9531,0.9661,0.9505,0.9635,0
1971-03-11,0.9635,0.9635,0.9531,0.9531,0
1971-03-12,0.9531,0.9609,0.9505,0.9557,0
1971-03-15,0.9531,0.9531,0.9427,0.9505,0
1971-03-16,0.9557,0.9714,0.9557,0.9661,0
1971-03-17,0.9661,0.9714,0.9596,0.9714,0
1971-03-18,0.9727,0.9883,0.9727,0.9818,0
1971-03-19,0.9818,0.9883,0.9792,0.9831,0
1971-03-22,0.9831,0.9844,0.9635,0.9779,0
1971-03-23,0.9740,0.9740,0.9570,0.9622,0
1971-03-24,0.9622,0.9688,0.9557,0.9688,0
1971-03-25,0.9688,0.9701,0.9583,0.9596,0
1971-03-26,0.9609,0.9766,0.9609,0.9740,0
1971-03-29,0.9740,0.9870,0.9740,0.9870,0
1971-03-30,0.9870,0.9896,0.9805,0.9844,0
1971-03-31,0.9844,0.9870,0.9818,0.9818,0
1971-04-01,0.9857,0.9896,0.9857,0.9896,0
1971-04-02,0.9896,0.9909,0.9857,0.9857,0
1971-04-05,0.9857,0.9974,0.9805,0.9935,0
1971-04-06,0.9948,1.0104,0.9948,1.0104,0
1971-04-07,1.0104,1.0182,1.0065,1.0182,0
1971-04-08,1.0182,1.0469,1.0182,1.0469,0
1971-04-12,1.0521,1.0938,1.0521,1.0859,0
1971-04-13,1.0859,1.0924,1.0547,1.0547,0
1971-04-14,1.0456,1.0456,1.0260,1.0312,0
1971-04-15,1.0312,1.0417,1.0312,1.0312,0
1971-04-16,1.0312,1.0339,1.0208,1.0260,0
1971-04-19,1.0260,1.0339,1.0234,1.0339,0
1971-04-20,1.0339,1.0391,1.0208,1.0208,0
1971-04-21,1.0208,1.0208,1.0156,1.0156,0
1971-04-22,1.0156,1.0260,1.0026,1.0026,0
1971-04-23,1.0026,1.0052,1.0000,1.0039,0
1971-04-26,1.0117,1.0208,1.0117,1.0208,0
1971-04-27,1.0208,1.0208,1.0156,1.0169,0
1971-04-28,1.0169,1.0195,1.0117,1.0156,0
1971-04-29,1.0156,1.0208,1.0104,1.0130,0
1971-04-30,1.0104,1.0104,0.9974,1.0013,0
1971-05-03,1.0000,1.0000,0.9961,1.0000,0
1971-05-04,1.0000,1.0104,0.9961,1.0104,0
1971-05-05,1.0104,1.0156,1.0052,1.0156,0
1971-05-06,1.0156,1.0234,1.0130,1.0208,0
1971-05-07,1.0208,1.0247,1.0156,1.0234,0
1971-05-10,1.0234,1.0286,1.0208,1.0234,0
1971-05-11,1.0234,1.0469,1.0234,1.0443,0
1971-05-12,1.0469,1.0664,1.0469,1.0521,0
1971-05-13,1.0521,1.0586,1.0391,1.0547,0
1971-05-14,1.0547,1.0729,1.0547,1.0625,0
1971-05-17,1.0612,1.0612,1.0286,1.0312,0
1971-05-18,1.0312,1.0417,1.0234,1.0365,0
1971-05-19,1.0365,1.0456,1.0365,1.0417,0
1971-05-20,1.0417,1.0495,1.0391,1.0495,0
1971-05-21,1.0495,1.0677,1.0495,1.0599,0
1971-05-24,1.0573,1.0573,1.0417,1.0456,0
1971-05-25,1.0417,1.0417,1.0286,1.0339,0
1971-05-26,1.0339,1.0443,1.0312,1.0378,0
1971-05-27,1.0391,1.0456,1.0391,1.0430,0
1971-05-28,1.0430,1.0482,1.0417,1.0482,0
1971-06-01,1.0482,1.0495,1.0443,1.0443,0
1971-06-02,1.0443,1.0521,1.0430,1.0521,0
1971-06-03,1.0521,1.0651,1.0521,1.0599,0
1971-06-04,1.0599,1.0729,1.0547,1.0716,0
1971-06-07,1.0781,1.0885,1.0781,1.0872,0
1971-06-08,1.0872,1.0872,1.0807,1.0807,0
1971-06-09,1.0807,1.0833,1.0703,1.0729,0
1971-06-10,1.0729,1.0729,1.0677,1.0729,0
1971-06-11,1.0729,1.0833,1.0729,1.0833,0
1971-06-14,1.0833,1.0859,1.0781,1.0859,0
1971-06-15,1.0859,1.0898,1.0833,1.0885,0
1971-06-16,1.0885,1.0938,1.0833,1.0846,0
1971-06-17,1.0846,1.0924,1.0729,1.0729,0
1971-06-18,1.0703,1.0703,1.0417,1.0417,0
1971-06-21,1.0417,1.0495,1.0339,1.0495,0
1971-06-22,1.0495,1.0560,1.0430,1.0521,0
1971-06-23,1.0521,1.0573,1.0495,1.0534,0
1971-06-24,1.0534,1.0547,1.0443,1.0508,0
1971-06-25,1.0508,1.0521,1.0365,1.0443,0
1971-06-28,1.0443,1.0469,1.0417,1.0469,0
1971-06-29,1.0495,1.0651,1.0495,1.0573,0
1971-06-30,1.0573,1.0703,1.0521,1.0690,0
1971-07-01,1.0703,1.0794,1.0703,1.0781,0
1971-07-02,1.0781,1.0833,1.0742,1.0807,0
1971-07-06,1.0807,1.0807,1.0625,1.0729,0
1971-07-07,1.0729,1.0729,1.0651,1.0677,0
1971-07-08,1.0677,1.0677,1.0599,1.0625,0
1971-07-09,1.0625,1.0625,1.0469,1.0521,0
1971-07-12,1.0521,1.0573,1.0495,1.0508,0
1971-07-13,1.0508,1.0508,1.0365,1.0404,0
1971-07-14,1.0404,1.0443,1.0156,1.0260,0
1971-07-15,1.0339,1.0495,1.0339,1.0482,0
1971-07-16,1.0482,1.0573,1.0469,1.0495,0
1971-07-19,1.0547,1.0651,1.0547,1.0625,0
1971-07-20,1.0651,1.0807,1.0651,1.0742,0
1971-07-21,1.0742,1.0807,1.0742,1.0755,0
1971-07-22,1.0755,1.0781,1.0703,1.0755,0
1971-07-23,1.0755,1.0755,1.0729,1.0755,0
1971-07-26,1.0755,1.0781,1.0729,1.0729,0
1971-07-27,1.0703,1.0703,1.0625,1.0625,0
1971-07-28,1.0625,1.0651,1.0534,1.0547,0
1971-07-29,1.0508,1.0508,1.0312,1.0378,0
1971-07-30,1.0378,1.0417,1.0352,1.0404,0
1971-08-02,1.0404,1.0456,1.0391,1.0391,0
1971-08-03,1.0391,1.0430,1.0312,1.0339,0
1971-08-04,1.0339,1.0404,1.0339,1.0378,0
1971-08-05,1.0391,1.0443,1.0391,1.0443,0
1971-08-06,1.0495,1.0612,1.0495,1.0534,0
1971-08-09,1.0534,1.0573,1.0495,1.0521,0
1971-08-10,1.0521,1.0560,1.0482,1.0521,0
1971-08-11,1.0573,1.0625,1.0573,1.0625,0
1971-08-12,1.0625,1.0625,1.0586,1.0625,0
1971-08-13,1.0625,1.0664,1.0599,1.0625,0
1971-08-16,1.0729,1.0938,1.0729,1.0807,0
1971-08-17,1.0807,1.0833,1.0625,1.0625,0
1971-08-18,1.0625,1.0625,1.0521,1.0573,0
1971-08-19,1.0573,1.0664,1.0495,1.0625,0
1971-08-20,1.0625,1.0885,1.0625,1.0885,0
1971-08-23,1.0885,1.1250,1.0859,1.1250,0
1971-08-24,1.1276,1.1432,1.1276,1.1315,0
1971-08-25,1.1315,1.1354,1.1250,1.1276,0
1971-08-26,1.1276,1.1328,1.1198,1.1198,0
1971-08-27,1.1211,1.1341,1.1211,1.1341,0
1971-08-30,1.1341,1.1341,1.1289,1.1341,0
1971-08-31,1.1341,1.1354,1.1276,1.1354,0
1971-09-01,1.1354,1.1367,1.1302,1.1328,0
1971-09-02,1.1328,1.1328,1.1302,1.1302,0
1971-09-03,1.1302,1.1354,1.1302,1.1354,0
1971-09-07,1.1354,1.1484,1.1328,1.1380,0
1971-09-08,1.1380,1.1406,1.1276,1.1380,0
1971-09-09,1.1380,1.1445,1.1354,1.1380,0
1971-09-10,1.1289,1.1289,1.1120,1.1224,0
1971-09-13,1.1224,1.1302,1.1094,1.1146,0
1971-09-14,1.1146,1.1146,1.1016,1.1016,0
1971-09-15,1.1016,1.1185,1.0990,1.1185,0
1971-09-16,1.1185,1.1185,1.0990,1.1094,0
1971-09-17,1.1094,1.1172,1.1081,1.1120,0
1971-09-20,1.1146,1.1224,1.1146,1.1172,0
1971-09-21,1.1172,1.1224,1.1042,1.1107,0
1971-09-22,1.1107,1.1133,1.1016,1.1133,0
1971-09-23,1.1133,1.1133,1.0977,1.1094,0
1971-09-24,1.1146,1.1302,1.1146,1.1224,0
1971-09-27,1.1198,1.1198,1.1133,1.1146,0
1971-09-28,1.1146,1.1172,1.1120,1.1146,0
1971-09-29,1.1146,1.1224,1.1107,1.1224,0
1971-09-30,1.1224,1.1328,1.1224,1.1302,0
1971-10-01,1.1302,1.1458,1.1302,1.1432,0
1971-10-04,1.1510,1.1589,1.1510,1.1589,0
1971-10-05,1.1589,1.1628,1.1510,1.1589,0
1971-10-06,1.1589,1.1615,1.1510,1.1615,0
1971-10-07,1.1628,1.1823,1.1628,1.1823,0
1971-10-08,1.1823,1.1901,1.1823,1.1901,0
1971-10-11,1.1901,1.1914,1.1797,1.1797,0
1971-10-12,1.1667,1.1667,1.1406,1.1406,0
1971-10-13,1.1406,1.1432,1.1328,1.1380,0
1971-10-14,1.1328,1.1328,1.1120,1.1120,0
1971-10-15,1.1120,1.1211,1.1094,1.1211,0
1971-10-18,1.1224,1.1302,1.1224,1.1224,0
1971-10-19,1.1198,1.1198,1.1094,1.1198,0
1971-10-20,1.1198,1.1198,1.1107,1.1146,0
1971-10-21,1.1146,1.1250,1.1146,1.1250,0
1971-10-22,1.1302,1.1562,1.1302,1.1510,0
1971-10-25,1.1510,1.1510,1.1354,1.1354,0
1971-10-26,1.1354,1.1406,1.1250,1.1250,0
1971-10-27,1.1250,1.1276,1.1198,1.1198,0
1971-10-28,1.1198,1.1302,1.1042,1.1302,0
1971-10-29,1.1302,1.1406,1.1276,1.1354,0
1971-11-01,1.1354,1.1406,1.1302,1.1302,0
1971-11-02,1.1302,1.1328,1.1276,1.1315,0
1971-11-03,1.1354,1.1562,1.1354,1.1562,0
1971-11-04,1.1615,1.1693,1.1615,1.1615,0
1971-11-05,1.1615,1.1628,1.1484,1.1628,0
1971-11-08,1.1628,1.1693,1.1589,1.1667,0
1971-11-09,1.1667,1.1745,1.1667,1.1745,0
1971-11-10,1.1745,1.1771,1.1615,1.1615,0
1971-11-11,1.1562,1.1562,1.1146,1.1146,0
1971-11-12,1.1146,1.1250,1.1120,1.1198,0
1971-11-15,1.1198,1.1198,1.1055,1.1081,0
1971-11-16,1.1081,1.1120,1.0990,1.1120,0
1971-11-17,1.1120,1.1172,1.0977,1.1146,0
1971-11-18,1.1172,1.1250,1.1172,1.1172,0
1971-11-19,1.1172,1.1250,1.0833,1.0938,0
1971-11-22,1.0938,1.0990,1.0885,1.0885,0
1971-11-23,1.0885,1.0990,1.0833,1.0990,0
1971-11-24,1.0990,1.1016,1.0911,1.0964,0
1971-11-26,1.1003,1.1276,1.1003,1.1276,0
1971-11-29,1.1276,1.1445,1.1250,1.1328,0
1971-11-30,1.1302,1.1302,1.1172,1.1276,0
1971-12-01,1.1276,1.1458,1.1276,1.1458,0
1971-12-02,1.1458,1.1693,1.1458,1.1667,0
1971-12-03,1.1745,1.1849,1.1745,1.1797,0
1971-12-06,1.1797,1.1875,1.1615,1.1615,0
1971-12-07,1.1589,1.1589,1.1354,1.1536,0
1971-12-08,1.1562,1.1706,1.1562,1.1641,0
1971-12-09,1.1641,1.1771,1.1641,1.1771,0
1971-12-10,1.1823,1.1979,1.1823,1.1979,0
1971-12-13,1.1979,1.2109,1.1979,1.1979,0
1971-12-14,1.1979,1.2057,1.1914,1.1979,0
1971-12-15,1.1979,1.1979,1.1901,1.1940,0
1971-12-16,1.1940,1.2031,1.1901,1.1927,0
1971-12-17,1.1927,1.2135,1.1797,1.2083,0
1971-12-20,1.2266,1.2383,1.2266,1.2383,0
1971-12-21,1.2500,1.2995,1.2500,1.2969,0
1971-12-22,1.2969,1.2969,1.2786,1.2852,0
1971-12-23,1.2852,1.2878,1.2422,1.2487,0
1971-12-27,1.2487,1.2526,1.2422,1.2422,0
1971-12-28,1.2422,1.2487,1.2318,1.2487,0
1971-12-29,1.2500,1.2656,1.2500,1.2500,0
1971-12-30,1.2500,1.2604,1.2422,1.2422,0
1971-12-31,1.2526,1.2708,1.2526,1.2708,0
1972-01-03,1.2682,1.2682,1.2552,1.2552,0
1972-01-04,1.2552,1.2617,1.2474,1.2578,0
1972-01-05,1.2578,1.2604,1.2500,1.2500,0
1972-01-06,1.2461,1.2461,1.2109,1.2161,0
1972-01-07,1.2161,1.2188,1.2018,1.2083,0
1972-01-10,1.2161,1.2292,1.2161,1.2214,0
1972-01-11,1.2240,1.2448,1.2240,1.2344,0
1972-01-12,1.2344,1.2396,1.2292,1.2305,0
1972-01-13,1.2266,1.2266,1.2057,1.2083,0
1972-01-14,1.2083,1.2109,1.2018,1.2109,0
1972-01-17,1.2083,1.2083,1.1901,1.2018,0
1972-01-18,1.2018,1.2057,1.1979,1.2005,0
1972-01-19,1.2005,1.2031,1.1940,1.1979,0
1972-01-20,1.1953,1.1953,1.1719,1.1745,0
1972-01-21,1.1797,1.1979,1.1797,1.1927,0
1972-01-24,1.1927,1.2109,1.1927,1.2083,0
1972-01-25,1.2083,1.2188,1.2018,1.2188,0
1972-01-26,1.2188,1.2266,1.2109,1.2161,0
1972-01-27,1.2161,1.2240,1.2161,1.2201,0
1972-01-28,1.2201,1.2292,1.2109,1.2292,0
1972-01-31,1.2305,1.2552,1.2305,1.2474,0
1972-02-01,1.2474,1.2630,1.2435,1.2500,0
1972-02-02,1.2552,1.2839,1.2552,1.2839,0
1972-02-03,1.2839,1.2904,1.2812,1.2839,0
1972-02-04,1.2839,1.2917,1.2812,1.2839,0
1972-02-07,1.2812,1.2812,1.2656,1.2656,0
1972-02-08,1.2695,1.2812,1.2695,1.2760,0
1972-02-09,1.2760,1.2852,1.2708,1.2852,0
1972-02-10,1.2852,1.2917,1.2760,1.2760,0
1972-02-11,1.2760,1.2891,1.2760,1.2891,0
1972-02-14,1.2891,1.2943,1.2812,1.2943,0
1972-02-15,1.2943,1.3073,1.2917,1.3047,0
1972-02-16,1.3125,1.3307,1.3125,1.3281,0
1972-02-17,1.3281,1.3385,1.3255,1.3281,0
1972-02-18,1.3255,1.3255,1.3073,1.3125,0
1972-02-22,1.3125,1.3151,1.3047,1.3073,0
1972-02-23,1.3073,1.3125,1.3047,1.3099,0
1972-02-24,1.3099,1.3099,1.2917,1.2969,0
1972-02-25,1.2969,1.3021,1.2969,1.3021,0
1972-02-28,1.3021,1.3021,1.2943,1.2943,0
1972-02-29,1.2943,1.3008,1.2943,1.3008,0
1972-03-01,1.3047,1.3177,1.3047,1.3177,0
1972-03-02,1.3190,1.3307,1.3190,1.3281,0
1972-03-03,1.3281,1.3333,1.3281,1.3294,0
1972-03-06,1.3294,1.3424,1.3294,1.3411,0
1972-03-07,1.3411,1.3438,1.3346,1.3438,0
1972-03-08,1.3438,1.3828,1.3438,1.3828,0
1972-03-09,1.3828,1.3997,1.3776,1.3971,0
1972-03-10,1.3958,1.3958,1.3646,1.3672,0
1972-03-13,1.3464,1.3464,1.3125,1.3151,0
1972-03-14,1.3151,1.3229,1.3125,1.3229,0
1972-03-15,1.3229,1.3229,1.3099,1.3099,0
1972-03-16,1.3099,1.3125,1.2969,1.3047,0
1972-03-17,1.3047,1.3073,1.2930,1.3021,0
1972-03-20,1.3021,1.3151,1.2982,1.3099,0
1972-03-21,1.3099,1.3099,1.2995,1.3073,0
1972-03-22,1.3073,1.3229,1.3047,1.3203,0
1972-03-23,1.3203,1.3333,1.3177,1.3333,0
1972-03-24,1.3333,1.3438,1.3333,1.3438,0
1972-03-27,1.3438,1.3438,1.3203,1.3333,0
1972-03-28,1.3333,1.3333,1.3229,1.3268,0
1972-03-29,1.3268,1.3281,1.3021,1.3073,0
1972-03-30,1.3073,1.3125,1.2995,1.3125,0
1972-04-03,1.3125,1.3151,1.3021,1.3099,0
1972-04-04,1.3099,1.3138,1.3021,1.3125,0
1972-04-05,1.3255,1.3359,1.3255,1.3268,0
1972-04-06,1.3268,1.3333,1.3203,1.3203,0
1972-04-07,1.3203,1.3438,1.3203,1.3411,0
1972-04-10,1.3464,1.3542,1.3464,1.3490,0
1972-04-11,1.3490,1.3620,1.3411,1.3568,0
1972-04-12,1.3568,1.3594,1.3516,1.3594,0
1972-04-13,1.3646,1.3828,1.3646,1.3828,0
1972-04-14,1.3828,1.3854,1.3724,1.3750,0
1972-04-17,1.3750,1.3828,1.3711,1.3828,0
1972-04-18,1.3828,1.3854,1.3776,1.3828,0
1972-04-19,1.3828,1.3828,1.3620,1.3646,0
1972-04-20,1.3620,1.3620,1.3333,1.3385,0
1972-04-21,1.3385,1.3438,1.3281,1.3307,0
1972-04-24,1.3307,1.3359,1.3073,1.3125,0
1972-04-25,1.3047,1.3047,1.2969,1.2995,0
1972-04-26,1.2995,1.3229,1.2917,1.3177,0
1972-04-27,1.3229,1.3333,1.3229,1.3307,0
1972-04-28,1.3307,1.3581,1.3281,1.3581,0
1972-05-01,1.3581,1.3646,1.3542,1.3542,0
1972-05-02,1.3516,1.3516,1.3255,1.3281,0
1972-05-03,1.3281,1.3411,1.3229,1.3333,0
1972-05-04,1.3333,1.3333,1.3203,1.3203,0
1972-05-05,1.3203,1.3255,1.3125,1.3255,0
1972-05-08,1.3229,1.3229,1.3125,1.3125,0
1972-05-09,1.3125,1.3177,1.2891,1.3177,0
1972-05-10,1.3177,1.3281,1.3177,1.3177,0
1972-05-11,1.3229,1.3438,1.3229,1.3424,0
1972-05-12,1.3424,1.3490,1.3385,1.3438,0
1972-05-15,1.3438,1.3503,1.3411,1.3464,0
1972-05-16,1.3464,1.3490,1.3438,1.3464,0
1972-05-17,1.3464,1.3490,1.3411,1.3411,0
1972-05-18,1.3411,1.3438,1.3333,1.3385,0
1972-05-19,1.3385,1.3542,1.3359,1.3529,0
1972-05-22,1.3607,1.3698,1.3607,1.3607,0
1972-05-23,1.3607,1.3672,1.3464,1.3490,0
1972-05-24,1.3490,1.3750,1.3490,1.3594,0
1972-05-25,1.3594,1.3711,1.3594,1.3711,0
1972-05-26,1.3711,1.3828,1.3698,1.3802,0
1972-05-30,1.3802,1.3880,1.3802,1.3854,0
1972-05-31,1.3854,1.3880,1.3802,1.3841,0
1972-06-01,1.3841,1.3880,1.3750,1.3776,0
1972-06-02,1.3750,1.3750,1.3698,1.3724,0
1972-06-05,1.3724,1.3750,1.3672,1.3698,0
1972-06-06,1.3646,1.3646,1.3555,1.3581,0
1972-06-07,1.3516,1.3516,1.3411,1.3516,0
1972-06-08,1.3490,1.3490,1.3411,1.3490,0
1972-06-09,1.3464,1.3464,1.3359,1.3438,0
1972-06-12,1.3438,1.3464,1.3307,1.3333,0
1972-06-13,1.3333,1.3385,1.3320,1.3333,0
1972-06-14,1.3333,1.3464,1.3333,1.3438,0
1972-06-15,1.3438,1.3464,1.3385,1.3438,0
1972-06-16,1.3464,1.3542,1.3464,1.3516,0
1972-06-19,1.3516,1.3620,1.3490,1.3620,0
1972-06-20,1.3646,1.3750,1.3646,1.3724,0
1972-06-21,1.3776,1.3906,1.3776,1.3854,0
1972-06-22,1.3854,1.3906,1.3802,1.3854,0
1972-06-23,1.3854,1.3932,1.3815,1.3880,0
1972-06-26,1.3880,1.3880,1.3815,1.3880,0
1972-06-27,1.3880,1.3906,1.3854,1.3854,0
1972-06-28,1.3854,1.3854,1.3802,1.3854,0
1972-06-29,1.3854,1.3880,1.3802,1.3854,0
1972-06-30,1.3854,1.3906,1.3854,1.3906,0
1972-07-03,1.3906,1.3932,1.3893,1.3932,0
1972-07-05,1.3958,1.4076,1.3958,1.4076,0
1972-07-06,1.4271,1.4401,1.4271,1.4323,0
1972-07-07,1.4323,1.4375,1.4141,1.4219,0
1972-07-10,1.4219,1.4219,1.4089,1.4193,0
1972-07-11,1.4193,1.4245,1.4141,1.4141,0
1972-07-12,1.4141,1.4219,1.4115,1.4115,0
1972-07-13,1.4115,1.4193,1.3971,1.4089,0
1972-07-14,1.4089,1.4245,1.4089,1.4115,0
1972-07-17,1.4115,1.4193,1.4115,1.4180,0
1972-07-18,1.4180,1.4219,1.4115,1.4219,0
1972-07-19,1.4219,1.4219,1.4089,1.4089,0
1972-07-20,1.4089,1.4167,1.4089,1.4167,0
1972-07-21,1.4193,1.4297,1.4193,1.4297,0
1972-07-24,1.4297,1.4479,1.4271,1.4479,0
1972-07-25,1.4479,1.4661,1.4414,1.4635,0
1972-07-26,1.4635,1.4688,1.4583,1.4661,0
1972-07-27,1.4844,1.5195,1.4844,1.5130,0
1972-07-28,1.5052,1.5052,1.4896,1.4948,0
1972-07-31,1.4922,1.4922,1.4766,1.4792,0
1972-08-01,1.5026,1.5312,1.5026,1.5312,0
1972-08-02,1.5312,1.5312,1.5156,1.5182,0
1972-08-03,1.5182,1.5208,1.5026,1.5026,0
1972-08-04,1.5026,1.5052,1.4740,1.4766,0
1972-08-07,1.4766,1.4792,1.4688,1.4766,0
1972-08-08,1.4766,1.4844,1.4740,1.4818,0
1972-08-09,1.4831,1.4896,1.4831,1.4896,0
1972-08-10,1.4896,1.5078,1.4844,1.5078,0
1972-08-11,1.5078,1.5156,1.5000,1.5156,0
1972-08-14,1.5156,1.5169,1.5117,1.5117,0
1972-08-15,1.5104,1.5104,1.4922,1.5000,0
1972-08-16,1.5000,1.5130,1.4922,1.5130,0
1972-08-17,1.5130,1.5130,1.5000,1.5078,0
1972-08-18,1.5078,1.5182,1.5078,1.5156,0
1972-08-21,1.5156,1.5234,1.5104,1.5104,0
1972-08-22,1.5104,1.5130,1.5104,1.5130,0
1972-08-23,1.5130,1.5156,1.5078,1.5104,0
1972-08-24,1.5104,1.5104,1.4974,1.5000,0
1972-08-25,1.4792,1.4792,1.4349,1.4557,0
1972-08-28,1.4557,1.4583,1.4453,1.4505,0
1972-08-29,1.4505,1.4688,1.4479,1.4688,0
1972-08-30,1.4688,1.4714,1.4635,1.4714,0
1972-08-31,1.4714,1.4714,1.4635,1.4714,0
1972-09-01,1.4714,1.4766,1.4714,1.4766,0
1972-09-05,1.4753,1.4753,1.4635,1.4688,0
1972-09-06,1.4661,1.4661,1.4596,1.4596,0
1972-09-07,1.4596,1.4622,1.4531,1.4557,0
1972-09-08,1.4518,1.4518,1.4401,1.4401,0
1972-09-11,1.4401,1.4453,1.4297,1.4297,0
1972-09-12,1.4271,1.4271,1.3932,1.4010,0
1972-09-13,1.4010,1.4062,1.3984,1.4062,0
1972-09-14,1.4062,1.4089,1.4023,1.4049,0
1972-09-15,1.4036,1.4036,1.3880,1.3906,0
1972-09-18,1.3906,1.3906,1.3711,1.3724,0
1972-09-19,1.3724,1.3841,1.3711,1.3802,0
1972-09-20,1.3802,1.3880,1.3776,1.3828,0
1972-09-21,1.3854,1.3958,1.3854,1.3958,0
1972-09-22,1.3984,1.4115,1.3984,1.4115,0
1972-09-25,1.4115,1.4141,1.4010,1.4010,0
1972-09-26,1.4036,1.4271,1.4036,1.4193,0
1972-09-27,1.4245,1.4427,1.4245,1.4427,0
1972-09-28,1.4427,1.4635,1.4427,1.4635,0
1972-09-29,1.4661,1.4935,1.4661,1.4688,0
1972-10-02,1.4557,1.4557,1.4479,1.4492,0
1972-10-03,1.4492,1.4570,1.4479,1.4557,0
1972-10-04,1.4557,1.4583,1.4479,1.4479,0
1972-10-05,1.4427,1.4427,1.4193,1.4245,0
1972-10-06,1.4245,1.4531,1.4193,1.4427,0
1972-10-09,1.4427,1.4531,1.4427,1.4505,0
1972-10-10,1.4557,1.4727,1.4557,1.4688,0
1972-10-11,1.4688,1.4766,1.4583,1.4609,0
1972-10-12,1.4596,1.4596,1.4297,1.4323,0
1972-10-13,1.4323,1.4375,1.4219,1.4219,0
1972-10-16,1.4219,1.4297,1.4062,1.4154,0
1972-10-17,1.4154,1.4193,1.4089,1.4115,0
1972-10-18,1.4115,1.4193,1.4089,1.4167,0
1972-10-19,1.4167,1.4167,1.4115,1.4167,0
1972-10-20,1.4167,1.4375,1.4115,1.4375,0
1972-10-23,1.4583,1.4661,1.4583,1.4661,0
1972-10-24,1.4661,1.4792,1.4583,1.4792,0
1972-10-25,1.4792,1.4896,1.4740,1.4766,0
1972-10-26,1.4818,1.4948,1.4818,1.4844,0
1972-10-27,1.4844,1.4896,1.4818,1.4896,0
1972-10-30,1.4896,1.5026,1.4896,1.5026,0
1972-10-31,1.5000,1.5000,1.4922,1.4974,0
1972-11-01,1.4974,1.5000,1.4896,1.4922,0
1972-11-02,1.4922,1.4922,1.4661,1.4688,0
1972-11-03,1.4688,1.4922,1.4661,1.4896,0
1972-11-06,1.4896,1.5000,1.4896,1.4948,0
1972-11-08,1.4948,1.5039,1.4766,1.4766,0
1972-11-09,1.4714,1.4714,1.4505,1.4688,0
1972-11-10,1.4688,1.4766,1.4661,1.4688,0
1972-11-13,1.4688,1.4688,1.4557,1.4609,0
1972-11-14,1.4609,1.4792,1.4609,1.4792,0
1972-11-15,1.4792,1.4935,1.4792,1.4909,0
1972-11-16,1.4909,1.4974,1.4792,1.4974,0
1972-11-17,1.4974,1.4974,1.4844,1.4948,0
1972-11-20,1.4948,1.4987,1.4870,1.4948,0
1972-11-21,1.4974,1.5052,1.4974,1.5000,0
1972-11-22,1.5000,1.5000,1.4896,1.4948,0
1972-11-24,1.4948,1.5026,1.4922,1.5000,0
1972-11-27,1.4922,1.4922,1.4792,1.4870,0
1972-11-28,1.4870,1.4974,1.4818,1.4974,0
1972-11-29,1.4974,1.5078,1.4948,1.4948,0
1972-11-30,1.4948,1.4948,1.4818,1.4844,0
1972-12-01,1.4844,1.4922,1.4844,1.4870,0
1972-12-04,1.4870,1.5104,1.4844,1.5104,0
1972-12-05,1.5104,1.5208,1.5065,1.5208,0
1972-12-06,1.5208,1.5208,1.5104,1.5208,0
1972-12-07,1.5234,1.5339,1.5234,1.5339,0
1972-12-08,1.5339,1.5443,1.5312,1.5312,0
1972-12-11,1.5312,1.5326,1.5221,1.5286,0
1972-12-12,1.5286,1.5547,1.5273,1.5521,0
1972-12-13,1.5521,1.5547,1.5417,1.5521,0
1972-12-14,1.5521,1.5547,1.5469,1.5495,0
1972-12-15,1.5495,1.5521,1.5417,1.5417,0
1972-12-18,1.5417,1.5443,1.5286,1.5365,0
1972-12-19,1.5365,1.5417,1.5234,1.5234,0
1972-12-20,1.5130,1.5130,1.5026,1.5078,0
1972-12-21,1.5078,1.5078,1.5026,1.5026,0
1972-12-22,1.5026,1.5182,1.5026,1.5182,0
1972-12-26,1.5182,1.5195,1.5104,1.5130,0
1972-12-27,1.5130,1.5234,1.5104,1.5234,0
1972-12-29,1.5417,1.5599,1.5417,1.5469,0
1973-01-02,1.5456,1.5456,1.5221,1.5273,0
1973-01-03,1.5273,1.5443,1.5234,1.5443,0
1973-01-04,1.5443,1.5573,1.5365,1.5573,0
1973-01-05,1.5573,1.5599,1.5443,1.5495,0
1973-01-08,1.5469,1.5469,1.5339,1.5417,0
1973-01-09,1.5417,1.5443,1.5365,1.5443,0
1973-01-10,1.5430,1.5430,1.5130,1.5130,0
1973-01-11,1.5156,1.5417,1.5156,1.5417,0
1973-01-12,1.5417,1.5456,1.5234,1.5273,0
1973-01-15,1.5273,1.5286,1.5104,1.5104,0
1973-01-16,1.5104,1.5130,1.5065,1.5130,0
1973-01-17,1.5130,1.5260,1.5078,1.5260,0
1973-01-18,1.5286,1.5391,1.5286,1.5286,0
1973-01-19,1.5182,1.5182,1.5052,1.5104,0
1973-01-22,1.5104,1.5286,1.5104,1.5208,0
1973-01-23,1.5208,1.5365,1.5195,1.5286,0
1973-01-24,1.5286,1.5352,1.5208,1.5260,0
1973-01-26,1.5260,1.5260,1.5000,1.5052,0
1973-01-29,1.5052,1.5078,1.4948,1.4974,0
1973-01-30,1.5000,1.5260,1.5000,1.5104,0
1973-01-31,1.5130,1.5312,1.5130,1.5182,0
1973-02-01,1.5156,1.5156,1.4909,1.4948,0
1973-02-02,1.4948,1.4974,1.4792,1.4948,0
1973-02-05,1.4974,1.5104,1.4974,1.4974,0
1973-02-06,1.4974,1.5026,1.4935,1.4935,0
1973-02-07,1.4935,1.5000,1.4922,1.4922,0
1973-02-08,1.4922,1.4961,1.4870,1.4935,0
1973-02-09,1.4935,1.5026,1.4922,1.5026,0
1973-02-12,1.5052,1.5365,1.5052,1.5312,0
1973-02-13,1.5312,1.5469,1.5312,1.5312,0
1973-02-14,1.5312,1.5365,1.5208,1.5234,0
1973-02-15,1.5234,1.5234,1.5104,1.5104,0
1973-02-16,1.5104,1.5130,1.5052,1.5078,0
1973-02-20,1.5078,1.5182,1.5052,1.5117,0
1973-02-21,1.5104,1.5104,1.4948,1.4948,0
1973-02-22,1.4948,1.4948,1.4844,1.4896,0
1973-02-23,1.4896,1.5026,1.4870,1.4896,0
1973-02-26,1.4714,1.4714,1.4583,1.4635,0
1973-02-27,1.4635,1.4661,1.4284,1.4310,0
1973-02-28,1.4310,1.4609,1.4115,1.4609,0
1973-03-01,1.4609,1.4792,1.4544,1.4557,0
1973-03-02,1.4557,1.4896,1.4388,1.4896,0
1973-03-05,1.4909,1.5156,1.4909,1.5104,0
1973-03-06,1.5234,1.5391,1.5234,1.5391,0
1973-03-07,1.5391,1.5521,1.5339,1.5521,0
1973-03-08,1.5521,1.5625,1.5469,1.5534,0
1973-03-09,1.5534,1.5560,1.5365,1.5443,0
1973-03-12,1.5443,1.5469,1.5312,1.5365,0
1973-03-13,1.5365,1.5469,1.5312,1.5456,0
1973-03-14,1.5456,1.5573,1.5404,1.5573,0
1973-03-15,1.5573,1.5573,1.5391,1.5443,0
1973-03-16,1.5391,1.5391,1.5104,1.5286,0
1973-03-19,1.5234,1.5234,1.5078,1.5156,0
1973-03-20,1.5156,1.5260,1.5104,1.5182,0
1973-03-21,1.5182,1.5260,1.4948,1.4974,0
1973-03-22,1.4922,1.4922,1.4609,1.4661,0
1973-03-23,1.4661,1.4896,1.4297,1.4557,0
1973-03-26,1.4557,1.4583,1.4323,1.4427,0
1973-03-27,1.4427,1.4583,1.4427,1.4531,0
1973-03-28,1.4531,1.4583,1.4453,1.4583,0
1973-03-29,1.4583,1.4583,1.4479,1.4479,0
1973-03-30,1.4479,1.4557,1.4453,1.4557,0
1973-04-02,1.4505,1.4505,1.4427,1.4427,0
1973-04-03,1.4375,1.4375,1.4193,1.4271,0
1973-04-04,1.4271,1.4375,1.4115,1.4323,0
1973-04-05,1.4323,1.4375,1.4271,1.4323,0
1973-04-06,1.4349,1.4583,1.4349,1.4557,0
1973-04-09,1.4557,1.4818,1.4557,1.4818,0
1973-04-10,1.4870,1.5000,1.4870,1.4948,0
1973-04-11,1.4948,1.4974,1.4870,1.4909,0
1973-04-12,1.4974,1.5078,1.4974,1.5078,0
1973-04-13,1.5078,1.5104,1.5000,1.5104,0
1973-04-16,1.5052,1.5052,1.4922,1.4922,0
1973-04-17,1.4922,1.5026,1.4896,1.4935,0
1973-04-18,1.4935,1.4948,1.4870,1.4948,0
1973-04-19,1.4948,1.5026,1.4948,1.5000,0
1973-04-23,1.5000,1.5026,1.4870,1.4870,0
1973-04-24,1.4714,1.4714,1.4206,1.4206,0
1973-04-25,1.4193,1.4193,1.4062,1.4089,0
1973-04-26,1.4089,1.4479,1.4023,1.4479,0
1973-04-27,1.4479,1.4544,1.4440,1.4479,0
1973-04-30,1.4440,1.4440,1.4297,1.4375,0
1973-05-01,1.4323,1.4323,1.4193,1.4193,0
1973-05-02,1.4193,1.4297,1.4193,1.4219,0
1973-05-03,1.4219,1.4349,1.4167,1.4323,0
1973-05-04,1.4323,1.4466,1.4271,1.4349,0
1973-05-07,1.4258,1.4258,1.4023,1.4062,0
1973-05-08,1.4076,1.4219,1.4076,1.4219,0
1973-05-09,1.4219,1.4297,1.4167,1.4167,0
1973-05-10,1.4167,1.4271,1.4062,1.4141,0
1973-05-11,1.4141,1.4141,1.3958,1.4036,0
1973-05-14,1.3906,1.3906,1.3659,1.3776,0
1973-05-15,1.3776,1.3958,1.3659,1.3958,0
1973-05-16,1.3958,1.4036,1.3932,1.3997,0
1973-05-17,1.3997,1.4089,1.3854,1.3867,0
1973-05-18,1.3867,1.3906,1.3750,1.3893,0
1973-05-21,1.3828,1.3828,1.3646,1.3750,0
1973-05-22,1.3750,1.3958,1.3724,1.3958,0
1973-05-23,1.3958,1.4115,1.3854,1.4062,0
1973-05-24,1.4062,1.4583,1.4062,1.4557,0
1973-05-25,1.4557,1.4740,1.4531,1.4688,0
1973-05-29,1.4688,1.4792,1.4609,1.4792,0
1973-05-30,1.4792,1.4896,1.4701,1.4870,0
1973-05-31,1.4818,1.4818,1.4661,1.4661,0
1973-06-01,1.4635,1.4635,1.4245,1.4245,0
1973-06-04,1.4193,1.4193,1.4036,1.4141,0
1973-06-05,1.4141,1.4401,1.4115,1.4375,0
1973-06-06,1.4505,1.4688,1.4505,1.4544,0
1973-06-07,1.4544,1.4844,1.4544,1.4766,0
1973-06-08,1.4792,1.4922,1.4792,1.4870,0
1973-06-11,1.4870,1.4948,1.4740,1.4740,0
1973-06-12,1.4766,1.4922,1.4766,1.4896,0
1973-06-13,1.4948,1.5143,1.4948,1.5104,0
1973-06-14,1.5104,1.5286,1.5052,1.5221,0
1973-06-15,1.5130,1.5130,1.4948,1.5104,0
1973-06-18,1.5052,1.5052,1.4844,1.4896,0
1973-06-19,1.4896,1.4896,1.4232,1.4688,0
1973-06-20,1.4727,1.4857,1.4727,1.4844,0
1973-06-21,1.4844,1.4883,1.4688,1.4688,0
1973-06-22,1.4688,1.4883,1.4688,1.4766,0
1973-06-25,1.4714,1.4714,1.4427,1.4427,0
1973-06-26,1.4427,1.4583,1.4427,1.4570,0
1973-06-27,1.4609,1.4844,1.4609,1.4844,0
1973-06-28,1.4844,1.4896,1.4792,1.4792,0
1973-06-29,1.4792,1.4948,1.4753,1.4909,0
1973-07-02,1.4831,1.4831,1.4753,1.4753,0
1973-07-03,1.4753,1.4831,1.4544,1.4544,0
1973-07-05,1.4505,1.4505,1.4375,1.4388,0
1973-07-06,1.4388,1.4440,1.4258,1.4375,0
1973-07-09,1.4375,1.4688,1.4297,1.4635,0
1973-07-10,1.4635,1.4792,1.4622,1.4727,0
1973-07-11,1.4883,1.5208,1.4883,1.5026,0
1973-07-12,1.5026,1.5078,1.4857,1.4896,0
1973-07-13,1.4896,1.4909,1.4818,1.4870,0
1973-07-16,1.4870,1.5143,1.4805,1.5143,0
1973-07-17,1.5143,1.5208,1.4961,1.4961,0
1973-07-18,1.4922,1.4922,1.4648,1.4779,0
1973-07-19,1.4779,1.5000,1.4701,1.4935,0
1973-07-20,1.4935,1.4974,1.4870,1.4961,0
1973-07-23,1.4961,1.5000,1.4896,1.4896,0
1973-07-24,1.4896,1.4948,1.4818,1.4909,0
1973-07-25,1.4909,1.5091,1.4896,1.4974,0
1973-07-26,1.4974,1.5065,1.4896,1.5026,0
1973-07-27,1.5026,1.5026,1.4896,1.4935,0
1973-07-30,1.4935,1.5091,1.4896,1.5091,0
1973-07-31,1.5091,1.5143,1.5000,1.5000,0
1973-08-01,1.4922,1.4922,1.4792,1.4844,0
1973-08-02,1.4844,1.5039,1.4818,1.5026,0
1973-08-03,1.5026,1.5078,1.4896,1.4922,0
1973-08-06,1.4922,1.5091,1.4870,1.5065,0
1973-08-07,1.5091,1.5156,1.5091,1.5117,0
1973-08-08,1.5104,1.5104,1.4922,1.4987,0
1973-08-09,1.4987,1.5052,1.4870,1.4974,0
1973-08-10,1.4974,1.5013,1.4948,1.4974,0
1973-08-13,1.4948,1.4948,1.4609,1.4727,0
1973-08-14,1.4727,1.4870,1.4688,1.4688,0
1973-08-15,1.4688,1.4792,1.4531,1.4792,0
1973-08-16,1.4792,1.4818,1.4701,1.4701,0
1973-08-17,1.4701,1.4701,1.4596,1.4596,0
1973-08-20,1.4596,1.4596,1.4427,1.4557,0
1973-08-21,1.4557,1.4635,1.4531,1.4583,0
1973-08-22,1.4583,1.4622,1.4479,1.4570,0
1973-08-23,1.4609,1.4792,1.4609,1.4779,0
1973-08-24,1.4779,1.4792,1.4609,1.4609,0
1973-08-27,1.4609,1.4844,1.4583,1.4818,0
1973-08-28,1.4896,1.5104,1.4896,1.5104,0
1973-08-29,1.5078,1.5078,1.5000,1.5000,0
1973-08-30,1.5000,1.5000,1.4818,1.4818,0
1973-08-31,1.4818,1.4870,1.4648,1.4674,0
1973-09-04,1.4674,1.4740,1.4609,1.4688,0
1973-09-05,1.4701,1.4831,1.4701,1.4792,0
1973-09-06,1.4792,1.4974,1.4792,1.4948,0
1973-09-07,1.5013,1.5104,1.5013,1.5039,0
1973-09-10,1.4961,1.4961,1.4688,1.4688,0
1973-09-11,1.4688,1.4883,1.4688,1.4779,0
1973-09-12,1.4779,1.4922,1.4740,1.4883,0
1973-09-13,1.4883,1.4909,1.4818,1.4857,0
1973-09-14,1.4857,1.4935,1.4766,1.4922,0
1973-09-17,1.4870,1.4870,1.4740,1.4844,0
1973-09-18,1.4844,1.4974,1.4792,1.4844,0
1973-09-19,1.4844,1.4883,1.4701,1.4740,0
1973-09-20,1.4792,1.4948,1.4792,1.4922,0
1973-09-21,1.4935,1.5208,1.4935,1.5130,0
1973-09-24,1.5130,1.5208,1.5000,1.5143,0
1973-09-25,1.5143,1.5312,1.5117,1.5273,0
1973-09-26,1.5273,1.5312,1.5065,1.5195,0
1973-09-27,1.5195,1.5260,1.5078,1.5156,0
1973-09-28,1.5156,1.5286,1.5130,1.5234,0
1973-10-01,1.5234,1.5260,1.5065,1.5182,0
1973-10-02,1.5182,1.5208,1.5104,1.5117,0
1973-10-03,1.5104,1.5104,1.4753,1.4792,0
1973-10-04,1.4766,1.4766,1.4453,1.4492,0
1973-10-05,1.4518,1.4688,1.4518,1.4688,0
1973-10-08,1.4688,1.4714,1.4583,1.4661,0
1973-10-09,1.4661,1.4779,1.4544,1.4714,0
1973-10-10,1.4766,1.4987,1.4766,1.4896,0
1973-10-11,1.4896,1.5013,1.4870,1.4948,0
1973-10-12,1.4948,1.5026,1.4896,1.5026,0
1973-10-15,1.4948,1.4948,1.4766,1.4857,0
1973-10-16,1.4857,1.4922,1.4766,1.4870,0
1973-10-17,1.4870,1.4987,1.4870,1.4870,0
1973-10-18,1.4896,1.5000,1.4896,1.4948,0
1973-10-19,1.4948,1.5078,1.4948,1.4987,0
1973-10-22,1.4896,1.4896,1.4766,1.4844,0
1973-10-23,1.4844,1.4974,1.4844,1.4974,0
1973-10-24,1.4974,1.4974,1.4844,1.4922,0
1973-10-25,1.4922,1.4974,1.4870,1.4896,0
1973-10-26,1.5026,1.5104,1.5026,1.5104,0
1973-10-29,1.5104,1.5104,1.5000,1.5000,0
1973-10-30,1.5000,1.5039,1.4896,1.5000,0
1973-10-31,1.4948,1.4948,1.4818,1.4857,0
1973-11-01,1.4857,1.5052,1.4818,1.4974,0
1973-11-02,1.4974,1.5091,1.4870,1.5052,0
1973-11-05,1.5052,1.5182,1.5000,1.5091,0
1973-11-06,1.5091,1.5104,1.4792,1.4844,0
1973-11-07,1.4844,1.5052,1.4740,1.5052,0
1973-11-08,1.5052,1.5143,1.4974,1.5000,0
1973-11-09,1.5000,1.5052,1.4909,1.4974,0
1973-11-12,1.4974,1.5065,1.4766,1.4818,0
1973-11-13,1.4818,1.4844,1.4688,1.4740,0
1973-11-14,1.4740,1.4792,1.4648,1.4714,0
1973-11-15,1.4714,1.4740,1.4661,1.4688,0
1973-11-16,1.4688,1.4792,1.4674,1.4753,0
1973-11-19,1.4714,1.4714,1.3776,1.3815,0
1973-11-20,1.3815,1.3945,1.3555,1.3893,0
1973-11-21,1.3893,1.4167,1.3672,1.3958,0
1973-11-23,1.3958,1.4062,1.3828,1.3880,0
1973-11-26,1.3685,1.3685,1.3542,1.3568,0
1973-11-27,1.3568,1.3750,1.3438,1.3516,0
1973-11-28,1.3516,1.3711,1.3203,1.3503,0
1973-11-29,1.3503,1.3724,1.3333,1.3607,0
1973-11-30,1.3607,1.3620,1.3464,1.3516,0
1973-12-03,1.3451,1.3451,1.3073,1.3164,0
1973-12-04,1.3164,1.3216,1.3047,1.3047,0
1973-12-05,1.3047,1.3086,1.2930,1.3060,0
1973-12-06,1.3060,1.3073,1.2891,1.2917,0
1973-12-07,1.2969,1.3177,1.2969,1.3021,0
1973-12-10,1.3021,1.3398,1.2865,1.3398,0
1973-12-11,1.3398,1.3529,1.2917,1.2943,0
1973-12-12,1.2865,1.2865,1.2747,1.2812,0
1973-12-13,1.2812,1.2826,1.2630,1.2708,0
1973-12-14,1.2708,1.2708,1.2396,1.2656,0
1973-12-17,1.2656,1.2682,1.2370,1.2500,0
1973-12-18,1.2500,1.2682,1.2344,1.2617,0
1973-12-19,1.2617,1.2812,1.2526,1.2526,0
1973-12-20,1.2526,1.2747,1.2344,1.2422,0
1973-12-21,1.2422,1.2448,1.2188,1.2188,0
1973-12-24,1.2135,1.2135,1.2031,1.2083,0
1973-12-26,1.2240,1.2539,1.2240,1.2500,0
1973-12-27,1.2500,1.3086,1.2461,1.3060,0
1973-12-28,1.3060,1.3125,1.2917,1.3073,0
1973-12-31,1.3073,1.3203,1.2982,1.3177,0
1974-01-02,1.3125,1.3125,1.2969,1.2969,0
1974-01-03,1.3047,1.3307,1.3047,1.3229,0
1974-01-04,1.3125,1.3125,1.2826,1.2917,0
1974-01-07,1.2812,1.2812,1.2539,1.2708,0
1974-01-08,1.2656,1.2656,1.2344,1.2396,0
1974-01-09,1.2057,1.2057,1.1927,1.1927,0
1974-01-10,1.1927,1.2057,1.1693,1.1693,0
1974-01-11,1.1693,1.1927,1.1615,1.1927,0
1974-01-14,1.2096,1.2474,1.2096,1.2253,0
1974-01-15,1.2318,1.2760,1.2318,1.2526,0
1974-01-16,1.2526,1.2552,1.2370,1.2513,0
1974-01-17,1.2617,1.3073,1.2617,1.3034,0
1974-01-18,1.3034,1.3034,1.2812,1.2812,0
1974-01-21,1.2656,1.2656,1.2344,1.2526,0
1974-01-22,1.2526,1.2604,1.2396,1.2552,0
1974-01-23,1.2552,1.2708,1.2526,1.2643,0
1974-01-24,1.2643,1.2656,1.2526,1.2643,0
1974-01-25,1.2604,1.2604,1.2500,1.2552,0
1974-01-28,1.2552,1.2721,1.2552,1.2682,0
1974-01-29,1.2656,1.2656,1.2539,1.2539,0
1974-01-30,1.2539,1.2617,1.2474,1.2487,0
1974-01-31,1.2487,1.2513,1.2240,1.2240,0
1974-02-01,1.2227,1.2227,1.2044,1.2201,0
1974-02-04,1.2174,1.2174,1.2057,1.2109,0
1974-02-05,1.2083,1.2083,1.1927,1.2005,0
1974-02-06,1.2005,1.2135,1.1901,1.1953,0
1974-02-07,1.1953,1.2031,1.1810,1.1979,0
1974-02-08,1.1979,1.2083,1.1836,1.1849,0
1974-02-11,1.1823,1.1823,1.1458,1.1471,0
1974-02-12,1.1471,1.1615,1.1432,1.1432,0
1974-02-13,1.1510,1.1602,1.1510,1.1576,0
1974-02-14,1.1576,1.1693,1.1471,1.1484,0
1974-02-15,1.1484,1.1641,1.1406,1.1497,0
1974-02-19,1.1497,1.1719,1.1458,1.1471,0
1974-02-20,1.1471,1.1745,1.1419,1.1680,0
1974-02-21,1.1680,1.1875,1.1562,1.1849,0
1974-02-22,1.1849,1.1888,1.1784,1.1810,0
1974-02-25,1.1810,1.1849,1.1719,1.1758,0
1974-02-26,1.1758,1.1979,1.1667,1.1810,0
1974-02-27,1.1875,1.2083,1.1875,1.1979,0
1974-02-28,1.1979,1.2031,1.1940,1.1979,0
1974-03-01,1.1979,1.2005,1.1940,1.1940,0
1974-03-04,1.1940,1.1953,1.1732,1.1888,0
1974-03-05,1.1888,1.1966,1.1836,1.1927,0
1974-03-06,1.1927,1.2031,1.1927,1.2005,0
1974-03-07,1.1953,1.1953,1.1784,1.1797,0
1974-03-08,1.1797,1.1901,1.1667,1.1875,0
1974-03-11,1.1875,1.2396,1.1823,1.2253,0
1974-03-12,1.2253,1.2422,1.2214,1.2422,0
1974-03-13,1.2422,1.2500,1.2292,1.2422,0
1974-03-14,1.2409,1.2409,1.2135,1.2253,0
1974-03-15,1.2135,1.2135,1.1927,1.2057,0
1974-03-18,1.2031,1.2031,1.1771,1.1797,0
1974-03-19,1.1797,1.1875,1.1667,1.1875,0
1974-03-20,1.1875,1.2044,1.1875,1.2018,0
1974-03-21,1.2018,1.2227,1.2018,1.2148,0
1974-03-22,1.2148,1.2305,1.2057,1.2214,0
1974-03-25,1.2214,1.2318,1.2109,1.2318,0
1974-03-26,1.2318,1.2370,1.2214,1.2214,0
1974-03-27,1.2214,1.2279,1.1927,1.1927,0
1974-03-28,1.1745,1.1745,1.1602,1.1615,0
1974-03-29,1.1615,1.1654,1.1471,1.1471,0
1974-04-01,1.1471,1.1497,1.1380,1.1393,0
1974-04-02,1.1393,1.1458,1.1302,1.1380,0
1974-04-03,1.1380,1.1510,1.1380,1.1510,0
1974-04-04,1.1510,1.1732,1.1484,1.1497,0
1974-04-05,1.1484,1.1484,1.1250,1.1276,0
1974-04-08,1.1224,1.1224,1.1159,1.1159,0
1974-04-09,1.1159,1.1393,1.1146,1.1393,0
1974-04-10,1.1393,1.1458,1.1198,1.1250,0
1974-04-11,1.1250,1.1432,1.1250,1.1367,0
1974-04-15,1.1367,1.1458,1.1185,1.1445,0
1974-04-16,1.1445,1.1719,1.1393,1.1719,0
1974-04-17,1.1719,1.1849,1.1680,1.1732,0
1974-04-18,1.1719,1.1719,1.1576,1.1667,0
1974-04-19,1.1589,1.1589,1.1419,1.1458,0
1974-04-22,1.1458,1.1536,1.1406,1.1471,0
1974-04-23,1.1471,1.1497,1.1250,1.1263,0
1974-04-24,1.1224,1.1224,1.1094,1.1094,0
1974-04-25,1.1068,1.1068,1.0924,1.0964,0
1974-04-26,1.0964,1.1120,1.0833,1.0898,0
1974-04-29,1.0898,1.0990,1.0703,1.0951,0
1974-04-30,1.0951,1.1016,1.0794,1.0990,0
1974-05-01,1.0977,1.0977,1.0794,1.0898,0
1974-05-02,1.0898,1.0911,1.0495,1.0495,0
1974-05-03,1.0417,1.0417,1.0273,1.0286,0
1974-05-06,1.0286,1.0521,1.0247,1.0404,0
1974-05-07,1.0417,1.0560,1.0417,1.0443,0
1974-05-08,1.0443,1.0833,1.0417,1.0833,0
1974-05-09,1.0859,1.1406,1.0859,1.1302,0
1974-05-10,1.1302,1.1406,1.1211,1.1302,0
1974-05-13,1.1302,1.1393,1.1146,1.1198,0
1974-05-14,1.1198,1.1354,1.1081,1.1172,0
1974-05-15,1.1172,1.1198,1.1094,1.1198,0
1974-05-16,1.1198,1.1302,1.0990,1.0990,0
1974-05-17,1.0833,1.0833,1.0599,1.0625,0
1974-05-20,1.0625,1.0703,1.0599,1.0625,0
1974-05-21,1.0625,1.0872,1.0625,1.0677,0
1974-05-22,1.0677,1.0703,1.0521,1.0521,0
1974-05-23,1.0521,1.0729,1.0521,1.0729,0
1974-05-24,1.0729,1.0911,1.0690,1.0820,0
1974-05-28,1.0820,1.0859,1.0781,1.0794,0
1974-05-29,1.0768,1.0768,1.0677,1.0703,0
1974-05-30,1.0703,1.1029,1.0703,1.0951,0
1974-05-31,1.0951,1.1250,1.0911,1.1159,0
1974-06-03,1.1159,1.1354,1.1094,1.1328,0
1974-06-04,1.1432,1.1576,1.1432,1.1510,0
1974-06-05,1.1510,1.1602,1.1354,1.1354,0
1974-06-06,1.1393,1.1901,1.1393,1.1901,0
1974-06-07,1.1927,1.2227,1.1927,1.1953,0
1974-06-10,1.1953,1.2292,1.1810,1.2214,0
1974-06-11,1.2201,1.2201,1.2057,1.2135,0
1974-06-12,1.2135,1.2135,1.1979,1.2135,0
1974-06-13,1.2135,1.2331,1.2135,1.2292,0
1974-06-14,1.2292,1.2331,1.2214,1.2279,0
1974-06-17,1.2279,1.2279,1.2005,1.2057,0
1974-06-18,1.2057,1.2214,1.1940,1.2057,0
1974-06-19,1.2031,1.2031,1.1862,1.1862,0
1974-06-20,1.1862,1.1953,1.1719,1.1745,0
1974-06-21,1.1654,1.1654,1.1393,1.1445,0
1974-06-24,1.1445,1.1562,1.1289,1.1471,0
1974-06-25,1.1510,1.1732,1.1510,1.1680,0
1974-06-26,1.1680,1.1706,1.1380,1.1380,0
1974-06-27,1.1380,1.1393,1.1211,1.1276,0
1974-06-28,1.1250,1.1250,1.1120,1.1250,0
1974-07-01,1.1263,1.1354,1.1263,1.1263,0
1974-07-02,1.1263,1.1302,1.0729,1.0742,0
1974-07-03,1.0742,1.0755,1.0482,1.0521,0
1974-07-05,1.0521,1.0547,1.0443,1.0547,0
1974-07-08,1.0430,1.0430,1.0339,1.0365,0
1974-07-09,1.0365,1.0521,1.0208,1.0482,0
1974-07-10,1.0482,1.0625,1.0391,1.0391,0
1974-07-11,1.0391,1.0573,1.0260,1.0312,0
1974-07-12,1.0456,1.0612,1.0456,1.0573,0
1974-07-15,1.0729,1.0898,1.0729,1.0833,0
1974-07-16,1.0794,1.0794,1.0234,1.0234,0
1974-07-17,1.0234,1.0417,1.0000,1.0404,0
1974-07-18,1.0339,1.0339,1.0013,1.0078,0
1974-07-19,1.0078,1.0156,1.0000,1.0104,0
1974-07-22,1.0104,1.0130,1.0052,1.0065,0
1974-07-23,1.0065,1.0208,0.9987,1.0000,0
1974-07-24,0.9935,0.9935,0.9740,0.9909,0
1974-07-25,0.9896,0.9896,0.9661,0.9792,0
1974-07-26,0.9609,0.9609,0.9505,0.9531,0
1974-07-29,0.9375,0.9375,0.9219,0.9297,0
1974-07-30,0.9297,0.9349,0.9076,0.9193,0
1974-07-31,0.9141,0.9141,0.8763,0.8867,0
1974-08-01,0.8867,0.9010,0.8672,0.8724,0
1974-08-02,0.8724,0.8724,0.8568,0.8594,0
1974-08-05,0.8594,0.8646,0.8490,0.8555,0
1974-08-06,0.8555,0.8880,0.8555,0.8698,0
1974-08-07,0.8698,0.9245,0.8659,0.9206,0
1974-08-08,0.9206,0.9271,0.8984,0.9036,0
1974-08-09,0.8984,0.8984,0.8672,0.8672,0
1974-08-12,0.8659,0.8659,0.8333,0.8346,0
1974-08-13,0.8346,0.8346,0.7969,0.8125,0
1974-08-14,0.8125,0.8307,0.7995,0.8203,0
1974-08-15,0.8203,0.8359,0.8151,0.8203,0
1974-08-16,0.8203,0.8411,0.8164,0.8255,0
1974-08-19,0.8255,0.8320,0.8190,0.8242,0
1974-08-20,0.8242,0.8516,0.8138,0.8138,0
1974-08-21,0.8138,0.8151,0.7917,0.7917,0
1974-08-22,0.7917,0.7917,0.7552,0.7630,0
1974-08-23,0.7630,0.7865,0.7604,0.7617,0
1974-08-26,0.7617,0.7786,0.7552,0.7760,0
1974-08-27,0.7656,0.7656,0.7474,0.7500,0
1974-08-28,0.7500,0.7630,0.7461,0.7487,0
1974-08-29,0.7448,0.7448,0.7318,0.7396,0
1974-08-30,0.7396,0.7617,0.7396,0.7578,0
1974-09-03,0.7578,0.7708,0.7435,0.7500,0
1974-09-04,0.7396,0.7396,0.7122,0.7188,0
1974-09-05,0.7266,0.7630,0.7266,0.7630,0
1974-09-06,0.7630,0.7708,0.7500,0.7552,0
1974-09-09,0.7448,0.7448,0.7201,0.7201,0
1974-09-10,0.7201,0.7344,0.7057,0.7083,0
1974-09-11,0.7083,0.7188,0.7044,0.7044,0
1974-09-12,0.7031,0.7031,0.6641,0.6654,0
1974-09-13,0.6654,0.6667,0.6458,0.6667,0
1974-09-16,0.6667,0.6992,0.6641,0.6927,0
1974-09-17,0.7005,0.7240,0.7005,0.7005,0
1974-09-18,0.7005,0.7083,0.6797,0.7031,0
1974-09-19,0.7135,0.7370,0.7135,0.7318,0
1974-09-20,0.7305,0.7305,0.7031,0.7188,0
1974-09-23,0.7188,0.7188,0.6562,0.6562,0
1974-09-24,0.6406,0.6406,0.6224,0.6250,0
1974-09-25,0.6250,0.6510,0.6068,0.6068,0
1974-09-26,0.5964,0.5964,0.5781,0.5820,0
1974-09-27,0.5820,0.5859,0.5104,0.5182,0
1974-09-30,0.5182,0.5339,0.5000,0.5339,0
1974-10-01,0.5339,0.5599,0.5000,0.5495,0
1974-10-02,0.5495,0.5508,0.5130,0.5130,0
1974-10-03,0.4896,0.4896,0.4674,0.4857,0
1974-10-04,0.4857,0.4974,0.4648,0.4818,0
1974-10-07,0.4935,0.5234,0.4935,0.5104,0
1974-10-08,0.5104,0.5182,0.5000,0.5143,0
1974-10-09,0.5143,0.5625,0.5078,0.5612,0
1974-10-10,0.5807,0.6172,0.5807,0.5938,0
1974-10-11,0.5938,0.6172,0.5885,0.6068,0
1974-10-14,0.6120,0.6602,0.6120,0.6393,0
1974-10-15,0.6393,0.6510,0.6120,0.6445,0
1974-10-16,0.6445,0.6471,0.6211,0.6224,0
1974-10-17,0.6224,0.6302,0.6068,0.6068,0
1974-10-18,0.6068,0.6211,0.5859,0.6029,0
1974-10-21,0.6029,0.6224,0.5911,0.6198,0
1974-10-22,0.6198,0.6341,0.6016,0.6055,0
1974-10-23,0.6016,0.6016,0.5807,0.5964,0
1974-10-24,0.5964,0.6016,0.5820,0.5964,0
1974-10-25,0.6016,0.6276,0.6016,0.6042,0
1974-10-28,0.6042,0.6133,0.5924,0.6068,0
1974-10-29,0.6081,0.6484,0.6081,0.6484,0
1974-10-30,0.6484,0.6979,0.6432,0.6797,0
1974-10-31,0.6797,0.6914,0.6562,0.6562,0
1974-11-01,0.6562,0.6654,0.6471,0.6549,0
1974-11-04,0.6549,0.6641,0.6354,0.6562,0
1974-11-05,0.6562,0.6849,0.6510,0.6849,0
1974-11-06,0.6849,0.7161,0.6771,0.6810,0
1974-11-07,0.6810,0.6927,0.6641,0.6758,0
1974-11-08,0.6758,0.6797,0.6328,0.6328,0
1974-11-11,0.6328,0.6328,0.6016,0.6146,0
1974-11-12,0.6146,0.6146,0.5885,0.5938,0
1974-11-13,0.5938,0.6068,0.5872,0.6042,0
1974-11-14,0.6042,0.6185,0.5885,0.5938,0
1974-11-15,0.5938,0.5990,0.5729,0.5729,0
1974-11-18,0.5677,0.5677,0.5026,0.5091,0
1974-11-19,0.5091,0.5286,0.4987,0.5234,0
1974-11-20,0.5234,0.5378,0.5143,0.5195,0
1974-11-21,0.5195,0.5299,0.5130,0.5195,0
1974-11-22,0.5208,0.5391,0.5208,0.5312,0
1974-11-25,0.5312,0.5417,0.5169,0.5339,0
1974-11-26,0.5339,0.5573,0.5312,0.5521,0
1974-11-27,0.5573,0.5768,0.5573,0.5586,0
1974-11-29,0.5599,0.5703,0.5599,0.5625,0
1974-12-02,0.5599,0.5599,0.5169,0.5312,0
1974-12-03,0.5312,0.5312,0.5117,0.5260,0
1974-12-04,0.5260,0.5378,0.5208,0.5247,0
1974-12-05,0.5247,0.5312,0.5117,0.5130,0
1974-12-06,0.5000,0.5000,0.4883,0.4896,0
1974-12-09,0.4896,0.5169,0.4883,0.5065,0
1974-12-10,0.5117,0.5417,0.5117,0.5352,0
1974-12-11,0.5352,0.5456,0.5156,0.5169,0
1974-12-12,0.5169,0.5234,0.5065,0.5182,0
1974-12-13,0.5182,0.5234,0.5000,0.5078,0
1974-12-16,0.5078,0.5130,0.4909,0.4935,0
1974-12-17,0.4935,0.5208,0.4857,0.5208,0
1974-12-18,0.5208,0.5312,0.5130,0.5156,0
1974-12-19,0.5156,0.5260,0.5104,0.5260,0
1974-12-20,0.5260,0.5286,0.5104,0.5130,0
1974-12-23,0.5130,0.5299,0.5104,0.5195,0
1974-12-24,0.5195,0.5221,0.5156,0.5208,0
1974-12-26,0.5234,0.5365,0.5234,0.5312,0
1974-12-27,0.5312,0.5365,0.5273,0.5312,0
1974-12-30,0.5312,0.5339,0.5234,0.5326,0
1974-12-31,0.5326,0.5547,0.5326,0.5521,0
1975-01-02,0.5547,0.5807,0.5547,0.5729,0
1975-01-03,0.5729,0.5990,0.5638,0.5872,0
1975-01-06,0.5911,0.6068,0.5911,0.5951,0
1975-01-07,0.5951,0.5964,0.5859,0.5938,0
1975-01-08,0.5938,0.5951,0.5599,0.5599,0
1975-01-09,0.5599,0.6042,0.5599,0.6042,0
1975-01-10,0.6094,0.6315,0.6094,0.6198,0
1975-01-13,0.6198,0.6224,0.5990,0.5990,0
1975-01-14,0.5990,0.6016,0.5911,0.5951,0
1975-01-15,0.5951,0.6172,0.5898,0.6172,0
1975-01-16,0.6172,0.6237,0.5964,0.6146,0
1975-01-17,0.6133,0.6133,0.6003,0.6042,0
1975-01-20,0.6042,0.6120,0.5911,0.6094,0
1975-01-21,0.6094,0.6133,0.5885,0.5938,0
1975-01-22,0.5938,0.6172,0.5859,0.6172,0
1975-01-23,0.6198,0.6497,0.6198,0.6341,0
1975-01-24,0.6341,0.6458,0.6341,0.6367,0
1975-01-27,0.6536,0.6875,0.6536,0.6862,0
1975-01-28,0.6862,0.6992,0.6745,0.6745,0
1975-01-29,0.6745,0.6953,0.6641,0.6875,0
1975-01-30,0.6888,0.7070,0.6888,0.6914,0
1975-01-31,0.6914,0.7031,0.6849,0.6940,0
1975-02-03,0.6940,0.7253,0.6888,0.7253,0
1975-02-04,0.7240,0.7240,0.7005,0.7083,0
1975-02-05,0.7122,0.7604,0.7122,0.7604,0
1975-02-06,0.7656,0.7969,0.7656,0.7669,0
1975-02-07,0.7539,0.7539,0.7370,0.7526,0
1975-02-10,0.7526,0.7526,0.7344,0.7344,0
1975-02-11,0.7344,0.7526,0.7292,0.7448,0
1975-02-12,0.7461,0.7904,0.7461,0.7904,0
1975-02-13,0.8021,0.8294,0.8021,0.8047,0
1975-02-14,0.8047,0.8047,0.7839,0.7943,0
1975-02-18,0.7943,0.7943,0.7708,0.7760,0
1975-02-19,0.7760,0.7812,0.7565,0.7786,0
1975-02-20,0.7786,0.7852,0.7682,0.7721,0
1975-02-21,0.7721,0.7812,0.7617,0.7617,0
1975-02-24,0.7591,0.7591,0.7370,0.7396,0
1975-02-25,0.7331,0.7331,0.7122,0.7240,0
1975-02-26,0.7240,0.7344,0.7214,0.7279,0
1975-02-27,0.7305,0.7383,0.7305,0.7370,0
1975-02-28,0.7370,0.7396,0.7266,0.7279,0
1975-03-03,0.7292,0.7487,0.7292,0.7474,0
1975-03-04,0.7604,0.7839,0.7604,0.7604,0
1975-03-05,0.7604,0.8047,0.7500,0.7734,0
1975-03-06,0.7734,0.8190,0.7734,0.8190,0
1975-03-07,0.8190,0.8190,0.8073,0.8086,0
1975-03-10,0.8086,0.8203,0.7930,0.8177,0
1975-03-11,0.8177,0.8307,0.8073,0.8138,0
1975-03-12,0.8138,0.8229,0.8047,0.8047,0
1975-03-13,0.8047,0.8099,0.7969,0.8086,0
1975-03-14,0.8086,0.8151,0.8047,0.8125,0
1975-03-17,0.8125,0.8385,0.8125,0.8385,0
1975-03-18,0.8385,0.8490,0.8203,0.8268,0
1975-03-19,0.8268,0.8320,0.8203,0.8268,0
1975-03-20,0.8268,0.8385,0.8203,0.8255,0
1975-03-21,0.8255,0.8268,0.8151,0.8203,0
1975-03-24,0.8047,0.8047,0.7878,0.8021,0
1975-03-25,0.8021,0.8125,0.7917,0.8008,0
1975-03-26,0.8060,0.8333,0.8060,0.8268,0
1975-03-27,0.8268,0.8333,0.8242,0.8255,0
1975-03-31,0.8255,0.8333,0.8203,0.8229,0
1975-04-01,0.8203,0.8203,0.7878,0.7917,0
1975-04-02,0.7917,0.8060,0.7852,0.7943,0
1975-04-03,0.7943,0.8021,0.7799,0.7865,0
1975-04-04,0.7839,0.7839,0.7734,0.7786,0
1975-04-07,0.7656,0.7656,0.7578,0.7656,0
1975-04-08,0.7656,0.7786,0.7656,0.7734,0
1975-04-09,0.7734,0.7917,0.7656,0.7839,0
1975-04-10,0.7839,0.7995,0.7839,0.7930,0
1975-04-11,0.7930,0.7969,0.7891,0.7930,0
1975-04-14,0.7943,0.8164,0.7943,0.8138,0
1975-04-15,0.8203,0.8464,0.8203,0.8372,0
1975-04-16,0.8372,0.8411,0.8281,0.8385,0
1975-04-17,0.8385,0.8438,0.8255,0.8255,0
1975-04-18,0.8229,0.8229,0.8138,0.8190,0
1975-04-21,0.8190,0.8281,0.8190,0.8216,0
1975-04-22,0.8281,0.8372,0.8281,0.8359,0
1975-04-23,0.8359,0.8464,0.8320,0.8372,0
1975-04-24,0.8372,0.8411,0.8203,0.8203,0
1975-04-25,0.8203,0.8385,0.8203,0.8229,0
1975-04-28,0.8229,0.8307,0.8099,0.8151,0
1975-04-29,0.8151,0.8151,0.8099,0.8112,0
1975-04-30,0.8112,0.8359,0.8073,0.8346,0
1975-05-01,0.8503,0.8750,0.8503,0.8724,0
1975-05-02,0.8867,0.8932,0.8867,0.8919,0
1975-05-05,0.8984,0.9466,0.8984,0.9466,0
1975-05-06,0.9349,0.9349,0.8815,0.8815,0
1975-05-07,0.8815,0.9141,0.8724,0.9036,0
1975-05-08,0.9036,0.9167,0.8854,0.9167,0
1975-05-09,0.9167,0.9323,0.9141,0.9310,0
1975-05-12,0.9310,0.9401,0.9193,0.9297,0
1975-05-13,0.9297,0.9609,0.9271,0.9583,0
1975-05-14,0.9583,0.9661,0.9479,0.9583,0
1975-05-15,0.9583,0.9609,0.9284,0.9310,0
1975-05-16,0.9310,0.9375,0.9167,0.9349,0
1975-05-19,0.9349,0.9570,0.9193,0.9479,0
1975-05-20,0.9479,0.9635,0.9453,0.9544,0
1975-05-21,0.9479,0.9479,0.9271,0.9310,0
1975-05-22,0.9310,0.9518,0.9284,0.9336,0
1975-05-23,0.9336,0.9414,0.9271,0.9375,0
1975-05-27,0.9375,0.9453,0.9297,0.9375,0
1975-05-28,0.9323,0.9323,0.9115,0.9141,0
1975-05-29,0.9115,0.9115,0.8932,0.8945,0
1975-05-30,0.9089,0.9349,0.9089,0.9349,0
1975-06-02,0.9349,0.9583,0.9323,0.9557,0
1975-06-03,0.9557,0.9740,0.9492,0.9727,0
1975-06-04,0.9701,0.9701,0.9609,0.9635,0
1975-06-05,0.9635,0.9648,0.9453,0.9648,0
1975-06-06,0.9648,0.9740,0.9596,0.9727,0
1975-06-09,0.9661,0.9661,0.9453,0.9492,0
1975-06-10,0.9401,0.9401,0.9284,0.9349,0
1975-06-11,0.9349,0.9505,0.9271,0.9297,0
1975-06-12,0.9271,0.9271,0.9062,0.9062,0
1975-06-13,0.9062,0.9271,0.9062,0.9258,0
1975-06-16,0.9258,0.9375,0.9167,0.9323,0
1975-06-17,0.9323,0.9362,0.9167,0.9167,0
1975-06-18,0.9154,0.9154,0.8984,0.9089,0
1975-06-19,0.9089,0.9167,0.9062,0.9141,0
1975-06-20,0.9193,0.9362,0.9193,0.9232,0
1975-06-23,0.9232,0.9466,0.9193,0.9414,0
1975-06-24,0.9427,0.9531,0.9427,0.9492,0
1975-06-25,0.9492,0.9557,0.9427,0.9557,0
1975-06-26,0.9557,0.9557,0.9375,0.9375,0
1975-06-27,0.9375,0.9453,0.9375,0.9375,0
1975-06-30,0.9375,0.9453,0.9375,0.9440,0
1975-07-01,0.9440,0.9440,0.9193,0.9349,0
1975-07-02,0.9349,0.9427,0.9297,0.9401,0
1975-07-03,0.9401,0.9518,0.9349,0.9518,0
1975-07-07,0.9518,0.9518,0.9375,0.9375,0
1975-07-08,0.9349,0.9349,0.9219,0.9323,0
1975-07-09,0.9375,0.9518,0.9375,0.9479,0
1975-07-10,0.9505,0.9583,0.9505,0.9518,0
1975-07-11,0.9518,0.9557,0.9440,0.9479,0
1975-07-14,0.9479,0.9479,0.9414,0.9453,0
1975-07-15,0.9453,0.9505,0.9297,0.9297,0
1975-07-16,0.9297,0.9401,0.8958,0.8971,0
1975-07-17,0.8971,0.9141,0.8854,0.8906,0
1975-07-18,0.8906,0.8906,0.8698,0.8724,0
1975-07-21,0.8724,0.8828,0.8594,0.8672,0
1975-07-22,0.8672,0.8854,0.8659,0.8841,0
1975-07-23,0.8841,0.8880,0.8776,0.8828,0
1975-07-24,0.8828,0.8841,0.8620,0.8698,0
1975-07-25,0.8698,0.8724,0.8516,0.8516,0
1975-07-28,0.8516,0.8529,0.8385,0.8424,0
1975-07-29,0.8424,0.8516,0.8307,0.8385,0
1975-07-30,0.8385,0.8490,0.8333,0.8424,0
1975-07-31,0.8424,0.8490,0.8307,0.8307,0
1975-08-01,0.8307,0.8359,0.8073,0.8138,0
1975-08-04,0.8099,0.8099,0.7917,0.7917,0
1975-08-05,0.7917,0.8021,0.7812,0.7826,0
1975-08-06,0.7852,0.8177,0.7852,0.8177,0
1975-08-07,0.8177,0.8255,0.8125,0.8151,0
1975-08-08,0.8151,0.8177,0.8073,0.8073,0
1975-08-11,0.8073,0.8216,0.8073,0.8216,0
1975-08-12,0.8216,0.8294,0.8138,0.8164,0
1975-08-13,0.8151,0.8151,0.7982,0.7995,0
1975-08-14,0.7969,0.7969,0.7917,0.7969,0
1975-08-15,0.7995,0.8125,0.7995,0.8086,0
1975-08-18,0.8086,0.8151,0.7930,0.7956,0
1975-08-19,0.7956,0.7956,0.7839,0.7878,0
1975-08-20,0.7852,0.7852,0.7760,0.7812,0
1975-08-21,0.7812,0.7904,0.7708,0.7734,0
1975-08-22,0.7734,0.7812,0.7708,0.7812,0
1975-08-25,0.7826,0.7995,0.7826,0.7865,0
1975-08-26,0.7865,0.7904,0.7708,0.7708,0
1975-08-27,0.7708,0.7760,0.7669,0.7760,0
1975-08-28,0.7760,0.7943,0.7734,0.7917,0
1975-08-29,0.7917,0.8047,0.7826,0.8021,0
1975-09-02,0.8021,0.8138,0.7799,0.7812,0
1975-09-03,0.7812,0.7865,0.7721,0.7773,0
1975-09-04,0.7773,0.7812,0.7578,0.7604,0
1975-09-05,0.7617,0.7708,0.7617,0.7617,0
1975-09-08,0.7591,0.7591,0.7513,0.7578,0
1975-09-09,0.7578,0.7708,0.7448,0.7461,0
1975-09-10,0.7396,0.7396,0.7344,0.7370,0
1975-09-11,0.7370,0.7422,0.7318,0.7344,0
1975-09-12,0.7344,0.7448,0.7331,0.7370,0
1975-09-15,0.7370,0.7396,0.7266,0.7318,0
1975-09-16,0.7318,0.7370,0.7253,0.7318,0
1975-09-17,0.7318,0.7331,0.7253,0.7253,0
1975-09-18,0.7292,0.7552,0.7292,0.7552,0
1975-09-19,0.7552,0.7891,0.7552,0.7812,0
1975-09-22,0.7812,0.7969,0.7812,0.7865,0
1975-09-23,0.7786,0.7786,0.7526,0.7682,0
1975-09-24,0.7682,0.7786,0.7630,0.7682,0
1975-09-25,0.7682,0.7760,0.7630,0.7682,0
1975-09-26,0.7682,0.7760,0.7630,0.7630,0
1975-09-29,0.7630,0.7630,0.7552,0.7578,0
1975-09-30,0.7552,0.7552,0.7318,0.7370,0
1975-10-01,0.7370,0.7448,0.7279,0.7292,0
1975-10-02,0.7383,0.7500,0.7383,0.7500,0
1975-10-03,0.7552,0.7865,0.7552,0.7865,0
1975-10-06,0.7865,0.8047,0.7865,0.7956,0
1975-10-07,0.7956,0.8047,0.7891,0.8021,0
1975-10-08,0.8073,0.8281,0.8073,0.8203,0
1975-10-09,0.8255,0.8438,0.8255,0.8320,0
1975-10-10,0.8320,0.8411,0.8203,0.8203,0
1975-10-13,0.8203,0.8268,0.8099,0.8268,0
1975-10-14,0.8268,0.8333,0.8125,0.8151,0
1975-10-15,0.8151,0.8229,0.8073,0.8151,0
1975-10-16,0.8164,0.8411,0.8164,0.8281,0
1975-10-17,0.8281,0.8438,0.8190,0.8385,0
1975-10-20,0.8385,0.8646,0.8385,0.8646,0
1975-10-21,0.8646,0.8776,0.8620,0.8620,0
1975-10-22,0.8620,0.8698,0.8594,0.8698,0
1975-10-23,0.8698,0.8854,0.8672,0.8841,0
1975-10-24,0.8841,0.8854,0.8620,0.8620,0
1975-10-27,0.8620,0.8776,0.8594,0.8672,0
1975-10-28,0.8672,0.8750,0.8646,0.8698,0
1975-10-29,0.8646,0.8646,0.8398,0.8411,0
1975-10-30,0.8411,0.8516,0.8359,0.8385,0
1975-10-31,0.8385,0.8464,0.8281,0.8464,0
1975-11-03,0.8464,0.8490,0.8411,0.8438,0
1975-11-04,0.8438,0.8490,0.8372,0.8477,0
1975-11-05,0.8516,0.8724,0.8516,0.8659,0
1975-11-06,0.8659,0.8776,0.8659,0.8776,0
1975-11-07,0.8789,0.8919,0.8789,0.8854,0
1975-11-10,0.8854,0.8958,0.8828,0.8919,0
1975-11-11,0.8919,0.9062,0.8893,0.9036,0
1975-11-12,0.9089,0.9245,0.9089,0.9219,0
1975-11-13,0.9219,0.9349,0.9219,0.9219,0
1975-11-14,0.9219,0.9219,0.9167,0.9193,0
1975-11-17,0.9193,0.9232,0.9128,0.9180,0
1975-11-18,0.9180,0.9271,0.9167,0.9167,0
1975-11-19,0.9167,0.9180,0.9036,0.9141,0
1975-11-20,0.9141,0.9219,0.9023,0.9023,0
1975-11-21,0.9023,0.9102,0.8958,0.9023,0
1975-11-24,0.9023,0.9062,0.8958,0.9010,0
1975-11-25,0.9076,0.9219,0.9076,0.9141,0
1975-11-26,0.9141,0.9193,0.9062,0.9141,0
1975-11-28,0.9141,0.9180,0.9076,0.9115,0
1975-12-01,0.9128,0.9245,0.9128,0.9167,0
1975-12-02,0.9141,0.9141,0.8984,0.9062,0
1975-12-03,0.8893,0.8893,0.8620,0.8659,0
1975-12-04,0.8659,0.8750,0.8568,0.8646,0
1975-12-05,0.8646,0.8698,0.8490,0.8490,0
1975-12-08,0.8490,0.8633,0.8464,0.8594,0
1975-12-09,0.8594,0.8724,0.8542,0.8724,0
1975-12-10,0.8724,0.8854,0.8724,0.8854,0
1975-12-11,0.8854,0.8919,0.8724,0.8737,0
1975-12-12,0.8737,0.8776,0.8698,0.8776,0
1975-12-15,0.8776,0.8815,0.8711,0.8802,0
1975-12-16,0.8828,0.8932,0.8828,0.8893,0
1975-12-17,0.8893,0.8958,0.8828,0.8828,0
1975-12-18,0.8828,0.8841,0.8737,0.8737,0
1975-12-19,0.8724,0.8724,0.8490,0.8490,0
1975-12-22,0.8490,0.8594,0.8451,0.8451,0
1975-12-23,0.8490,0.8594,0.8490,0.8594,0
1975-12-24,0.8672,0.8750,0.8672,0.8672,0
1975-12-26,0.8672,0.8724,0.8659,0.8724,0
1975-12-29,0.8724,0.8724,0.8620,0.8620,0
1975-12-30,0.8607,0.8607,0.8490,0.8529,0
1975-12-31,0.8529,0.8620,0.8516,0.8568,0
1976-01-02,0.8568,0.8698,0.8542,0.8698,0
1976-01-05,0.8698,0.8958,0.8672,0.8932,0
1976-01-06,0.8958,0.9089,0.8958,0.9010,0
1976-01-07,0.9010,0.9141,0.8971,0.8984,0
1976-01-08,0.8984,0.9062,0.8932,0.9036,0
1976-01-09,0.9036,0.9245,0.8984,0.9193,0
1976-01-12,0.9193,0.9349,0.9102,0.9349,0
1976-01-13,0.9349,0.9401,0.9271,0.9297,0
1976-01-14,0.9297,0.9362,0.9219,0.9362,0
1976-01-15,0.9362,0.9375,0.9232,0.9232,0
1976-01-16,0.9245,0.9414,0.9245,0.9414,0
1976-01-19,0.9414,0.9544,0.9323,0.9479,0
1976-01-20,0.9479,0.9518,0.9323,0.9362,0
1976-01-21,0.9362,0.9375,0.9284,0.9284,0
1976-01-22,0.9284,0.9479,0.9284,0.9440,0
1976-01-23,0.9440,0.9766,0.9375,0.9648,0
1976-01-26,0.9688,0.9896,0.9688,0.9740,0
1976-01-27,0.9622,0.9622,0.9453,0.9453,0
1976-01-28,0.9453,0.9505,0.9349,0.9440,0
1976-01-29,0.9440,0.9753,0.9414,0.9753,0
1976-01-30,0.9753,0.9922,0.9635,0.9661,0
1976-02-02,0.9661,0.9661,0.9479,0.9609,0
1976-02-03,0.9609,0.9635,0.9505,0.9583,0
1976-02-04,0.9583,0.9609,0.9518,0.9518,0
1976-02-05,0.9505,0.9505,0.9284,0.9310,0
1976-02-06,0.9310,0.9453,0.9219,0.9297,0
1976-02-09,0.9297,0.9414,0.9193,0.9375,0
1976-02-10,0.9375,0.9453,0.9297,0.9401,0
1976-02-11,0.9401,0.9466,0.9297,0.9323,0
1976-02-12,0.9323,0.9349,0.9115,0.9128,0
1976-02-13,0.9128,0.9154,0.9023,0.9023,0
1976-02-17,0.9023,0.9102,0.8958,0.8971,0
1976-02-18,0.8971,0.9062,0.8919,0.8919,0
1976-02-19,0.9036,0.9219,0.9036,0.9193,0
1976-02-20,0.9193,0.9440,0.9141,0.9310,0
1976-02-23,0.9310,0.9375,0.9245,0.9336,0
1976-02-24,0.9336,0.9414,0.9271,0.9271,0
1976-02-25,0.9271,0.9349,0.9062,0.9141,0
1976-02-26,0.9128,0.9128,0.8802,0.8828,0
1976-02-27,0.8828,0.8958,0.8698,0.8802,0
1976-03-01,0.8854,0.9036,0.8854,0.9036,0
1976-03-02,0.9036,0.9167,0.9010,0.9076,0
1976-03-03,0.9076,0.9245,0.8932,0.9089,0
1976-03-04,0.9089,0.9089,0.8854,0.8893,0
1976-03-05,0.8893,0.9036,0.8789,0.8815,0
1976-03-08,0.8854,0.9167,0.8854,0.9167,0
1976-03-09,0.9167,0.9245,0.8984,0.8984,0
1976-03-10,0.8984,0.9115,0.8984,0.9036,0
1976-03-11,0.9036,0.9049,0.8854,0.9010,0
1976-03-12,0.9010,0.9036,0.8906,0.8997,0
1976-03-15,0.8984,0.8984,0.8893,0.8893,0
1976-03-16,0.8893,0.9036,0.8867,0.9010,0
1976-03-17,0.9010,0.9167,0.9010,0.9023,0
1976-03-18,0.9023,0.9023,0.8906,0.8958,0
1976-03-19,0.8958,0.8971,0.8880,0.8932,0
1976-03-22,0.8932,0.9010,0.8932,0.8984,0
1976-03-23,0.8984,0.8984,0.8880,0.8958,0
1976-03-24,0.9010,0.9193,0.9010,0.9128,0
1976-03-25,0.9128,0.9167,0.9049,0.9049,0
1976-03-26,0.9115,0.9206,0.9115,0.9180,0
1976-03-29,0.9180,0.9219,0.9089,0.9115,0
1976-03-30,0.9115,0.9141,0.9023,0.9023,0
1976-03-31,0.9036,0.9167,0.9036,0.9154,0
1976-04-01,0.9154,0.9154,0.9076,0.9076,0
1976-04-02,0.9076,0.9115,0.8893,0.9076,0
1976-04-05,0.9076,0.9102,0.8984,0.9049,0
1976-04-06,0.9062,0.9141,0.9062,0.9062,0
1976-04-07,0.9036,0.9036,0.8828,0.8841,0
1976-04-08,0.8841,0.8919,0.8711,0.8750,0
1976-04-09,0.8750,0.8880,0.8737,0.8776,0
1976-04-12,0.8776,0.8841,0.8750,0.8763,0
1976-04-13,0.8763,0.8841,0.8698,0.8841,0
1976-04-14,0.8841,0.8880,0.8802,0.8815,0
1976-04-15,0.8815,0.8828,0.8737,0.8802,0
1976-04-19,0.8802,0.8828,0.8750,0.8815,0
1976-04-20,0.8815,0.8945,0.8802,0.8932,0
1976-04-21,0.8932,0.9245,0.8932,0.9193,0
1976-04-22,0.9193,0.9271,0.9115,0.9115,0
1976-04-23,0.9062,0.9062,0.8854,0.8854,0
1976-04-26,0.8854,0.8906,0.8828,0.8854,0
1976-04-27,0.8854,0.8906,0.8763,0.8776,0
1976-04-28,0.8776,0.8919,0.8659,0.8750,0
1976-04-29,0.8750,0.8815,0.8698,0.8698,0
1976-04-30,0.8698,0.8750,0.8594,0.8594,0
1976-05-03,0.8594,0.8633,0.8438,0.8555,0
1976-05-04,0.8555,0.8594,0.8503,0.8581,0
1976-05-05,0.8581,0.8594,0.8516,0.8594,0
1976-05-06,0.8594,0.8750,0.8542,0.8672,0
1976-05-07,0.8711,0.8854,0.8711,0.8854,0
1976-05-10,0.8854,0.8932,0.8776,0.8789,0
1976-05-11,0.8789,0.8828,0.8737,0.8763,0
1976-05-12,0.8763,0.8776,0.8594,0.8620,0
1976-05-13,0.8620,0.8698,0.8568,0.8659,0
1976-05-14,0.8633,0.8633,0.8464,0.8490,0
1976-05-17,0.8490,0.8529,0.8385,0.8464,0
1976-05-18,0.8464,0.8542,0.8464,0.8529,0
1976-05-19,0.8542,0.8620,0.8542,0.8594,0
1976-05-20,0.8594,0.8646,0.8516,0.8516,0
1976-05-21,0.8516,0.8568,0.8333,0.8346,0
1976-05-24,0.8346,0.8372,0.8307,0.8320,0
1976-05-25,0.8320,0.8398,0.8320,0.8372,0
1976-05-26,0.8372,0.8451,0.8359,0.8372,0
1976-05-27,0.8359,0.8359,0.8255,0.8359,0
1976-05-28,0.8359,0.8464,0.8346,0.8464,0
1976-06-01,0.8438,0.8438,0.8320,0.8385,0
1976-06-02,0.8385,0.8411,0.8229,0.8229,0
1976-06-03,0.8229,0.8268,0.8203,0.8216,0
1976-06-04,0.8216,0.8229,0.8099,0.8125,0
1976-06-07,0.8125,0.8151,0.8112,0.8112,0
1976-06-08,0.8112,0.8177,0.8086,0.8164,0
1976-06-09,0.8164,0.8229,0.8125,0.8177,0
1976-06-10,0.8177,0.8307,0.8125,0.8281,0
1976-06-11,0.8320,0.8411,0.8320,0.8398,0
1976-06-14,0.8438,0.8503,0.8438,0.8490,0
1976-06-15,0.8490,0.8516,0.8411,0.8490,0
1976-06-16,0.8490,0.8542,0.8438,0.8464,0
1976-06-17,0.8529,0.8633,0.8529,0.8607,0
1976-06-18,0.8607,0.8698,0.8542,0.8542,0
1976-06-21,0.8503,0.8503,0.8385,0.8477,0
1976-06-22,0.8477,0.8477,0.8385,0.8385,0
1976-06-23,0.8385,0.8438,0.8281,0.8333,0
1976-06-24,0.8333,0.8464,0.8307,0.8464,0
1976-06-25,0.8464,0.8568,0.8464,0.8490,0
1976-06-28,0.8490,0.8529,0.8438,0.8438,0
1976-06-29,0.8516,0.8711,0.8516,0.8646,0
1976-06-30,0.8698,0.8828,0.8698,0.8763,0
1976-07-01,0.8763,0.8776,0.8659,0.8711,0
1976-07-02,0.8711,0.8724,0.8633,0.8685,0
1976-07-06,0.8685,0.8724,0.8633,0.8633,0
1976-07-07,0.8646,0.8698,0.8646,0.8698,0
1976-07-08,0.8698,0.8802,0.8698,0.8750,0
1976-07-09,0.8750,0.8984,0.8724,0.8984,0
1976-07-12,0.9036,0.9245,0.9036,0.9167,0
1976-07-13,0.9167,0.9180,0.9062,0.9062,0
1976-07-14,0.9062,0.9167,0.9036,0.9115,0
1976-07-15,0.9115,0.9167,0.9062,0.9089,0
1976-07-16,0.9049,0.9049,0.8958,0.9023,0
1976-07-19,0.9023,0.9049,0.8880,0.8880,0
1976-07-20,0.8880,0.8906,0.8724,0.8776,0
1976-07-21,0.8776,0.8841,0.8750,0.8776,0
1976-07-22,0.8776,0.8789,0.8737,0.8776,0
1976-07-23,0.8815,0.8932,0.8815,0.8893,0
1976-07-26,0.8932,0.9023,0.8932,0.9010,0
1976-07-27,0.9010,0.9076,0.9010,0.9010,0
1976-07-28,0.9010,0.9010,0.8945,0.9010,0
1976-07-29,0.9010,0.9049,0.8984,0.9049,0
1976-07-30,0.9049,0.9049,0.8984,0.9036,0
1976-08-02,0.9036,0.9089,0.9010,0.9062,0
1976-08-03,0.9076,0.9219,0.9076,0.9219,0
1976-08-04,0.9219,0.9271,0.9141,0.9232,0
1976-08-05,0.9193,0.9193,0.9115,0.9115,0
1976-08-06,0.9115,0.9115,0.9036,0.9036,0
1976-08-09,0.9036,0.9089,0.8919,0.8919,0
1976-08-10,0.8971,0.9010,0.8971,0.9010,0
1976-08-11,0.9010,0.9115,0.8997,0.9036,0
1976-08-12,0.9036,0.9062,0.8997,0.9062,0
1976-08-13,0.9062,0.9141,0.9049,0.9141,0
1976-08-16,0.9128,0.9128,0.9076,0.9128,0
1976-08-17,0.9128,0.9154,0.9089,0.9141,0
1976-08-18,0.9154,0.9219,0.9154,0.9167,0
1976-08-19,0.9167,0.9193,0.9115,0.9128,0
1976-08-20,0.9128,0.9141,0.9076,0.9115,0
1976-08-23,0.8997,0.8997,0.8880,0.8945,0
1976-08-24,0.8880,0.8880,0.8737,0.8789,0
1976-08-25,0.8789,0.8932,0.8724,0.8906,0
1976-08-26,0.8906,0.8906,0.8802,0.8828,0
1976-08-27,0.8828,0.8854,0.8750,0.8815,0
1976-08-30,0.8815,0.8854,0.8802,0.8854,0
1976-08-31,0.8854,0.8997,0.8828,0.8997,0
1976-09-01,0.8997,0.9102,0.8984,0.9102,0
1976-09-02,0.9102,0.9154,0.9049,0.9049,0
1976-09-03,0.9049,0.9115,0.9036,0.9115,0
1976-09-07,0.9115,0.9206,0.9115,0.9180,0
1976-09-08,0.9193,0.9258,0.9193,0.9219,0
1976-09-09,0.9193,0.9193,0.9036,0.9049,0
1976-09-10,0.9023,0.9023,0.8828,0.9023,0
1976-09-13,0.9010,0.9010,0.8906,0.8945,0
1976-09-14,0.8932,0.8932,0.8867,0.8880,0
1976-09-15,0.8880,0.8919,0.8880,0.8906,0
1976-09-16,0.8906,0.9010,0.8880,0.9010,0
1976-09-17,0.9062,0.9193,0.9062,0.9193,0
1976-09-20,0.9193,0.9193,0.9089,0.9089,0
1976-09-21,0.9089,0.9219,0.9036,0.9102,0
1976-09-22,0.9128,0.9336,0.9128,0.9284,0
1976-09-23,0.9284,0.9284,0.9115,0.9154,0
1976-09-24,0.9115,0.9115,0.9010,0.9036,0
1976-09-27,0.9049,0.9102,0.9049,0.9089,0
1976-09-28,0.9089,0.9089,0.8880,0.8984,0
1976-09-29,0.8984,0.8984,0.8906,0.8906,0
1976-09-30,0.8906,0.8958,0.8880,0.8945,0
1976-10-01,0.8945,0.8958,0.8828,0.8828,0
1976-10-04,0.8828,0.8854,0.8750,0.8789,0
1976-10-05,0.8789,0.8815,0.8724,0.8815,0
1976-10-06,0.8815,0.8880,0.8789,0.8828,0
1976-10-07,0.8828,0.8906,0.8776,0.8906,0
1976-10-08,0.8906,0.8984,0.8880,0.8880,0
1976-10-11,0.8880,0.8880,0.8802,0.8880,0
1976-10-12,0.8854,0.8854,0.8711,0.8750,0
1976-10-13,0.8724,0.8724,0.8633,0.8724,0
1976-10-14,0.8711,0.8711,0.8359,0.8372,0
1976-10-15,0.8372,0.8385,0.8320,0.8359,0
1976-10-18,0.8372,0.8503,0.8372,0.8477,0
1976-10-19,0.8477,0.8516,0.8438,0.8477,0
1976-10-20,0.8477,0.8503,0.8411,0.8503,0
1976-10-21,0.8503,0.8529,0.8411,0.8424,0
1976-10-22,0.8385,0.8385,0.8190,0.8385,0
1976-10-25,0.8385,0.8385,0.8255,0.8359,0
1976-10-26,0.8359,0.8464,0.8333,0.8438,0
1976-10-27,0.8477,0.8568,0.8477,0.8542,0
1976-10-28,0.8542,0.8594,0.8503,0.8503,0
1976-10-29,0.8503,0.8568,0.8464,0.8568,0
1976-11-01,0.8568,0.8724,0.8568,0.8568,0
1976-11-03,0.8555,0.8555,0.8464,0.8516,0
1976-11-04,0.8516,0.8568,0.8438,0.8438,0
1976-11-05,0.8438,0.8464,0.8060,0.8112,0
1976-11-08,0.8086,0.8086,0.7943,0.8060,0
1976-11-09,0.8060,0.8112,0.7995,0.8073,0
1976-11-10,0.8073,0.8125,0.7956,0.7969,0
1976-11-11,0.7969,0.8125,0.7956,0.8125,0
1976-11-12,0.8099,0.8099,0.7943,0.8008,0
1976-11-15,0.8008,0.8151,0.8008,0.8151,0
1976-11-16,0.8151,0.8229,0.8112,0.8125,0
1976-11-17,0.8125,0.8229,0.8099,0.8203,0
1976-11-18,0.8203,0.8281,0.8177,0.8268,0
1976-11-19,0.8268,0.8333,0.8216,0.8216,0
1976-11-22,0.8255,0.8424,0.8255,0.8333,0
1976-11-23,0.8333,0.8372,0.8242,0.8294,0
1976-11-24,0.8294,0.8438,0.8216,0.8438,0
1976-11-26,0.8438,0.8516,0.8398,0.8477,0
1976-11-29,0.8477,0.8490,0.8307,0.8320,0
1976-11-30,0.8320,0.8320,0.8216,0.8242,0
1976-12-01,0.8242,0.8294,0.8203,0.8203,0
1976-12-02,0.8203,0.8255,0.8203,0.8203,0
1976-12-03,0.8203,0.8229,0.8138,0.8164,0
1976-12-06,0.8164,0.8177,0.8073,0.8073,0
1976-12-07,0.8073,0.8151,0.7995,0.7995,0
1976-12-08,0.7995,0.8099,0.7969,0.8099,0
1976-12-09,0.8099,0.8164,0.8021,0.8021,0
1976-12-10,0.8021,0.8073,0.7891,0.7917,0
1976-12-13,0.7917,0.7930,0.7826,0.7904,0
1976-12-14,0.7904,0.8021,0.7891,0.8021,0
1976-12-15,0.8008,0.8008,0.7852,0.7865,0
1976-12-16,0.7865,0.7917,0.7839,0.7865,0
1976-12-17,0.7865,0.7969,0.7826,0.7826,0
1976-12-20,0.7826,0.7852,0.7656,0.7656,0
1976-12-21,0.7656,0.7826,0.7643,0.7826,0
1976-12-22,0.7878,0.8099,0.7878,0.8047,0
1976-12-23,0.8073,0.8177,0.8073,0.8112,0
1976-12-27,0.8112,0.8203,0.8099,0.8164,0
1976-12-28,0.8177,0.8281,0.8177,0.8255,0
1976-12-29,0.8255,0.8268,0.8138,0.8164,0
1976-12-30,0.8177,0.8242,0.8177,0.8177,0
1976-12-31,0.8177,0.8229,0.8151,0.8229,0
1977-01-03,0.8229,0.8229,0.8138,0.8177,0
1977-01-04,0.8164,0.8164,0.8021,0.8086,0
1977-01-05,0.8086,0.8099,0.7956,0.7956,0
1977-01-06,0.7956,0.8073,0.7956,0.8073,0
1977-01-07,0.8073,0.8073,0.7969,0.8021,0
1977-01-10,0.8021,0.8021,0.7982,0.8008,0
1977-01-11,0.8008,0.8008,0.7865,0.7904,0
1977-01-12,0.7878,0.7878,0.7799,0.7852,0
1977-01-13,0.7891,0.8008,0.7891,0.7969,0
1977-01-14,0.7969,0.7969,0.7865,0.7865,0
1977-01-17,0.7865,0.7865,0.7760,0.7786,0
1977-01-18,0.7786,0.7852,0.7708,0.7773,0
1977-01-19,0.7773,0.7839,0.7695,0.7812,0
1977-01-20,0.7812,0.7917,0.7760,0.7773,0
1977-01-21,0.7812,0.7930,0.7812,0.7930,0
1977-01-24,0.7930,0.7930,0.7865,0.7891,0
1977-01-25,0.7891,0.7917,0.7839,0.7891,0
1977-01-26,0.7891,0.7891,0.7773,0.7786,0
1977-01-27,0.7786,0.7812,0.7747,0.7786,0
1977-01-28,0.7786,0.7826,0.7721,0.7747,0
1977-01-31,0.7747,0.7786,0.7695,0.7786,0
1977-02-01,0.7786,0.7812,0.7682,0.7747,0
1977-02-02,0.7747,0.7812,0.7708,0.7773,0
1977-02-03,0.7773,0.7786,0.7734,0.7734,0
1977-02-04,0.7734,0.7852,0.7721,0.7747,0
1977-02-07,0.7839,0.7969,0.7839,0.7917,0
1977-02-08,0.7917,0.7943,0.7773,0.7865,0
1977-02-09,0.7865,0.7904,0.7786,0.7839,0
1977-02-10,0.7839,0.7891,0.7826,0.7865,0
1977-02-11,0.7865,0.7891,0.7826,0.7865,0
1977-02-14,0.7865,0.7995,0.7826,0.7982,0
1977-02-15,0.7982,0.8021,0.7969,0.8008,0
1977-02-16,0.8008,0.8112,0.7956,0.8086,0
1977-02-17,0.8086,0.8099,0.8021,0.8034,0
1977-02-18,0.8034,0.8047,0.7995,0.8047,0
1977-02-22,0.8047,0.8112,0.8034,0.8086,0
1977-02-23,0.8086,0.8138,0.7982,0.7995,0
1977-02-24,0.7956,0.7956,0.7917,0.7930,0
1977-02-25,0.7930,0.7943,0.7878,0.7943,0
1977-02-28,0.7943,0.7995,0.7904,0.7982,0
1977-03-01,0.7982,0.8229,0.7982,0.8229,0
1977-03-02,0.8229,0.8333,0.8229,0.8333,0
1977-03-03,0.8333,0.8359,0.8281,0.8359,0
1977-03-04,0.8359,0.8359,0.7982,0.7995,0
1977-03-07,0.7995,0.8047,0.7799,0.7917,0
1977-03-08,0.7917,0.8060,0.7917,0.7917,0
1977-03-09,0.7917,0.7917,0.7604,0.7604,0
1977-03-10,0.7630,0.7969,0.7630,0.7878,0
1977-03-11,0.7943,0.8047,0.7943,0.7995,0
1977-03-14,0.7995,0.8125,0.7956,0.8112,0
1977-03-15,0.8112,0.8164,0.8073,0.8086,0
1977-03-16,0.8112,0.8164,0.8112,0.8151,0
1977-03-17,0.8151,0.8164,0.8125,0.8164,0
1977-03-18,0.8151,0.8151,0.8112,0.8125,0
1977-03-21,0.8125,0.8151,0.8099,0.8138,0
1977-03-22,0.8138,0.8151,0.8099,0.8125,0
1977-03-23,0.8125,0.8164,0.8112,0.8125,0
1977-03-24,0.8112,0.8112,0.8060,0.8060,0
1977-03-25,0.8073,0.8112,0.8073,0.8086,0
1977-03-28,0.8086,0.8099,0.8047,0.8099,0
1977-03-29,0.8099,0.8125,0.8060,0.8099,0
1977-03-30,0.8099,0.8112,0.7943,0.7943,0
1977-03-31,0.7943,0.8034,0.7930,0.8008,0
1977-04-01,0.8008,0.8073,0.7995,0.8073,0
1977-04-04,0.8073,0.8125,0.7969,0.7969,0
1977-04-05,0.7969,0.8021,0.7891,0.7943,0
1977-04-06,0.7943,0.7995,0.7878,0.7878,0
1977-04-07,0.7891,0.7943,0.7891,0.7917,0
1977-04-11,0.7917,0.8021,0.7917,0.7995,0
1977-04-12,0.7995,0.8099,0.7969,0.8086,0
1977-04-13,0.8086,0.8203,0.8034,0.8203,0
1977-04-14,0.8203,0.8307,0.8164,0.8268,0
1977-04-15,0.8268,0.8281,0.8229,0.8242,0
1977-04-18,0.8242,0.8281,0.8216,0.8229,0
1977-04-19,0.8229,0.8255,0.8164,0.8177,0
1977-04-20,0.8177,0.8190,0.8125,0.8151,0
1977-04-21,0.8151,0.8190,0.8047,0.8047,0
1977-04-22,0.8047,0.8086,0.7891,0.7891,0
1977-04-25,0.7878,0.7878,0.7604,0.7604,0
1977-04-26,0.7604,0.7734,0.7591,0.7604,0
1977-04-27,0.7604,0.7682,0.7487,0.7604,0
1977-04-28,0.7604,0.7799,0.7604,0.7734,0
1977-04-29,0.7734,0.7786,0.7643,0.7708,0
1977-05-02,0.7708,0.7760,0.7643,0.7708,0
1977-05-03,0.7773,0.7891,0.7773,0.7852,0
1977-05-04,0.7852,0.7904,0.7812,0.7865,0
1977-05-05,0.7865,0.7930,0.7852,0.7904,0
1977-05-06,0.7878,0.7878,0.7760,0.7773,0
1977-05-09,0.7773,0.7773,0.7656,0.7682,0
1977-05-10,0.7682,0.7799,0.7682,0.7708,0
1977-05-11,0.7708,0.7708,0.7604,0.7617,0
1977-05-12,0.7617,0.7643,0.7578,0.7578,0
1977-05-13,0.7578,0.7656,0.7578,0.7630,0
1977-05-16,0.7669,0.7747,0.7669,0.7669,0
1977-05-17,0.7669,0.7839,0.7643,0.7812,0
1977-05-18,0.7812,0.7852,0.7760,0.7773,0
1977-05-19,0.7773,0.7786,0.7682,0.7682,0
1977-05-20,0.7682,0.7812,0.7669,0.7812,0
1977-05-23,0.7786,0.7786,0.7682,0.7695,0
1977-05-24,0.7695,0.7721,0.7669,0.7721,0
1977-05-25,0.7721,0.7747,0.7578,0.7591,0
1977-05-26,0.7591,0.7617,0.7513,0.7565,0
1977-05-27,0.7552,0.7552,0.7500,0.7526,0
1977-05-31,0.7526,0.7552,0.7474,0.7487,0
1977-06-01,0.7786,0.7786,0.7474,0.7760,0
1977-06-02,0.7760,0.7760,0.7578,0.7630,0
1977-06-03,0.7630,0.7786,0.7630,0.7760,0
1977-06-06,0.7760,0.7891,0.7708,0.7865,0
1977-06-07,0.7865,0.7891,0.7604,0.7708,0
1977-06-08,0.7708,0.7865,0.7682,0.7812,0
1977-06-09,0.7812,0.7839,0.7734,0.7839,0
1977-06-10,0.7786,0.7786,0.7734,0.7760,0
1977-06-13,0.7760,0.7812,0.7656,0.7656,0
1977-06-14,0.7656,0.7812,0.7656,0.7708,0
1977-06-15,0.7708,0.7734,0.7630,0.7708,0
1977-06-16,0.7708,0.7760,0.7630,0.7708,0
1977-06-17,0.7708,0.7734,0.7656,0.7734,0
1977-06-20,0.7708,0.7708,0.7604,0.7630,0
1977-06-21,0.7656,0.7786,0.7656,0.7760,0
1977-06-22,0.7760,0.7812,0.7708,0.7812,0
1977-06-23,0.7812,0.7812,0.7734,0.7786,0
1977-06-24,0.7786,0.7943,0.7760,0.7891,0
1977-06-27,0.7891,0.7943,0.7865,0.7917,0
1977-06-28,0.7917,0.7943,0.7839,0.7865,0
1977-06-29,0.7839,0.7839,0.7708,0.7734,0
1977-06-30,0.7734,0.7786,0.7656,0.7760,0
1977-07-01,0.7760,0.7786,0.7708,0.7708,0
1977-07-05,0.7708,0.7812,0.7708,0.7786,0
1977-07-06,0.7786,0.7812,0.7734,0.7812,0
1977-07-07,0.7812,0.7917,0.7786,0.7891,0
1977-07-08,0.7943,0.8021,0.7943,0.7943,0
1977-07-11,0.7943,0.7943,0.7839,0.7891,0
1977-07-12,0.7891,0.7917,0.7839,0.7917,0
1977-07-13,0.7917,0.7969,0.7839,0.7969,0
1977-07-15,0.8047,0.8255,0.8047,0.8229,0
1977-07-18,0.8229,0.8307,0.8177,0.8281,0
1977-07-19,0.8281,0.8490,0.8177,0.8464,0
1977-07-20,0.8464,0.8516,0.8307,0.8359,0
1977-07-21,0.8333,0.8333,0.8203,0.8255,0
1977-07-22,0.8281,0.8385,0.8281,0.8333,0
1977-07-25,0.8333,0.8359,0.8177,0.8229,0
1977-07-26,0.8229,0.8281,0.8177,0.8255,0
1977-07-27,0.8255,0.8255,0.8177,0.8229,0
1977-07-28,0.8151,0.8151,0.8073,0.8099,0
1977-07-29,0.8099,0.8177,0.7995,0.8151,0
1977-08-01,0.8151,0.8255,0.8073,0.8177,0
1977-08-02,0.8177,0.8203,0.8047,0.8125,0
1977-08-03,0.8125,0.8151,0.8047,0.8125,0
1977-08-04,0.8125,0.8151,0.8099,0.8125,0
1977-08-05,0.8125,0.8125,0.8021,0.8073,0
1977-08-08,0.8073,0.8099,0.7969,0.7995,0
1977-08-09,0.7995,0.8099,0.7943,0.8073,0
1977-08-10,0.8073,0.8099,0.8021,0.8073,0
1977-08-11,0.8073,0.8099,0.8021,0.8047,0
1977-08-12,0.8047,0.8073,0.7943,0.8047,0
1977-08-15,0.8047,0.8099,0.7969,0.8099,0
1977-08-16,0.8099,0.8125,0.8073,0.8099,0
1977-08-17,0.8099,0.8151,0.8047,0.8125,0
1977-08-18,0.8125,0.8385,0.8099,0.8229,0
1977-08-19,0.8229,0.8333,0.8203,0.8281,0
1977-08-22,0.8281,0.8359,0.8203,0.8333,0
1977-08-23,0.8333,0.8385,0.8307,0.8359,0
1977-08-24,0.8359,0.8385,0.8307,0.8307,0
1977-08-25,0.8307,0.8307,0.8099,0.8151,0
1977-08-26,0.8151,0.8203,0.8073,0.8151,0
1977-08-29,0.8177,0.8359,0.8177,0.8307,0
1977-08-30,0.8307,0.8359,0.8281,0.8307,0
1977-08-31,0.8307,0.8307,0.8151,0.8281,0
1977-09-01,0.8281,0.8359,0.8229,0.8307,0
1977-09-02,0.8307,0.8359,0.8229,0.8307,0
1977-09-06,0.8307,0.8359,0.8229,0.8307,0
1977-09-07,0.8307,0.8359,0.8307,0.8333,0
1977-09-08,0.8333,0.8359,0.8177,0.8177,0
1977-09-09,0.8177,0.8307,0.8177,0.8281,0
1977-09-12,0.8281,0.8281,0.8177,0.8229,0
1977-09-13,0.8229,0.8281,0.8203,0.8281,0
1977-09-14,0.8281,0.8411,0.8281,0.8359,0
1977-09-15,0.8359,0.8438,0.8333,0.8385,0
1977-09-16,0.8385,0.8411,0.8359,0.8385,0
1977-09-19,0.8359,0.8359,0.8203,0.8307,0
1977-09-20,0.8281,0.8281,0.8125,0.8203,0
1977-09-21,0.8203,0.8229,0.8125,0.8177,0
1977-09-22,0.8177,0.8203,0.8151,0.8177,0
1977-09-23,0.8177,0.8229,0.8177,0.8229,0
1977-09-26,0.8229,0.8281,0.8203,0.8281,0
1977-09-27,0.8281,0.8307,0.8229,0.8281,0
1977-09-28,0.8281,0.8333,0.8281,0.8307,0
1977-09-29,0.8307,0.8333,0.8255,0.8307,0
1977-09-30,0.8307,0.8359,0.8255,0.8255,0
1977-10-03,0.8281,0.8359,0.8281,0.8359,0
1977-10-04,0.8359,0.8385,0.8151,0.8151,0
1977-10-05,0.8151,0.8255,0.8125,0.8177,0
1977-10-06,0.8177,0.8281,0.8151,0.8281,0
1977-10-07,0.8281,0.8307,0.8229,0.8307,0
1977-10-10,0.8307,0.8333,0.8203,0.8255,0
1977-10-11,0.8255,0.8359,0.8203,0.8333,0
1977-10-12,0.8203,0.8203,0.7943,0.7995,0
1977-10-13,0.7995,0.8099,0.7969,0.7995,0
1977-10-14,0.7995,0.8177,0.7995,0.7995,0
1977-10-17,0.7995,0.8047,0.7969,0.8047,0
1977-10-18,0.8047,0.8073,0.7969,0.7995,0
1977-10-19,0.7995,0.7995,0.7760,0.7812,0
1977-10-20,0.7812,0.7865,0.7708,0.7812,0
1977-10-21,0.7812,0.7891,0.7786,0.7839,0
1977-10-24,0.7839,0.7891,0.7812,0.7812,0
1977-10-25,0.7812,0.7812,0.7630,0.7760,0
1977-10-26,0.7760,0.7943,0.7760,0.7917,0
1977-10-27,0.7969,0.8047,0.7969,0.8021,0
1977-10-28,0.8021,0.8021,0.7917,0.7917,0
1977-10-31,0.7891,0.7891,0.7734,0.7786,0
1977-11-01,0.7786,0.7812,0.7682,0.7682,0
1977-11-02,0.7682,0.7708,0.7396,0.7422,0
1977-11-03,0.7422,0.7552,0.7422,0.7526,0
1977-11-04,0.7526,0.7630,0.7500,0.7604,0
1977-11-07,0.7630,0.7812,0.7630,0.7760,0
1977-11-08,0.7760,0.7865,0.7760,0.7812,0
1977-11-09,0.7812,0.8021,0.7734,0.7995,0
1977-11-10,0.7995,0.8125,0.7917,0.8125,0
1977-11-11,0.8177,0.8307,0.8177,0.8203,0
1977-11-14,0.8203,0.8203,0.8099,0.8125,0
1977-11-15,0.8125,0.8125,0.7943,0.8047,0
1977-11-16,0.8047,0.8099,0.7995,0.8047,0
1977-11-17,0.8021,0.8021,0.7917,0.7917,0
1977-11-18,0.7943,0.8073,0.7943,0.8073,0
1977-11-21,0.8073,0.8099,0.8021,0.8021,0
1977-11-22,0.8021,0.8099,0.8021,0.8047,0
1977-11-23,0.8047,0.8073,0.7995,0.8073,0
1977-11-25,0.8073,0.8073,0.7969,0.8073,0
1977-11-28,0.8073,0.8073,0.7969,0.7969,0
1977-11-29,0.7943,0.7943,0.7865,0.7917,0
1977-11-30,0.7917,0.7943,0.7865,0.7891,0
1977-12-01,0.7891,0.7943,0.7865,0.7865,0
1977-12-02,0.7865,0.7917,0.7786,0.7786,0
1977-12-05,0.7786,0.7786,0.7682,0.7708,0
1977-12-06,0.7682,0.7682,0.7578,0.7656,0
1977-12-07,0.7656,0.7682,0.7604,0.7630,0
1977-12-08,0.7630,0.7708,0.7604,0.7682,0
1977-12-09,0.7682,0.7839,0.7682,0.7760,0
1977-12-12,0.7760,0.7760,0.7656,0.7734,0
1977-12-13,0.7734,0.7760,0.7630,0.7734,0
1977-12-14,0.7734,0.7760,0.7656,0.7760,0
1977-12-15,0.7760,0.7839,0.7682,0.7682,0
1977-12-16,0.7682,0.7786,0.7656,0.7760,0
1977-12-19,0.7760,0.7812,0.7682,0.7682,0
1977-12-20,0.7656,0.7656,0.7578,0.7656,0
1977-12-21,0.7656,0.7656,0.7578,0.7604,0
1977-12-22,0.7604,0.7760,0.7604,0.7604,0
1977-12-23,0.7630,0.7734,0.7630,0.7656,0
1977-12-27,0.7656,0.7760,0.7656,0.7682,0
1977-12-28,0.7682,0.7708,0.7630,0.7630,0
1977-12-29,0.7630,0.7708,0.7630,0.7708,0
1977-12-30,0.7708,0.7812,0.7708,0.7760,0
1978-01-03,0.7682,0.7682,0.7578,0.7578,0
1978-01-04,0.7578,0.7682,0.7578,0.7656,0
1978-01-05,0.7656,0.7839,0.7578,0.7578,0
1978-01-06,0.7578,0.7578,0.7474,0.7578,0
1978-01-09,0.7552,0.7552,0.7422,0.7500,0
1978-01-10,0.7500,0.7578,0.7500,0.7526,0
1978-01-11,0.7526,0.7526,0.7422,0.7448,0
1978-01-12,0.7448,0.7474,0.7344,0.7370,0
1978-01-13,0.7370,0.7422,0.7344,0.7396,0
1978-01-16,0.7396,0.7500,0.7370,0.7474,0
1978-01-17,0.7474,0.7500,0.7396,0.7500,0
1978-01-18,0.7500,0.7578,0.7474,0.7578,0
1978-01-19,0.7578,0.7682,0.7552,0.7630,0
1978-01-20,0.7630,0.7656,0.7552,0.7578,0
1978-01-23,0.7578,0.7578,0.7474,0.7500,0
1978-01-24,0.7500,0.7500,0.7396,0.7396,0
1978-01-25,0.7396,0.7448,0.7396,0.7396,0
1978-01-26,0.7396,0.7500,0.7344,0.7344,0
1978-01-27,0.7344,0.7422,0.7318,0.7370,0
1978-01-30,0.7370,0.7526,0.7370,0.7500,0
1978-01-31,0.7500,0.7578,0.7422,0.7448,0
1978-02-01,0.7448,0.7526,0.7422,0.7474,0
1978-02-02,0.7474,0.7604,0.7474,0.7604,0
1978-02-03,0.7604,0.7630,0.7526,0.7604,0
1978-02-06,0.7604,0.7682,0.7552,0.7656,0
1978-02-07,0.7656,0.7734,0.7656,0.7708,0
1978-02-08,0.7708,0.7760,0.7708,0.7734,0
1978-02-09,0.7734,0.7734,0.7630,0.7682,0
1978-02-10,0.7682,0.7682,0.7604,0.7604,0
1978-02-13,0.7604,0.7656,0.7604,0.7656,0
1978-02-14,0.7630,0.7630,0.7552,0.7604,0
1978-02-15,0.7578,0.7578,0.7500,0.7578,0
1978-02-16,0.7552,0.7552,0.7500,0.7526,0
1978-02-17,0.7526,0.7526,0.7500,0.7500,0
1978-02-21,0.7500,0.7526,0.7448,0.7448,0
1978-02-22,0.7448,0.7500,0.7422,0.7474,0
1978-02-23,0.7474,0.7474,0.7422,0.7474,0
1978-02-24,0.7500,0.7552,0.7500,0.7526,0
1978-02-27,0.7526,0.7552,0.7474,0.7474,0
1978-02-28,0.7474,0.7500,0.7422,0.7474,0
1978-03-01,0.7474,0.7604,0.7422,0.7604,0
1978-03-02,0.7604,0.7682,0.7578,0.7604,0
1978-03-03,0.7656,0.7708,0.7656,0.7708,0
1978-03-06,0.7708,0.7708,0.7604,0.7656,0
1978-03-07,0.7656,0.7656,0.7604,0.7656,0
1978-03-08,0.7656,0.7708,0.7630,0.7708,0
1978-03-09,0.7708,0.7786,0.7656,0.7760,0
1978-03-10,0.7760,0.7812,0.7656,0.7812,0
1978-03-13,0.7812,0.7865,0.7786,0.7812,0
1978-03-14,0.7812,0.7839,0.7786,0.7839,0
1978-03-15,0.7839,0.7891,0.7839,0.7865,0
1978-03-16,0.7865,0.7995,0.7865,0.7969,0
1978-03-17,0.7969,0.8125,0.7943,0.8099,0
1978-03-20,0.8151,0.8229,0.8151,0.8203,0
1978-03-21,0.8125,0.8125,0.7865,0.7917,0
1978-03-22,0.7917,0.7969,0.7839,0.7865,0
1978-03-23,0.7865,0.7891,0.7708,0.7839,0
1978-03-27,0.7839,0.7865,0.7760,0.7839,0
1978-03-28,0.7839,0.7969,0.7786,0.7943,0
1978-03-29,0.7943,0.7943,0.7839,0.7943,0
1978-03-30,0.7917,0.7917,0.7839,0.7917,0
1978-03-31,0.7891,0.7891,0.7839,0.7891,0
1978-04-03,0.7891,0.7891,0.7786,0.7839,0
1978-04-04,0.7839,0.7891,0.7812,0.7839,0
1978-04-05,0.7839,0.7995,0.7839,0.7995,0
1978-04-06,0.7995,0.7995,0.7865,0.7969,0
1978-04-07,0.7995,0.8125,0.7995,0.8125,0
1978-04-10,0.8125,0.8151,0.8073,0.8151,0
1978-04-11,0.8151,0.8229,0.8099,0.8151,0
1978-04-12,0.8151,0.8203,0.8151,0.8203,0
1978-04-13,0.8203,0.8229,0.8177,0.8229,0
1978-04-14,0.8333,0.8516,0.8333,0.8464,0
1978-04-17,0.8542,0.8802,0.8542,0.8594,0
1978-04-18,0.8516,0.8516,0.8385,0.8438,0
1978-04-19,0.8438,0.8516,0.8385,0.8490,0
1978-04-20,0.8490,0.8646,0.8438,0.8568,0
1978-04-21,0.8568,0.8646,0.8385,0.8385,0
1978-04-24,0.8411,0.8620,0.8411,0.8620,0
1978-04-25,0.8750,0.8854,0.8750,0.8750,0
1978-04-26,0.8750,0.8854,0.8698,0.8802,0
1978-04-27,0.8802,0.8828,0.8724,0.8802,0
1978-04-28,0.8802,0.8828,0.8750,0.8802,0
1978-05-01,0.8802,0.8854,0.8776,0.8854,0
1978-05-02,0.8828,0.8828,0.8646,0.8646,0
1978-05-03,0.8646,0.8672,0.8438,0.8438,0
1978-05-04,0.8438,0.8698,0.8255,0.8698,0
1978-05-05,0.8698,0.8776,0.8568,0.8646,0
1978-05-08,0.8646,0.8750,0.8620,0.8620,0
1978-05-09,0.8620,0.8646,0.8490,0.8490,0
1978-05-10,0.8516,0.8620,0.8516,0.8516,0
1978-05-11,0.8516,0.8776,0.8333,0.8776,0
1978-05-12,0.8776,0.8828,0.8698,0.8802,0
1978-05-15,0.8802,0.8854,0.8776,0.8854,0
1978-05-16,0.8854,0.9089,0.8854,0.9089,0
1978-05-17,0.9089,0.9219,0.8984,0.9193,0
1978-05-18,0.9193,0.9193,0.8984,0.9141,0
1978-05-19,0.9141,0.9167,0.9062,0.9089,0
1978-05-22,0.9089,0.9219,0.9036,0.9167,0
1978-05-23,0.9167,0.9219,0.9141,0.9193,0
1978-05-24,0.9115,0.9115,0.8984,0.9062,0
1978-05-25,0.9062,0.9141,0.8984,0.8984,0
1978-05-26,0.8958,0.8958,0.8854,0.8906,0
1978-05-30,0.8906,0.8932,0.8802,0.8880,0
1978-05-31,0.8880,0.8958,0.8828,0.8880,0
1978-06-01,0.8880,0.8932,0.8828,0.8880,0
1978-06-02,0.8880,0.9141,0.8880,0.9115,0
1978-06-05,0.9115,0.9271,0.9089,0.9271,0
1978-06-06,0.9271,0.9375,0.9193,0.9219,0
1978-06-07,0.9141,0.9141,0.9062,0.9115,0
1978-06-08,0.9115,0.9141,0.9062,0.9115,0
1978-06-09,0.9115,0.9167,0.9062,0.9167,0
1978-06-12,0.9089,0.9089,0.8802,0.8828,0
1978-06-13,0.8828,0.8854,0.8724,0.8802,0
1978-06-14,0.8802,0.8958,0.8776,0.8802,0
1978-06-15,0.8802,0.8828,0.8698,0.8724,0
1978-06-16,0.8724,0.8724,0.8594,0.8594,0
1978-06-19,0.8594,0.8672,0.8542,0.8672,0
1978-06-20,0.8672,0.8698,0.8594,0.8620,0
1978-06-21,0.8620,0.8724,0.8594,0.8646,0
1978-06-22,0.8646,0.8724,0.8620,0.8672,0
1978-06-23,0.8672,0.8698,0.8594,0.8594,0
1978-06-26,0.8594,0.8724,0.8542,0.8542,0
1978-06-27,0.8542,0.8646,0.8464,0.8568,0
1978-06-28,0.8568,0.8672,0.8542,0.8672,0
1978-06-29,0.8672,0.8776,0.8594,0.8646,0
1978-06-30,0.8646,0.8698,0.8542,0.8698,0
1978-07-03,0.8672,0.8672,0.8516,0.8594,0
1978-07-05,0.8594,0.8646,0.8542,0.8568,0
1978-07-06,0.8568,0.8620,0.8542,0.8620,0
1978-07-07,0.8620,0.8672,0.8568,0.8620,0
1978-07-10,0.8620,0.8750,0.8542,0.8750,0
1978-07-11,0.8750,0.8802,0.8724,0.8750,0
1978-07-12,0.8750,0.8802,0.8672,0.8724,0
1978-07-13,0.8724,0.8724,0.8594,0.8698,0
1978-07-14,0.8698,0.8724,0.8594,0.8724,0
1978-07-17,0.8724,0.8854,0.8698,0.8698,0
1978-07-18,0.8698,0.8724,0.8464,0.8542,0
1978-07-19,0.8542,0.8698,0.8542,0.8672,0
1978-07-20,0.8672,0.8776,0.8464,0.8464,0
1978-07-21,0.8490,0.8594,0.8490,0.8542,0
1978-07-24,0.8542,0.8672,0.8516,0.8646,0
1978-07-25,0.8646,0.8646,0.8464,0.8516,0
1978-07-26,0.8516,0.8594,0.8516,0.8594,0
1978-07-27,0.8594,0.8620,0.8516,0.8542,0
1978-07-28,0.8568,0.8698,0.8568,0.8594,0
1978-07-31,0.8672,0.8958,0.8672,0.8880,0
1978-08-01,0.8880,0.8958,0.8802,0.8906,0
1978-08-02,0.8906,0.9115,0.8854,0.9115,0
1978-08-03,0.9219,0.9427,0.9219,0.9271,0
1978-08-04,0.9271,0.9479,0.9245,0.9479,0
1978-08-07,0.9479,0.9635,0.9453,0.9479,0
1978-08-08,0.9479,0.9635,0.9401,0.9583,0
1978-08-09,0.9583,0.9844,0.9583,0.9661,0
1978-08-10,0.9661,0.9766,0.9453,0.9505,0
1978-08-11,0.9505,0.9557,0.9141,0.9557,0
1978-08-14,0.9557,0.9583,0.9271,0.9375,0
1978-08-15,0.9323,0.9323,0.9167,0.9297,0
1978-08-16,0.9297,0.9401,0.9297,0.9349,0
1978-08-17,0.9349,0.9453,0.9323,0.9375,0
1978-08-18,0.9375,0.9479,0.9349,0.9349,0
1978-08-21,0.9349,0.9401,0.9271,0.9297,0
1978-08-22,0.9297,0.9531,0.9219,0.9531,0
1978-08-23,0.9531,0.9609,0.9427,0.9453,0
1978-08-24,0.9453,0.9557,0.9427,0.9531,0
1978-08-25,0.9531,0.9609,0.9479,0.9609,0
1978-08-28,0.9609,0.9609,0.9531,0.9531,0
1978-08-29,0.9531,0.9531,0.9401,0.9453,0
1978-08-30,0.9453,0.9479,0.9323,0.9401,0
1978-08-31,0.9401,0.9453,0.9349,0.9375,0
1978-09-01,0.9375,0.9401,0.9297,0.9375,0
1978-09-05,0.9323,0.9323,0.9167,0.9245,0
1978-09-06,0.9297,0.9609,0.9297,0.9609,0
1978-09-07,0.9609,0.9661,0.9531,0.9609,0
1978-09-08,0.9609,0.9635,0.9531,0.9635,0
1978-09-11,0.9661,0.9766,0.9661,0.9688,0
1978-09-12,0.9688,0.9792,0.9635,0.9766,0
1978-09-13,0.9766,0.9766,0.9661,0.9688,0
1978-09-14,0.9688,0.9688,0.9453,0.9453,0
1978-09-15,0.9297,0.9297,0.9062,0.9141,0
1978-09-18,0.9141,0.9271,0.8932,0.8932,0
1978-09-19,0.8932,0.8984,0.8880,0.8906,0
1978-09-20,0.8906,0.9010,0.8828,0.9010,0
1978-09-21,0.9010,0.9193,0.9010,0.9193,0
1978-09-22,0.9193,0.9193,0.9010,0.9036,0
1978-09-25,0.9062,0.9167,0.9062,0.9141,0
1978-09-26,0.9141,0.9167,0.9062,0.9167,0
1978-09-27,0.9167,0.9219,0.8984,0.9036,0
1978-09-28,0.9036,0.9219,0.8984,0.9167,0
1978-09-29,0.9167,0.9245,0.9089,0.9167,0
1978-10-02,0.9167,0.9297,0.9167,0.9297,0
1978-10-03,0.9297,0.9349,0.9193,0.9245,0
1978-10-04,0.9245,0.9245,0.9115,0.9193,0
1978-10-05,0.9219,0.9349,0.9219,0.9349,0
1978-10-06,0.9349,0.9349,0.9271,0.9297,0
1978-10-09,0.9297,0.9349,0.9219,0.9297,0
1978-10-10,0.9297,0.9453,0.9271,0.9401,0
1978-10-11,0.9401,0.9531,0.9323,0.9531,0
1978-10-12,0.9531,0.9557,0.9375,0.9427,0
1978-10-13,0.9375,0.9375,0.9245,0.9323,0
1978-10-16,0.9297,0.9297,0.9141,0.9219,0
1978-10-17,0.9167,0.9167,0.8906,0.8984,0
1978-10-18,0.8984,0.9010,0.8854,0.8906,0
1978-10-19,0.8906,0.9089,0.8880,0.8906,0
1978-10-20,0.8906,0.9010,0.8698,0.8750,0
1978-10-23,0.8750,0.8854,0.8568,0.8646,0
1978-10-24,0.8646,0.8828,0.8620,0.8672,0
1978-10-25,0.8672,0.8802,0.8594,0.8776,0
1978-10-26,0.8724,0.8724,0.8620,0.8724,0
1978-10-27,0.8698,0.8698,0.8542,0.8620,0
1978-10-30,0.8620,0.8646,0.8281,0.8646,0
1978-10-31,0.8646,0.8724,0.8490,0.8516,0
1978-11-01,0.8542,0.9062,0.8542,0.9062,0
1978-11-02,0.8984,0.8984,0.8854,0.8932,0
1978-11-03,0.8932,0.9010,0.8828,0.9010,0
1978-11-06,0.9010,0.9010,0.8828,0.8828,0
1978-11-07,0.8750,0.8750,0.8620,0.8698,0
1978-11-08,0.8698,0.8698,0.8542,0.8698,0
1978-11-09,0.8698,0.8776,0.8568,0.8646,0
1978-11-10,0.8646,0.8672,0.8594,0.8620,0
1978-11-13,0.8620,0.8646,0.8490,0.8490,0
1978-11-14,0.8490,0.8594,0.8411,0.8464,0
1978-11-15,0.8464,0.8646,0.8464,0.8464,0
1978-11-16,0.8464,0.8620,0.8464,0.8594,0
1978-11-17,0.8594,0.8672,0.8568,0.8672,0
1978-11-20,0.8672,0.8724,0.8646,0.8724,0
1978-11-21,0.8724,0.8724,0.8568,0.8568,0
1978-11-22,0.8568,0.8568,0.8490,0.8568,0
1978-11-24,0.8568,0.8620,0.8490,0.8594,0
1978-11-27,0.8568,0.8568,0.8464,0.8516,0
1978-11-28,0.8516,0.8698,0.8464,0.8542,0
1978-11-29,0.8542,0.8594,0.8490,0.8516,0
1978-11-30,0.8516,0.8620,0.8490,0.8594,0
1978-12-01,0.8646,0.8750,0.8646,0.8750,0
1978-12-04,0.8750,0.8828,0.8750,0.8802,0
1978-12-05,0.8802,0.9010,0.8776,0.8958,0
1978-12-06,0.8958,0.9089,0.8958,0.8984,0
1978-12-07,0.8984,0.9062,0.8958,0.8984,0
1978-12-08,0.8984,0.9036,0.8906,0.8958,0
1978-12-11,0.8958,0.9141,0.8932,0.9141,0
1978-12-12,0.9141,0.9167,0.9062,0.9115,0
1978-12-13,0.9115,0.9115,0.9036,0.9062,0
1978-12-14,0.9062,0.9089,0.9010,0.9089,0
1978-12-15,0.9089,0.9089,0.9036,0.9062,0
1978-12-18,0.8906,0.8906,0.8802,0.8880,0
1978-12-19,0.8880,0.9036,0.8854,0.9010,0
1978-12-20,0.9010,0.9141,0.9010,0.9115,0
1978-12-21,0.9115,0.9219,0.9036,0.9062,0
1978-12-22,0.9115,0.9193,0.9115,0.9115,0
1978-12-26,0.9115,0.9219,0.9115,0.9219,0
1978-12-27,0.9167,0.9167,0.9089,0.9167,0
1978-12-28,0.9167,0.9167,0.8984,0.9036,0
1978-12-29,0.9036,0.9141,0.9010,0.9141,0
1979-01-02,0.9089,0.9089,0.8932,0.9062,0
1979-01-03,0.9062,0.9375,0.9036,0.9297,0
1979-01-04,0.9349,0.9505,0.9349,0.9427,0
1979-01-05,0.9479,0.9557,0.9479,0.9505,0
1979-01-08,0.9479,0.9479,0.9427,0.9453,0
1979-01-09,0.9479,0.9583,0.9479,0.9557,0
1979-01-10,0.9531,0.9531,0.9427,0.9479,0
1979-01-11,0.9453,0.9453,0.9349,0.9401,0
1979-01-12,0.9453,0.9609,0.9453,0.9453,0
1979-01-15,0.9505,0.9583,0.9505,0.9557,0
1979-01-16,0.9557,0.9557,0.9453,0.9453,0
1979-01-17,0.9453,0.9505,0.9375,0.9427,0
1979-01-18,0.9427,0.9453,0.9297,0.9375,0
1979-01-19,0.9375,0.9479,0.9349,0.9349,0
1979-01-22,0.9349,0.9349,0.9193,0.9271,0
1979-01-23,0.9297,0.9349,0.9297,0.9297,0
1979-01-24,0.9297,0.9349,0.9271,0.9323,0
1979-01-25,0.9323,0.9375,0.9297,0.9323,0
1979-01-26,0.9323,0.9427,0.9297,0.9349,0
1979-01-29,0.9323,0.9323,0.9219,0.9245,0
1979-01-30,0.9219,0.9219,0.9115,0.9141,0
1979-01-31,0.9141,0.9219,0.8984,0.9115,0
1979-02-01,0.9115,0.9167,0.9036,0.9115,0
1979-02-02,0.9115,0.9219,0.9115,0.9141,0
1979-02-05,0.9141,0.9141,0.8958,0.9010,0
1979-02-06,0.9010,0.9089,0.8984,0.9036,0
1979-02-07,0.8958,0.8958,0.8698,0.8750,0
1979-02-08,0.8750,0.8828,0.8750,0.8776,0
1979-02-09,0.8776,0.8828,0.8750,0.8776,0
1979-02-12,0.8776,0.8802,0.8568,0.8776,0
1979-02-13,0.8880,0.8958,0.8880,0.8906,0
1979-02-14,0.8906,0.9010,0.8906,0.8984,0
1979-02-15,0.8984,0.9010,0.8854,0.9010,0
1979-02-16,0.9010,0.9010,0.8880,0.8984,0
1979-02-20,0.8984,0.8984,0.8854,0.8984,0
1979-02-21,0.8958,0.8958,0.8828,0.8880,0
1979-02-22,0.8880,0.8932,0.8854,0.8906,0
1979-02-23,0.8906,0.8906,0.8802,0.8828,0
1979-02-26,0.8828,0.8828,0.8724,0.8750,0
1979-02-27,0.8750,0.8750,0.8542,0.8672,0
1979-02-28,0.8724,0.8776,0.8724,0.8776,0
1979-03-01,0.8776,0.8776,0.8672,0.8750,0
1979-03-02,0.8750,0.8750,0.8724,0.8724,0
1979-03-05,0.8724,0.8802,0.8724,0.8750,0
1979-03-06,0.8750,0.8776,0.8620,0.8646,0
1979-03-07,0.8646,0.8776,0.8568,0.8646,0
1979-03-08,0.8646,0.8802,0.8646,0.8750,0
1979-03-09,0.8750,0.8958,0.8750,0.8906,0
1979-03-12,0.8906,0.8906,0.8724,0.8854,0
1979-03-13,0.8750,0.8750,0.8672,0.8672,0
1979-03-14,0.8672,0.8698,0.8620,0.8672,0
1979-03-15,0.8672,0.8698,0.8490,0.8568,0
1979-03-16,0.8568,0.8568,0.8464,0.8542,0
1979-03-19,0.8542,0.8594,0.8438,0.8490,0
1979-03-20,0.8490,0.8516,0.8281,0.8359,0
1979-03-21,0.8359,0.8411,0.8333,0.8411,0
1979-03-22,0.8411,0.8516,0.8385,0.8516,0
1979-03-23,0.8516,0.8594,0.8464,0.8490,0
1979-03-26,0.8490,0.8594,0.8438,0.8542,0
1979-03-27,0.8542,0.8620,0.8516,0.8594,0
1979-03-28,0.8620,0.8698,0.8620,0.8672,0
1979-03-29,0.8672,0.8698,0.8568,0.8568,0
1979-03-30,0.8568,0.8646,0.8568,0.8594,0
1979-04-02,0.8568,0.8568,0.8385,0.8438,0
1979-04-03,0.8490,0.8698,0.8490,0.8698,0
1979-04-04,0.8698,0.8776,0.8568,0.8568,0
1979-04-05,0.8568,0.8646,0.8542,0.8594,0
1979-04-06,0.8594,0.8672,0.8568,0.8594,0
1979-04-09,0.8594,0.8646,0.8542,0.8542,0
1979-04-10,0.8542,0.8542,0.8385,0.8438,0
1979-04-11,0.8438,0.8464,0.8281,0.8281,0
1979-04-12,0.8229,0.8229,0.8021,0.8125,0
1979-04-16,0.8125,0.8151,0.8021,0.8151,0
1979-04-17,0.8151,0.8177,0.8073,0.8099,0
1979-04-18,0.8125,0.8203,0.8125,0.8203,0
1979-04-19,0.8229,0.8333,0.8229,0.8281,0
1979-04-20,0.8281,0.8359,0.8229,0.8359,0
1979-04-23,0.8359,0.8359,0.8255,0.8307,0
1979-04-24,0.8307,0.8411,0.8281,0.8307,0
1979-04-25,0.8333,0.8411,0.8333,0.8411,0
1979-04-26,0.8411,0.8411,0.8307,0.8333,0
1979-04-27,0.8333,0.8359,0.8255,0.8255,0
1979-04-30,0.8255,0.8333,0.8177,0.8307,0
1979-05-01,0.8307,0.8385,0.8281,0.8281,0
1979-05-02,0.8281,0.8307,0.8151,0.8151,0
1979-05-03,0.8151,0.8281,0.8125,0.8125,0
1979-05-04,0.8125,0.8125,0.8047,0.8047,0
1979-05-07,0.8047,0.8099,0.8021,0.8021,0
1979-05-08,0.8021,0.8047,0.7917,0.8047,0
1979-05-09,0.8047,0.8073,0.7943,0.7943,0
1979-05-10,0.7943,0.7943,0.7630,0.7682,0
1979-05-11,0.7682,0.7760,0.7682,0.7708,0
1979-05-14,0.7708,0.7839,0.7708,0.7812,0
1979-05-15,0.7839,0.7943,0.7839,0.7839,0
1979-05-16,0.7839,0.7865,0.7734,0.7812,0
1979-05-17,0.7812,0.7812,0.7734,0.7760,0
1979-05-18,0.7760,0.7812,0.7760,0.7786,0
1979-05-21,0.7786,0.7865,0.7760,0.7812,0
1979-05-22,0.7812,0.8073,0.7812,0.8073,0
1979-05-23,0.8073,0.8203,0.8047,0.8125,0
1979-05-24,0.8099,0.8099,0.7917,0.8021,0
1979-05-25,0.8021,0.8073,0.7969,0.8073,0
1979-05-29,0.8073,0.8073,0.7995,0.8073,0
1979-05-30,0.8047,0.8047,0.7995,0.8021,0
1979-05-31,0.8021,0.8177,0.7995,0.8177,0
1979-06-01,0.8177,0.8203,0.8125,0.8151,0
1979-06-04,0.8151,0.8177,0.8099,0.8151,0
1979-06-05,0.8151,0.8255,0.8125,0.8203,0
1979-06-06,0.8203,0.8255,0.8073,0.8073,0
1979-06-07,0.8073,0.8151,0.8047,0.8099,0
1979-06-08,0.8099,0.8177,0.8099,0.8125,0
1979-06-11,0.8151,0.8385,0.8151,0.8385,0
1979-06-12,0.8385,0.8516,0.8281,0.8411,0
1979-06-13,0.8411,0.8464,0.8385,0.8385,0
1979-06-14,0.8333,0.8333,0.8229,0.8281,0
1979-06-15,0.8281,0.8281,0.8125,0.8125,0
1979-06-18,0.8125,0.8125,0.7943,0.7969,0
1979-06-19,0.7969,0.8073,0.7943,0.8021,0
1979-06-20,0.8021,0.8073,0.7969,0.8047,0
1979-06-21,0.8047,0.8099,0.7995,0.8047,0
1979-06-22,0.8047,0.8151,0.8047,0.8073,0
1979-06-25,0.8073,0.8151,0.7917,0.8021,0
1979-06-26,0.8021,0.8099,0.7995,0.8021,0
1979-06-27,0.8021,0.8151,0.8021,0.8073,0
1979-06-28,0.8073,0.8281,0.8047,0.8099,0
1979-06-29,0.8073,0.8073,0.7891,0.7969,0
1979-07-02,0.7943,0.7943,0.7839,0.7891,0
1979-07-03,0.7891,0.7943,0.7891,0.7943,0
1979-07-05,0.7943,0.7995,0.7917,0.7943,0
1979-07-06,0.7943,0.7943,0.7865,0.7917,0
1979-07-09,0.7917,0.7969,0.7891,0.7917,0
1979-07-10,0.7917,0.7943,0.7839,0.7943,0
1979-07-11,0.7943,0.7995,0.7865,0.7865,0
1979-07-12,0.7865,0.7917,0.7839,0.7839,0
1979-07-13,0.7839,0.7891,0.7812,0.7839,0
1979-07-16,0.7839,0.7891,0.7812,0.7891,0
1979-07-17,0.7891,0.7891,0.7708,0.7786,0
1979-07-18,0.7786,0.7786,0.7656,0.7786,0
1979-07-19,0.7786,0.7891,0.7708,0.7760,0
1979-07-20,0.7760,0.7812,0.7656,0.7760,0
1979-07-23,0.7760,0.7760,0.7604,0.7708,0
1979-07-24,0.7708,0.7865,0.7682,0.7839,0
1979-07-25,0.7839,0.7943,0.7839,0.7917,0
1979-07-26,0.7917,0.8281,0.7917,0.8229,0
1979-07-27,0.8229,0.8229,0.8151,0.8203,0
1979-07-30,0.8203,0.8255,0.8177,0.8255,0
1979-07-31,0.8255,0.8255,0.8151,0.8177,0
1979-08-01,0.8177,0.8177,0.8073,0.8151,0
1979-08-02,0.8151,0.8177,0.8099,0.8099,0
1979-08-03,0.8099,0.8151,0.8099,0.8151,0
1979-08-06,0.8151,0.8177,0.8073,0.8177,0
1979-08-07,0.8177,0.8333,0.8125,0.8333,0
1979-08-08,0.8333,0.8359,0.8307,0.8333,0
1979-08-09,0.8333,0.8333,0.8177,0.8255,0
1979-08-10,0.8255,0.8333,0.8073,0.8333,0
1979-08-13,0.8333,0.8385,0.8281,0.8307,0
1979-08-14,0.8307,0.8307,0.8255,0.8307,0
1979-08-15,0.8307,0.8333,0.8229,0.8333,0
1979-08-16,0.8333,0.8438,0.8333,0.8385,0
1979-08-17,0.8385,0.8385,0.8333,0.8359,0
1979-08-20,0.8359,0.8464,0.8307,0.8438,0
1979-08-21,0.8438,0.8516,0.8359,0.8516,0
1979-08-22,0.8516,0.8516,0.8438,0.8490,0
1979-08-23,0.8490,0.8516,0.8438,0.8490,0
1979-08-24,0.8411,0.8411,0.8359,0.8385,0
1979-08-27,0.8385,0.8516,0.8333,0.8411,0
1979-08-28,0.8411,0.8542,0.8385,0.8385,0
1979-08-29,0.8385,0.8385,0.8333,0.8359,0
1979-08-30,0.8359,0.8359,0.8307,0.8307,0
1979-08-31,0.8307,0.8359,0.8281,0.8333,0
1979-09-04,0.8333,0.8333,0.8229,0.8229,0
1979-09-05,0.8229,0.8229,0.8151,0.8203,0
1979-09-06,0.8203,0.8229,0.8151,0.8151,0
1979-09-07,0.8151,0.8203,0.8151,0.8151,0
1979-09-10,0.8099,0.8099,0.8047,0.8073,0
1979-09-11,0.8073,0.8177,0.8073,0.8073,0
1979-09-12,0.8073,0.8177,0.8073,0.8151,0
1979-09-13,0.8151,0.8203,0.8125,0.8125,0
1979-09-14,0.8125,0.8229,0.8125,0.8177,0
1979-09-17,0.8177,0.8255,0.8151,0.8151,0
1979-09-18,0.8151,0.8177,0.7969,0.7995,0
1979-09-19,0.7995,0.8073,0.7917,0.7917,0
1979-09-20,0.7917,0.8021,0.7839,0.8021,0
1979-09-21,0.8021,0.8021,0.7812,0.7812,0
1979-09-24,0.7812,0.7865,0.7734,0.7734,0
1979-09-25,0.7734,0.7734,0.7630,0.7708,0
1979-09-26,0.7708,0.7812,0.7682,0.7708,0
1979-09-27,0.7708,0.7708,0.7578,0.7656,0
1979-09-28,0.7656,0.7708,0.7630,0.7630,0
1979-10-01,0.7630,0.7630,0.7448,0.7526,0
1979-10-02,0.7526,0.7630,0.7474,0.7630,0
1979-10-03,0.7630,0.7656,0.7526,0.7552,0
1979-10-04,0.7552,0.7630,0.7474,0.7500,0
1979-10-05,0.7500,0.7604,0.7474,0.7604,0
1979-10-08,0.7604,0.7604,0.7500,0.7500,0
1979-10-09,0.7500,0.7552,0.7370,0.7422,0
1979-10-10,0.7344,0.7344,0.7135,0.7292,0
1979-10-11,0.7292,0.7656,0.7214,0.7292,0
1979-10-12,0.7292,0.7344,0.7266,0.7292,0
1979-10-15,0.7292,0.7292,0.7188,0.7240,0
1979-10-16,0.7240,0.7344,0.7240,0.7344,0
1979-10-17,0.7344,0.7422,0.7292,0.7292,0
1979-10-18,0.7292,0.7370,0.7266,0.7266,0
1979-10-19,0.7266,0.7292,0.7083,0.7240,0
1979-10-22,0.7240,0.7396,0.7109,0.7214,0
1979-10-23,0.7214,0.7240,0.7135,0.7161,0
1979-10-24,0.7161,0.7266,0.7135,0.7161,0
1979-10-25,0.7161,0.7240,0.7109,0.7188,0
1979-10-26,0.7188,0.7240,0.7109,0.7240,0
1979-10-29,0.7240,0.7266,0.7188,0.7214,0
1979-10-30,0.7214,0.7240,0.7109,0.7240,0
1979-10-31,0.7240,0.7266,0.7161,0.7161,0
1979-11-01,0.7161,0.7240,0.7135,0.7161,0
1979-11-02,0.7161,0.7240,0.7135,0.7240,0
1979-11-05,0.7240,0.7240,0.7161,0.7188,0
1979-11-06,0.7188,0.7188,0.7083,0.7083,0
1979-11-07,0.7083,0.7240,0.6927,0.7161,0
1979-11-08,0.7161,0.7161,0.6979,0.6979,0
1979-11-09,0.7005,0.7161,0.7005,0.7083,0
1979-11-12,0.7083,0.7266,0.7005,0.7266,0
1979-11-13,0.7188,0.7188,0.7057,0.7083,0
1979-11-14,0.7057,0.7057,0.6979,0.6979,0
1979-11-15,0.6979,0.7031,0.6901,0.6927,0
1979-11-16,0.6875,0.6875,0.6797,0.6849,0
1979-11-19,0.6849,0.6849,0.6771,0.6823,0
1979-11-20,0.6797,0.6797,0.6615,0.6615,0
1979-11-21,0.6615,0.6771,0.6562,0.6693,0
1979-11-23,0.6693,0.6823,0.6693,0.6797,0
1979-11-26,0.6823,0.7005,0.6823,0.6953,0
1979-11-27,0.6953,0.7161,0.6953,0.7005,0
1979-11-28,0.7005,0.7109,0.7005,0.7109,0
1979-11-29,0.7109,0.7135,0.6953,0.7005,0
1979-11-30,0.7005,0.7057,0.6953,0.7005,0
1979-12-03,0.7005,0.7083,0.6953,0.7057,0
1979-12-04,0.7057,0.7135,0.7057,0.7135,0
1979-12-05,0.7135,0.7161,0.7109,0.7109,0
1979-12-06,0.7109,0.7109,0.7005,0.7031,0
1979-12-07,0.7109,0.7240,0.7109,0.7188,0
1979-12-10,0.7188,0.7266,0.7109,0.7266,0
1979-12-11,0.7266,0.7344,0.7240,0.7292,0
1979-12-12,0.7292,0.7370,0.7214,0.7240,0
1979-12-13,0.7240,0.7318,0.7161,0.7188,0
1979-12-14,0.7214,0.7474,0.7214,0.7474,0
1979-12-17,0.7474,0.7578,0.7422,0.7526,0
1979-12-18,0.7526,0.7526,0.7448,0.7500,0
1979-12-19,0.7344,0.7344,0.7135,0.7135,0
1979-12-20,0.7135,0.7214,0.7109,0.7161,0
1979-12-21,0.7161,0.7188,0.7109,0.7135,0
1979-12-24,0.7135,0.7161,0.7083,0.7135,0
1979-12-26,0.7135,0.7188,0.7109,0.7135,0
1979-12-27,0.7135,0.7318,0.7135,0.7292,0
1979-12-28,0.7292,0.7292,0.7188,0.7188,0
1979-12-31,0.7188,0.7266,0.7188,0.7188,0
1980-01-02,0.7188,0.7214,0.7031,0.7031,0
1980-01-03,0.7031,0.7240,0.6979,0.7214,0
1980-01-04,0.7214,0.7292,0.7188,0.7292,0
1980-01-07,0.7292,0.7318,0.7240,0.7266,0
1980-01-08,0.7266,0.7344,0.7266,0.7318,0
1980-01-09,0.7318,0.7448,0.7292,0.7370,0
1980-01-10,0.7370,0.7448,0.7318,0.7370,0
1980-01-11,0.7370,0.7500,0.7344,0.7396,0
1980-01-14,0.7396,0.7448,0.7292,0.7370,0
1980-01-15,0.7370,0.7370,0.7188,0.7240,0
1980-01-16,0.7188,0.7188,0.7005,0.7005,0
1980-01-17,0.7005,0.7083,0.6849,0.6875,0
1980-01-18,0.6875,0.6927,0.6823,0.6849,0
1980-01-21,0.6875,0.7031,0.6875,0.6979,0
1980-01-22,0.6979,0.7083,0.6901,0.6901,0
1980-01-23,0.6901,0.6979,0.6875,0.6927,0
1980-01-24,0.6927,0.6953,0.6797,0.6875,0
1980-01-25,0.6875,0.6875,0.6823,0.6875,0
1980-01-28,0.6875,0.7214,0.6875,0.7109,0
1980-01-29,0.7135,0.7266,0.7135,0.7214,0
1980-01-30,0.7214,0.7318,0.7214,0.7292,0
1980-01-31,0.7318,0.7474,0.7318,0.7318,0
1980-02-01,0.7318,0.7370,0.7188,0.7266,0
1980-02-04,0.7266,0.7292,0.7214,0.7214,0
1980-02-05,0.7214,0.7214,0.7083,0.7135,0
1980-02-06,0.7109,0.7109,0.6927,0.7005,0
1980-02-07,0.7005,0.7031,0.6927,0.6979,0
1980-02-08,0.6979,0.7135,0.6953,0.7135,0
1980-02-11,0.7109,0.7109,0.6979,0.7031,0
1980-02-12,0.7031,0.7109,0.6979,0.7057,0
1980-02-13,0.7083,0.7240,0.7083,0.7109,0
1980-02-14,0.7109,0.7214,0.7057,0.7083,0
1980-02-15,0.7083,0.7109,0.7005,0.7031,0
1980-02-19,0.7031,0.7031,0.6875,0.6927,0
1980-02-20,0.6927,0.7057,0.6927,0.6953,0
1980-02-21,0.6953,0.7005,0.6901,0.6927,0
1980-02-22,0.6927,0.6979,0.6901,0.6953,0
1980-02-25,0.6953,0.6953,0.6875,0.6875,0
1980-02-26,0.6875,0.6953,0.6875,0.6901,0
1980-02-27,0.6901,0.6927,0.6849,0.6849,0
1980-02-28,0.6849,0.6901,0.6849,0.6901,0
1980-02-29,0.6875,0.6875,0.6797,0.6849,0
1980-03-03,0.6823,0.6823,0.6667,0.6667,0
1980-03-04,0.6562,0.6562,0.6354,0.6536,0
1980-03-05,0.6484,0.6484,0.6302,0.6354,0
1980-03-06,0.6328,0.6328,0.6042,0.6172,0
1980-03-07,0.6172,0.6302,0.6172,0.6302,0
1980-03-10,0.6302,0.6302,0.6172,0.6250,0
1980-03-11,0.6250,0.6328,0.6172,0.6224,0
1980-03-12,0.6224,0.6250,0.6146,0.6198,0
1980-03-13,0.6198,0.6224,0.6146,0.6198,0
1980-03-14,0.6198,0.6276,0.6068,0.6198,0
1980-03-17,0.6198,0.6198,0.6094,0.6094,0
1980-03-18,0.6094,0.6276,0.6068,0.6224,0
1980-03-19,0.6224,0.6276,0.6146,0.6172,0
1980-03-20,0.6172,0.6172,0.6042,0.6120,0
1980-03-21,0.6120,0.6146,0.6068,0.6094,0
1980-03-24,0.6094,0.6094,0.6016,0.6016,0
1980-03-25,0.6016,0.6198,0.6016,0.6094,0
1980-03-26,0.6146,0.6198,0.6146,0.6172,0
1980-03-27,0.6172,0.6198,0.6068,0.6120,0
1980-03-28,0.6172,0.6641,0.6172,0.6562,0
1980-03-31,0.6562,0.6589,0.6432,0.6562,0
1980-04-01,0.6562,0.6615,0.6406,0.6484,0
1980-04-02,0.6484,0.6510,0.6406,0.6484,0
1980-04-03,0.6484,0.6484,0.6380,0.6432,0
1980-04-07,0.6354,0.6354,0.6198,0.6302,0
1980-04-08,0.6302,0.6328,0.6224,0.6276,0
1980-04-09,0.6276,0.6354,0.6224,0.6354,0
1980-04-10,0.6354,0.6458,0.6328,0.6406,0
1980-04-11,0.6406,0.6458,0.6354,0.6354,0
1980-04-14,0.6354,0.6406,0.6250,0.6328,0
1980-04-15,0.6328,0.6406,0.6302,0.6406,0
1980-04-16,0.6406,0.6589,0.6354,0.6406,0
1980-04-17,0.6406,0.6458,0.6380,0.6406,0
1980-04-18,0.6406,0.6432,0.6354,0.6354,0
1980-04-21,0.6354,0.6432,0.6354,0.6406,0
1980-04-22,0.6432,0.6562,0.6432,0.6510,0
1980-04-23,0.6615,0.6927,0.6615,0.6771,0
1980-04-24,0.6797,0.6953,0.6797,0.6875,0
1980-04-25,0.6875,0.6953,0.6797,0.6953,0
1980-04-28,0.6927,0.6927,0.6849,0.6875,0
1980-04-29,0.6875,0.6901,0.6771,0.6849,0
1980-04-30,0.6849,0.6927,0.6693,0.6927,0
1980-05-01,0.6927,0.6927,0.6771,0.6771,0
1980-05-02,0.6771,0.6849,0.6771,0.6849,0
1980-05-05,0.6849,0.6849,0.6771,0.6849,0
1980-05-06,0.6849,0.7031,0.6797,0.6979,0
1980-05-07,0.6979,0.7188,0.6953,0.7135,0
1980-05-08,0.7161,0.7240,0.7161,0.7240,0
1980-05-09,0.7240,0.7240,0.7161,0.7161,0
1980-05-12,0.7161,0.7240,0.7135,0.7188,0
1980-05-13,0.7188,0.7396,0.7161,0.7396,0
1980-05-14,0.7396,0.7474,0.7396,0.7422,0
1980-05-15,0.7422,0.7422,0.7266,0.7318,0
1980-05-16,0.7318,0.7344,0.7266,0.7318,0
1980-05-19,0.7318,0.7344,0.7292,0.7344,0
1980-05-20,0.7318,0.7318,0.7266,0.7266,0
1980-05-21,0.7240,0.7240,0.7083,0.7135,0
1980-05-22,0.7135,0.7135,0.7057,0.7057,0
1980-05-23,0.7083,0.7266,0.7083,0.7188,0
1980-05-27,0.7188,0.7240,0.7083,0.7083,0
1980-05-28,0.7083,0.7109,0.6901,0.6901,0
1980-05-29,0.6901,0.6979,0.6901,0.6927,0
1980-05-30,0.6927,0.7031,0.6901,0.7031,0
1980-06-02,0.7005,0.7005,0.6875,0.6927,0
1980-06-03,0.6927,0.6979,0.6901,0.6901,0
1980-06-04,0.6927,0.7005,0.6927,0.6979,0
1980-06-05,0.6979,0.7188,0.6927,0.7083,0
1980-06-06,0.7083,0.7188,0.7083,0.7109,0
1980-06-09,0.7005,0.7005,0.6927,0.6953,0
1980-06-10,0.6979,0.7083,0.6979,0.7005,0
1980-06-11,0.7005,0.7109,0.6953,0.6979,0
1980-06-12,0.6979,0.7005,0.6901,0.6979,0
1980-06-13,0.6979,0.7031,0.6953,0.6953,0
1980-06-16,0.6953,0.6979,0.6901,0.6927,0
1980-06-17,0.6927,0.7266,0.6901,0.7266,0
1980-06-18,0.7188,0.7188,0.7031,0.7109,0
1980-06-19,0.7109,0.7109,0.6927,0.6927,0
1980-06-20,0.6927,0.6979,0.6875,0.6927,0
1980-06-23,0.6927,0.6927,0.6875,0.6875,0
1980-06-24,0.6953,0.7083,0.6953,0.6953,0
1980-06-25,0.6953,0.7005,0.6927,0.6953,0
1980-06-26,0.6953,0.7005,0.6927,0.6979,0
1980-06-27,0.6953,0.6953,0.6875,0.6927,0
1980-06-30,0.6927,0.6979,0.6849,0.6875,0
1980-07-01,0.6875,0.6927,0.6693,0.6823,0
1980-07-02,0.6823,0.6823,0.6693,0.6745,0
1980-07-03,0.6745,0.6849,0.6693,0.6849,0
1980-07-07,0.6849,0.6875,0.6745,0.6797,0
1980-07-08,0.6927,0.7031,0.6927,0.6979,0
1980-07-09,0.7031,0.7292,0.7031,0.7031,0
1980-07-10,0.7031,0.7083,0.6953,0.7005,0
1980-07-11,0.7005,0.7083,0.7005,0.7083,0
1980-07-14,0.7083,0.7109,0.7031,0.7109,0
1980-07-15,0.7135,0.7292,0.7135,0.7161,0
1980-07-16,0.7161,0.7188,0.7083,0.7083,0
1980-07-17,0.7083,0.7135,0.7005,0.7135,0
1980-07-18,0.7135,0.7318,0.7135,0.7318,0
1980-07-21,0.7318,0.7396,0.7188,0.7292,0
1980-07-22,0.7318,0.7578,0.7318,0.7396,0
1980-07-23,0.7318,0.7318,0.7188,0.7266,0
1980-07-24,0.7266,0.7474,0.7266,0.7396,0
1980-07-25,0.7396,0.7396,0.7318,0.7370,0
1980-07-28,0.7370,0.7656,0.7344,0.7552,0
1980-07-29,0.7552,0.7604,0.7526,0.7604,0
1980-07-30,0.7656,0.7839,0.7656,0.7786,0
1980-07-31,0.7760,0.7760,0.7552,0.7708,0
1980-08-01,0.7708,0.7708,0.7604,0.7682,0
1980-08-04,0.7682,0.7682,0.7656,0.7682,0
1980-08-05,0.7682,0.7734,0.7656,0.7682,0
1980-08-06,0.7682,0.7708,0.7578,0.7708,0
1980-08-07,0.7708,0.7917,0.7656,0.7891,0
1980-08-08,0.7917,0.7995,0.7917,0.7917,0
1980-08-11,0.7917,0.7943,0.7839,0.7917,0
1980-08-12,0.7917,0.7995,0.7839,0.7865,0
1980-08-13,0.7865,0.7891,0.7630,0.7630,0
1980-08-14,0.7630,0.7734,0.7500,0.7708,0
1980-08-15,0.7630,0.7630,0.7526,0.7604,0
1980-08-18,0.7500,0.7500,0.7370,0.7422,0
1980-08-19,0.7422,0.7448,0.7318,0.7370,0
1980-08-20,0.7370,0.7474,0.7344,0.7474,0
1980-08-21,0.7474,0.7656,0.7474,0.7656,0
1980-08-22,0.7656,0.7734,0.7630,0.7656,0
1980-08-25,0.7656,0.7682,0.7552,0.7552,0
1980-08-26,0.7552,0.7656,0.7526,0.7526,0
1980-08-27,0.7526,0.7526,0.7422,0.7474,0
1980-08-28,0.7474,0.7474,0.7318,0.7318,0
1980-08-29,0.7318,0.7474,0.7292,0.7396,0
1980-09-02,0.7422,0.7604,0.7422,0.7526,0
1980-09-03,0.7526,0.7656,0.7526,0.7552,0
1980-09-04,0.7578,0.7682,0.7578,0.7578,0
1980-09-05,0.7578,0.7656,0.7578,0.7578,0
1980-09-08,0.7578,0.7630,0.7526,0.7526,0
1980-09-09,0.7526,0.7552,0.7448,0.7526,0
1980-09-10,0.7448,0.7448,0.7005,0.7057,0
1980-09-11,0.6901,0.6901,0.6771,0.6797,0
1980-09-12,0.6797,0.6901,0.6771,0.6875,0
1980-09-15,0.6875,0.6979,0.6797,0.6901,0
1980-09-16,0.6927,0.7083,0.6927,0.7031,0
1980-09-17,0.7031,0.7083,0.6927,0.7083,0
1980-09-18,0.7057,0.7057,0.6953,0.6953,0
1980-09-19,0.6953,0.7057,0.6901,0.6979,0
1980-09-22,0.6979,0.7083,0.6953,0.7083,0
1980-09-23,0.7083,0.7266,0.7083,0.7083,0
1980-09-24,0.7083,0.7240,0.7083,0.7214,0
1980-09-25,0.7188,0.7188,0.6953,0.6953,0
1980-09-26,0.6901,0.6901,0.6797,0.6849,0
1980-09-29,0.6849,0.6849,0.6667,0.6667,0
1980-09-30,0.6693,0.6771,0.6693,0.6719,0
1980-10-01,0.6771,0.6953,0.6771,0.6953,0
1980-10-02,0.6953,0.6953,0.6771,0.6797,0
1980-10-03,0.6823,0.7057,0.6823,0.6901,0
1980-10-06,0.6901,0.6953,0.6875,0.6927,0
1980-10-07,0.6927,0.7031,0.6849,0.6849,0
1980-10-08,0.6849,0.6875,0.6745,0.6745,0
1980-10-09,0.6745,0.6797,0.6719,0.6719,0
1980-10-10,0.6719,0.6797,0.6719,0.6771,0
1980-10-13,0.6771,0.6771,0.6693,0.6745,0
1980-10-14,0.6745,0.6771,0.6667,0.6667,0
1980-10-15,0.6667,0.6823,0.6667,0.6771,0
1980-10-16,0.6771,0.6823,0.6589,0.6589,0
1980-10-17,0.6589,0.6693,0.6589,0.6667,0
1980-10-20,0.6667,0.6693,0.6615,0.6615,0
1980-10-21,0.6615,0.6667,0.6536,0.6562,0
1980-10-22,0.6562,0.6562,0.6458,0.6458,0
1980-10-23,0.6458,0.6510,0.6458,0.6458,0
1980-10-24,0.6458,0.6562,0.6406,0.6510,0
1980-10-27,0.6484,0.6484,0.6380,0.6406,0
1980-10-28,0.6406,0.6458,0.6380,0.6406,0
1980-10-29,0.6406,0.6510,0.6406,0.6406,0
1980-10-30,0.6406,0.6432,0.6302,0.6354,0
1980-10-31,0.6354,0.6484,0.6302,0.6380,0
1980-11-03,0.6380,0.6432,0.6354,0.6380,0
1980-11-05,0.6380,0.6667,0.6250,0.6250,0
1980-11-06,0.6250,0.6276,0.6068,0.6250,0
1980-11-07,0.6250,0.6406,0.6224,0.6406,0
1980-11-10,0.6406,0.6406,0.6354,0.6354,0
1980-11-11,0.6354,0.6615,0.6354,0.6562,0
1980-11-12,0.6562,0.6667,0.6536,0.6615,0
1980-11-13,0.6615,0.6693,0.6562,0.6615,0
1980-11-14,0.6615,0.6667,0.6458,0.6641,0
1980-11-17,0.6615,0.6615,0.6406,0.6484,0
1980-11-18,0.6484,0.6510,0.6380,0.6484,0
1980-11-19,0.6484,0.6484,0.6380,0.6432,0
1980-11-20,0.6432,0.6562,0.6406,0.6562,0
1980-11-21,0.6562,0.6589,0.6432,0.6484,0
1980-11-24,0.6406,0.6406,0.6276,0.6302,0
1980-11-25,0.6354,0.6458,0.6354,0.6432,0
1980-11-26,0.6432,0.6510,0.6380,0.6380,0
1980-11-28,0.6380,0.6406,0.6328,0.6328,0
1980-12-01,0.6328,0.6354,0.6276,0.6328,0
1980-12-02,0.6328,0.6354,0.6276,0.6354,0
1980-12-03,0.6354,0.6484,0.6354,0.6458,0
1980-12-04,0.6458,0.6510,0.6432,0.6510,0
1980-12-05,0.6432,0.6432,0.6276,0.6276,0
1980-12-08,0.6276,0.6328,0.6250,0.6302,0
1980-12-09,0.6302,0.6380,0.6250,0.6302,0
1980-12-10,0.6302,0.6380,0.6276,0.6302,0
1980-12-11,0.6302,0.6302,0.6224,0.6224,0
1980-12-12,0.6224,0.6302,0.6224,0.6276,0
1980-12-15,0.6276,0.6328,0.6250,0.6250,0
1980-12-16,0.6250,0.6406,0.6224,0.6406,0
1980-12-17,0.6406,0.6562,0.6380,0.6562,0
1980-12-18,0.6562,0.6745,0.6562,0.6562,0
1980-12-19,0.6562,0.6667,0.6458,0.6615,0
1980-12-22,0.6667,0.6849,0.6667,0.6823,0
1980-12-23,0.6875,0.7109,0.6875,0.6979,0
1980-12-24,0.6979,0.7057,0.6953,0.6979,0
1980-12-26,0.6979,0.7031,0.6927,0.6979,0
1980-12-29,0.6979,0.7005,0.6849,0.6875,0
1980-12-30,0.6875,0.6875,0.6719,0.6875,0
1980-12-31,0.6875,0.7005,0.6823,0.6953,0
1981-01-02,0.6979,0.7109,0.6979,0.7057,0
1981-01-05,0.7240,0.7422,0.7240,0.7396,0
1981-01-06,0.7396,0.7578,0.7318,0.7422,0
1981-01-07,0.7422,0.7422,0.7083,0.7344,0
1981-01-08,0.7344,0.7448,0.7292,0.7370,0
1981-01-09,0.7370,0.7474,0.7344,0.7422,0
1981-01-12,0.7422,0.7500,0.7344,0.7370,0
1981-01-13,0.7370,0.7370,0.7292,0.7344,0
1981-01-14,0.7344,0.7422,0.7292,0.7292,0
1981-01-15,0.7292,0.7318,0.7188,0.7214,0
1981-01-16,0.7214,0.7292,0.7214,0.7214,0
1981-01-19,0.7214,0.7266,0.7161,0.7214,0
1981-01-20,0.7214,0.7240,0.7083,0.7135,0
1981-01-21,0.7083,0.7083,0.6823,0.6953,0
1981-01-22,0.6953,0.7005,0.6875,0.6875,0
1981-01-23,0.6875,0.6953,0.6875,0.6927,0
1981-01-26,0.6927,0.6927,0.6849,0.6849,0
1981-01-27,0.6875,0.6927,0.6875,0.6901,0
1981-01-28,0.6901,0.6901,0.6823,0.6823,0
1981-01-29,0.6823,0.7031,0.6823,0.7031,0
1981-01-30,0.7005,0.7005,0.6927,0.7005,0
1981-02-02,0.6953,0.6953,0.6823,0.6927,0
1981-02-03,0.6927,0.7135,0.6875,0.7135,0
1981-02-04,0.7135,0.7161,0.7005,0.7057,0
1981-02-05,0.7057,0.7057,0.6927,0.6979,0
1981-02-06,0.6979,0.6979,0.6823,0.6953,0
1981-02-09,0.6953,0.6953,0.6875,0.6953,0
1981-02-10,0.6953,0.6953,0.6901,0.6953,0
1981-02-11,0.6953,0.7135,0.6901,0.7057,0
1981-02-12,0.7057,0.7135,0.7005,0.7057,0
1981-02-13,0.7057,0.7135,0.7005,0.7031,0
1981-02-17,0.7031,0.7057,0.7005,0.7031,0
1981-02-18,0.7031,0.7109,0.7005,0.7057,0
1981-02-19,0.7057,0.7135,0.6953,0.7005,0
1981-02-20,0.7005,0.7031,0.6901,0.6953,0
1981-02-23,0.6979,0.7083,0.6979,0.7057,0
1981-02-24,0.7083,0.7161,0.7083,0.7135,0
1981-02-25,0.7135,0.7188,0.7083,0.7188,0
1981-02-26,0.7214,0.7370,0.7214,0.7318,0
1981-02-27,0.7396,0.7500,0.7396,0.7474,0
1981-03-02,0.7474,0.7500,0.7318,0.7500,0
1981-03-03,0.7474,0.7474,0.7396,0.7422,0
1981-03-04,0.7422,0.7500,0.7396,0.7500,0
1981-03-05,0.7526,0.7682,0.7526,0.7630,0
1981-03-06,0.7630,0.7656,0.7552,0.7656,0
1981-03-09,0.7656,0.7708,0.7630,0.7708,0
1981-03-10,0.7578,0.7578,0.7474,0.7526,0
1981-03-11,0.7526,0.7552,0.7474,0.7500,0
1981-03-12,0.7500,0.7812,0.7500,0.7812,0
1981-03-13,0.7812,0.7891,0.7786,0.7839,0
1981-03-16,0.7760,0.7760,0.7578,0.7708,0
1981-03-17,0.7708,0.7760,0.7526,0.7630,0
1981-03-18,0.7630,0.7682,0.7578,0.7656,0
1981-03-19,0.7656,0.7760,0.7656,0.7708,0
1981-03-20,0.7708,0.7760,0.7656,0.7734,0
1981-03-23,0.7760,0.7865,0.7760,0.7865,0
1981-03-24,0.7865,0.7891,0.7656,0.7682,0
1981-03-25,0.7682,0.7760,0.7682,0.7760,0
1981-03-26,0.7760,0.7865,0.7760,0.7760,0
1981-03-27,0.7760,0.7839,0.7630,0.7656,0
1981-03-30,0.7656,0.7734,0.7630,0.7708,0
1981-03-31,0.7708,0.7760,0.7682,0.7682,0
1981-04-01,0.7682,0.7760,0.7604,0.7656,0
1981-04-02,0.7656,0.7708,0.7604,0.7682,0
1981-04-03,0.7682,0.7734,0.7656,0.7708,0
1981-04-06,0.7708,0.7760,0.7682,0.7708,0
1981-04-07,0.7708,0.7786,0.7630,0.7708,0
1981-04-08,0.7708,0.7812,0.7708,0.7786,0
1981-04-09,0.7786,0.8021,0.7708,0.8021,0
1981-04-10,0.8021,0.8177,0.7995,0.8177,0
1981-04-13,0.8177,0.8177,0.7812,0.7839,0
1981-04-14,0.7708,0.7708,0.7578,0.7604,0
1981-04-15,0.7604,0.7604,0.7370,0.7448,0
1981-04-16,0.7448,0.7448,0.7240,0.7396,0
1981-04-20,0.7396,0.7396,0.7240,0.7370,0
1981-04-21,0.7370,0.7396,0.7240,0.7240,0
1981-04-22,0.7240,0.7292,0.7188,0.7240,0
1981-04-23,0.7240,0.7344,0.7161,0.7344,0
1981-04-24,0.7344,0.7422,0.7318,0.7396,0
1981-04-27,0.7396,0.7422,0.7292,0.7344,0
1981-04-28,0.7344,0.7344,0.7214,0.7266,0
1981-04-29,0.7240,0.7240,0.7161,0.7240,0
1981-04-30,0.7240,0.7266,0.7161,0.7214,0
1981-05-01,0.7188,0.7188,0.7083,0.7109,0
1981-05-04,0.7109,0.7161,0.7031,0.7083,0
1981-05-05,0.7083,0.7109,0.7031,0.7109,0
1981-05-06,0.7109,0.7266,0.7109,0.7214,0
1981-05-07,0.7214,0.7422,0.7188,0.7422,0
1981-05-08,0.7422,0.7474,0.7318,0.7422,0
1981-05-11,0.7422,0.7422,0.7214,0.7240,0
1981-05-12,0.7240,0.7344,0.7240,0.7240,0
1981-05-13,0.7240,0.7318,0.7214,0.7292,0
1981-05-14,0.7266,0.7266,0.7214,0.7240,0
1981-05-15,0.7292,0.7344,0.7292,0.7292,0
1981-05-18,0.7292,0.7474,0.7292,0.7474,0
1981-05-19,0.7500,0.7552,0.7500,0.7526,0
1981-05-20,0.7526,0.7578,0.7474,0.7474,0
1981-05-21,0.7474,0.7552,0.7448,0.7552,0
1981-05-22,0.7552,0.7578,0.7500,0.7578,0
1981-05-26,0.7604,0.7708,0.7604,0.7708,0
1981-05-27,0.7708,0.7839,0.7682,0.7839,0
1981-05-28,0.7839,0.7865,0.7760,0.7786,0
1981-05-29,0.7786,0.7786,0.7734,0.7786,0
1981-06-01,0.7786,0.7839,0.7734,0.7760,0
1981-06-02,0.7734,0.7734,0.7656,0.7682,0
1981-06-03,0.7682,0.7682,0.7552,0.7656,0
1981-06-04,0.7656,0.7656,0.7552,0.7630,0
1981-06-05,0.7630,0.7708,0.7630,0.7682,0
1981-06-08,0.7682,0.7734,0.7682,0.7708,0
1981-06-09,0.7708,0.7786,0.7630,0.7760,0
1981-06-10,0.7786,0.7969,0.7786,0.7917,0
1981-06-11,0.7917,0.8125,0.7917,0.8073,0
1981-06-12,0.8073,0.8307,0.7995,0.8281,0
1981-06-15,0.8281,0.8385,0.8255,0.8281,0
1981-06-16,0.8281,0.8281,0.7865,0.7917,0
1981-06-17,0.7917,0.7917,0.7812,0.7917,0
1981-06-18,0.7917,0.7917,0.7760,0.7786,0
1981-06-19,0.7760,0.7760,0.7604,0.7682,0
1981-06-22,0.7656,0.7656,0.7474,0.7500,0
1981-06-23,0.7474,0.7474,0.7396,0.7448,0
1981-06-24,0.7370,0.7370,0.7292,0.7292,0
1981-06-25,0.7292,0.7318,0.7188,0.7214,0
1981-06-26,0.7214,0.7240,0.7161,0.7214,0
1981-06-29,0.7214,0.7240,0.7214,0.7214,0
1981-06-30,0.7214,0.7266,0.7188,0.7240,0
1981-07-01,0.7240,0.7240,0.7161,0.7188,0
1981-07-02,0.7188,0.7188,0.7109,0.7188,0
1981-07-06,0.7188,0.7188,0.7005,0.7083,0
1981-07-07,0.7083,0.7109,0.6953,0.7005,0
1981-07-08,0.7005,0.7031,0.6823,0.7005,0
1981-07-09,0.7005,0.7031,0.6901,0.7031,0
1981-07-10,0.7031,0.7135,0.7005,0.7083,0
1981-07-13,0.7083,0.7188,0.7083,0.7188,0
1981-07-14,0.7188,0.7214,0.7031,0.7031,0
1981-07-15,0.7031,0.7057,0.7005,0.7031,0
1981-07-16,0.7031,0.7083,0.7031,0.7031,0
1981-07-17,0.7031,0.7057,0.6927,0.7031,0
1981-07-20,0.7031,0.7031,0.6901,0.6927,0
1981-07-21,0.6927,0.6927,0.6849,0.6875,0
1981-07-22,0.6875,0.6953,0.6745,0.6771,0
1981-07-23,0.6771,0.6901,0.6667,0.6849,0
1981-07-24,0.6849,0.6979,0.6849,0.6979,0
1981-07-27,0.6979,0.7057,0.6953,0.7057,0
1981-07-28,0.7057,0.7083,0.6953,0.7031,0
1981-07-29,0.7031,0.7057,0.7005,0.7031,0
1981-07-30,0.7031,0.7057,0.7005,0.7031,0
1981-07-31,0.7031,0.7083,0.7031,0.7083,0
1981-08-03,0.7083,0.7135,0.7005,0.7031,0
1981-08-04,0.7031,0.7031,0.6901,0.7031,0
1981-08-05,0.7031,0.7135,0.7005,0.7135,0
1981-08-06,0.7135,0.7161,0.7083,0.7161,0
1981-08-07,0.7161,0.7161,0.7005,0.7057,0
1981-08-10,0.7057,0.7083,0.6979,0.7031,0
1981-08-11,0.7057,0.7135,0.7057,0.7083,0
1981-08-12,0.7109,0.7161,0.7109,0.7109,0
1981-08-13,0.7109,0.7161,0.7109,0.7109,0
1981-08-14,0.7109,0.7109,0.7031,0.7083,0
1981-08-17,0.7057,0.7057,0.7005,0.7005,0
1981-08-18,0.7005,0.7005,0.6901,0.6927,0
1981-08-19,0.6927,0.6953,0.6875,0.6875,0
1981-08-20,0.6875,0.6901,0.6849,0.6849,0
1981-08-21,0.6849,0.6901,0.6849,0.6875,0
1981-08-24,0.6875,0.6875,0.6693,0.6693,0
1981-08-25,0.6667,0.6667,0.6562,0.6641,0
1981-08-26,0.6667,0.6771,0.6667,0.6693,0
1981-08-27,0.6693,0.6771,0.6667,0.6719,0
1981-08-28,0.6719,0.6901,0.6719,0.6849,0
1981-08-31,0.6849,0.6901,0.6823,0.6823,0
1981-09-01,0.6823,0.6849,0.6693,0.6719,0
1981-09-02,0.6719,0.6745,0.6641,0.6719,0
1981-09-03,0.6719,0.6719,0.6562,0.6562,0
1981-09-04,0.6562,0.6641,0.6510,0.6615,0
1981-09-08,0.6589,0.6589,0.6536,0.6562,0
1981-09-09,0.6562,0.6615,0.6354,0.6562,0
1981-09-10,0.6562,0.6641,0.6536,0.6589,0
1981-09-11,0.6589,0.6693,0.6589,0.6667,0
1981-09-14,0.6667,0.6719,0.6641,0.6641,0
1981-09-15,0.6641,0.6745,0.6641,0.6667,0
1981-09-16,0.6667,0.6693,0.6641,0.6667,0
1981-09-17,0.6667,0.6771,0.6641,0.6719,0
1981-09-18,0.6719,0.6875,0.6641,0.6823,0
1981-09-21,0.6823,0.6849,0.6693,0.6693,0
1981-09-22,0.6693,0.6719,0.6667,0.6667,0
1981-09-23,0.6667,0.6667,0.6589,0.6589,0
1981-09-24,0.6589,0.6719,0.6536,0.6667,0
1981-09-25,0.6589,0.6589,0.6458,0.6562,0
1981-09-28,0.6562,0.6745,0.6458,0.6719,0
1981-09-29,0.6719,0.6875,0.6693,0.6875,0
1981-09-30,0.6875,0.7031,0.6823,0.7031,0
1981-10-01,0.7057,0.7292,0.7057,0.7188,0
1981-10-02,0.7240,0.7370,0.7240,0.7240,0
1981-10-05,0.7240,0.7292,0.7240,0.7266,0
1981-10-06,0.7266,0.7318,0.7240,0.7266,0
1981-10-07,0.7266,0.7500,0.7266,0.7500,0
1981-10-08,0.7500,0.7578,0.7422,0.7552,0
1981-10-09,0.7552,0.7578,0.7448,0.7448,0
1981-10-12,0.7448,0.7500,0.7396,0.7500,0
1981-10-13,0.7500,0.7526,0.7422,0.7448,0
1981-10-14,0.7422,0.7422,0.7240,0.7240,0
1981-10-15,0.7240,0.7318,0.7188,0.7266,0
1981-10-16,0.7266,0.7266,0.7161,0.7214,0
1981-10-19,0.7161,0.7161,0.7057,0.7109,0
1981-10-20,0.7109,0.7135,0.7057,0.7057,0
1981-10-21,0.7057,0.7083,0.6927,0.6927,0
1981-10-22,0.6927,0.7188,0.6875,0.7135,0
1981-10-23,0.7135,0.7240,0.7083,0.7161,0
1981-10-26,0.7135,0.7135,0.7083,0.7135,0
1981-10-27,0.7135,0.7344,0.7057,0.7344,0
1981-10-28,0.7344,0.7604,0.7344,0.7500,0
1981-10-29,0.7500,0.7578,0.7422,0.7526,0
1981-10-30,0.7552,0.7682,0.7552,0.7682,0
1981-11-02,0.7682,0.7708,0.7604,0.7604,0
1981-11-03,0.7604,0.7630,0.7552,0.7604,0
1981-11-04,0.7604,0.7604,0.7396,0.7396,0
1981-11-05,0.7396,0.7448,0.7240,0.7266,0
1981-11-06,0.7266,0.7344,0.7240,0.7344,0
1981-11-09,0.7344,0.7474,0.7318,0.7370,0
1981-11-10,0.7370,0.7448,0.7344,0.7396,0
1981-11-11,0.7396,0.7396,0.7344,0.7396,0
1981-11-12,0.7396,0.7500,0.7292,0.7396,0
1981-11-13,0.7370,0.7370,0.7240,0.7266,0
1981-11-16,0.7188,0.7188,0.7057,0.7083,0
1981-11-17,0.7083,0.7083,0.6979,0.7057,0
1981-11-18,0.7057,0.7135,0.7005,0.7057,0
1981-11-19,0.7109,0.7188,0.7109,0.7161,0
1981-11-20,0.7214,0.7318,0.7214,0.7292,0
1981-11-23,0.7318,0.7396,0.7318,0.7396,0
1981-11-24,0.7266,0.7266,0.7214,0.7266,0
1981-11-25,0.7318,0.7422,0.7318,0.7370,0
1981-11-27,0.7370,0.7448,0.7344,0.7396,0
1981-11-30,0.7396,0.7500,0.7396,0.7422,0
1981-12-01,0.7422,0.7448,0.7396,0.7448,0
1981-12-02,0.7422,0.7422,0.7344,0.7344,0
1981-12-03,0.7344,0.7448,0.7344,0.7448,0
1981-12-04,0.7448,0.7578,0.7448,0.7526,0
1981-12-07,0.7526,0.7578,0.7474,0.7552,0
1981-12-08,0.7552,0.7578,0.7500,0.7526,0
1981-12-09,0.7500,0.7500,0.7422,0.7448,0
1981-12-10,0.7448,0.7552,0.7422,0.7448,0
1981-12-11,0.7448,0.7500,0.7396,0.7422,0
1981-12-14,0.7422,0.7448,0.7266,0.7292,0
1981-12-15,0.7266,0.7266,0.7188,0.7266,0
1981-12-16,0.7266,0.7266,0.7188,0.7188,0
1981-12-17,0.7188,0.7240,0.7161,0.7161,0
1981-12-18,0.7161,0.7318,0.7135,0.7188,0
1981-12-21,0.7188,0.7214,0.7109,0.7109,0
1981-12-22,0.7109,0.7214,0.7109,0.7161,0
1981-12-23,0.7161,0.7188,0.7135,0.7188,0
1981-12-24,0.7188,0.7188,0.7135,0.7135,0
1981-12-28,0.7135,0.7214,0.7135,0.7135,0
1981-12-29,0.7135,0.7214,0.7135,0.7161,0
1981-12-30,0.7161,0.7266,0.7135,0.7214,0
1981-12-31,0.7214,0.7266,0.7214,0.7240,0
1982-01-04,0.7240,0.7266,0.7083,0.7214,0
1982-01-05,0.7214,0.7266,0.7135,0.7161,0
1982-01-06,0.7161,0.7240,0.7135,0.7240,0
1982-01-07,0.7292,0.7500,0.7292,0.7448,0
1982-01-08,0.7474,0.7682,0.7474,0.7500,0
1982-01-11,0.7500,0.7500,0.7396,0.7448,0
1982-01-12,0.7448,0.7630,0.7422,0.7448,0
1982-01-13,0.7448,0.7474,0.7344,0.7370,0
1982-01-14,0.7344,0.7344,0.7240,0.7292,0
1982-01-15,0.7292,0.7370,0.7161,0.7161,0
1982-01-18,0.7161,0.7188,0.7109,0.7135,0
1982-01-19,0.6771,0.6771,0.6641,0.6667,0
1982-01-20,0.6615,0.6615,0.6354,0.6380,0
1982-01-21,0.6380,0.6536,0.6380,0.6536,0
1982-01-22,0.6536,0.6536,0.6458,0.6510,0
1982-01-25,0.6484,0.6484,0.6406,0.6432,0
1982-01-26,0.6432,0.6484,0.6406,0.6484,0
1982-01-27,0.6484,0.6536,0.6432,0.6536,0
1982-01-28,0.6562,0.6771,0.6562,0.6667,0
1982-01-29,0.6667,0.6797,0.6615,0.6797,0
1982-02-01,0.6771,0.6771,0.6641,0.6641,0
1982-02-02,0.6641,0.6693,0.6641,0.6667,0
1982-02-03,0.6667,0.6693,0.6589,0.6589,0
1982-02-04,0.6589,0.6641,0.6536,0.6641,0
1982-02-05,0.6641,0.6719,0.6641,0.6693,0
1982-02-08,0.6693,0.6693,0.6615,0.6641,0
1982-02-09,0.6641,0.6667,0.6615,0.6615,0
1982-02-10,0.6615,0.6719,0.6615,0.6719,0
1982-02-11,0.6719,0.6719,0.6667,0.6719,0
1982-02-12,0.6719,0.6719,0.6693,0.6693,0
1982-02-16,0.6667,0.6667,0.6536,0.6615,0
1982-02-17,0.6615,0.6641,0.6536,0.6562,0
1982-02-18,0.6562,0.6615,0.6510,0.6562,0
1982-02-19,0.6510,0.6510,0.6432,0.6484,0
1982-02-22,0.6484,0.6510,0.6250,0.6302,0
1982-02-23,0.6302,0.6458,0.6276,0.6458,0
1982-02-24,0.6458,0.6458,0.6328,0.6432,0
1982-02-25,0.6432,0.6432,0.6328,0.6328,0
1982-02-26,0.6328,0.6406,0.6198,0.6302,0
1982-03-01,0.6302,0.6380,0.6276,0.6354,0
1982-03-02,0.6354,0.6406,0.6276,0.6302,0
1982-03-03,0.6302,0.6380,0.6198,0.6328,0
1982-03-04,0.6328,0.6406,0.6276,0.6380,0
1982-03-05,0.6380,0.6589,0.6380,0.6589,0
1982-03-08,0.6589,0.6667,0.6510,0.6589,0
1982-03-09,0.6589,0.6589,0.6484,0.6536,0
1982-03-10,0.6536,0.6589,0.6510,0.6536,0
1982-03-11,0.6536,0.6589,0.6536,0.6589,0
1982-03-12,0.6589,0.6589,0.6510,0.6536,0
1982-03-15,0.6536,0.6615,0.6536,0.6589,0
1982-03-16,0.6589,0.6719,0.6589,0.6589,0
1982-03-17,0.6589,0.6615,0.6510,0.6562,0
1982-03-18,0.6562,0.6589,0.6484,0.6562,0
1982-03-19,0.6562,0.6562,0.6510,0.6536,0
1982-03-22,0.6562,0.6719,0.6562,0.6667,0
1982-03-23,0.6693,0.6927,0.6693,0.6901,0
1982-03-24,0.6927,0.7083,0.6927,0.6979,0
1982-03-25,0.6979,0.7135,0.6953,0.7057,0
1982-03-26,0.7057,0.7057,0.6979,0.6979,0
1982-03-29,0.6979,0.7005,0.6901,0.6979,0
1982-03-30,0.6979,0.7005,0.6927,0.6979,0
1982-03-31,0.6979,0.6979,0.6823,0.6823,0
1982-04-01,0.6823,0.6927,0.6823,0.6901,0
1982-04-02,0.6901,0.6953,0.6875,0.6927,0
1982-04-05,0.6927,0.6953,0.6875,0.6901,0
1982-04-06,0.6901,0.6927,0.6875,0.6901,0
1982-04-07,0.6901,0.6979,0.6901,0.6979,0
1982-04-08,0.6979,0.7083,0.6979,0.7083,0
1982-04-12,0.7083,0.7109,0.7005,0.7057,0
1982-04-13,0.7057,0.7109,0.7031,0.7109,0
1982-04-14,0.7109,0.7109,0.7057,0.7083,0
1982-04-15,0.7083,0.7083,0.7057,0.7083,0
1982-04-16,0.7083,0.7109,0.7057,0.7109,0
1982-04-19,0.7109,0.7214,0.7083,0.7214,0
1982-04-20,0.7214,0.7318,0.7214,0.7240,0
1982-04-21,0.7240,0.7240,0.7161,0.7214,0
1982-04-22,0.7240,0.7292,0.7240,0.7266,0
1982-04-23,0.7266,0.7266,0.7214,0.7266,0
1982-04-26,0.7266,0.7292,0.7214,0.7266,0
1982-04-27,0.7266,0.7292,0.7188,0.7214,0
1982-04-28,0.7214,0.7214,0.7161,0.7161,0
1982-04-29,0.7161,0.7161,0.7083,0.7135,0
1982-04-30,0.7135,0.7135,0.7083,0.7109,0
1982-05-03,0.7083,0.7083,0.7031,0.7057,0
1982-05-04,0.7083,0.7161,0.7083,0.7135,0
1982-05-05,0.7135,0.7214,0.7135,0.7188,0
1982-05-06,0.7188,0.7240,0.7188,0.7188,0
1982-05-07,0.7188,0.7292,0.7188,0.7266,0
1982-05-10,0.7240,0.7240,0.7135,0.7135,0
1982-05-11,0.7135,0.7214,0.7135,0.7188,0
1982-05-12,0.7188,0.7214,0.7135,0.7135,0
1982-05-13,0.7135,0.7161,0.7031,0.7057,0
1982-05-14,0.7057,0.7057,0.7005,0.7005,0
1982-05-17,0.7005,0.7031,0.6875,0.6901,0
1982-05-18,0.6901,0.6953,0.6875,0.6953,0
1982-05-19,0.6953,0.7083,0.6927,0.7031,0
1982-05-20,0.7031,0.7031,0.6979,0.7005,0
1982-05-21,0.7005,0.7083,0.6979,0.7057,0
1982-05-24,0.6953,0.6953,0.6875,0.6927,0
1982-05-25,0.6927,0.6979,0.6901,0.6979,0
1982-05-26,0.6953,0.6953,0.6797,0.6823,0
1982-05-27,0.6797,0.6797,0.6641,0.6667,0
1982-05-28,0.6667,0.6745,0.6667,0.6667,0
1982-06-01,0.6667,0.6719,0.6641,0.6719,0
1982-06-02,0.6745,0.6901,0.6745,0.6901,0
1982-06-03,0.6927,0.7057,0.6927,0.6979,0
1982-06-04,0.6979,0.7005,0.6953,0.6979,0
1982-06-07,0.6979,0.7031,0.6953,0.7005,0
1982-06-08,0.7005,0.7057,0.6979,0.7031,0
1982-06-09,0.7031,0.7109,0.7031,0.7083,0
1982-06-10,0.7083,0.7161,0.7057,0.7083,0
1982-06-11,0.7083,0.7161,0.7057,0.7083,0
1982-06-14,0.7057,0.7057,0.7031,0.7031,0
1982-06-15,0.7031,0.7057,0.7005,0.7005,0
1982-06-16,0.7005,0.7031,0.6927,0.6953,0
1982-06-17,0.6953,0.6953,0.6901,0.6927,0
1982-06-18,0.6927,0.6953,0.6901,0.6901,0
1982-06-21,0.6901,0.7031,0.6901,0.7031,0
1982-06-22,0.7031,0.7500,0.7005,0.7344,0
1982-06-23,0.7344,0.7422,0.7318,0.7422,0
1982-06-24,0.7422,0.7474,0.7266,0.7266,0
1982-06-25,0.7135,0.7135,0.7031,0.7031,0
1982-06-28,0.7031,0.7031,0.6927,0.7005,0
1982-06-29,0.7005,0.7031,0.6979,0.6979,0
1982-06-30,0.6979,0.7057,0.6979,0.7031,0
1982-07-01,0.7031,0.7057,0.7005,0.7031,0
1982-07-02,0.7031,0.7057,0.6979,0.7005,0
1982-07-06,0.7005,0.7005,0.6953,0.6953,0
1982-07-07,0.6979,0.7083,0.6979,0.7057,0
1982-07-08,0.7057,0.7057,0.6953,0.7057,0
1982-07-09,0.7135,0.7370,0.7135,0.7292,0
1982-07-12,0.7526,0.7630,0.7526,0.7630,0
1982-07-13,0.7630,0.7656,0.7578,0.7578,0
1982-07-14,0.7578,0.7630,0.7526,0.7630,0
1982-07-15,0.7656,0.7786,0.7656,0.7786,0
1982-07-16,0.7786,0.7969,0.7604,0.7865,0
1982-07-19,0.7891,0.8073,0.7891,0.8021,0
1982-07-20,0.8021,0.8047,0.7891,0.7917,0
1982-07-21,0.7917,0.8021,0.7708,0.7812,0
1982-07-22,0.7812,0.7891,0.7708,0.7812,0
1982-07-23,0.7812,0.7839,0.7734,0.7760,0
1982-07-26,0.7760,0.7812,0.7734,0.7734,0
1982-07-27,0.7734,0.7917,0.7734,0.7786,0
1982-07-28,0.7786,0.7812,0.7682,0.7682,0
1982-07-29,0.7656,0.7656,0.7500,0.7656,0
1982-07-30,0.7656,0.7760,0.7630,0.7630,0
1982-08-02,0.7682,0.7839,0.7682,0.7839,0
1982-08-03,0.7865,0.7943,0.7865,0.7891,0
1982-08-04,0.7891,0.7891,0.7760,0.7786,0
1982-08-05,0.7734,0.7734,0.7500,0.7526,0
1982-08-06,0.7500,0.7500,0.7370,0.7370,0
1982-08-09,0.7370,0.7474,0.7188,0.7370,0
1982-08-10,0.7370,0.7396,0.7292,0.7344,0
1982-08-11,0.7344,0.7370,0.7240,0.7240,0
1982-08-12,0.7240,0.7318,0.7240,0.7240,0
1982-08-13,0.7240,0.7370,0.7188,0.7370,0
1982-08-16,0.7396,0.7526,0.7396,0.7474,0
1982-08-17,0.7500,0.7760,0.7500,0.7760,0
1982-08-18,0.7760,0.7917,0.7552,0.7656,0
1982-08-19,0.7656,0.7786,0.7604,0.7630,0
1982-08-20,0.7630,0.7969,0.7630,0.7786,0
1982-08-23,0.7786,0.8385,0.7760,0.8359,0
1982-08-24,0.8307,0.8307,0.8073,0.8203,0
1982-08-25,0.8203,0.8411,0.8203,0.8307,0
1982-08-26,0.8307,0.8411,0.8177,0.8177,0
1982-08-27,0.8177,0.8229,0.7995,0.8021,0
1982-08-30,0.8021,0.8151,0.7969,0.8125,0
1982-08-31,0.8125,0.8229,0.8073,0.8203,0
1982-09-01,0.8203,0.8281,0.8047,0.8073,0
1982-09-02,0.8073,0.8333,0.8073,0.8281,0
1982-09-03,0.8281,0.8542,0.8255,0.8464,0
1982-09-07,0.8464,0.8464,0.8229,0.8255,0
1982-09-08,0.8255,0.8359,0.8255,0.8307,0
1982-09-09,0.8203,0.8203,0.8047,0.8047,0
1982-09-10,0.8047,0.8099,0.7969,0.8099,0
1982-09-13,0.8099,0.8125,0.8021,0.8125,0
1982-09-14,0.8177,0.8333,0.8177,0.8229,0
1982-09-15,0.8229,0.8411,0.8229,0.8411,0
1982-09-16,0.8411,0.8672,0.8385,0.8438,0
1982-09-17,0.8438,0.8542,0.8411,0.8438,0
1982-09-20,0.8438,0.8490,0.8281,0.8464,0
1982-09-21,0.8516,0.8802,0.8516,0.8724,0
1982-09-22,0.8750,0.9010,0.8750,0.8776,0
1982-09-23,0.8776,0.8984,0.8750,0.8958,0
1982-09-24,0.8932,0.8932,0.8854,0.8880,0
1982-09-27,0.8880,0.9141,0.8880,0.9141,0
1982-09-28,0.9141,0.9219,0.8932,0.8932,0
1982-09-29,0.8906,0.8906,0.8594,0.8646,0
1982-09-30,0.8516,0.8516,0.8333,0.8490,0
1982-10-01,0.8490,0.8620,0.8411,0.8594,0
1982-10-04,0.8594,0.8698,0.8490,0.8698,0
1982-10-05,0.8698,0.8854,0.8698,0.8776,0
1982-10-06,0.8776,0.9115,0.8776,0.9089,0
1982-10-07,0.9089,0.9323,0.9010,0.9167,0
1982-10-08,0.9167,0.9375,0.9062,0.9323,0
1982-10-11,0.9401,0.9583,0.9401,0.9479,0
1982-10-12,0.9479,0.9635,0.9401,0.9453,0
1982-10-13,0.9453,0.9583,0.9323,0.9427,0
1982-10-14,0.9427,0.9427,0.9062,0.9062,0
1982-10-15,0.9062,0.9271,0.8906,0.9193,0
1982-10-18,0.9375,0.9609,0.9375,0.9609,0
1982-10-19,0.9609,0.9609,0.9297,0.9375,0
1982-10-20,0.9375,0.9401,0.9297,0.9375,0
1982-10-21,0.9375,0.9401,0.9193,0.9323,0
1982-10-22,0.9323,0.9531,0.9323,0.9375,0
1982-10-25,0.9349,0.9349,0.9115,0.9115,0
1982-10-26,0.9115,0.9167,0.8932,0.9167,0
1982-10-27,0.9167,0.9323,0.9089,0.9219,0
1982-10-28,0.9219,0.9245,0.9115,0.9141,0
1982-10-29,0.9141,0.9167,0.9010,0.9115,0
1982-11-01,0.9167,0.9427,0.9167,0.9375,0
1982-11-02,0.9427,0.9609,0.9427,0.9505,0
1982-11-03,0.9557,1.0052,0.9557,1.0000,0
1982-11-04,1.0130,1.0521,1.0130,1.0339,0
1982-11-05,1.0339,1.0417,1.0234,1.0365,0
1982-11-08,1.0260,1.0260,1.0104,1.0156,0
1982-11-09,1.0156,1.0339,1.0156,1.0312,0
1982-11-10,1.0312,1.0443,1.0104,1.0156,0
1982-11-11,1.0156,1.0234,1.0078,1.0208,0
1982-11-12,1.0208,1.0260,1.0052,1.0052,0
1982-11-15,0.9896,0.9896,0.9557,0.9635,0
1982-11-16,0.9609,0.9609,0.9375,0.9505,0
1982-11-17,0.9557,0.9740,0.9557,0.9583,0
1982-11-18,0.9583,0.9609,0.9453,0.9505,0
1982-11-19,0.9505,0.9609,0.9349,0.9375,0
1982-11-22,0.9375,0.9505,0.9271,0.9375,0
1982-11-23,0.9427,0.9766,0.9427,0.9688,0
1982-11-24,0.9688,0.9714,0.9531,0.9583,0
1982-11-26,0.9583,0.9661,0.9557,0.9635,0
1982-11-29,0.9688,0.9766,0.9688,0.9740,0
1982-11-30,0.9792,1.0365,0.9792,1.0312,0
1982-12-01,1.0365,1.0703,1.0365,1.0625,0
1982-12-02,1.0625,1.0651,1.0547,1.0573,0
1982-12-03,1.0573,1.0938,1.0547,1.0547,0
1982-12-06,1.0547,1.0938,1.0443,1.0911,0
1982-12-07,1.0938,1.1146,1.0938,1.1016,0
1982-12-08,1.1016,1.1146,1.0990,1.1120,0
1982-12-09,1.1120,1.1172,1.1042,1.1146,0
1982-12-10,1.1120,1.1120,1.0781,1.0885,0
1982-12-13,1.0885,1.0964,1.0573,1.0651,0
1982-12-14,1.0651,1.0911,0.9974,1.0208,0
1982-12-15,1.0234,1.0391,1.0234,1.0312,0
1982-12-16,1.0312,1.0469,1.0260,1.0469,0
1982-12-17,1.0469,1.0573,1.0365,1.0495,0
1982-12-20,1.0469,1.0469,1.0156,1.0156,0
1982-12-21,1.0156,1.0391,1.0078,1.0365,0
1982-12-22,1.0365,1.0495,1.0365,1.0443,0
1982-12-23,1.0469,1.0729,1.0469,1.0677,0
1982-12-27,1.0677,1.0833,1.0677,1.0833,0
1982-12-28,1.0833,1.0911,1.0651,1.0677,0
1982-12-29,1.0677,1.0729,1.0573,1.0651,0
1982-12-30,1.0651,1.0677,1.0573,1.0651,0
1982-12-31,1.0651,1.0833,1.0547,1.0833,0
1983-01-03,1.0833,1.0990,1.0599,1.0625,0
1983-01-04,1.0625,1.0703,1.0521,1.0677,0
1983-01-05,1.0677,1.0807,1.0599,1.0651,0
1983-01-06,1.0651,1.0885,1.0651,1.0729,0
1983-01-07,1.0729,1.0833,1.0677,1.0729,0
1983-01-10,1.0729,1.0938,1.0625,1.0885,0
1983-01-11,1.0833,1.0833,1.0469,1.0521,0
1983-01-12,1.0521,1.0573,1.0208,1.0260,0
1983-01-13,1.0208,1.0208,0.9948,1.0000,0
1983-01-14,1.0000,1.0104,0.9974,1.0078,0
1983-01-17,1.0078,1.0182,1.0000,1.0000,0
1983-01-18,0.9948,0.9948,0.9740,0.9792,0
1983-01-19,0.9792,0.9792,0.9479,0.9766,0
1983-01-20,0.9896,1.0104,0.9896,1.0000,0
1983-01-21,1.0000,1.0052,0.9922,1.0026,0
1983-01-24,1.0000,1.0000,0.9792,1.0000,0
1983-01-25,1.0000,1.0026,0.9844,0.9948,0
1983-01-26,0.9948,0.9948,0.9740,0.9740,0
1983-01-27,0.9870,1.0156,0.9870,1.0130,0
1983-01-28,1.0391,1.0495,1.0391,1.0469,0
1983-01-31,1.0469,1.0469,1.0391,1.0469,0
1983-02-01,1.0417,1.0417,1.0052,1.0052,0
1983-02-02,1.0052,1.0312,0.9896,1.0234,0
1983-02-03,1.0234,1.0339,1.0234,1.0312,0
1983-02-04,1.0312,1.0417,1.0260,1.0417,0
1983-02-07,1.0417,1.0417,1.0260,1.0312,0
1983-02-08,1.0260,1.0260,1.0130,1.0156,0
1983-02-09,1.0156,1.0156,0.9792,0.9922,0
1983-02-10,0.9922,1.0078,0.9896,0.9922,0
1983-02-11,0.9922,1.0078,0.9896,0.9974,0
1983-02-14,0.9974,1.0000,0.9792,0.9896,0
1983-02-15,0.9896,1.0000,0.9844,0.9870,0
1983-02-16,0.9870,1.0000,0.9844,0.9922,0
1983-02-17,0.9922,1.0026,0.9922,1.0000,0
1983-02-18,1.0000,1.0052,0.9948,1.0052,0
1983-02-22,1.0052,1.0104,0.9870,0.9896,0
1983-02-23,0.9948,1.0156,0.9948,1.0156,0
1983-02-24,1.0208,1.0417,1.0208,1.0365,0
1983-02-25,1.0391,1.0521,1.0391,1.0417,0
1983-02-28,1.0417,1.0443,1.0339,1.0365,0
1983-03-01,1.0365,1.0469,1.0339,1.0469,0
1983-03-02,1.0469,1.0677,1.0469,1.0573,0
1983-03-03,1.0573,1.0651,1.0469,1.0573,0
1983-03-04,1.0573,1.0703,1.0521,1.0703,0
1983-03-07,1.0703,1.0911,1.0677,1.0911,0
1983-03-08,1.0911,1.0911,1.0703,1.0729,0
1983-03-09,1.0729,1.0807,1.0547,1.0755,0
1983-03-10,1.0755,1.0938,1.0365,1.0365,0
1983-03-11,1.0365,1.0495,1.0365,1.0469,0
1983-03-14,1.0469,1.0495,1.0365,1.0443,0
1983-03-15,1.0443,1.0495,1.0365,1.0469,0
1983-03-16,1.0469,1.0495,1.0312,1.0365,0
1983-03-17,1.0365,1.0469,1.0312,1.0417,0
1983-03-18,1.0417,1.0469,1.0365,1.0391,0
1983-03-21,1.0391,1.0391,1.0286,1.0365,0
1983-03-22,1.0365,1.0599,1.0365,1.0469,0
1983-03-23,1.0547,1.0833,1.0547,1.0781,0
1983-03-24,1.0781,1.0938,1.0651,1.0781,0
1983-03-25,1.0781,1.0833,1.0625,1.0703,0
1983-03-28,1.0729,1.0781,1.0729,1.0755,0
1983-03-29,1.0755,1.0990,1.0729,1.0938,0
1983-03-30,1.1042,1.1354,1.1042,1.1354,0
1983-03-31,1.1354,1.1406,1.1146,1.1146,0
1983-04-04,1.1146,1.1354,1.1094,1.1328,0
1983-04-05,1.1380,1.1510,1.1380,1.1406,0
1983-04-06,1.1406,1.1432,1.1328,1.1380,0
1983-04-07,1.1380,1.1484,1.1328,1.1406,0
1983-04-08,1.1406,1.1484,1.1380,1.1458,0
1983-04-11,1.1510,1.1797,1.1510,1.1745,0
1983-04-12,1.1745,1.1745,1.1536,1.1562,0
1983-04-13,1.1562,1.1615,1.1432,1.1458,0
1983-04-14,1.1458,1.1536,1.1276,1.1354,0
1983-04-15,1.1380,1.1484,1.1380,1.1458,0
1983-04-18,1.1458,1.1510,1.1380,1.1458,0
1983-04-19,1.1458,1.1615,1.1354,1.1458,0
1983-04-20,1.1458,1.1641,1.1458,1.1589,0
1983-04-21,1.1589,1.1745,1.1589,1.1745,0
1983-04-22,1.1771,1.1953,1.1771,1.1875,0
1983-04-25,1.1875,1.1927,1.1589,1.1667,0
1983-04-26,1.1667,1.1667,1.1589,1.1667,0
1983-04-27,1.1667,1.1927,1.1615,1.1693,0
1983-04-28,1.1693,1.1771,1.1641,1.1719,0
1983-04-29,1.1719,1.1719,1.1589,1.1589,0
1983-05-02,1.1589,1.1615,1.1380,1.1458,0
1983-05-03,1.1458,1.1484,1.1354,1.1484,0
1983-05-04,1.1484,1.1510,1.1406,1.1458,0
1983-05-05,1.1458,1.1589,1.1432,1.1510,0
1983-05-06,1.1510,1.1615,1.1510,1.1536,0
1983-05-09,1.1510,1.1510,1.1380,1.1406,0
1983-05-10,1.1406,1.1484,1.1380,1.1458,0
1983-05-11,1.1432,1.1432,1.1224,1.1328,0
1983-05-12,1.1328,1.1380,1.1146,1.1250,0
1983-05-13,1.1250,1.1302,1.1042,1.1068,0
1983-05-16,1.1016,1.1016,1.0885,1.0990,0
1983-05-17,1.0990,1.1068,1.0990,1.1016,0
1983-05-18,1.1016,1.1094,1.0990,1.0990,0
1983-05-19,1.0990,1.1042,1.0781,1.0807,0
1983-05-20,1.0807,1.1016,1.0781,1.0911,0
1983-05-23,1.0885,1.0885,1.0729,1.0859,0
1983-05-24,1.0859,1.0938,1.0781,1.0833,0
1983-05-25,1.0885,1.1016,1.0885,1.0938,0
1983-05-26,1.0911,1.0911,1.0625,1.0651,0
1983-05-27,1.0651,1.0729,1.0521,1.0703,0
1983-05-31,1.0703,1.0859,1.0625,1.0807,0
1983-06-01,1.0807,1.0911,1.0781,1.0911,0
1983-06-02,1.0938,1.1302,1.0938,1.1302,0
1983-06-03,1.1302,1.1458,1.1250,1.1458,0
1983-06-06,1.1458,1.1458,1.1354,1.1380,0
1983-06-07,1.1354,1.1354,1.0859,1.0859,0
1983-06-08,1.0859,1.1042,1.0807,1.0833,0
1983-06-09,1.0807,1.0807,1.0547,1.0625,0
1983-06-10,1.0625,1.0703,1.0495,1.0495,0
1983-06-13,1.0495,1.0625,1.0312,1.0495,0
1983-06-14,1.0521,1.0625,1.0521,1.0521,0
1983-06-15,1.0521,1.0599,1.0443,1.0599,0
1983-06-16,1.0651,1.0938,1.0651,1.0885,0
1983-06-17,1.0885,1.1016,1.0833,1.0885,0
1983-06-20,1.0885,1.0990,1.0729,1.0781,0
1983-06-21,1.0781,1.0781,1.0365,1.0781,0
1983-06-22,1.0781,1.0833,1.0443,1.0443,0
1983-06-23,1.0443,1.0573,1.0417,1.0495,0
1983-06-24,1.0495,1.0573,1.0469,1.0469,0
1983-06-27,1.0469,1.0521,1.0286,1.0391,0
1983-06-28,1.0391,1.0521,1.0286,1.0286,0
1983-06-29,1.0339,1.0573,1.0339,1.0495,0
1983-06-30,1.0495,1.0573,1.0391,1.0391,0
1983-07-01,1.0391,1.0495,1.0391,1.0417,0
1983-07-05,1.0391,1.0391,1.0234,1.0286,0
1983-07-06,1.0286,1.0417,0.9948,1.0078,0
1983-07-07,1.0078,1.0234,1.0026,1.0078,0
1983-07-08,1.0078,1.0260,1.0026,1.0078,0
1983-07-11,1.0078,1.0182,0.9974,1.0182,0
1983-07-12,1.0182,1.0260,1.0104,1.0130,0
1983-07-13,1.0130,1.0156,1.0052,1.0156,0
1983-07-14,1.0156,1.0286,1.0052,1.0104,0
1983-07-15,1.0104,1.0156,0.9896,0.9922,0
1983-07-18,0.9922,1.0052,0.9922,1.0000,0
1983-07-19,1.0000,1.0130,1.0000,1.0052,0
1983-07-20,1.0156,1.0391,1.0156,1.0365,0
1983-07-21,1.0365,1.0417,1.0312,1.0417,0
1983-07-22,1.0417,1.0417,1.0312,1.0417,0
1983-07-25,1.0417,1.0417,1.0312,1.0365,0
1983-07-26,1.0365,1.0417,1.0286,1.0312,0
1983-07-27,1.0312,1.0339,1.0078,1.0156,0
1983-07-28,1.0156,1.0208,0.9922,0.9922,0
1983-07-29,0.9922,0.9922,0.9505,0.9635,0
1983-08-01,0.9635,0.9688,0.9557,0.9661,0
1983-08-02,0.9740,1.0208,0.9740,1.0182,0
1983-08-03,1.0182,1.0495,1.0156,1.0391,0
1983-08-04,1.0391,1.0417,1.0026,1.0391,0
1983-08-05,1.0391,1.0417,1.0260,1.0417,0
1983-08-08,1.0312,1.0312,1.0104,1.0104,0
1983-08-09,1.0104,1.0208,1.0052,1.0130,0
1983-08-10,1.0130,1.0208,1.0026,1.0208,0
1983-08-11,1.0208,1.0234,1.0130,1.0156,0
1983-08-12,1.0156,1.0286,1.0104,1.0208,0
1983-08-15,1.0312,1.0547,1.0312,1.0417,0
1983-08-16,1.0417,1.0625,1.0339,1.0599,0
1983-08-17,1.0599,1.0807,1.0599,1.0807,0
1983-08-18,1.0807,1.0807,1.0573,1.0599,0
1983-08-19,1.0599,1.0677,1.0521,1.0677,0
1983-08-22,1.0677,1.0781,1.0625,1.0651,0
1983-08-23,1.0651,1.0677,1.0547,1.0547,0
1983-08-24,1.0573,1.0677,1.0573,1.0625,0
1983-08-25,1.0625,1.0703,1.0547,1.0677,0
1983-08-26,1.0651,1.0651,1.0573,1.0625,0
1983-08-29,1.0625,1.0625,1.0521,1.0625,0
1983-08-30,1.0625,1.0625,1.0573,1.0599,0
1983-08-31,1.0599,1.0729,1.0573,1.0729,0
1983-09-01,1.0729,1.0729,1.0625,1.0677,0
1983-09-02,1.0729,1.0755,1.0729,1.0729,0
1983-09-06,1.0755,1.0859,1.0755,1.0807,0
1983-09-07,1.0807,1.0833,1.0755,1.0833,0
1983-09-08,1.0286,1.0286,1.0000,1.0104,0
1983-09-09,1.0104,1.0208,1.0052,1.0182,0
1983-09-12,1.0182,1.0391,1.0026,1.0052,0
1983-09-13,1.0052,1.0078,1.0000,1.0026,0
1983-09-14,1.0026,1.0130,1.0000,1.0052,0
1983-09-15,1.0052,1.0078,0.9896,0.9896,0
1983-09-16,0.9896,1.0052,0.9870,1.0052,0
1983-09-19,1.0052,1.0104,0.9974,1.0052,0
1983-09-20,1.0052,1.0182,1.0052,1.0104,0
1983-09-21,1.0104,1.0469,1.0104,1.0391,0
1983-09-22,1.0547,1.1016,1.0547,1.0964,0
1983-09-23,1.0964,1.1146,1.0807,1.1094,0
1983-09-26,1.1094,1.1172,1.0911,1.0964,0
1983-09-27,1.0938,1.0938,1.0833,1.0911,0
1983-09-28,1.0911,1.0938,1.0833,1.0885,0
1983-09-29,1.0885,1.0938,1.0729,1.0729,0
1983-09-30,1.0703,1.0703,1.0521,1.0599,0
1983-10-03,1.0599,1.0781,1.0573,1.0755,0
1983-10-04,1.0807,1.1016,1.0807,1.0938,0
1983-10-05,1.0964,1.1328,1.0964,1.1302,0
1983-10-06,1.1302,1.1667,1.1198,1.1641,0
1983-10-07,1.1589,1.1589,1.1354,1.1510,0
1983-10-10,1.1510,1.1510,1.1354,1.1510,0
1983-10-11,1.1484,1.1484,1.1380,1.1458,0
1983-10-12,1.1458,1.1458,1.1354,1.1380,0
1983-10-13,1.1380,1.1432,1.1146,1.1198,0
1983-10-14,1.1198,1.1302,1.1146,1.1302,0
1983-10-17,1.1302,1.1328,1.1198,1.1250,0
1983-10-18,1.1224,1.1224,1.1042,1.1094,0
1983-10-19,1.1042,1.1042,1.0833,1.1016,0
1983-10-20,1.1016,1.1094,1.0964,1.1068,0
1983-10-21,1.1068,1.1146,1.0990,1.1146,0
1983-10-24,1.1146,1.1172,1.0938,1.1172,0
1983-10-25,1.1172,1.1172,1.1094,1.1120,0
1983-10-26,1.1120,1.1172,1.1094,1.1120,0
1983-10-27,1.1120,1.1120,1.1042,1.1068,0
1983-10-28,1.1068,1.1094,1.0885,1.0938,0
1983-10-31,1.0938,1.0938,1.0833,1.0859,0
1983-11-01,1.0859,1.0964,1.0833,1.0964,0
1983-11-02,1.0964,1.1042,1.0938,1.1016,0
1983-11-03,1.1016,1.1172,1.0990,1.1042,0
1983-11-04,1.1042,1.1120,1.1042,1.1094,0
1983-11-07,1.1094,1.1094,1.0938,1.0938,0
1983-11-08,1.0964,1.1172,1.0964,1.1146,0
1983-11-09,1.1146,1.1615,1.1120,1.1615,0
1983-11-10,1.1615,1.1615,1.1510,1.1562,0
1983-11-11,1.1589,1.1849,1.1589,1.1849,0
1983-11-14,1.1849,1.1875,1.1615,1.1615,0
1983-11-15,1.1615,1.1719,1.1562,1.1589,0
1983-11-16,1.1589,1.1745,1.1484,1.1562,0
1983-11-17,1.1536,1.1536,1.1432,1.1484,0
1983-11-18,1.1484,1.1536,1.1432,1.1432,0
1983-11-21,1.1432,1.1510,1.1432,1.1484,0
1983-11-22,1.1484,1.1536,1.1432,1.1510,0
1983-11-23,1.1510,1.1536,1.1432,1.1510,0
1983-11-25,1.1354,1.1354,1.1276,1.1302,0
1983-11-28,1.1302,1.1328,1.1120,1.1146,0
1983-11-29,1.1172,1.1406,1.1172,1.1354,0
1983-11-30,1.1406,1.1615,1.1406,1.1510,0
1983-12-01,1.1536,1.1693,1.1536,1.1615,0
1983-12-02,1.1615,1.1823,1.1589,1.1771,0
1983-12-05,1.1771,1.1823,1.1667,1.1719,0
1983-12-06,1.1693,1.1693,1.1589,1.1667,0
1983-12-07,1.1667,1.1719,1.1562,1.1693,0
1983-12-08,1.1693,1.1745,1.1667,1.1693,0
1983-12-09,1.1693,1.1823,1.1693,1.1823,0
1983-12-12,1.1823,1.1953,1.1797,1.1953,0
1983-12-13,1.1953,1.1979,1.1849,1.1875,0
1983-12-14,1.1875,1.1875,1.1771,1.1771,0
1983-12-15,1.1771,1.1771,1.1562,1.1562,0
1983-12-16,1.1536,1.1536,1.1354,1.1354,0
1983-12-19,1.1354,1.1458,1.1146,1.1146,0
1983-12-20,1.1146,1.1406,1.1146,1.1302,0
1983-12-21,1.1302,1.1432,1.1276,1.1354,0
1983-12-22,1.1354,1.1458,1.1354,1.1354,0
1983-12-23,1.1354,1.1536,1.1302,1.1510,0
1983-12-27,1.1510,1.1536,1.1406,1.1406,0
1983-12-28,1.1406,1.1484,1.1354,1.1354,0
1983-12-29,1.1354,1.1432,1.1250,1.1250,0
1983-12-30,1.1250,1.1250,1.1094,1.1146,0
1984-01-03,1.1120,1.1120,1.1042,1.1094,0
1984-01-04,1.1094,1.1458,1.1042,1.1432,0
1984-01-05,1.1458,1.1589,1.1458,1.1510,0
1984-01-06,1.1458,1.1458,1.1354,1.1380,0
1984-01-09,1.1250,1.1250,1.1146,1.1224,0
1984-01-10,1.1224,1.1250,1.1068,1.1146,0
1984-01-11,1.1146,1.1172,1.1068,1.1120,0
1984-01-12,1.1120,1.1146,1.0521,1.0651,0
1984-01-13,1.0651,1.0807,1.0651,1.0729,0
1984-01-16,1.0729,1.0807,1.0677,1.0703,0
1984-01-17,1.0703,1.0990,1.0703,1.0938,0
1984-01-18,1.0938,1.0964,1.0755,1.0807,0
1984-01-19,1.0807,1.0964,1.0807,1.0885,0
1984-01-20,1.0885,1.0911,1.0807,1.0833,0
1984-01-23,1.0833,1.0833,1.0677,1.0729,0
1984-01-24,1.0729,1.0885,1.0677,1.0729,0
1984-01-25,1.0729,1.0885,1.0625,1.0651,0
1984-01-26,1.0677,1.0859,1.0677,1.0807,0
1984-01-27,1.0807,1.0807,1.0703,1.0755,0
1984-01-30,1.0755,1.0781,1.0573,1.0599,0
1984-01-31,1.0599,1.0625,1.0521,1.0573,0
1984-02-01,1.0573,1.0573,1.0417,1.0443,0
1984-02-02,1.0443,1.0443,1.0365,1.0417,0
1984-02-03,1.0417,1.0677,1.0417,1.0625,0
1984-02-06,1.0625,1.0625,1.0417,1.0469,0
1984-02-07,1.0469,1.0599,1.0391,1.0599,0
1984-02-08,1.0599,1.0703,1.0521,1.0521,0
1984-02-09,1.0469,1.0469,1.0208,1.0312,0
1984-02-10,1.0312,1.0469,1.0260,1.0417,0
1984-02-13,1.0417,1.0469,1.0365,1.0443,0
1984-02-14,1.0443,1.0729,1.0417,1.0469,0
1984-02-15,1.0469,1.0521,1.0417,1.0417,0
1984-02-16,1.0417,1.0599,1.0391,1.0469,0
1984-02-17,1.0469,1.0495,1.0417,1.0417,0
1984-02-21,1.0417,1.0495,1.0391,1.0417,0
1984-02-22,1.0417,1.0443,1.0312,1.0365,0
1984-02-23,1.0365,1.0573,1.0365,1.0547,0
1984-02-24,1.0547,1.0938,1.0547,1.0938,0
1984-02-27,1.0911,1.0911,1.0755,1.0859,0
1984-02-28,1.0859,1.0885,1.0703,1.0729,0
1984-02-29,1.0729,1.0859,1.0729,1.0807,0
1984-03-01,1.0807,1.1042,1.0781,1.1016,0
1984-03-02,1.1042,1.1224,1.1042,1.1172,0
1984-03-05,1.1172,1.1615,1.1146,1.1198,0
1984-03-06,1.1198,1.1328,1.1172,1.1172,0
1984-03-07,1.1146,1.1146,1.1016,1.1042,0
1984-03-08,1.1042,1.1068,1.0990,1.0990,0
1984-03-09,1.0859,1.0859,1.0781,1.0833,0
1984-03-12,1.0859,1.1042,1.0859,1.1016,0
1984-03-13,1.1068,1.1146,1.1068,1.1120,0
1984-03-14,1.1120,1.1198,1.1068,1.1146,0
1984-03-15,1.1172,1.1224,1.1172,1.1224,0
1984-03-16,1.1354,1.1458,1.1354,1.1406,0
1984-03-19,1.1380,1.1380,1.1302,1.1380,0
1984-03-20,1.1380,1.1510,1.1354,1.1484,0
1984-03-21,1.1484,1.1510,1.1406,1.1432,0
1984-03-22,1.1432,1.1432,1.1354,1.1380,0
1984-03-23,1.1380,1.1406,1.1302,1.1328,0
1984-03-26,1.1328,1.1432,1.1328,1.1354,0
1984-03-27,1.1380,1.1406,1.1380,1.1406,0
1984-03-28,1.1432,1.1536,1.1432,1.1484,0
1984-03-29,1.1484,1.1510,1.1406,1.1432,0
1984-03-30,1.1432,1.1484,1.1406,1.1432,0
1984-04-02,1.1432,1.1510,1.1406,1.1432,0
1984-04-03,1.1432,1.1484,1.1380,1.1458,0
1984-04-04,1.1458,1.1510,1.1432,1.1458,0
1984-04-05,1.1458,1.1510,1.1250,1.1250,0
1984-04-06,1.1250,1.1354,1.1146,1.1354,0
1984-04-09,1.1354,1.1354,1.1250,1.1250,0
1984-04-10,1.1250,1.1276,1.1120,1.1146,0
1984-04-11,1.1146,1.1172,1.1068,1.1172,0
1984-04-12,1.1172,1.1432,1.1068,1.1380,0
1984-04-13,1.1380,1.1510,1.1380,1.1406,0
1984-04-16,1.1406,1.1484,1.1354,1.1458,0
1984-04-17,1.1458,1.1510,1.1458,1.1458,0
1984-04-18,1.1406,1.1406,1.1198,1.1250,0
1984-04-19,1.1250,1.1406,1.1120,1.1406,0
1984-04-23,1.1380,1.1380,1.1198,1.1198,0
1984-04-24,1.1198,1.1406,1.1172,1.1276,0
1984-04-25,1.1276,1.1380,1.1276,1.1302,0
1984-04-26,1.1302,1.1432,1.1302,1.1406,0
1984-04-27,1.1406,1.1432,1.1328,1.1354,0
1984-04-30,1.1354,1.1432,1.1354,1.1406,0
1984-05-01,1.1458,1.1875,1.1458,1.1823,0
1984-05-02,1.1823,1.1823,1.1693,1.1771,0
1984-05-03,1.1771,1.1771,1.1667,1.1771,0
1984-05-04,1.1771,1.1797,1.1719,1.1745,0
1984-05-07,1.1745,1.1849,1.1719,1.1797,0
1984-05-08,1.1797,1.2057,1.1797,1.2031,0
1984-05-09,1.2031,1.2031,1.1823,1.1927,0
1984-05-10,1.1875,1.1875,1.1667,1.1745,0
1984-05-11,1.1693,1.1693,1.1589,1.1615,0
1984-05-14,1.1615,1.1641,1.1562,1.1589,0
1984-05-15,1.1615,1.1719,1.1615,1.1693,0
1984-05-16,1.1693,1.1823,1.1667,1.1797,0
1984-05-17,1.1797,1.1823,1.1719,1.1771,0
1984-05-18,1.1771,1.1797,1.1693,1.1719,0
1984-05-21,1.1719,1.1771,1.1641,1.1641,0
1984-05-22,1.1641,1.1641,1.1484,1.1589,0
1984-05-23,1.1589,1.1641,1.1536,1.1615,0
1984-05-24,1.1615,1.1641,1.1458,1.1458,0
1984-05-25,1.1458,1.1562,1.1458,1.1510,0
1984-05-29,1.1510,1.1510,1.1276,1.1328,0
1984-05-30,1.1328,1.1380,1.1146,1.1380,0
1984-05-31,1.1380,1.1458,1.1328,1.1458,0
1984-06-01,1.1484,1.1667,1.1484,1.1615,0
1984-06-04,1.1615,1.1693,1.1510,1.1536,0
1984-06-05,1.1536,1.1615,1.1406,1.1562,0
1984-06-06,1.1562,1.1849,1.1510,1.1797,0
1984-06-07,1.1797,1.1927,1.1771,1.1875,0
1984-06-08,1.1875,1.1927,1.1823,1.1849,0
1984-06-11,1.1719,1.1719,1.1536,1.1562,0
1984-06-12,1.1562,1.1745,1.1562,1.1667,0
1984-06-13,1.1667,1.1927,1.1667,1.1849,0
1984-06-14,1.1849,1.1875,1.1771,1.1823,0
1984-06-15,1.1823,1.1875,1.1797,1.1823,0
1984-06-18,1.1823,1.2031,1.1823,1.2005,0
1984-06-19,1.2005,1.2135,1.2005,1.2109,0
1984-06-20,1.2109,1.2292,1.1979,1.2266,0
1984-06-21,1.2266,1.2474,1.2188,1.2344,0
1984-06-22,1.2344,1.2448,1.2318,1.2422,0
1984-06-25,1.2422,1.2448,1.2318,1.2344,0
1984-06-26,1.2240,1.2240,1.1979,1.2031,0
1984-06-27,1.2031,1.2083,1.1771,1.1849,0
1984-06-28,1.1901,1.2135,1.1901,1.2031,0
1984-06-29,1.2031,1.2083,1.1979,1.2005,0
1984-07-02,1.1979,1.1979,1.1875,1.1927,0
1984-07-03,1.1927,1.2005,1.1927,1.2005,0
1984-07-05,1.2005,1.2057,1.1979,1.2005,0
1984-07-06,1.2005,1.2031,1.1875,1.1979,0
1984-07-09,1.1979,1.2240,1.1979,1.2161,0
1984-07-10,1.2161,1.2266,1.2135,1.2240,0
1984-07-11,1.2240,1.2240,1.2031,1.2083,0
1984-07-12,1.2083,1.2161,1.1953,1.2057,0
1984-07-13,1.2057,1.2214,1.2057,1.2214,0
1984-07-16,1.2214,1.2422,1.2188,1.2422,0
1984-07-17,1.2422,1.2552,1.2344,1.2370,0
1984-07-18,1.2370,1.2370,1.2188,1.2240,0
1984-07-19,1.2240,1.2292,1.2214,1.2240,0
1984-07-20,1.2240,1.2240,1.2031,1.2135,0
1984-07-23,1.2109,1.2109,1.1927,1.2031,0
1984-07-24,1.2031,1.2109,1.2005,1.2031,0
1984-07-25,1.2031,1.2161,1.1927,1.2109,0
1984-07-26,1.2109,1.2266,1.2031,1.2214,0
1984-07-27,1.2214,1.2656,1.2109,1.2552,0
1984-07-30,1.2526,1.2526,1.2318,1.2318,0
1984-07-31,1.2318,1.2422,1.2240,1.2396,0
1984-08-01,1.2422,1.2604,1.2422,1.2526,0
1984-08-02,1.2526,1.2708,1.2526,1.2682,0
1984-08-03,1.2682,1.3099,1.2682,1.3099,0
1984-08-06,1.3099,1.3281,1.3047,1.3203,0
1984-08-07,1.3203,1.3411,1.3073,1.3229,0
1984-08-08,1.3229,1.3281,1.3021,1.3021,0
1984-08-09,1.3021,1.3229,1.2969,1.3177,0
1984-08-10,1.3177,1.3333,1.2917,1.2969,0
1984-08-13,1.2943,1.2943,1.2812,1.2865,0
1984-08-14,1.2865,1.2917,1.2656,1.2656,0
1984-08-15,1.2656,1.2865,1.2604,1.2656,0
1984-08-16,1.2656,1.2786,1.2656,1.2682,0
1984-08-17,1.2682,1.2760,1.2630,1.2682,0
1984-08-20,1.2682,1.2682,1.2500,1.2656,0
1984-08-21,1.2656,1.3021,1.2656,1.2943,0
1984-08-22,1.2943,1.2969,1.2734,1.2760,0
1984-08-23,1.2760,1.2786,1.2682,1.2682,0
1984-08-24,1.2682,1.2708,1.2630,1.2708,0
1984-08-27,1.2708,1.2734,1.2604,1.2708,0
1984-08-28,1.2708,1.2812,1.2682,1.2786,0
1984-08-29,1.2786,1.2865,1.2734,1.2812,0
1984-08-30,1.2812,1.2865,1.2734,1.2839,0
1984-08-31,1.2839,1.2917,1.2786,1.2891,0
1984-09-04,1.2891,1.2891,1.2786,1.2891,0
1984-09-05,1.2812,1.2812,1.2708,1.2786,0
1984-09-06,1.2839,1.3073,1.2839,1.2995,0
1984-09-07,1.2995,1.3047,1.2839,1.2865,0
1984-09-10,1.2656,1.2656,1.2552,1.2604,0
1984-09-11,1.2604,1.2786,1.2552,1.2578,0
1984-09-12,1.2578,1.2682,1.2552,1.2656,0
1984-09-13,1.2682,1.3021,1.2682,1.2969,0
1984-09-14,1.2969,1.3073,1.2943,1.3047,0
1984-09-17,1.3047,1.3151,1.2969,1.3099,0
1984-09-18,1.3099,1.3151,1.2995,1.3047,0
1984-09-19,1.3047,1.3047,1.2891,1.2891,0
1984-09-20,1.2891,1.2943,1.2786,1.2839,0
1984-09-21,1.2839,1.2995,1.2708,1.2708,0
1984-09-24,1.2708,1.2865,1.2708,1.2812,0
1984-09-25,1.2812,1.2969,1.2786,1.2943,0
1984-09-26,1.2943,1.3177,1.2891,1.3047,0
1984-09-27,1.3073,1.3177,1.3073,1.3099,0
1984-09-28,1.3099,1.3099,1.2969,1.3047,0
1984-10-01,1.3047,1.3125,1.2917,1.3073,0
1984-10-02,1.3073,1.3177,1.2917,1.2969,0
1984-10-03,1.2969,1.3047,1.2891,1.2943,0
1984-10-04,1.2943,1.2969,1.2865,1.2917,0
1984-10-05,1.2917,1.2995,1.2917,1.2917,0
1984-10-08,1.2891,1.2891,1.2812,1.2812,0
1984-10-09,1.2812,1.2839,1.2604,1.2604,0
1984-10-10,1.2604,1.2708,1.2500,1.2708,0
1984-10-11,1.2708,1.2786,1.2630,1.2656,0
1984-10-12,1.2656,1.2812,1.2604,1.2734,0
1984-10-15,1.2786,1.3073,1.2786,1.3021,0
1984-10-16,1.3021,1.3177,1.2943,1.3177,0
1984-10-17,1.3177,1.3255,1.3073,1.3125,0
1984-10-18,1.3125,1.3542,1.3073,1.3490,0
1984-10-19,1.3490,1.3594,1.3307,1.3438,0
1984-10-22,1.3438,1.3542,1.3385,1.3464,0
1984-10-23,1.3464,1.3542,1.3438,1.3490,0
1984-10-24,1.3490,1.3542,1.3438,1.3490,0
1984-10-25,1.3516,1.3724,1.3516,1.3620,0
1984-10-26,1.3620,1.3620,1.3490,1.3516,0
1984-10-29,1.3542,1.3646,1.3542,1.3620,0
1984-10-30,1.3620,1.3750,1.3594,1.3698,0
1984-10-31,1.3698,1.3724,1.3516,1.3542,0
1984-11-01,1.3568,1.3750,1.3568,1.3698,0
1984-11-02,1.3698,1.3724,1.3646,1.3646,0
1984-11-05,1.3568,1.3568,1.3438,1.3542,0
1984-11-06,1.3542,1.3672,1.3516,1.3594,0
1984-11-07,1.3568,1.3568,1.3385,1.3464,0
1984-11-08,1.3464,1.3464,1.3385,1.3438,0
1984-11-09,1.3438,1.3490,1.3359,1.3359,0
1984-11-12,1.3359,1.3385,1.3281,1.3359,0
1984-11-13,1.3359,1.3359,1.3229,1.3229,0
1984-11-14,1.3229,1.3333,1.3229,1.3255,0
1984-11-15,1.3255,1.3281,1.3177,1.3203,0
1984-11-16,1.3203,1.3203,1.3021,1.3021,0
1984-11-19,1.3021,1.3073,1.2995,1.3021,0
1984-11-20,1.3073,1.3255,1.3073,1.3229,0
1984-11-21,1.3229,1.3255,1.3177,1.3203,0
1984-11-23,1.3255,1.3333,1.3255,1.3307,0
1984-11-26,1.3307,1.3333,1.3255,1.3281,0
1984-11-27,1.3151,1.3151,1.3047,1.3125,0
1984-11-28,1.3125,1.3177,1.2995,1.3021,0
1984-11-29,1.3021,1.3021,1.2891,1.2943,0
1984-11-30,1.2943,1.2943,1.2839,1.2891,0
1984-12-03,1.2891,1.2969,1.2786,1.2839,0
1984-12-04,1.2865,1.2995,1.2865,1.2917,0
1984-12-05,1.2917,1.2969,1.2734,1.2786,0
1984-12-06,1.2786,1.2786,1.2708,1.2760,0
1984-12-07,1.2760,1.2786,1.2448,1.2552,0
1984-12-10,1.2552,1.2708,1.2474,1.2682,0
1984-12-11,1.2682,1.2760,1.2630,1.2682,0
1984-12-12,1.2682,1.2708,1.2630,1.2682,0
1984-12-13,1.2682,1.2786,1.2656,1.2708,0
1984-12-14,1.2708,1.2943,1.2708,1.2917,0
1984-12-17,1.2917,1.3073,1.2865,1.3021,0
1984-12-18,1.3099,1.3307,1.3099,1.3307,0
1984-12-19,1.3307,1.3438,1.3203,1.3229,0
1984-12-20,1.3229,1.3281,1.3151,1.3203,0
1984-12-21,1.3125,1.3125,1.2839,1.2969,0
1984-12-24,1.2969,1.3073,1.2969,1.3021,0
1984-12-26,1.2995,1.2995,1.2891,1.2917,0
1984-12-27,1.2917,1.2917,1.2839,1.2891,0
1984-12-28,1.2891,1.3021,1.2865,1.2995,0
1984-12-31,1.2995,1.3073,1.2969,1.2995,0
1985-01-02,1.2943,1.2943,1.2839,1.2891,0
1985-01-03,1.2917,1.3229,1.2917,1.3021,0
1985-01-04,1.3021,1.3021,1.2917,1.2995,0
1985-01-07,1.3021,1.3177,1.3021,1.3073,0
1985-01-08,1.3073,1.3151,1.3047,1.3099,0
1985-01-09,1.3229,1.3359,1.3229,1.3281,0
1985-01-10,1.3281,1.3438,1.3229,1.3411,0
1985-01-11,1.3411,1.3411,1.3307,1.3359,0
1985-01-14,1.3359,1.3385,1.3255,1.3333,0
1985-01-15,1.3333,1.3385,1.3255,1.3281,0
1985-01-16,1.3281,1.3281,1.3021,1.3151,0
1985-01-17,1.3151,1.3151,1.2891,1.2891,0
1985-01-18,1.2917,1.3073,1.2917,1.2995,0
1985-01-21,1.2995,1.3255,1.2943,1.3177,0
1985-01-22,1.3177,1.3307,1.3099,1.3151,0
1985-01-23,1.3151,1.3229,1.3073,1.3203,0
1985-01-24,1.3203,1.3255,1.3021,1.3073,0
1985-01-25,1.3073,1.3099,1.2969,1.3021,0
1985-01-28,1.3021,1.3073,1.2812,1.2891,0
1985-01-29,1.2786,1.2786,1.2552,1.2760,0
1985-01-30,1.2760,1.2786,1.2552,1.2578,0
1985-01-31,1.2578,1.2578,1.2448,1.2500,0
1985-02-01,1.2500,1.2500,1.2396,1.2448,0
1985-02-04,1.2448,1.2682,1.2396,1.2682,0
1985-02-05,1.2682,1.2812,1.2682,1.2760,0
1985-02-06,1.2760,1.2839,1.2708,1.2734,0
1985-02-07,1.2734,1.2865,1.2734,1.2812,0
1985-02-08,1.2812,1.2891,1.2812,1.2891,0
1985-02-11,1.2891,1.2891,1.2708,1.2786,0
1985-02-12,1.2786,1.2786,1.2656,1.2682,0
1985-02-13,1.2682,1.2812,1.2526,1.2708,0
1985-02-14,1.2760,1.2891,1.2760,1.2812,0
1985-02-15,1.2812,1.2943,1.2812,1.2839,0
1985-02-19,1.2839,1.2943,1.2760,1.2917,0
1985-02-20,1.2917,1.2995,1.2760,1.2865,0
1985-02-21,1.2865,1.2995,1.2812,1.2943,0
1985-02-22,1.2943,1.3021,1.2891,1.2943,0
1985-02-25,1.2969,1.3125,1.2969,1.3047,0
1985-02-26,1.3047,1.3203,1.3047,1.3177,0
1985-02-27,1.3177,1.3229,1.3125,1.3151,0
1985-02-28,1.3151,1.3229,1.3151,1.3229,0
1985-03-01,1.3229,1.3594,1.3229,1.3568,0
1985-03-04,1.3568,1.3932,1.3568,1.3750,0
1985-03-05,1.3750,1.3750,1.3542,1.3698,0
1985-03-06,1.3698,1.3724,1.3594,1.3646,0
1985-03-07,1.3646,1.3724,1.3542,1.3698,0
1985-03-08,1.3698,1.3880,1.3698,1.3776,0
1985-03-11,1.3698,1.3698,1.3516,1.3698,0
1985-03-12,1.3594,1.3594,1.3516,1.3542,0
1985-03-13,1.3542,1.3620,1.3464,1.3464,0
1985-03-14,1.3464,1.3646,1.3411,1.3438,0
1985-03-15,1.3438,1.3568,1.3229,1.3229,0
1985-03-18,1.3229,1.3333,1.3229,1.3229,0
1985-03-19,1.3255,1.3698,1.3255,1.3620,0
1985-03-20,1.3620,1.3958,1.3620,1.3828,0
1985-03-21,1.3828,1.3984,1.3802,1.3932,0
1985-03-22,1.3932,1.4036,1.3828,1.3906,0
1985-03-25,1.3906,1.3958,1.3828,1.3932,0
1985-03-26,1.3932,1.4167,1.3906,1.4115,0
1985-03-27,1.4167,1.4427,1.4167,1.4375,0
1985-03-28,1.4375,1.4531,1.4375,1.4453,0
1985-03-29,1.4453,1.4635,1.4453,1.4583,0
1985-04-01,1.4583,1.4635,1.4531,1.4583,0
1985-04-02,1.4583,1.4583,1.4427,1.4453,0
1985-04-03,1.4453,1.4453,1.4219,1.4323,0
1985-04-04,1.4323,1.4323,1.4193,1.4297,0
1985-04-08,1.4297,1.4375,1.4115,1.4141,0
1985-04-09,1.4167,1.4375,1.4167,1.4323,0
1985-04-10,1.4323,1.4427,1.4323,1.4349,0
1985-04-11,1.4349,1.4427,1.4297,1.4323,0
1985-04-12,1.4323,1.4375,1.4271,1.4349,0
1985-04-15,1.4349,1.4479,1.4323,1.4401,0
1985-04-16,1.4401,1.4531,1.4323,1.4531,0
1985-04-17,1.4531,1.4557,1.4505,1.4557,0
1985-04-18,1.4557,1.4766,1.4557,1.4583,0
1985-04-19,1.4583,1.4896,1.4505,1.4896,0
1985-04-22,1.4896,1.5052,1.4870,1.4922,0
1985-04-23,1.4792,1.4792,1.4583,1.4583,0
1985-04-24,1.4453,1.4453,1.4141,1.4349,0
1985-04-25,1.4349,1.4453,1.4089,1.4167,0
1985-04-26,1.4219,1.4427,1.4219,1.4323,0
1985-04-29,1.4323,1.4323,1.4219,1.4219,0
1985-04-30,1.4219,1.4297,1.4167,1.4271,0
1985-05-01,1.4271,1.4323,1.3984,1.3984,0
1985-05-02,1.3984,1.3984,1.3828,1.3880,0
1985-05-03,1.3880,1.4062,1.3776,1.3802,0
1985-05-06,1.3802,1.3854,1.3776,1.3828,0
1985-05-07,1.3906,1.4245,1.3906,1.4219,0
1985-05-08,1.4219,1.4219,1.4010,1.4010,0
1985-05-09,1.4010,1.4089,1.4010,1.4036,0
1985-05-10,1.4036,1.4089,1.3802,1.3880,0
1985-05-13,1.3880,1.4010,1.3854,1.3906,0
1985-05-14,1.3906,1.4010,1.3906,1.3958,0
1985-05-15,1.4062,1.4323,1.4062,1.4193,0
1985-05-16,1.4193,1.4297,1.4193,1.4245,0
1985-05-17,1.4245,1.4583,1.4245,1.4453,0
1985-05-20,1.4453,1.4661,1.4427,1.4453,0
1985-05-21,1.4453,1.4453,1.4219,1.4245,0
1985-05-22,1.4167,1.4167,1.4062,1.4141,0
1985-05-23,1.4141,1.4141,1.3984,1.4036,0
1985-05-24,1.4036,1.4062,1.3984,1.4062,0
1985-05-28,1.4062,1.4089,1.3750,1.3854,0
1985-05-29,1.3854,1.3906,1.3802,1.3906,0
1985-05-30,1.3906,1.3932,1.3828,1.3906,0
1985-05-31,1.3906,1.4167,1.3906,1.4141,0
1985-06-03,1.4141,1.4323,1.4115,1.4219,0
1985-06-04,1.4375,1.4661,1.4375,1.4635,0
1985-06-05,1.4792,1.5026,1.4792,1.4922,0
1985-06-06,1.4896,1.4896,1.4688,1.4740,0
1985-06-07,1.4740,1.4792,1.4531,1.4583,0
1985-06-10,1.4453,1.4453,1.4271,1.4323,0
1985-06-11,1.4323,1.4479,1.3854,1.4479,0
1985-06-12,1.4401,1.4401,1.4271,1.4401,0
1985-06-13,1.4401,1.4453,1.4323,1.4375,0
1985-06-14,1.4375,1.4375,1.4323,1.4375,0
1985-06-17,1.4375,1.4375,1.4297,1.4349,0
1985-06-18,1.4349,1.4453,1.4349,1.4427,0
1985-06-19,1.4401,1.4401,1.4245,1.4323,0
1985-06-20,1.4323,1.4375,1.4193,1.4297,0
1985-06-21,1.4297,1.4531,1.4297,1.4531,0
1985-06-24,1.4479,1.4479,1.4349,1.4453,0
1985-06-25,1.4453,1.4635,1.4453,1.4505,0
1985-06-26,1.4505,1.4557,1.4453,1.4557,0
1985-06-27,1.4557,1.4609,1.4479,1.4479,0
1985-06-28,1.4479,1.4479,1.4427,1.4453,0
1985-07-01,1.4453,1.4453,1.4219,1.4245,0
1985-07-02,1.4245,1.4271,1.4219,1.4245,0
1985-07-03,1.4219,1.4219,1.4036,1.4036,0
1985-07-05,1.4036,1.4062,1.4010,1.4036,0
1985-07-08,1.4036,1.4219,1.4010,1.4219,0
1985-07-09,1.4349,1.4688,1.4349,1.4583,0
1985-07-10,1.4688,1.5156,1.4688,1.5078,0
1985-07-11,1.5104,1.5599,1.5104,1.5573,0
1985-07-12,1.5417,1.5417,1.5234,1.5365,0
1985-07-15,1.5365,1.5365,1.5104,1.5104,0
1985-07-16,1.5104,1.5365,1.5104,1.5365,0
1985-07-17,1.5365,1.5573,1.5365,1.5417,0
1985-07-18,1.5417,1.5417,1.5234,1.5365,0
1985-07-19,1.5365,1.5521,1.5365,1.5521,0
1985-07-22,1.5469,1.5469,1.5234,1.5312,0
1985-07-23,1.5312,1.5339,1.4948,1.5052,0
1985-07-24,1.4974,1.4974,1.4792,1.4948,0
1985-07-25,1.4948,1.5130,1.4896,1.4922,0
1985-07-26,1.4922,1.4974,1.4818,1.4922,0
1985-07-29,1.4870,1.4870,1.4688,1.4714,0
1985-07-30,1.4740,1.4870,1.4740,1.4844,0
1985-07-31,1.4896,1.5156,1.4896,1.5052,0
1985-08-01,1.5078,1.5417,1.5078,1.5365,0
1985-08-02,1.5339,1.5339,1.5156,1.5156,0
1985-08-05,1.5104,1.5104,1.4922,1.4948,0
1985-08-06,1.4948,1.4948,1.4766,1.4818,0
1985-08-07,1.4818,1.4870,1.4792,1.4844,0
1985-08-08,1.4844,1.4922,1.4792,1.4896,0
1985-08-09,1.4896,1.4948,1.4844,1.4870,0
1985-08-12,1.4870,1.4974,1.4870,1.4974,0
1985-08-13,1.4974,1.4974,1.4844,1.4922,0
1985-08-14,1.4948,1.5052,1.4948,1.4974,0
1985-08-15,1.4974,1.5000,1.4818,1.4922,0
1985-08-16,1.4922,1.4974,1.4870,1.4948,0
1985-08-19,1.4948,1.5078,1.4948,1.5026,0
1985-08-20,1.5026,1.5026,1.4948,1.5000,0
1985-08-21,1.5000,1.5052,1.4948,1.5052,0
1985-08-22,1.5026,1.5026,1.4844,1.4844,0
1985-08-23,1.4844,1.4896,1.4818,1.4844,0
1985-08-26,1.4844,1.4844,1.4740,1.4792,0
1985-08-27,1.4792,1.4870,1.4792,1.4818,0
1985-08-28,1.4818,1.5000,1.4792,1.5000,0
1985-08-29,1.5000,1.5052,1.4948,1.5026,0
1985-08-30,1.5026,1.5026,1.4870,1.4922,0
1985-09-03,1.4922,1.5000,1.4896,1.4974,0
1985-09-04,1.4974,1.5052,1.4948,1.5000,0
1985-09-05,1.5000,1.5000,1.4844,1.4922,0
1985-09-06,1.4922,1.4948,1.4609,1.4635,0
1985-09-09,1.4635,1.4766,1.4271,1.4375,0
1985-09-10,1.4375,1.4401,1.4036,1.4167,0
1985-09-11,1.4167,1.4271,1.4141,1.4167,0
1985-09-12,1.4167,1.4271,1.4167,1.4219,0
1985-09-13,1.4219,1.4271,1.4167,1.4245,0
1985-09-16,1.4245,1.4271,1.4219,1.4245,0
1985-09-17,1.4245,1.4323,1.4219,1.4245,0
1985-09-18,1.4245,1.4297,1.4219,1.4245,0
1985-09-19,1.4245,1.4297,1.4219,1.4271,0
1985-09-20,1.4271,1.4271,1.4115,1.4115,0
1985-09-23,1.4297,1.4505,1.4297,1.4505,0
1985-09-24,1.4531,1.4661,1.4531,1.4557,0
1985-09-25,1.4557,1.4635,1.4557,1.4609,0
1985-09-26,1.4609,1.4714,1.4583,1.4635,0
1985-09-30,1.4557,1.4557,1.4453,1.4531,0
1985-10-01,1.4531,1.4609,1.4505,1.4583,0
1985-10-02,1.4583,1.4609,1.4505,1.4505,0
1985-10-03,1.4505,1.4688,1.4505,1.4531,0
1985-10-04,1.4531,1.4583,1.4479,1.4479,0
1985-10-07,1.4505,1.4635,1.4505,1.4583,0
1985-10-08,1.4583,1.4609,1.4401,1.4479,0
1985-10-09,1.4479,1.4557,1.4401,1.4505,0
1985-10-10,1.4505,1.4583,1.4453,1.4557,0
1985-10-11,1.4557,1.4714,1.4531,1.4635,0
1985-10-14,1.4635,1.4766,1.4583,1.4766,0
1985-10-15,1.4766,1.4870,1.4714,1.4792,0
1985-10-16,1.4792,1.4870,1.4740,1.4818,0
1985-10-17,1.4818,1.4844,1.4740,1.4844,0
1985-10-18,1.4844,1.4870,1.4766,1.4792,0
1985-10-21,1.4792,1.4792,1.4714,1.4740,0
1985-10-22,1.4740,1.4870,1.4740,1.4818,0
1985-10-23,1.4818,1.4870,1.4792,1.4844,0
1985-10-24,1.4844,1.5000,1.4844,1.4844,0
1985-10-25,1.4844,1.4922,1.4818,1.4844,0
1985-10-28,1.4844,1.4870,1.4792,1.4870,0
1985-10-29,1.4870,1.5026,1.4844,1.5026,0
1985-10-30,1.5026,1.5104,1.5026,1.5052,0
1985-10-31,1.5026,1.5026,1.4896,1.4922,0
1985-11-01,1.4922,1.5182,1.4896,1.5130,0
1985-11-04,1.5130,1.5182,1.5104,1.5182,0
1985-11-05,1.5182,1.5573,1.5182,1.5521,0
1985-11-06,1.5521,1.5625,1.5443,1.5573,0
1985-11-07,1.5573,1.5703,1.5521,1.5573,0
1985-11-08,1.5573,1.5729,1.5521,1.5677,0
1985-11-11,1.5677,1.5911,1.5651,1.5911,0
1985-11-12,1.5911,1.6094,1.5859,1.6068,0
1985-11-13,1.6068,1.6146,1.5964,1.6120,0
1985-11-14,1.6120,1.6536,1.6094,1.6484,0
1985-11-15,1.6484,1.6771,1.6432,1.6510,0
1985-11-18,1.6510,1.6641,1.6484,1.6615,0
1985-11-19,1.6615,1.6693,1.6536,1.6615,0
1985-11-20,1.6615,1.6615,1.6536,1.6589,0
1985-11-21,1.6615,1.6927,1.6615,1.6927,0
1985-11-22,1.6927,1.7188,1.6823,1.7109,0
1985-11-25,1.7057,1.7057,1.6927,1.6953,0
1985-11-26,1.6953,1.7240,1.6953,1.7240,0
1985-11-27,1.7240,1.7656,1.7188,1.7526,0
1985-11-29,1.7526,1.7552,1.7318,1.7344,0
1985-12-02,1.7318,1.7318,1.7083,1.7083,0
1985-12-03,1.7083,1.7448,1.7083,1.7161,0
1985-12-04,1.7161,1.7474,1.7135,1.7422,0
1985-12-05,1.7448,1.7708,1.7448,1.7552,0
1985-12-06,1.7500,1.7500,1.7344,1.7422,0
1985-12-09,1.7422,1.7708,1.7370,1.7630,0
1985-12-10,1.7630,1.7865,1.7630,1.7786,0
1985-12-11,1.7786,1.8047,1.7786,1.7969,0
1985-12-12,1.7969,1.7995,1.7656,1.7656,0
1985-12-13,1.7760,1.8073,1.7760,1.7969,0
1985-12-16,1.7969,1.8385,1.7760,1.8333,0
1985-12-17,1.8333,1.8359,1.8151,1.8151,0
1985-12-18,1.8151,1.8385,1.7969,1.8047,0
1985-12-19,1.8047,1.8177,1.7812,1.7839,0
1985-12-20,1.7839,1.7995,1.7656,1.7656,0
1985-12-23,1.7656,1.7656,1.7422,1.7526,0
1985-12-24,1.7526,1.7526,1.7344,1.7396,0
1985-12-26,1.7396,1.7526,1.7396,1.7422,0
1985-12-27,1.7500,1.7630,1.7500,1.7604,0
1985-12-30,1.7604,1.7760,1.7500,1.7708,0
1985-12-31,1.7708,1.7812,1.7604,1.7604,0
1986-01-02,1.7604,1.7708,1.7266,1.7344,0
1986-01-03,1.7344,1.7500,1.7292,1.7396,0
1986-01-06,1.7396,1.7500,1.7318,1.7396,0
1986-01-07,1.7396,1.7682,1.7396,1.7682,0
1986-01-08,1.7682,1.7708,1.7135,1.7135,0
1986-01-09,1.7135,1.7135,1.6771,1.6979,0
1986-01-10,1.6979,1.7057,1.6849,1.6953,0
1986-01-13,1.6927,1.6927,1.6589,1.6693,0
1986-01-14,1.6693,1.6719,1.6484,1.6641,0
1986-01-15,1.6641,1.6719,1.6589,1.6667,0
1986-01-16,1.6667,1.6667,1.6328,1.6667,0
1986-01-17,1.6667,1.6823,1.6589,1.6745,0
1986-01-20,1.6745,1.6745,1.6432,1.6562,0
1986-01-21,1.6562,1.6641,1.6302,1.6406,0
1986-01-22,1.6406,1.6432,1.5990,1.6042,0
1986-01-23,1.6042,1.6484,1.6042,1.6458,0
1986-01-24,1.6458,1.6797,1.6302,1.6719,0
1986-01-27,1.6719,1.6797,1.6667,1.6693,0
1986-01-28,1.6719,1.6979,1.6719,1.6979,0
1986-01-29,1.7031,1.7578,1.7031,1.7292,0
1986-01-30,1.7292,1.7318,1.7135,1.7214,0
1986-01-31,1.7214,1.7552,1.7188,1.7474,0
1986-02-03,1.7474,1.7760,1.7422,1.7682,0
1986-02-04,1.7682,1.7969,1.7630,1.7839,0
1986-02-05,1.7839,1.7865,1.7630,1.7812,0
1986-02-06,1.7812,1.7865,1.7604,1.7734,0
1986-02-07,1.7734,1.7734,1.7135,1.7656,0
1986-02-10,1.7656,1.7865,1.7630,1.7865,0
1986-02-11,1.7839,1.7839,1.7604,1.7734,0
1986-02-12,1.7734,1.7734,1.7552,1.7578,0
1986-02-13,1.7578,1.7812,1.7161,1.7812,0
1986-02-14,1.7812,1.7969,1.7708,1.7917,0
1986-02-18,1.7917,1.8333,1.7917,1.8333,0
1986-02-19,1.8333,1.8333,1.7995,1.8021,0
1986-02-20,1.8021,1.8828,1.8021,1.8802,0
1986-02-21,1.8802,1.9115,1.8750,1.9115,0
1986-02-24,1.9115,1.9219,1.8932,1.9141,0
1986-02-25,1.9141,1.9167,1.8906,1.9089,0
1986-02-26,1.9089,1.9453,1.9036,1.9271,0
1986-02-27,1.9375,2.0469,1.9375,2.0312,0
1986-02-28,2.0312,2.0339,1.9948,2.0052,0
1986-03-03,2.0052,2.0052,1.9714,1.9740,0
1986-03-04,1.9740,2.0000,1.9531,1.9583,0
1986-03-05,1.9583,1.9766,1.9453,1.9714,0
1986-03-06,1.9792,2.0208,1.9792,2.0104,0
1986-03-07,2.0130,2.0703,2.0130,2.0573,0
1986-03-10,2.0573,2.0833,2.0312,2.0807,0
1986-03-11,2.0807,2.1016,2.0703,2.0885,0
1986-03-12,2.0885,2.1823,2.0807,2.1354,0
1986-03-13,2.1354,2.1771,2.1146,2.1693,0
1986-03-14,2.1771,2.2917,2.1771,2.2656,0
1986-03-17,2.2292,2.2292,2.1771,2.2188,0
1986-03-18,2.2188,2.2604,2.1927,2.2292,0
1986-03-19,2.2292,2.2604,2.2135,2.2448,0
1986-03-20,2.2448,2.2604,2.2292,2.2396,0
1986-03-21,2.2396,2.2656,2.1510,2.1536,0
1986-03-24,2.1771,2.2057,2.1771,2.1849,0
1986-03-25,2.1849,2.1875,2.1667,2.1667,0
1986-03-26,2.1745,2.2188,2.1745,2.2057,0
1986-03-27,2.2057,2.2422,2.1927,2.2083,0
1986-03-31,2.2083,2.2448,2.1875,2.1927,0
1986-04-01,2.1875,2.1875,2.1406,2.1432,0
1986-04-02,2.1432,2.1719,2.1198,2.1641,0
1986-04-03,2.1641,2.2083,2.0938,2.1172,0
1986-04-04,2.1172,2.1432,2.0521,2.0833,0
1986-04-07,2.0833,2.0990,2.0573,2.0781,0
1986-04-08,2.0938,2.1510,2.0938,2.1406,0
1986-04-09,2.1406,2.1719,2.0625,2.0964,0
1986-04-10,2.0964,2.1250,2.0833,2.1042,0
1986-04-11,2.1042,2.1250,2.0703,2.0885,0
1986-04-14,2.0885,2.1719,2.0859,2.1641,0
1986-04-15,2.1641,2.1979,2.1510,2.1823,0
1986-04-16,2.2057,2.2917,2.2057,2.2891,0
1986-04-17,2.3125,2.4167,2.3125,2.3984,0
1986-04-18,2.3984,2.4010,2.3542,2.3542,0
1986-04-21,2.3672,2.4427,2.3672,2.4375,0
1986-04-22,2.4375,2.5000,2.4115,2.4479,0
1986-04-23,2.4427,2.4427,2.3854,2.4401,0
1986-04-24,2.4401,2.4557,2.3958,2.4141,0
1986-04-25,2.4141,2.4167,2.3490,2.4036,0
1986-04-28,2.4062,2.4479,2.4062,2.4479,0
1986-04-29,2.4427,2.4427,2.3854,2.4010,0
1986-04-30,2.4010,2.4062,2.2917,2.3229,0
1986-05-01,2.3229,2.3594,2.3073,2.3542,0
1986-05-02,2.3542,2.3828,2.3229,2.3307,0
1986-05-05,2.3307,2.3542,2.2708,2.3047,0
1986-05-06,2.3047,2.3125,2.2396,2.2812,0
1986-05-07,2.2812,2.2812,2.2344,2.2630,0
1986-05-08,2.2630,2.2760,2.2500,2.2682,0
1986-05-09,2.2604,2.2604,2.2292,2.2500,0
1986-05-12,2.2500,2.2786,2.2448,2.2708,0
1986-05-13,2.2708,2.2917,2.2656,2.2865,0
1986-05-14,2.2865,2.3385,2.2760,2.3333,0
1986-05-15,2.3177,2.3177,2.2448,2.2500,0
1986-05-16,2.2500,2.2604,2.2214,2.2292,0
1986-05-19,2.2292,2.2474,2.1823,2.1927,0
1986-05-20,2.1927,2.2188,2.1797,2.2188,0
1986-05-21,2.2188,2.2266,2.2005,2.2057,0
1986-05-22,2.2057,2.2708,2.2057,2.2708,0
1986-05-23,2.2708,2.2812,2.2500,2.2578,0
1986-05-27,2.2786,2.3516,2.2786,2.3516,0
1986-05-28,2.3516,2.3724,2.3229,2.3646,0
1986-05-29,2.3646,2.4323,2.3438,2.4193,0
1986-05-30,2.4193,2.4219,2.3854,2.4167,0
1986-06-02,2.4036,2.4036,2.3385,2.3672,0
1986-06-03,2.3672,2.3984,2.3594,2.3828,0
1986-06-04,2.3828,2.3828,2.3333,2.3568,0
1986-06-05,2.3568,2.3698,2.3073,2.3542,0
1986-06-06,2.3594,2.3906,2.3594,2.3906,0
1986-06-09,2.3906,2.3906,2.3594,2.3750,0
1986-06-10,2.3724,2.3724,2.3203,2.3542,0
1986-06-11,2.3542,2.3724,2.3359,2.3438,0
1986-06-12,2.3464,2.3646,2.3464,2.3620,0
1986-06-13,2.3724,2.4167,2.3724,2.3984,0
1986-06-16,2.3984,2.4479,2.3906,2.4375,0
1986-06-17,2.4479,2.4922,2.4479,2.4922,0
1986-06-18,2.4870,2.4870,2.4479,2.4818,0
1986-06-19,2.4818,2.4922,2.4609,2.4688,0
1986-06-20,2.4688,2.5000,2.4531,2.5000,0
1986-06-23,2.4870,2.4870,2.4583,2.4688,0
1986-06-24,2.4688,2.5365,2.4609,2.5234,0
1986-06-25,2.5234,2.5391,2.4948,2.5052,0
1986-06-26,2.5052,2.5573,2.5052,2.5443,0
1986-06-27,2.5443,2.5677,2.5130,2.5365,0
1986-06-30,2.5391,2.6146,2.5391,2.6146,0
1986-07-01,2.7422,2.7422,2.6250,2.6719,0
1986-07-02,2.7266,2.8047,2.7266,2.7422,0
1986-07-03,2.7422,2.7578,2.6875,2.7188,0
1986-07-07,2.7188,2.7188,2.5469,2.5625,0
1986-07-08,2.5469,2.5469,2.4531,2.5312,0
1986-07-09,2.5469,2.5938,2.5469,2.5938,0
1986-07-10,2.5938,2.6250,2.5312,2.5703,0
1986-07-11,2.5703,2.6016,2.5078,2.5938,0
1986-07-14,2.5547,2.5547,2.5000,2.5078,0
1986-07-15,2.5078,2.5469,2.5000,2.5234,0
1986-07-16,2.5312,2.6094,2.5312,2.5938,0
1986-07-17,2.5938,2.6172,2.5312,2.5391,0
1986-07-18,2.5391,2.6172,2.5312,2.5625,0
1986-07-21,2.5469,2.5469,2.5156,2.5234,0
1986-07-22,2.5234,2.5781,2.5078,2.5625,0
1986-07-23,2.5625,2.5703,2.5156,2.5391,0
1986-07-24,2.5391,2.5703,2.4766,2.5078,0
1986-07-25,2.5078,2.5625,2.5078,2.5469,0
1986-07-28,2.5469,2.5703,2.4766,2.5000,0
1986-07-29,2.5000,2.5000,2.4141,2.4297,0
1986-07-30,2.4297,2.4844,2.3594,2.4766,0
1986-07-31,2.4688,2.4688,2.4297,2.4453,0
1986-08-01,2.4453,2.4531,2.3906,2.3906,0
1986-08-04,2.3906,2.4375,2.3281,2.4297,0
1986-08-05,2.4297,2.4375,2.3672,2.3750,0
1986-08-06,2.3750,2.4062,2.3594,2.3828,0
1986-08-07,2.3828,2.4219,2.3516,2.3750,0
1986-08-08,2.3750,2.3906,2.3281,2.3516,0
1986-08-11,2.3516,2.4531,2.3438,2.4375,0
1986-08-12,2.4375,2.4688,2.4141,2.4609,0
1986-08-13,2.4609,2.5000,2.4297,2.4844,0
1986-08-14,2.4766,2.4766,2.4219,2.4375,0
1986-08-15,2.4375,2.4531,2.3828,2.4531,0
1986-08-18,2.4375,2.4375,2.3828,2.4141,0
1986-08-19,2.4141,2.4141,2.3594,2.3750,0
1986-08-20,2.3750,2.4531,2.3672,2.4453,0
1986-08-21,2.4453,2.4453,2.3906,2.4219,0
1986-08-22,2.4219,2.4375,2.3984,2.4141,0
1986-08-25,2.4141,2.4141,2.3750,2.3828,0
1986-08-26,2.3828,2.4531,2.3828,2.4375,0
1986-08-27,2.4375,2.4375,2.3750,2.3906,0
1986-08-28,2.3906,2.3984,2.3125,2.3281,0
1986-08-29,2.3281,2.3750,2.3281,2.3672,0
1986-09-02,2.3672,2.3672,2.2656,2.2812,0
1986-09-03,2.2812,2.3047,2.2344,2.2891,0
1986-09-04,2.2891,2.3125,2.2656,2.2891,0
1986-09-05,2.2891,2.2969,2.1875,2.2109,0
1986-09-08,2.2109,2.3047,2.1875,2.2969,0
1986-09-09,2.2969,2.3672,2.2969,2.3438,0
1986-09-10,2.3438,2.3750,2.3125,2.3281,0
1986-09-11,2.2969,2.2969,2.0703,2.1719,0
1986-09-12,2.1719,2.2109,2.0859,2.1406,0
1986-09-15,2.1406,2.1875,2.0703,2.1250,0
1986-09-16,2.1250,2.1250,2.0547,2.1172,0
1986-09-17,2.1172,2.1484,2.0625,2.1094,0
1986-09-18,2.1094,2.1328,2.0625,2.1094,0
1986-09-19,2.0938,2.0938,2.0547,2.0625,0
1986-09-22,2.0625,2.1016,2.0547,2.1016,0
1986-09-23,2.1016,2.1875,2.0938,2.1484,0
1986-09-24,2.1484,2.2266,2.1484,2.1875,0
1986-09-25,2.1875,2.1875,2.0938,2.1250,0
1986-09-26,2.1250,2.1562,2.0938,2.1250,0
1986-09-29,2.1016,2.1016,2.0625,2.0859,0
1986-09-30,2.0859,2.1719,2.0859,2.1172,0
1986-10-01,2.1172,2.1797,2.1094,2.1328,0
1986-10-02,2.1328,2.1953,2.1250,2.1875,0
1986-10-03,2.1875,2.2188,2.1484,2.1562,0
1986-10-06,2.1562,2.2188,2.1328,2.2188,0
1986-10-07,2.2188,2.2188,2.1562,2.1719,0
1986-10-08,2.1719,2.2500,2.1484,2.2188,0
1986-10-09,2.2188,2.2656,2.2188,2.2266,0
1986-10-10,2.2266,2.2500,2.2109,2.2422,0
1986-10-13,2.2422,2.2422,2.2109,2.2344,0
1986-10-14,2.2344,2.2500,2.1875,2.2266,0
1986-10-15,2.2266,2.3359,2.2266,2.3281,0
1986-10-16,2.3906,2.4531,2.3906,2.4375,0
1986-10-17,2.4219,2.4219,2.3750,2.3984,0
1986-10-20,2.3828,2.3828,2.3047,2.3594,0
1986-10-21,2.3594,2.3750,2.3281,2.3516,0
1986-10-22,2.3516,2.3672,2.3438,2.3594,0
1986-10-23,2.3672,2.4297,2.3672,2.4062,0
1986-10-24,2.4062,2.4062,2.3516,2.3516,0
1986-10-27,2.3516,2.4297,2.3281,2.3672,0
1986-10-28,2.3594,2.3594,2.3125,2.3203,0
1986-10-29,2.3203,2.3281,2.2891,2.2969,0
1986-10-30,2.3047,2.3516,2.3047,2.3203,0
1986-10-31,2.3203,2.3281,2.2812,2.2891,0
1986-11-03,2.2891,2.3203,2.2891,2.3203,0
1986-11-04,2.3125,2.3125,2.2734,2.2969,0
1986-11-05,2.2969,2.3125,2.2812,2.2969,0
1986-11-06,2.2969,2.3359,2.2656,2.3203,0
1986-11-07,2.3203,2.3281,2.2812,2.2812,0
1986-11-10,2.2812,2.2969,2.2734,2.2891,0
1986-11-11,2.2891,2.3203,2.2812,2.3125,0
1986-11-12,2.3125,2.3359,2.3047,2.3359,0
1986-11-13,2.3359,2.3438,2.2734,2.2734,0
1986-11-14,2.2734,2.3047,2.2578,2.3047,0
1986-11-17,2.3047,2.3125,2.2656,2.2734,0
1986-11-18,2.2734,2.2891,2.2109,2.2188,0
1986-11-19,2.2188,2.2344,2.1641,2.2109,0
1986-11-20,2.2109,2.2656,2.1953,2.2656,0
1986-11-21,2.2656,2.2812,2.2109,2.2734,0
1986-11-24,2.2578,2.2578,2.1875,2.2422,0
1986-11-25,2.2422,2.2500,2.2188,2.2266,0
1986-11-26,2.2266,2.3047,2.1953,2.2578,0
1986-11-28,2.2578,2.2891,2.2500,2.2812,0
1986-12-01,2.2656,2.2656,2.2109,2.2422,0
1986-12-02,2.2500,2.3359,2.2500,2.3281,0
1986-12-03,2.3281,2.3906,2.2812,2.3672,0
1986-12-04,2.3672,2.4375,2.3672,2.4062,0
1986-12-05,2.4062,2.4375,2.3672,2.3828,0
1986-12-08,2.3828,2.3906,2.3125,2.3750,0
1986-12-09,2.3828,2.4219,2.3828,2.4141,0
1986-12-10,2.4141,2.4453,2.3906,2.4375,0
1986-12-11,2.4297,2.4297,2.3750,2.3906,0
1986-12-12,2.3906,2.3906,2.3594,2.3672,0
1986-12-15,2.3672,2.3750,2.3203,2.3750,0
1986-12-16,2.3750,2.4453,2.3750,2.4375,0
1986-12-17,2.4375,2.4375,2.3906,2.4062,0
1986-12-18,2.4062,2.4219,2.3906,2.3984,0
1986-12-19,2.3984,2.4531,2.3984,2.4531,0
1986-12-22,2.4531,2.4688,2.4219,2.4688,0
1986-12-23,2.4688,2.4766,2.4062,2.4688,0
1986-12-24,2.4688,2.4688,2.4453,2.4609,0
1986-12-26,2.4609,2.4609,2.4219,2.4219,0
1986-12-29,2.4219,2.4297,2.3750,2.3750,0
1986-12-30,2.3828,2.4219,2.3828,2.3984,0
1986-12-31,2.3984,2.4062,2.3438,2.3594,0
1987-01-02,2.3594,2.3984,2.3594,2.3828,0
1987-01-05,2.3906,2.4609,2.3906,2.4531,0
1987-01-06,2.4531,2.4688,2.4141,2.4375,0
1987-01-07,2.4375,2.4688,2.4219,2.4453,0
1987-01-08,2.4453,2.4453,2.4062,2.4141,0
1987-01-09,2.4141,2.4297,2.3906,2.3906,0
1987-01-12,2.3906,2.4297,2.3750,2.4062,0
1987-01-13,2.4062,2.4062,2.3750,2.3828,0
1987-01-14,2.3828,2.4219,2.3750,2.4062,0
1987-01-15,2.4297,2.5391,2.4297,2.5000,0
1987-01-16,2.5000,2.5547,2.4844,2.5469,0
1987-01-19,2.5469,2.6172,2.5078,2.6016,0
1987-01-20,2.6016,2.6406,2.5312,2.5625,0
1987-01-21,2.5625,2.6094,2.5391,2.5625,0
1987-01-22,2.5781,2.6562,2.5781,2.6562,0
1987-01-23,2.6562,2.7734,2.5781,2.6172,0
1987-01-26,2.6172,2.6562,2.5938,2.6250,0
1987-01-27,2.6250,2.6875,2.6172,2.6719,0
1987-01-28,2.6719,2.7266,2.6719,2.6797,0
1987-01-29,2.6797,2.7109,2.6406,2.6719,0
1987-01-30,2.6719,2.6953,2.6328,2.6641,0
1987-02-02,2.6641,2.7031,2.6250,2.6875,0
1987-02-03,2.6875,2.7109,2.6641,2.6719,0
1987-02-04,2.6719,2.7031,2.6250,2.6875,0
1987-02-05,2.6875,2.7031,2.6406,2.6562,0
1987-02-06,2.6562,2.6719,2.6250,2.6406,0
1987-02-09,2.6328,2.6328,2.5781,2.6094,0
1987-02-10,2.6094,2.6172,2.5625,2.6016,0
1987-02-11,2.6406,2.6875,2.6406,2.6875,0
1987-02-12,2.6875,2.7031,2.6562,2.6875,0
1987-02-13,2.6875,2.7578,2.6719,2.7266,0
1987-02-17,2.7266,2.7969,2.7266,2.7812,0
1987-02-18,2.7891,2.8438,2.7891,2.8359,0
1987-02-19,2.8359,2.8672,2.8125,2.8359,0
1987-02-20,2.8359,2.8516,2.8047,2.8438,0
1987-02-23,2.8438,2.8516,2.7109,2.7656,0
1987-02-24,2.7656,2.7891,2.7500,2.7734,0
1987-02-25,2.7734,2.8438,2.7656,2.8203,0
1987-02-26,2.8203,2.8281,2.7812,2.7891,0
1987-02-27,2.7891,2.8359,2.7891,2.8047,0
1987-03-02,2.8047,2.8516,2.8047,2.8125,0
1987-03-03,2.8125,2.8359,2.8125,2.8203,0
1987-03-04,2.8359,2.9531,2.8359,2.9375,0
1987-03-05,2.9375,2.9688,2.8594,2.8906,0
1987-03-06,2.8906,2.9297,2.8438,2.9062,0
1987-03-09,2.8984,2.8984,2.8203,2.8203,0
1987-03-10,2.8203,2.9297,2.8047,2.9062,0
1987-03-11,2.9062,3.0625,2.8516,3.0469,0
1987-03-12,3.0234,3.0234,2.9453,3.0078,0
1987-03-13,3.0000,3.0000,2.9297,2.9453,0
1987-03-16,2.9297,2.9297,2.8516,2.8828,0
1987-03-17,2.8828,2.9297,2.8594,2.9062,0
1987-03-18,2.9062,2.9219,2.8594,2.8984,0
1987-03-19,2.8984,2.9688,2.8984,2.9609,0
1987-03-20,2.9609,2.9922,2.9375,2.9609,0
1987-03-23,2.9688,3.0469,2.9688,2.9922,0
1987-03-24,2.9922,3.0000,2.9609,2.9844,0
1987-03-25,2.9688,2.9688,2.9453,2.9609,0
1987-03-26,2.9609,2.9844,2.9219,2.9297,0
1987-03-27,2.9297,2.9844,2.8281,2.8672,0
1987-03-30,2.8672,3.0312,2.6484,2.7656,0
1987-03-31,2.7812,2.8672,2.7812,2.8594,0
1987-04-01,2.8594,2.8672,2.8125,2.8594,0
1987-04-02,2.8594,2.9062,2.7812,2.7812,0
1987-04-03,2.7812,2.9375,2.7812,2.8906,0
1987-04-06,2.8984,2.9375,2.8984,2.9062,0
1987-04-07,2.9062,2.9375,2.8281,2.8281,0
1987-04-08,2.8281,2.9062,2.8281,2.8594,0
1987-04-09,2.8594,2.8984,2.8203,2.8594,0
1987-04-10,2.8594,2.9219,2.8281,2.8750,0
1987-04-13,2.8750,2.8984,2.8203,2.8203,0
1987-04-14,2.8125,2.8125,2.6250,2.6641,0
1987-04-15,2.7031,2.7812,2.7031,2.7656,0
1987-04-16,2.7656,2.8672,2.7188,2.7344,0
1987-04-20,2.7344,2.8672,2.7188,2.7578,0
1987-04-21,2.7578,2.8516,2.6875,2.8516,0
1987-04-22,2.8359,2.8359,2.7031,2.7109,0
1987-04-23,2.7109,2.7578,2.6562,2.6953,0
1987-04-24,2.6953,2.7812,2.5625,2.6250,0
1987-04-27,2.6250,2.6797,2.5469,2.6406,0
1987-04-28,2.6406,2.6797,2.6016,2.6094,0
1987-04-29,2.6094,2.6406,2.5703,2.5938,0
1987-04-30,2.5938,2.6719,2.5938,2.6641,0
1987-05-01,2.6562,2.6562,2.5938,2.6172,0
1987-05-04,2.6172,2.6719,2.6016,2.6406,0
1987-05-05,2.6406,2.7188,2.6406,2.7188,0
1987-05-06,2.7109,2.7109,2.6172,2.6250,0
1987-05-07,2.6250,2.6250,2.5625,2.5703,0
1987-05-08,2.5703,2.6406,2.5625,2.5859,0
1987-05-11,2.5859,2.6328,2.5703,2.5703,0
1987-05-12,2.5625,2.5625,2.5156,2.5312,0
1987-05-13,2.5312,2.5547,2.5078,2.5312,0
1987-05-14,2.5312,2.5547,2.5078,2.5234,0
1987-05-15,2.5234,2.5312,2.4766,2.4844,0
1987-05-18,2.4844,2.5000,2.4219,2.4844,0
1987-05-19,2.4844,2.5000,2.4453,2.4688,0
1987-05-20,2.4688,2.4844,2.4062,2.4375,0
1987-05-21,2.4375,2.4766,2.3828,2.4219,0
1987-05-22,2.4453,2.5156,2.4453,2.4922,0
1987-05-26,2.5469,2.6094,2.5469,2.6094,0
1987-05-27,2.6094,2.6328,2.5781,2.5781,0
1987-05-28,2.5781,2.6250,2.5391,2.6250,0
1987-05-29,2.6250,2.6953,2.6250,2.6797,0
1987-06-01,2.6797,2.7422,2.6719,2.6875,0
1987-06-02,2.6875,2.7109,2.6562,2.6719,0
1987-06-03,2.6797,2.7266,2.6797,2.7031,0
1987-06-04,2.7031,2.7109,2.6641,2.6797,0
1987-06-05,2.6797,2.6797,2.6562,2.6641,0
1987-06-08,2.6641,2.7344,2.6562,2.7188,0
1987-06-09,2.7188,2.7422,2.7031,2.7344,0
1987-06-10,2.7344,2.7656,2.7109,2.7344,0
1987-06-11,2.7344,2.7812,2.7344,2.7734,0
1987-06-12,2.7734,2.8047,2.7656,2.7812,0
1987-06-15,2.7812,2.8203,2.7500,2.7656,0
1987-06-16,2.7656,2.7891,2.7578,2.7812,0
1987-06-17,2.7812,2.7891,2.7578,2.7734,0
1987-06-18,2.7734,2.7891,2.7578,2.7891,0
1987-06-19,2.7891,2.8359,2.7656,2.8359,0
1987-06-22,2.8438,2.8906,2.8438,2.8828,0
1987-06-23,2.8828,2.9141,2.8516,2.8750,0
1987-06-24,2.8750,2.8906,2.8516,2.8594,0
1987-06-25,2.8594,2.8828,2.8594,2.8594,0
1987-06-26,2.8516,2.8516,2.7969,2.8047,0
1987-06-29,2.8047,2.8281,2.7969,2.8281,0
1987-06-30,2.8203,2.8203,2.7500,2.7812,0
1987-07-01,2.7656,2.7656,2.7344,2.7422,0
1987-07-02,2.7500,2.7656,2.7500,2.7500,0
1987-07-06,2.7500,2.7812,2.6797,2.6875,0
1987-07-07,2.6953,2.7500,2.6953,2.7188,0
1987-07-08,2.7188,2.7656,2.6953,2.7578,0
1987-07-09,2.7578,2.7812,2.7109,2.7422,0
1987-07-10,2.7422,2.7734,2.7344,2.7734,0
1987-07-13,2.7734,2.8047,2.6875,2.7188,0
1987-07-14,2.7188,2.7812,2.7109,2.7734,0
1987-07-15,2.7734,2.8281,2.7500,2.8047,0
1987-07-16,2.8047,2.8203,2.7891,2.8125,0
1987-07-17,2.8125,2.9609,2.7969,2.9375,0
1987-07-20,2.9375,2.9531,2.8828,2.9062,0
1987-07-21,2.8984,2.8984,2.8359,2.8594,0
1987-07-22,2.8594,2.9141,2.8594,2.9062,0
1987-07-23,2.9062,2.9531,2.8984,2.9375,0
1987-07-24,2.9375,2.9375,2.9219,2.9297,0
1987-07-27,2.9297,2.9609,2.9219,2.9453,0
1987-07-28,2.9453,2.9609,2.9141,2.9297,0
1987-07-29,2.9297,2.9609,2.9297,2.9609,0
1987-07-30,2.9609,2.9922,2.9531,2.9844,0
1987-07-31,2.9844,2.9922,2.9688,2.9766,0
1987-08-03,2.9688,2.9688,2.9453,2.9531,0
1987-08-04,2.9531,2.9766,2.9297,2.9609,0
1987-08-05,2.9609,3.0000,2.9609,2.9609,0
1987-08-06,2.9688,3.0469,2.9688,3.0391,0
1987-08-07,3.0391,3.0703,3.0391,3.0469,0
1987-08-10,3.0469,3.1016,3.0469,3.1016,0
1987-08-11,3.1016,3.1406,3.0938,3.1406,0
1987-08-12,3.1406,3.1875,3.1250,3.1406,0
1987-08-13,3.1484,3.1797,3.1484,3.1562,0
1987-08-14,3.1562,3.1641,3.1172,3.1406,0
1987-08-17,3.1484,3.1797,3.1484,3.1641,0
1987-08-18,3.1641,3.1797,3.1172,3.1406,0
1987-08-19,3.1406,3.1641,3.0938,3.1406,0
1987-08-20,3.1406,3.1953,3.1328,3.1875,0
1987-08-21,3.1875,3.2422,3.1484,3.1562,0
1987-08-24,3.1562,3.2422,3.1328,3.2031,0
1987-08-25,3.2188,3.3047,3.2188,3.2578,0
1987-08-26,3.2578,3.3203,3.2422,3.2500,0
1987-08-27,3.2344,3.2344,3.1953,3.2188,0
1987-08-28,3.2188,3.2188,3.1484,3.1719,0
1987-08-31,3.1719,3.1953,3.1094,3.1641,0
1987-09-01,3.1641,3.2891,3.1250,3.1562,0
1987-09-02,3.1562,3.2266,3.1250,3.2109,0
1987-09-03,3.2109,3.2812,3.1562,3.2188,0
1987-09-04,3.2188,3.2422,3.1406,3.1641,0
1987-09-08,3.1250,3.1250,3.0234,3.0781,0
1987-09-09,3.0781,3.1250,3.0547,3.0781,0
1987-09-10,3.0781,3.1250,3.0391,3.0781,0
1987-09-11,3.0781,3.1562,3.0703,3.0938,0
1987-09-14,3.0938,3.1406,3.0859,3.1406,0
1987-09-15,3.1328,3.1328,3.0625,3.0625,0
1987-09-16,3.0625,3.1016,2.9688,2.9688,0
1987-09-17,2.9688,3.0156,2.9609,2.9922,0
1987-09-18,2.9922,3.0312,2.9844,3.0078,0
1987-09-21,3.0078,3.0938,2.9531,2.9688,0
1987-09-22,2.9688,3.0938,2.9219,3.0859,0
1987-09-23,3.0859,3.0938,3.0078,3.0859,0
1987-09-24,3.0703,3.0703,3.0000,3.0078,0
1987-09-25,3.0078,3.0391,2.9688,3.0078,0
1987-09-28,3.0391,3.1172,3.0391,3.0781,0
1987-09-29,3.0781,3.1016,3.0156,3.0469,0
1987-09-30,3.0469,3.0547,3.0000,3.0234,0
1987-10-01,3.0391,3.0938,3.0391,3.0938,0
1987-10-02,3.0938,3.1094,3.0469,3.0469,0
1987-10-05,3.0469,3.0547,2.9766,3.0000,0
1987-10-06,2.9922,2.9922,2.9062,2.9219,0
1987-10-07,2.9219,2.9375,2.8281,2.8594,0
1987-10-08,2.8594,2.8906,2.8125,2.8516,0
1987-10-09,2.8516,2.8750,2.8203,2.8281,0
1987-10-12,2.8281,2.8359,2.7266,2.8047,0
1987-10-13,2.8047,2.9375,2.7969,2.9297,0
1987-10-14,2.8828,2.8828,2.7344,2.7344,0
1987-10-15,2.7344,2.8203,2.7031,2.7188,0
1987-10-16,2.7188,2.7422,2.4531,2.5312,0
1987-10-19,2.5000,2.5000,1.8125,1.9062,0
1987-10-20,1.9375,2.6250,1.9375,2.2812,0
1987-10-21,2.5000,2.6250,2.5000,2.5781,0
1987-10-22,2.5469,2.5469,2.3125,2.5312,0
1987-10-23,2.5312,2.5391,2.3906,2.4844,0
1987-10-26,2.4062,2.4062,2.2500,2.2656,0
1987-10-27,2.2656,2.5078,2.2656,2.3438,0
1987-10-28,2.3438,2.5156,2.2656,2.4219,0
1987-10-29,2.4297,2.6562,2.4297,2.6250,0
1987-10-30,2.6250,2.7344,2.5312,2.5781,0
1987-11-02,2.5781,2.6172,2.5000,2.5859,0
1987-11-03,2.5469,2.5469,2.4375,2.5391,0
1987-11-04,2.5391,2.5547,2.4844,2.5000,0
1987-11-05,2.5000,2.6172,2.4766,2.5781,0
1987-11-06,2.5781,2.6484,2.4375,2.4844,0
1987-11-09,2.4609,2.4609,2.3594,2.4062,0
1987-11-10,2.4062,2.4062,2.3281,2.3516,0
1987-11-11,2.3906,2.4453,2.3906,2.3906,0
1987-11-12,2.4375,2.5078,2.4375,2.4609,0
1987-11-13,2.4609,2.4922,2.2500,2.4141,0
1987-11-16,2.4141,2.4766,2.3828,2.3984,0
1987-11-17,2.3828,2.3828,2.3203,2.3828,0
1987-11-18,2.3828,2.4531,2.3281,2.4453,0
1987-11-19,2.4453,2.4531,2.3594,2.3906,0
1987-11-20,2.3906,2.4844,2.3203,2.4844,0
1987-11-23,2.4844,2.4844,2.4219,2.4375,0
1987-11-24,2.4375,2.4609,2.4141,2.4375,0
1987-11-25,2.4375,2.4609,2.4219,2.4219,0
1987-11-27,2.4219,2.4453,2.3906,2.3906,0
1987-11-30,2.3438,2.3438,2.2656,2.3125,0
1987-12-01,2.3125,2.3594,2.3047,2.3125,0
1987-12-02,2.3125,2.3438,2.2812,2.3281,0
1987-12-03,2.3203,2.3203,2.2500,2.2656,0
1987-12-04,2.2656,2.3125,2.2266,2.2656,0
1987-12-07,2.2812,2.3594,2.2812,2.3594,0
1987-12-08,2.3594,2.4375,2.3281,2.4375,0
1987-12-09,2.4375,2.4688,2.3984,2.4609,0
1987-12-10,2.4375,2.4375,2.3750,2.3750,0
1987-12-11,2.3750,2.4297,2.3750,2.4297,0
1987-12-14,2.4375,2.5312,2.4375,2.5078,0
1987-12-15,2.5078,2.5391,2.4766,2.5391,0
1987-12-16,2.5312,2.5312,2.4531,2.5000,0
1987-12-17,2.5000,2.5000,2.4219,2.4219,0
1987-12-18,2.4375,2.5156,2.4375,2.4844,0
1987-12-21,2.4844,2.5078,2.4688,2.4844,0
1987-12-22,2.4766,2.4766,2.4219,2.4766,0
1987-12-23,2.4766,2.5156,2.4766,2.4844,0
1987-12-24,2.4844,2.4922,2.4531,2.4609,0
1987-12-28,2.4297,2.4297,2.3828,2.4141,0
1987-12-29,2.4141,2.4375,2.3438,2.3438,0
1987-12-30,2.3672,2.4219,2.3672,2.4141,0
1987-12-31,2.4141,2.4219,2.3750,2.3828,0
1988-01-04,2.3984,2.5000,2.3984,2.4922,0
1988-01-05,2.4922,2.5312,2.4375,2.4688,0
1988-01-06,2.4688,2.5000,2.4609,2.4688,0
1988-01-07,2.4688,2.5078,2.4141,2.5000,0
1988-01-08,2.5000,2.5000,2.2656,2.2812,0
1988-01-11,2.2891,2.4297,2.2891,2.3984,0
1988-01-12,2.3984,2.4062,2.3281,2.3828,0
1988-01-13,2.3828,2.3984,2.3203,2.3516,0
1988-01-14,2.3516,2.3672,2.2969,2.3516,0
1988-01-15,2.4062,2.4766,2.4062,2.4531,0
1988-01-18,2.4531,2.4609,2.4062,2.4375,0
1988-01-19,2.4375,2.4531,2.3438,2.3672,0
1988-01-20,2.3594,2.3594,2.2500,2.3125,0
1988-01-21,2.3125,2.3359,2.2500,2.2969,0
1988-01-22,2.2969,2.3359,2.2969,2.3203,0
1988-01-25,2.3203,2.3906,2.3125,2.3594,0
1988-01-26,2.3594,2.3594,2.3125,2.3125,0
1988-01-27,2.3125,2.3359,2.2344,2.2656,0
1988-01-28,2.2734,2.3359,2.2734,2.3125,0
1988-01-29,2.3125,2.3594,2.2812,2.3516,0
1988-02-01,2.3516,2.3672,2.2500,2.2656,0
1988-02-02,2.2656,2.3359,2.2500,2.3125,0
1988-02-03,2.3125,2.3203,2.2656,2.2734,0
1988-02-04,2.2734,2.2969,2.2188,2.2734,0
1988-02-05,2.2734,2.2969,2.1953,2.2188,0
1988-02-08,2.2188,2.2500,2.1875,2.2266,0
1988-02-09,2.2266,2.2578,2.2188,2.2578,0
1988-02-10,2.2578,2.2812,2.2266,2.2734,0
1988-02-11,2.2734,2.2969,2.2578,2.2969,0
1988-02-12,2.2969,2.3125,2.2734,2.2891,0
1988-02-16,2.2891,2.2891,2.2578,2.2812,0
1988-02-17,2.2969,2.3516,2.2969,2.3359,0
1988-02-18,2.3359,2.3516,2.3203,2.3203,0
1988-02-19,2.3203,2.3750,2.3203,2.3750,0
1988-02-22,2.3750,2.4141,2.3438,2.4062,0
1988-02-23,2.4062,2.4297,2.3828,2.4141,0
1988-02-24,2.4141,2.4297,2.3750,2.3750,0
1988-02-25,2.3750,2.4219,2.3203,2.3438,0
1988-02-26,2.3359,2.3359,2.2969,2.3047,0
1988-02-29,2.3047,2.3359,2.2969,2.3359,0
1988-03-01,2.3516,2.3828,2.3516,2.3750,0
1988-03-02,2.3828,2.4062,2.3828,2.3984,0
1988-03-03,2.3984,2.3984,2.3672,2.3906,0
1988-03-04,2.3906,2.3984,2.3438,2.3750,0
1988-03-07,2.3750,2.3828,2.3359,2.3594,0
1988-03-08,2.3750,2.4219,2.3750,2.4062,0
1988-03-09,2.4062,2.4141,2.3906,2.4062,0
1988-03-10,2.4062,2.4219,2.3828,2.3906,0
1988-03-11,2.3906,2.3906,2.3438,2.3828,0
1988-03-14,2.3906,2.4297,2.3906,2.4297,0
1988-03-15,2.4297,2.4297,2.3984,2.4062,0
1988-03-16,2.4219,2.4609,2.4219,2.4453,0
1988-03-17,2.4531,2.5000,2.4531,2.5000,0
1988-03-18,2.5000,2.5156,2.4844,2.4844,0
1988-03-21,2.4844,2.4844,2.4531,2.4609,0
1988-03-22,2.4609,2.4766,2.4531,2.4766,0
1988-03-23,2.4766,2.4922,2.4531,2.4844,0
1988-03-24,2.4609,2.4609,2.4297,2.4375,0
1988-03-25,2.4375,2.4453,2.3984,2.3984,0
1988-03-28,2.3984,2.3984,2.3516,2.3828,0
1988-03-29,2.3828,2.4297,2.3828,2.4297,0
1988-03-30,2.4297,2.4844,2.4062,2.4062,0
1988-03-31,2.4062,2.4219,2.3594,2.3906,0
1988-04-04,2.3828,2.3828,2.3594,2.3750,0
1988-04-05,2.3750,2.3984,2.3672,2.3828,0
1988-04-06,2.3828,2.4375,2.3828,2.4375,0
1988-04-07,2.4375,2.4453,2.3906,2.3906,0
1988-04-08,2.3906,2.4219,2.3828,2.4062,0
1988-04-11,2.4062,2.4531,2.3906,2.4531,0
1988-04-12,2.4531,2.4922,2.4375,2.4922,0
1988-04-13,2.4922,2.5078,2.4531,2.5000,0
1988-04-14,2.4609,2.4609,2.3438,2.3594,0
1988-04-15,2.3594,2.3906,2.3125,2.3828,0
1988-04-18,2.3750,2.3750,2.3281,2.3516,0
1988-04-19,2.3516,2.3906,2.3281,2.3281,0
1988-04-20,2.3281,2.3281,2.2734,2.3125,0
1988-04-21,2.3203,2.4141,2.3203,2.3359,0
1988-04-22,2.3359,2.4062,2.3359,2.3672,0
1988-04-25,2.3750,2.4531,2.3750,2.4297,0
1988-04-26,2.4297,2.4453,2.3984,2.4062,0
1988-04-27,2.4062,2.4219,2.3828,2.3906,0
1988-04-28,2.3906,2.3984,2.3672,2.3984,0
1988-04-29,2.3984,2.3984,2.3672,2.3906,0
1988-05-02,2.3906,2.4062,2.3828,2.4062,0
1988-05-03,2.4062,2.4297,2.4062,2.4297,0
1988-05-04,2.4219,2.4219,2.3828,2.3906,0
1988-05-05,2.3906,2.3906,2.3438,2.3594,0
1988-05-06,2.3594,2.3750,2.2969,2.3047,0
1988-05-09,2.3047,2.3047,2.2734,2.2969,0
1988-05-10,2.2969,2.3281,2.2969,2.3125,0
1988-05-11,2.2969,2.2969,2.2578,2.2891,0
1988-05-12,2.2891,2.3047,2.2734,2.2969,0
1988-05-13,2.3125,2.3359,2.3125,2.3203,0
1988-05-16,2.3203,2.3281,2.2891,2.3281,0
1988-05-17,2.3281,2.3516,2.2812,2.2812,0
1988-05-18,2.2812,2.2812,2.1875,2.2188,0
1988-05-19,2.2188,2.2578,2.1953,2.2344,0
1988-05-20,2.2344,2.2500,2.2266,2.2422,0
1988-05-23,2.2422,2.2500,2.2031,2.2031,0
1988-05-24,2.2031,2.2344,2.2031,2.2266,0
1988-05-25,2.2266,2.2656,2.2188,2.2422,0
1988-05-26,2.2422,2.2812,2.2422,2.2656,0
1988-05-27,2.2656,2.2656,2.2344,2.2422,0
1988-05-31,2.2578,2.3750,2.2578,2.3750,0
1988-06-01,2.3750,2.4062,2.3594,2.4062,0
1988-06-02,2.3984,2.3984,2.3672,2.3906,0
1988-06-03,2.3906,2.4219,2.3672,2.3984,0
1988-06-06,2.3984,2.4062,2.3594,2.3906,0
1988-06-07,2.3906,2.4141,2.3828,2.3828,0
1988-06-08,2.3828,2.4531,2.3828,2.4531,0
1988-06-09,2.4297,2.4297,2.3906,2.4062,0
1988-06-10,2.4062,2.4141,2.3672,2.3984,0
1988-06-13,2.3984,2.4219,2.3906,2.4062,0
1988-06-14,2.4219,2.4609,2.4219,2.4375,0
1988-06-15,2.4297,2.4297,2.4062,2.4219,0
1988-06-16,2.4062,2.4062,2.3672,2.3672,0
1988-06-17,2.3672,2.3906,2.3359,2.3906,0
1988-06-20,2.3828,2.3828,2.3438,2.3516,0
1988-06-21,2.3516,2.3906,2.3438,2.3906,0
1988-06-22,2.4141,2.4609,2.4141,2.4219,0
1988-06-23,2.4219,2.4219,2.3906,2.3984,0
1988-06-24,2.3984,2.4141,2.3984,2.3984,0
1988-06-27,2.3906,2.3906,2.3203,2.3281,0
1988-06-28,2.3281,2.3984,2.3281,2.3828,0
1988-06-29,2.3828,2.4297,2.3750,2.4062,0
1988-06-30,2.4062,2.4375,2.3984,2.4375,0
1988-07-01,2.4297,2.4297,2.3906,2.4141,0
1988-07-05,2.4141,2.4219,2.3828,2.4219,0
1988-07-06,2.4141,2.4141,2.2969,2.3672,0
1988-07-07,2.3594,2.3594,2.3047,2.3438,0
1988-07-08,2.3438,2.3516,2.2969,2.3047,0
1988-07-11,2.3047,2.3438,2.2969,2.3438,0
1988-07-12,2.3359,2.3359,2.2812,2.3047,0
1988-07-13,2.3047,2.3281,2.2656,2.3125,0
1988-07-14,2.3203,2.3438,2.3203,2.3359,0
1988-07-15,2.3438,2.3906,2.3438,2.3906,0
1988-07-18,2.3906,2.3906,2.3281,2.3438,0
1988-07-19,2.3438,2.3828,2.3125,2.3359,0
1988-07-20,2.3359,2.3672,2.3359,2.3438,0
1988-07-21,2.3438,2.3438,2.2969,2.3125,0
1988-07-22,2.3125,2.3125,2.2891,2.3047,0
1988-07-25,2.3047,2.3281,2.2969,2.3203,0
1988-07-26,2.3203,2.3516,2.3125,2.3516,0
1988-07-27,2.3516,2.3594,2.3125,2.3203,0
1988-07-28,2.3203,2.3672,2.3125,2.3594,0
1988-07-29,2.3594,2.3984,2.3438,2.3984,0
1988-08-01,2.3984,2.3984,2.3594,2.3750,0
1988-08-02,2.3750,2.3984,2.3672,2.3750,0
1988-08-03,2.3750,2.4297,2.3750,2.4297,0
1988-08-04,2.4297,2.4375,2.4062,2.4141,0
1988-08-05,2.4141,2.4219,2.3828,2.3906,0
1988-08-08,2.3906,2.4219,2.3906,2.3906,0
1988-08-09,2.3906,2.3984,2.3438,2.3594,0
1988-08-10,2.3594,2.3594,2.3125,2.3359,0
1988-08-11,2.3359,2.3359,2.3125,2.3359,0
1988-08-12,2.3359,2.3438,2.3203,2.3438,0
1988-08-15,2.3438,2.3594,2.3203,2.3203,0
1988-08-16,2.3203,2.4141,2.3203,2.3750,0
1988-08-17,2.3750,2.4297,2.3672,2.4062,0
1988-08-18,2.4062,2.4531,2.4062,2.4219,0
1988-08-19,2.4219,2.4375,2.4141,2.4219,0
1988-08-22,2.4219,2.4297,2.4062,2.4062,0
1988-08-23,2.4219,2.4531,2.4219,2.4453,0
1988-08-24,2.4453,2.4609,2.4297,2.4531,0
1988-08-25,2.4531,2.4531,2.4219,2.4453,0
1988-08-26,2.4453,2.4844,2.4375,2.4844,0
1988-08-29,2.4844,2.5234,2.4766,2.5156,0
1988-08-30,2.5156,2.5234,2.4922,2.5156,0
1988-08-31,2.5156,2.5391,2.5000,2.5000,0
1988-09-01,2.4922,2.4922,2.4609,2.4688,0
1988-09-02,2.4844,2.5703,2.4844,2.5625,0
1988-09-06,2.5625,2.6016,2.5625,2.5859,0
1988-09-07,2.5859,2.6094,2.5703,2.6016,0
1988-09-08,2.6016,2.6484,2.5938,2.6250,0
1988-09-09,2.6250,2.6250,2.5703,2.6172,0
1988-09-12,2.6172,2.6406,2.6094,2.6250,0
1988-09-13,2.6250,2.6328,2.5859,2.6328,0
1988-09-14,2.6328,2.6797,2.6250,2.6328,0
1988-09-15,2.6328,2.6406,2.6172,2.6328,0
1988-09-16,2.6328,2.6797,2.6172,2.6719,0
1988-09-19,2.6641,2.6641,2.6250,2.6406,0
1988-09-20,2.6406,2.6484,2.6250,2.6484,0
1988-09-21,2.6484,2.6875,2.6484,2.6875,0
1988-09-22,2.6875,2.7109,2.6406,2.6562,0
1988-09-23,2.6562,2.7188,2.6406,2.7188,0
1988-09-26,2.7109,2.7109,2.6797,2.6953,0
1988-09-27,2.6953,2.6953,2.6562,2.6875,0
1988-09-28,2.6875,2.7031,2.6641,2.7031,0
1988-09-29,2.7031,2.7734,2.6953,2.7578,0
1988-09-30,2.7578,2.7734,2.7188,2.7344,0
1988-10-03,2.7188,2.7188,2.6641,2.6953,0
1988-10-04,2.6953,2.6953,2.6562,2.6719,0
1988-10-05,2.6719,2.6953,2.6641,2.6719,0
1988-10-06,2.6719,2.7188,2.6484,2.6484,0
1988-10-07,2.6641,2.7422,2.6641,2.7344,0
1988-10-10,2.7266,2.7266,2.6875,2.7031,0
1988-10-11,2.7031,2.7031,2.6641,2.7031,0
1988-10-12,2.6797,2.6797,2.6328,2.6562,0
1988-10-13,2.6562,2.6719,2.6406,2.6562,0
1988-10-14,2.6562,2.7031,2.6250,2.6484,0
1988-10-17,2.6484,2.6641,2.6328,2.6406,0
1988-10-18,2.6406,2.6797,2.6406,2.6719,0
1988-10-19,2.6719,2.7031,2.6094,2.6484,0
1988-10-20,2.6484,2.7656,2.6406,2.7500,0
1988-10-21,2.7500,2.7734,2.7188,2.7656,0
1988-10-24,2.7656,2.7734,2.7266,2.7500,0
1988-10-25,2.7500,2.7812,2.7500,2.7812,0
1988-10-26,2.7734,2.7734,2.7266,2.7344,0
1988-10-27,2.7266,2.7266,2.6641,2.6797,0
1988-10-28,2.6797,2.6953,2.6719,2.6797,0
1988-10-31,2.6797,2.7109,2.6719,2.6953,0
1988-11-01,2.6953,2.7188,2.6953,2.7188,0
1988-11-02,2.7188,2.7422,2.7109,2.7422,0
1988-11-03,2.7422,2.7422,2.7188,2.7266,0
1988-11-04,2.7266,2.7344,2.6953,2.7031,0
1988-11-07,2.7031,2.7031,2.6562,2.6562,0
1988-11-08,2.6641,2.6953,2.6641,2.6719,0
1988-11-09,2.6719,2.6719,2.6250,2.6406,0
1988-11-10,2.6406,2.6641,2.6406,2.6406,0
1988-11-11,2.6328,2.6328,2.5625,2.6016,0
1988-11-14,2.6016,2.6172,2.5625,2.6016,0
1988-11-15,2.6016,2.6484,2.6016,2.6406,0
1988-11-16,2.6406,2.6406,2.5547,2.5859,0
1988-11-17,2.5938,2.6250,2.5938,2.5938,0
1988-11-18,2.5938,2.6406,2.5938,2.6250,0
1988-11-21,2.6250,2.6328,2.5938,2.6328,0
1988-11-22,2.6328,2.6562,2.6094,2.6484,0
1988-11-23,2.6562,2.6953,2.6562,2.6875,0
1988-11-25,2.6172,2.6172,2.5938,2.6094,0
1988-11-28,2.6094,2.6406,2.6094,2.6250,0
1988-11-29,2.6250,2.7188,2.6250,2.6875,0
1988-11-30,2.6875,2.7344,2.6797,2.7109,0
1988-12-01,2.7109,2.7109,2.6641,2.6641,0
1988-12-02,2.6641,2.6875,2.6484,2.6875,0
1988-12-05,2.6875,2.7422,2.6797,2.7344,0
1988-12-06,2.7344,2.7734,2.7188,2.7734,0
1988-12-07,2.7734,2.7812,2.7422,2.7656,0
1988-12-08,2.7656,2.7656,2.7422,2.7500,0
1988-12-09,2.7500,2.8047,2.7422,2.7656,0
1988-12-12,2.7656,2.7891,2.7500,2.7500,0
1988-12-13,2.7500,2.7812,2.7344,2.7812,0
1988-12-14,2.7734,2.7734,2.7422,2.7500,0
1988-12-15,2.7500,2.7734,2.7422,2.7578,0
1988-12-16,2.7578,2.7656,2.7500,2.7656,0
1988-12-19,2.7656,2.8203,2.7656,2.8125,0
1988-12-20,2.8125,2.8281,2.7656,2.7812,0
1988-12-21,2.7812,2.7812,2.7500,2.7734,0
1988-12-22,2.7734,2.7891,2.7656,2.7734,0
1988-12-23,2.7734,2.7969,2.7734,2.7969,0
1988-12-27,2.7969,2.8047,2.7812,2.7812,0
1988-12-28,2.7812,2.7891,2.7812,2.7812,0
1988-12-29,2.7812,2.7969,2.7812,2.7891,0
1988-12-30,2.7891,2.8047,2.7734,2.7891,0
1989-01-03,2.7734,2.7734,2.7109,2.7188,0
1989-01-04,2.7422,2.8125,2.7422,2.7891,0
1989-01-05,2.7891,2.8438,2.7891,2.8359,0
1989-01-06,2.8359,2.8516,2.8125,2.8125,0
1989-01-09,2.8125,2.8203,2.7969,2.8125,0
1989-01-10,2.8125,2.8203,2.7734,2.7812,0
1989-01-11,2.7812,2.7969,2.7656,2.7812,0
1989-01-12,2.7812,2.8203,2.7734,2.7969,0
1989-01-13,2.7969,2.7969,2.7734,2.7812,0
1989-01-16,2.7812,2.7891,2.7656,2.7812,0
1989-01-17,2.7812,2.7891,2.7656,2.7812,0
1989-01-18,2.7812,2.8047,2.7734,2.8047,0
1989-01-19,2.8047,2.8203,2.7891,2.8125,0
1989-01-20,2.8125,2.8203,2.7969,2.8125,0
1989-01-23,2.8125,2.8438,2.7969,2.8047,0
1989-01-24,2.8047,2.8516,2.7969,2.8281,0
1989-01-25,2.8281,2.8516,2.8125,2.8359,0
1989-01-26,2.8359,2.8672,2.8203,2.8594,0
1989-01-27,2.8594,2.8984,2.8594,2.8750,0
1989-01-30,2.8750,2.8984,2.8672,2.8984,0
1989-01-31,2.8984,2.9297,2.8750,2.9219,0
1989-02-01,2.9219,2.9297,2.8984,2.9297,0
1989-02-02,2.9297,2.9375,2.9062,2.9297,0
1989-02-03,2.9297,2.9531,2.9141,2.9375,0
1989-02-06,2.9375,2.9922,2.9297,2.9688,0
1989-02-07,2.9688,3.0312,2.9688,3.0000,0
1989-02-08,3.0000,3.0391,2.9922,3.0156,0
1989-02-09,3.0156,3.0156,2.9609,2.9844,0
1989-02-10,2.9766,2.9766,2.9297,2.9297,0
1989-02-13,2.9297,2.9609,2.9219,2.9375,0
1989-02-14,2.9375,2.9688,2.9141,2.9219,0
1989-02-15,2.9219,2.9844,2.9062,2.9766,0
1989-02-16,2.9922,3.0156,2.9922,3.0000,0
1989-02-17,3.0000,3.0703,3.0000,3.0625,0
1989-02-21,3.0625,3.0703,3.0000,3.0000,0
1989-02-22,3.0000,3.0078,2.9219,2.9297,0
1989-02-23,2.9297,2.9531,2.9141,2.9531,0
1989-02-24,2.9531,2.9531,2.9062,2.9062,0
1989-02-27,2.9062,2.9531,2.9062,2.9297,0
1989-02-28,2.9297,2.9922,2.9297,2.9844,0
1989-03-01,2.9844,3.0391,2.9844,3.0000,0
1989-03-02,3.0000,3.0391,3.0000,3.0234,0
1989-03-03,3.0234,3.0391,3.0156,3.0391,0
1989-03-06,3.0469,3.0859,3.0469,3.0781,0
1989-03-07,3.0781,3.0938,3.0547,3.0625,0
1989-03-08,3.0625,3.1250,3.0625,3.1094,0
1989-03-09,3.0859,3.0859,3.0391,3.0625,0
1989-03-10,3.0625,3.0625,3.0234,3.0469,0
1989-03-13,3.0547,3.1484,3.0547,3.1250,0
1989-03-14,3.1250,3.1484,3.1172,3.1406,0
1989-03-15,3.1406,3.2188,3.1328,3.2188,0
1989-03-16,3.2188,3.2422,3.1719,3.2344,0
1989-03-17,3.2344,3.2344,3.1250,3.1719,0
1989-03-20,3.1641,3.1641,3.0859,3.1172,0
1989-03-21,3.1172,3.1406,3.1172,3.1250,0
1989-03-22,3.1406,3.1797,3.1406,3.1719,0
1989-03-23,3.1719,3.1797,3.1406,3.1406,0
1989-03-27,3.1406,3.1797,3.1250,3.1641,0
1989-03-28,3.1641,3.1953,3.1562,3.1719,0
1989-03-29,3.1719,3.1953,3.1562,3.1797,0
1989-03-30,3.1797,3.1953,3.1406,3.1641,0
1989-03-31,3.1641,3.2031,3.1641,3.2031,0
1989-04-03,3.2031,3.2422,3.1797,3.2422,0
1989-04-04,3.2422,3.3047,3.1953,3.2969,0
1989-04-05,3.2969,3.3125,3.2812,3.3047,0
1989-04-06,3.3047,3.3125,3.2969,3.3125,0
1989-04-07,3.3125,3.3359,3.2969,3.3359,0
1989-04-10,3.3359,3.3672,3.2969,3.3125,0
1989-04-11,3.3125,3.3281,3.3047,3.3047,0
1989-04-12,3.3047,3.3125,3.2422,3.2422,0
1989-04-13,3.2422,3.2500,3.1562,3.1641,0
1989-04-14,3.1719,3.2500,3.1719,3.2500,0
1989-04-17,3.2500,3.2812,3.2266,3.2500,0
1989-04-18,3.2891,3.3359,3.2891,3.3125,0
1989-04-19,3.3125,3.3203,3.2891,3.2969,0
1989-04-20,3.2969,3.3047,3.2344,3.2656,0
1989-04-21,3.2656,3.3359,3.2656,3.3125,0
1989-04-24,3.3125,3.3594,3.3125,3.3359,0
1989-04-25,3.3359,3.3672,3.3359,3.3438,0
1989-04-26,3.3438,3.3672,3.3359,3.3516,0
1989-04-27,3.3516,3.3828,3.3438,3.3672,0
1989-04-28,3.3672,3.3984,3.3594,3.3906,0
1989-05-01,3.3906,3.4297,3.3516,3.4219,0
1989-05-02,3.4375,3.4922,3.4375,3.4609,0
1989-05-03,3.4531,3.4531,3.4219,3.4297,0
1989-05-04,3.4297,3.4297,3.3750,3.3984,0
1989-05-05,3.3984,3.4453,3.3828,3.3906,0
1989-05-08,3.3906,3.4297,3.3750,3.4297,0
1989-05-09,3.4297,3.4609,3.4141,3.4375,0
1989-05-10,3.4375,3.4375,3.4062,3.4062,0
1989-05-11,3.4062,3.4219,3.3828,3.3828,0
1989-05-12,3.3828,3.5234,3.3750,3.5234,0
1989-05-15,3.5234,3.5234,3.4922,3.5234,0
1989-05-16,3.5234,3.5547,3.5000,3.5469,0
1989-05-17,3.5469,3.6250,3.5391,3.5938,0
1989-05-18,3.5938,3.6797,3.5938,3.6406,0
1989-05-19,3.6562,3.7188,3.6562,3.7031,0
1989-05-22,3.7031,3.7578,3.6797,3.7344,0
1989-05-23,3.7188,3.7188,3.5781,3.5938,0
1989-05-24,3.5938,3.6484,3.5781,3.6094,0
1989-05-25,3.6094,3.6562,3.5859,3.6250,0
1989-05-26,3.6250,3.6641,3.6250,3.6484,0
1989-05-30,3.6484,3.6719,3.5312,3.5625,0
1989-05-31,3.5625,3.6328,3.5547,3.6094,0
1989-06-01,3.6094,3.6484,3.5859,3.6250,0
1989-06-02,3.6328,3.7109,3.6328,3.7109,0
1989-06-05,3.7109,3.7109,3.6328,3.6328,0
1989-06-06,3.6328,3.6562,3.5391,3.5938,0
1989-06-07,3.6016,3.6406,3.6016,3.6250,0
1989-06-08,3.6250,3.6328,3.5781,3.5938,0
1989-06-09,3.5938,3.6172,3.5703,3.5781,0
1989-06-12,3.5703,3.5703,3.5234,3.5547,0
1989-06-13,3.5547,3.5547,3.5078,3.5078,0
1989-06-14,3.5078,3.5312,3.4844,3.5078,0
1989-06-15,3.5078,3.5234,3.4375,3.4688,0
1989-06-16,3.4766,3.5156,3.4766,3.5078,0
1989-06-19,3.5078,3.5234,3.5000,3.5234,0
1989-06-20,3.5234,3.5547,3.5234,3.5312,0
1989-06-21,3.5312,3.5625,3.5078,3.5156,0
1989-06-22,3.5156,3.5859,3.5156,3.5781,0
1989-06-23,3.6406,3.7422,3.6406,3.7422,0
1989-06-26,3.7266,3.7266,3.6641,3.6797,0
1989-06-27,3.6875,3.7188,3.6875,3.6953,0
1989-06-28,3.6953,3.6953,3.6328,3.6562,0
1989-06-29,3.6484,3.6484,3.5625,3.5781,0
