Date,Open,High,Low,Close,Volume
1970-06-01,0.2706,0.2922,0.2706,0.2922,0
1970-06-02,0.2922,0.3025,0.2809,0.3014,0
1970-06-03,0.3014,0.3014,0.2922,0.3014,0
1970-06-04,0.2994,0.2994,0.2932,0.2963,0
1970-06-05,0.2901,0.2901,0.2788,0.2870,0
1970-06-08,0.2819,0.2819,0.2757,0.2778,0
1970-06-09,0.2778,0.2778,0.2685,0.2767,0
1970-06-10,0.2747,0.2747,0.2551,0.2613,0
1970-06-11,0.2613,0.2634,0.2531,0.2531,0
1970-06-12,0.2531,0.2685,0.2531,0.2685,0
1970-06-15,0.2685,0.2737,0.2675,0.2737,0
1970-06-16,0.2737,0.2757,0.2716,0.2726,0
1970-06-17,0.2726,0.2767,0.2706,0.2726,0
1970-06-18,0.2726,0.2788,0.2695,0.2788,0
1970-06-19,0.2788,0.2922,0.2778,0.2912,0
1970-06-22,0.2912,0.2912,0.2870,0.2891,0
1970-06-23,0.2870,0.2870,0.2778,0.2788,0
1970-06-24,0.2788,0.2840,0.2634,0.2644,0
1970-06-25,0.2644,0.2716,0.2634,0.2685,0
1970-06-26,0.2685,0.2737,0.2675,0.2675,0
1970-06-29,0.2675,0.2757,0.2665,0.2757,0
1970-06-30,0.2757,0.2819,0.2716,0.2747,0
1970-07-01,0.2747,0.2798,0.2695,0.2737,0
1970-07-02,0.2737,0.2767,0.2716,0.2726,0
1970-07-06,0.2716,0.2716,0.2634,0.2654,0
1970-07-07,0.2654,0.2654,0.2613,0.2623,0
1970-07-08,0.2623,0.2706,0.2623,0.2695,0
1970-07-09,0.2716,0.2870,0.2716,0.2829,0
1970-07-10,0.2829,0.2870,0.2798,0.2829,0
1970-07-13,0.2829,0.2840,0.2798,0.2798,0
1970-07-14,0.2778,0.2778,0.2675,0.2737,0
1970-07-15,0.2737,0.2819,0.2695,0.2819,0
1970-07-16,0.2819,0.3045,0.2819,0.2963,0
1970-07-17,0.2973,0.3086,0.2973,0.3045,0
1970-07-20,0.3045,0.3097,0.3025,0.3045,0
1970-07-21,0.3045,0.3045,0.3004,0.3004,0
1970-07-22,0.3004,0.3086,0.2942,0.3014,0
1970-07-23,0.3014,0.3066,0.3014,0.3066,0
1970-07-24,0.3066,0.3066,0.3025,0.3045,0
1970-07-27,0.3045,0.3086,0.3025,0.3076,0
1970-07-28,0.3076,0.3107,0.3045,0.3097,0
1970-07-29,0.3117,0.3210,0.3117,0.3158,0
1970-07-30,0.3158,0.3169,0.3128,0.3169,0
1970-07-31,0.3158,0.3158,0.2984,0.2984,0
1970-08-03,0.2984,0.2984,0.2850,0.2901,0
1970-08-04,0.2870,0.2870,0.2726,0.2798,0
1970-08-05,0.2798,0.2819,0.2634,0.2675,0
1970-08-06,0.2675,0.2695,0.2634,0.2665,0
1970-08-07,0.2665,0.2757,0.2634,0.2726,0
1970-08-10,0.2726,0.2747,0.2675,0.2675,0
1970-08-11,0.2675,0.2675,0.2613,0.2675,0
1970-08-12,0.2675,0.2695,0.2623,0.2623,0
1970-08-13,0.2623,0.2634,0.2551,0.2562,0
1970-08-14,0.2551,0.2551,0.2490,0.2510,0
1970-08-17,0.2510,0.2551,0.2438,0.2438,0
1970-08-18,0.2449,0.2521,0.2449,0.2510,0
1970-08-19,0.2551,0.2593,0.2551,0.2572,0
1970-08-20,0.2572,0.2593,0.2510,0.2572,0
1970-08-21,0.2572,0.2798,0.2572,0.2798,0
1970-08-24,0.2860,0.2953,0.2860,0.2901,0
1970-08-25,0.2901,0.3045,0.2901,0.3035,0
1970-08-26,0.3035,0.3076,0.2994,0.3004,0
1970-08-27,0.2994,0.2994,0.2942,0.2953,0
1970-08-28,0.2953,0.2984,0.2881,0.2963,0
1970-08-31,0.2963,0.2984,0.2891,0.2922,0
1970-09-01,0.2922,0.2953,0.2901,0.2922,0
1970-09-02,0.2922,0.2932,0.2901,0.2932,0
1970-09-03,0.2953,0.3076,0.2953,0.3066,0
1970-09-04,0.3066,0.3117,0.3045,0.3045,0
1970-09-08,0.3045,0.3189,0.3045,0.3189,0
1970-09-09,0.3189,0.3251,0.3169,0.3200,0
1970-09-10,0.3200,0.3230,0.3158,0.3220,0
1970-09-11,0.3220,0.3416,0.3210,0.3323,0
1970-09-14,0.3323,0.3405,0.3313,0.3313,0
1970-09-15,0.3292,0.3292,0.3230,0.3282,0
1970-09-16,0.3282,0.3323,0.3251,0.3302,0
1970-09-17,0.3302,0.3333,0.3272,0.3272,0
1970-09-18,0.3292,0.3405,0.3292,0.3374,0
1970-09-21,0.3374,0.3416,0.3333,0.3364,0
1970-09-22,0.3323,0.3323,0.3220,0.3292,0
1970-09-23,0.3292,0.3374,0.3241,0.3354,0
1970-09-24,0.3354,0.3457,0.3354,0.3405,0
1970-09-25,0.3405,0.3457,0.3405,0.3426,0
1970-09-28,0.3426,0.3447,0.3333,0.3436,0
1970-09-29,0.3436,0.3560,0.3364,0.3529,0
1970-09-30,0.3529,0.3580,0.3488,0.3539,0
1970-10-01,0.3539,0.3539,0.3436,0.3488,0
1970-10-02,0.3488,0.3539,0.3467,0.3539,0
1970-10-05,0.3539,0.3549,0.3436,0.3498,0
1970-10-06,0.3498,0.3539,0.3416,0.3498,0
1970-10-07,0.3457,0.3457,0.3405,0.3405,0
1970-10-08,0.3395,0.3395,0.3313,0.3313,0
1970-10-09,0.3313,0.3333,0.3272,0.3292,0
1970-10-12,0.3292,0.3333,0.3292,0.3313,0
1970-10-13,0.3344,0.3395,0.3344,0.3395,0
1970-10-14,0.3405,0.3467,0.3405,0.3426,0
1970-10-15,0.3447,0.3529,0.3447,0.3519,0
1970-10-16,0.3519,0.3529,0.3457,0.3457,0
1970-10-19,0.3426,0.3426,0.3354,0.3374,0
1970-10-20,0.3374,0.3447,0.3333,0.3447,0
1970-10-21,0.3447,0.3488,0.3436,0.3457,0
1970-10-22,0.3477,0.3539,0.3477,0.3508,0
1970-10-23,0.3519,0.3549,0.3519,0.3539,0
1970-10-26,0.3539,0.3570,0.3539,0.3549,0
1970-10-27,0.3549,0.3570,0.3529,0.3529,0
1970-10-28,0.3529,0.3570,0.3529,0.3549,0
1970-10-29,0.3549,0.3580,0.3529,0.3539,0
1970-10-30,0.3539,0.3539,0.3508,0.3508,0
1970-11-02,0.3477,0.3477,0.3405,0.3436,0
1970-11-03,0.3436,0.3457,0.3333,0.3374,0
1970-11-04,0.3457,0.3529,0.3457,0.3498,0
1970-11-05,0.3488,0.3488,0.3457,0.3467,0
1970-11-06,0.3457,0.3457,0.3344,0.3364,0
1970-11-09,0.3364,0.3374,0.3302,0.3333,0
1970-11-10,0.3333,0.3374,0.3302,0.3344,0
1970-11-11,0.3344,0.3395,0.3313,0.3323,0
1970-11-12,0.3323,0.3323,0.3251,0.3261,0
1970-11-13,0.3261,0.3272,0.3241,0.3241,0
1970-11-16,0.3158,0.3158,0.3097,0.3117,0
1970-11-17,0.3128,0.3272,0.3128,0.3179,0
1970-11-18,0.3128,0.3128,0.3086,0.3086,0
1970-11-19,0.3086,0.3138,0.3086,0.3128,0
1970-11-20,0.3128,0.3241,0.3107,0.3241,0
1970-11-23,0.3241,0.3333,0.3158,0.3302,0
1970-11-24,0.3302,0.3344,0.3251,0.3313,0
1970-11-25,0.3313,0.3344,0.3302,0.3323,0
1970-11-27,0.3323,0.3436,0.3302,0.3436,0
1970-11-30,0.3498,0.3580,0.3498,0.3570,0
1970-12-01,0.3570,0.3632,0.3539,0.3539,0
1970-12-02,0.3539,0.3601,0.3488,0.3601,0
1970-12-03,0.3601,0.3621,0.3549,0.3611,0
1970-12-04,0.3611,0.3663,0.3549,0.3663,0
1970-12-07,0.3663,0.3693,0.3560,0.3591,0
1970-12-08,0.3591,0.3683,0.3580,0.3683,0
1970-12-09,0.3683,0.3683,0.3621,0.3621,0
1970-12-10,0.3621,0.3632,0.3601,0.3611,0
1970-12-11,0.3611,0.3621,0.3601,0.3611,0
1970-12-14,0.3611,0.3663,0.3611,0.3642,0
1970-12-15,0.3642,0.3663,0.3621,0.3652,0
1970-12-16,0.3652,0.3663,0.3632,0.3663,0
1970-12-17,0.3663,0.3765,0.3652,0.3755,0
1970-12-18,0.3765,0.3817,0.3765,0.3796,0
1970-12-21,0.3796,0.3817,0.3745,0.3745,0
1970-12-22,0.3745,0.3786,0.3632,0.3663,0
1970-12-23,0.3663,0.3735,0.3621,0.3735,0
1970-12-24,0.3735,0.3755,0.3673,0.3755,0
1970-12-28,0.3755,0.3776,0.3683,0.3704,0
1970-12-29,0.3704,0.3786,0.3693,0.3786,0
1970-12-30,0.3786,0.3827,0.3786,0.3817,0
1970-12-31,0.3817,0.3817,0.3765,0.3817,0
1971-01-04,0.3786,0.3786,0.3673,0.3673,0
1971-01-05,0.3683,0.3745,0.3683,0.3724,0
1971-01-06,0.3724,0.3735,0.3704,0.3704,0
1971-01-07,0.3704,0.3714,0.3693,0.3693,0
1971-01-08,0.3693,0.3714,0.3642,0.3652,0
1971-01-11,0.3652,0.3683,0.3642,0.3683,0
1971-01-12,0.3704,0.3776,0.3704,0.3745,0
1971-01-13,0.3745,0.3807,0.3745,0.3755,0
1971-01-14,0.3755,0.3786,0.3745,0.3786,0
1971-01-15,0.3786,0.3827,0.3745,0.3807,0
1971-01-18,0.3807,0.3940,0.3807,0.3930,0
1971-01-19,0.3930,0.3971,0.3909,0.3940,0
1971-01-20,0.3940,0.3992,0.3920,0.3961,0
1971-01-21,0.3961,0.4023,0.3909,0.4023,0
1971-01-22,0.4084,0.4156,0.4084,0.4105,0
1971-01-25,0.4105,0.4177,0.4074,0.4115,0
1971-01-26,0.4115,0.4167,0.4115,0.4156,0
1971-01-27,0.4115,0.4115,0.4074,0.4074,0
1971-01-28,0.4074,0.4105,0.4053,0.4084,0
1971-01-29,0.4095,0.4198,0.4095,0.4198,0
1971-02-01,0.4198,0.4198,0.4156,0.4198,0
1971-02-02,0.4198,0.4218,0.4167,0.4218,0
1971-02-03,0.4218,0.4239,0.4187,0.4239,0
1971-02-04,0.4239,0.4270,0.4228,0.4259,0
1971-02-05,0.4259,0.4424,0.4249,0.4424,0
1971-02-08,0.4424,0.4434,0.4352,0.4434,0
1971-02-09,0.4434,0.4444,0.4383,0.4383,0
1971-02-10,0.4383,0.4424,0.4218,0.4403,0
1971-02-11,0.4403,0.4434,0.4372,0.4393,0
1971-02-12,0.4393,0.4424,0.4383,0.4424,0
1971-02-16,0.4424,0.4434,0.4393,0.4403,0
1971-02-17,0.4403,0.4475,0.4403,0.4475,0
1971-02-18,0.4475,0.4506,0.4444,0.4455,0
1971-02-19,0.4455,0.4455,0.4383,0.4434,0
1971-02-22,0.4414,0.4414,0.4362,0.4362,0
1971-02-23,0.4362,0.4434,0.4249,0.4434,0
1971-02-24,0.4455,0.4537,0.4455,0.4506,0
1971-02-25,0.4506,0.4527,0.4486,0.4506,0
1971-02-26,0.4506,0.4599,0.4496,0.4568,0
1971-03-01,0.4568,0.4753,0.4527,0.4753,0
1971-03-02,0.4753,0.4794,0.4712,0.4794,0
1971-03-03,0.4794,0.4815,0.4763,0.4774,0
1971-03-04,0.4774,0.4877,0.4691,0.4846,0
1971-03-05,0.4856,0.4918,0.4856,0.4887,0
1971-03-08,0.4907,0.5041,0.4907,0.5021,0
1971-03-09,0.5062,0.5298,0.5062,0.5195,0
1971-03-10,0.5195,0.5309,0.5195,0.5195,0
1971-03-11,0.5195,0.5247,0.5021,0.5041,0
1971-03-12,0.5041,0.5041,0.4990,0.5041,0
1971-03-15,0.5041,0.5237,0.5031,0.5216,0
1971-03-16,0.5216,0.5288,0.5206,0.5247,0
1971-03-17,0.5247,0.5288,0.5216,0.5288,0
1971-03-18,0.5288,0.5309,0.5247,0.5257,0
1971-03-19,0.5257,0.5370,0.5247,0.5370,0
1971-03-22,0.5370,0.5412,0.5329,0.5370,0
1971-03-23,0.5370,0.5422,0.5319,0.5422,0
1971-03-24,0.5391,0.5391,0.5288,0.5288,0
1971-03-25,0.5288,0.5360,0.5267,0.5329,0
1971-03-26,0.5329,0.5432,0.5329,0.5432,0
1971-03-29,0.5453,0.5597,0.5453,0.5556,0
1971-03-30,0.5556,0.5741,0.5535,0.5597,0
1971-03-31,0.5597,0.5679,0.5556,0.5638,0
1971-04-01,0.5638,0.5648,0.5566,0.5638,0
1971-04-02,0.5638,0.5751,0.5638,0.5751,0
1971-04-05,0.5751,0.5802,0.5720,0.5772,0
1971-04-06,0.5772,0.5782,0.5679,0.5679,0
1971-04-07,0.5679,0.5864,0.5669,0.5782,0
1971-04-08,0.5782,0.5833,0.5761,0.5833,0
1971-04-12,0.5844,0.5936,0.5844,0.5905,0
1971-04-13,0.5905,0.6029,0.5905,0.6029,0
1971-04-14,0.6008,0.6008,0.5967,0.5998,0
1971-04-15,0.5998,0.6029,0.5905,0.5916,0
1971-04-16,0.5916,0.5926,0.5854,0.5926,0
1971-04-19,0.5926,0.6080,0.5926,0.6060,0
1971-04-20,0.6060,0.6111,0.5988,0.5998,0
1971-04-21,0.5998,0.6049,0.5946,0.6039,0
1971-04-22,0.6008,0.6008,0.5967,0.5967,0
1971-04-23,0.5967,0.5998,0.5946,0.5967,0
1971-04-26,0.5967,0.6132,0.5957,0.6132,0
1971-04-27,0.6132,0.6193,0.6070,0.6173,0
1971-04-28,0.6173,0.6358,0.6173,0.6317,0
1971-04-29,0.6317,0.6379,0.6214,0.6224,0
1971-04-30,0.6214,0.6214,0.6132,0.6173,0
1971-05-03,0.6173,0.6173,0.6091,0.6173,0
1971-05-04,0.6173,0.6173,0.6132,0.6173,0
1971-05-05,0.6152,0.6152,0.6091,0.6111,0
1971-05-06,0.6142,0.6235,0.6142,0.6235,0
1971-05-07,0.6235,0.6235,0.6183,0.6214,0
1971-05-10,0.6193,0.6193,0.6039,0.6101,0
1971-05-11,0.6101,0.6163,0.6101,0.6142,0
1971-05-12,0.6142,0.6245,0.6111,0.6214,0
1971-05-13,0.6255,0.6420,0.6255,0.6399,0
1971-05-14,0.6461,0.6646,0.6461,0.6574,0
1971-05-17,0.6574,0.6574,0.6337,0.6358,0
1971-05-18,0.6358,0.6389,0.6235,0.6358,0
1971-05-19,0.6358,0.6399,0.6337,0.6399,0
1971-05-20,0.6399,0.6420,0.6358,0.6389,0
1971-05-21,0.6389,0.6399,0.6348,0.6368,0
1971-05-24,0.6368,0.6399,0.6368,0.6379,0
1971-05-25,0.6379,0.6409,0.6348,0.6409,0
1971-05-26,0.6409,0.6420,0.6389,0.6420,0
1971-05-27,0.6420,0.6461,0.6399,0.6461,0
1971-05-28,0.6461,0.6502,0.6440,0.6502,0
1971-06-01,0.6502,0.6584,0.6502,0.6584,0
1971-06-02,0.6667,0.6872,0.6667,0.6872,0
1971-06-03,0.6872,0.7119,0.6831,0.7119,0
1971-06-04,0.7068,0.7068,0.6811,0.6852,0
1971-06-07,0.6852,0.6893,0.6852,0.6872,0
1971-06-08,0.6872,0.6944,0.6790,0.6790,0
1971-06-09,0.6780,0.6780,0.6687,0.6749,0
1971-06-10,0.6749,0.6862,0.6728,0.6862,0
1971-06-11,0.6821,0.6821,0.6728,0.6821,0
1971-06-14,0.6852,0.6852,0.6744,0.6852,0
1971-06-15,0.6852,0.7083,0.6806,0.7083,0
1971-06-16,0.7099,0.7407,0.7099,0.7253,0
1971-06-17,0.7253,0.7315,0.7191,0.7222,0
1971-06-18,0.7222,0.7222,0.6667,0.6836,0
1971-06-21,0.6790,0.6790,0.6420,0.6497,0
1971-06-22,0.6497,0.6883,0.6420,0.6620,0
1971-06-23,0.6636,0.6790,0.6636,0.6744,0
1971-06-24,0.6790,0.6914,0.6790,0.6852,0
1971-06-25,0.6914,0.7191,0.6914,0.7191,0
1971-06-28,0.7191,0.7253,0.7130,0.7238,0
1971-06-29,0.7284,0.7500,0.7284,0.7407,0
1971-06-30,0.7407,0.7407,0.7222,0.7377,0
1971-07-01,0.7315,0.7315,0.7222,0.7284,0
1971-07-02,0.7284,0.7315,0.7238,0.7284,0
1971-07-06,0.7299,0.7377,0.7299,0.7346,0
1971-07-07,0.7346,0.7407,0.7284,0.7392,0
1971-07-08,0.7392,0.7407,0.7346,0.7346,0
1971-07-09,0.7346,0.7377,0.7284,0.7299,0
1971-07-12,0.7299,0.7361,0.7299,0.7330,0
1971-07-13,0.7330,0.7330,0.7207,0.7207,0
1971-07-14,0.7191,0.7191,0.6883,0.7037,0
1971-07-15,0.7037,0.7068,0.6944,0.6975,0
1971-07-16,0.6975,0.7083,0.6852,0.6944,0
1971-07-19,0.6944,0.7037,0.6944,0.7037,0
1971-07-20,0.7037,0.7099,0.7037,0.7037,0
1971-07-21,0.7052,0.7176,0.7052,0.7176,0
1971-07-22,0.7176,0.7176,0.7160,0.7160,0
1971-07-23,0.7037,0.7037,0.6883,0.6944,0
1971-07-26,0.6914,0.6914,0.6713,0.6790,0
1971-07-27,0.6806,0.6929,0.6806,0.6821,0
1971-07-28,0.6821,0.6836,0.6759,0.6759,0
1971-07-29,0.6759,0.6775,0.6605,0.6682,0
1971-07-30,0.6682,0.6728,0.6620,0.6667,0
1971-08-02,0.6667,0.6914,0.6667,0.6914,0
1971-08-03,0.6914,0.6914,0.6682,0.6682,0
1971-08-04,0.6682,0.6790,0.6512,0.6528,0
1971-08-05,0.6528,0.6698,0.6512,0.6620,0
1971-08-06,0.6620,0.6790,0.6620,0.6790,0
1971-08-09,0.6852,0.6991,0.6852,0.6960,0
1971-08-10,0.6960,0.7068,0.6898,0.7022,0
1971-08-11,0.7022,0.7160,0.7006,0.7160,0
1971-08-12,0.7160,0.7238,0.7130,0.7130,0
1971-08-13,0.7130,0.7207,0.7099,0.7099,0
1971-08-16,0.7284,0.7500,0.7284,0.7330,0
1971-08-17,0.7330,0.7438,0.7238,0.7392,0
1971-08-18,0.7284,0.7284,0.7037,0.7037,0
1971-08-19,0.7037,0.7037,0.6944,0.6991,0
1971-08-20,0.6991,0.7160,0.6914,0.7160,0
1971-08-23,0.7160,0.7269,0.7160,0.7176,0
1971-08-24,0.7191,0.7330,0.7191,0.7269,0
1971-08-25,0.7269,0.7284,0.7176,0.7176,0
1971-08-26,0.7160,0.7160,0.7037,0.7037,0
1971-08-27,0.7068,0.7253,0.7068,0.7253,0
1971-08-30,0.7253,0.7361,0.7238,0.7284,0
1971-08-31,0.7284,0.7284,0.7191,0.7253,0
1971-09-01,0.7253,0.7284,0.7207,0.7222,0
1971-09-02,0.7253,0.7407,0.7253,0.7377,0
1971-09-03,0.7407,0.7701,0.7407,0.7670,0
1971-09-07,0.7685,0.7901,0.7685,0.7886,0
1971-09-08,0.7855,0.7855,0.7747,0.7809,0
1971-09-09,0.7809,0.7870,0.7747,0.7793,0
1971-09-10,0.7793,0.7994,0.7762,0.7978,0
1971-09-13,0.7963,0.7963,0.7840,0.7870,0
1971-09-14,0.7870,0.7963,0.7870,0.7901,0
1971-09-15,0.7901,0.8009,0.7855,0.8009,0
1971-09-16,0.8009,0.8009,0.7932,0.7948,0
1971-09-17,0.7948,0.7963,0.7870,0.7932,0
1971-09-20,0.7932,0.7978,0.7917,0.7932,0
1971-09-21,0.7840,0.7840,0.7654,0.7654,0
1971-09-22,0.7654,0.7654,0.7407,0.7407,0
1971-09-23,0.7407,0.7469,0.7130,0.7315,0
1971-09-24,0.7361,0.7593,0.7361,0.7469,0
1971-09-27,0.7469,0.7562,0.7469,0.7562,0
1971-09-28,0.7623,0.7716,0.7623,0.7654,0
1971-09-29,0.7593,0.7593,0.7531,0.7593,0
1971-09-30,0.7593,0.7670,0.7562,0.7623,0
1971-10-01,0.7623,0.7716,0.7577,0.7716,0
1971-10-04,0.7716,0.7809,0.7685,0.7685,0
1971-10-05,0.7685,0.7978,0.7685,0.7978,0
1971-10-06,0.7978,0.8102,0.7901,0.8102,0
1971-10-07,0.8102,0.8272,0.8102,0.8210,0
1971-10-08,0.8210,0.8210,0.8040,0.8179,0
1971-10-11,0.8179,0.8194,0.8086,0.8194,0
1971-10-12,0.8194,0.8210,0.8025,0.8025,0
1971-10-13,0.8025,0.8040,0.7932,0.7932,0
1971-10-14,0.7855,0.7855,0.7747,0.7747,0
1971-10-15,0.7716,0.7716,0.7608,0.7701,0
1971-10-18,0.7747,0.7778,0.7747,0.7747,0
1971-10-19,0.7747,0.7762,0.7654,0.7762,0
1971-10-20,0.7762,0.7793,0.7593,0.7685,0
1971-10-21,0.7654,0.7654,0.7469,0.7531,0
1971-10-22,0.7562,0.7623,0.7562,0.7577,0
1971-10-25,0.7577,0.7577,0.7469,0.7469,0
1971-10-26,0.7500,0.7593,0.7500,0.7500,0
1971-10-27,0.7500,0.7562,0.7284,0.7299,0
1971-10-28,0.7315,0.7531,0.7315,0.7423,0
1971-10-29,0.7423,0.7685,0.7407,0.7685,0
1971-11-01,0.7685,0.7809,0.7593,0.7639,0
1971-11-02,0.7639,0.7639,0.7500,0.7531,0
1971-11-03,0.7562,0.7870,0.7562,0.7870,0
1971-11-04,0.7870,0.8009,0.7855,0.7917,0
1971-11-05,0.7917,0.7948,0.7886,0.7948,0
1971-11-08,0.7948,0.7948,0.7901,0.7948,0
1971-11-09,0.7963,0.8210,0.7963,0.8133,0
1971-11-10,0.8117,0.8117,0.7901,0.7917,0
1971-11-11,0.7870,0.7870,0.7701,0.7716,0
1971-11-12,0.7716,0.7809,0.7639,0.7716,0
1971-11-15,0.7716,0.7778,0.7701,0.7716,0
1971-11-16,0.7716,0.7901,0.7654,0.7870,0
1971-11-17,0.7870,0.7886,0.7716,0.7778,0
1971-11-18,0.7778,0.7824,0.7685,0.7701,0
1971-11-19,0.7685,0.7685,0.7500,0.7500,0
1971-11-22,0.7500,0.7562,0.7500,0.7531,0
1971-11-23,0.7531,0.7593,0.7407,0.7593,0
1971-11-24,0.7593,0.7639,0.7469,0.7469,0
1971-11-26,0.7485,0.7654,0.7485,0.7654,0
1971-11-29,0.7932,0.8025,0.7932,0.8025,0
1971-11-30,0.8025,0.8272,0.8025,0.8272,0
1971-12-01,0.8457,0.8627,0.8457,0.8519,0
1971-12-02,0.8519,0.8519,0.8349,0.8441,0
1971-12-03,0.8441,0.8472,0.8364,0.8426,0
1971-12-06,0.8519,0.8673,0.8519,0.8580,0
1971-12-07,0.8580,0.8997,0.8580,0.8951,0
1971-12-08,0.8951,0.9198,0.8920,0.9182,0
1971-12-09,0.9182,0.9198,0.9028,0.9043,0
1971-12-10,0.9012,0.9012,0.8920,0.8920,0
1971-12-13,0.8920,0.8951,0.8657,0.8889,0
1971-12-14,0.8889,0.8935,0.8765,0.8796,0
1971-12-15,0.8796,0.8843,0.8765,0.8765,0
1971-12-16,0.8827,0.9120,0.8827,0.9074,0
1971-12-17,0.9151,0.9321,0.9151,0.9198,0
1971-12-20,0.9383,0.9614,0.9383,0.9537,0
1971-12-21,0.9537,0.9568,0.9444,0.9537,0
1971-12-22,0.9537,0.9568,0.9398,0.9398,0
1971-12-23,0.9336,0.9336,0.9136,0.9167,0
1971-12-27,0.9167,0.9244,0.9012,0.9043,0
1971-12-28,0.9043,0.9090,0.8904,0.9059,0
1971-12-29,0.9105,0.9182,0.9105,0.9151,0
1971-12-30,0.9151,0.9182,0.9105,0.9136,0
1971-12-31,0.9167,0.9352,0.9167,0.9352,0
1972-01-03,0.9352,0.9414,0.9259,0.9275,0
1972-01-04,0.9275,0.9336,0.9198,0.9306,0
1972-01-05,0.9259,0.9259,0.9182,0.9244,0
1972-01-06,0.9259,0.9383,0.9259,0.9352,0
1972-01-07,0.9429,0.9630,0.9429,0.9614,0
1972-01-10,0.9630,0.9738,0.9630,0.9691,0
1972-01-11,0.9691,0.9691,0.9568,0.9599,0
1972-01-12,0.9599,0.9599,0.9383,0.9383,0
1972-01-13,0.9383,0.9398,0.9198,0.9367,0
1972-01-14,0.9336,0.9336,0.9228,0.9259,0
1972-01-17,0.9259,0.9352,0.9259,0.9306,0
1972-01-18,0.9306,0.9352,0.9306,0.9321,0
1972-01-19,0.9321,0.9336,0.9259,0.9321,0
1972-01-20,0.9321,0.9321,0.9228,0.9259,0
1972-01-21,0.9259,0.9336,0.9182,0.9336,0
1972-01-24,0.9336,0.9367,0.9259,0.9275,0
1972-01-25,0.9275,0.9290,0.9151,0.9290,0
1972-01-26,0.9290,0.9444,0.9290,0.9398,0
1972-01-27,0.9414,0.9784,0.9414,0.9784,0
1972-01-28,0.9784,0.9861,0.9784,0.9861,0
1972-01-31,0.9877,1.0262,0.9877,1.0185,0
1972-02-01,1.0278,1.0478,1.0278,1.0417,0
1972-02-02,1.0417,1.0648,1.0355,1.0556,0
1972-02-03,1.0556,1.0694,1.0478,1.0556,0
1972-02-04,1.0556,1.0586,1.0432,1.0494,0
1972-02-07,1.0494,1.0509,1.0309,1.0355,0
1972-02-08,1.0309,1.0309,1.0216,1.0247,0
1972-02-09,1.0247,1.0355,1.0154,1.0278,0
1972-02-10,1.0278,1.0478,1.0216,1.0386,0
1972-02-11,1.0432,1.0725,1.0432,1.0725,0
1972-02-14,1.0725,1.0926,1.0694,1.0802,0
1972-02-15,1.0802,1.0926,1.0772,1.0895,0
1972-02-16,1.0895,1.1204,1.0802,1.1111,0
1972-02-17,1.1111,1.1265,1.1111,1.1188,0
1972-02-18,1.1111,1.1111,1.0864,1.0926,0
1972-02-22,1.0926,1.1111,1.0926,1.0972,0
1972-02-23,1.0972,1.0988,1.0941,1.0972,0
1972-02-24,1.0957,1.0957,1.0772,1.0802,0
1972-02-25,1.0802,1.0802,1.0463,1.0772,0
1972-02-28,1.0772,1.0864,1.0741,1.0772,0
1972-02-29,1.0818,1.1173,1.0818,1.1142,0
1972-03-01,1.1142,1.1235,1.1111,1.1127,0
1972-03-02,1.1127,1.1235,1.1111,1.1235,0
1972-03-03,1.1235,1.1389,1.1204,1.1358,0
1972-03-06,1.1435,1.1590,1.1435,1.1543,0
1972-03-07,1.1543,1.1574,1.1389,1.1404,0
1972-03-08,1.1420,1.1620,1.1420,1.1605,0
1972-03-09,1.1605,1.1667,1.1574,1.1574,0
1972-03-10,1.1574,1.1574,1.1235,1.1265,0
1972-03-13,1.1265,1.1281,1.0941,1.1003,0
1972-03-14,1.1003,1.1142,1.0864,1.1142,0
1972-03-15,1.1096,1.1096,1.1034,1.1080,0
1972-03-16,1.1080,1.1327,1.1065,1.1296,0
1972-03-17,1.1312,1.1389,1.1312,1.1358,0
1972-03-20,1.1358,1.1481,1.1312,1.1343,0
1972-03-21,1.1173,1.1173,1.0941,1.1049,0
1972-03-22,1.1049,1.1204,1.1019,1.1173,0
1972-03-23,1.1265,1.1574,1.1265,1.1543,0
1972-03-24,1.1605,1.1713,1.1605,1.1667,0
1972-03-27,1.1667,1.1713,1.1559,1.1667,0
1972-03-28,1.1667,1.1852,1.1667,1.1728,0
1972-03-29,1.1728,1.1836,1.1728,1.1806,0
1972-03-30,1.1852,1.1975,1.1852,1.1944,0
1972-04-03,1.1975,1.2654,1.1975,1.2438,0
1972-04-04,1.2438,1.2562,1.2346,1.2500,0
1972-04-05,1.2500,1.2562,1.2037,1.2346,0
1972-04-06,1.2346,1.2346,1.2099,1.2330,0
1972-04-07,1.2330,1.2392,1.2145,1.2377,0
1972-04-10,1.2377,1.2515,1.2238,1.2330,0
1972-04-11,1.2330,1.2377,1.2222,1.2346,0
1972-04-12,1.2346,1.2438,1.2315,1.2377,0
1972-04-13,1.2377,1.2407,1.2346,1.2361,0
1972-04-14,1.2377,1.2608,1.2377,1.2593,0
1972-04-17,1.2716,1.2963,1.2716,1.2963,0
1972-04-18,1.2963,1.3333,1.2963,1.3272,0
1972-04-19,1.3272,1.3302,1.2901,1.2932,0
1972-04-20,1.2716,1.2716,1.2377,1.2546,0
1972-04-21,1.2546,1.2701,1.2546,1.2623,0
1972-04-24,1.2623,1.2685,1.2546,1.2685,0
1972-04-25,1.2685,1.2809,1.2562,1.2747,0
1972-04-26,1.2747,1.3210,1.2623,1.3071,0
1972-04-27,1.3071,1.3179,1.2978,1.3133,0
1972-04-28,1.3133,1.3179,1.2978,1.3117,0
1972-05-01,1.3117,1.3426,1.3086,1.3164,0
1972-05-02,1.3194,1.3380,1.3194,1.3302,0
1972-05-03,1.3302,1.3457,1.3179,1.3210,0
1972-05-04,1.3210,1.3457,1.3086,1.3426,0
1972-05-05,1.3426,1.3673,1.3410,1.3580,0
1972-05-08,1.3580,1.3642,1.3549,1.3596,0
1972-05-09,1.3503,1.3503,1.3025,1.3025,0
1972-05-10,1.3025,1.3272,1.2932,1.3102,0
1972-05-11,1.3102,1.3117,1.2932,1.2932,0
1972-05-12,1.2932,1.3040,1.2747,1.3009,0
1972-05-15,1.3009,1.3117,1.2917,1.3025,0
1972-05-16,1.3025,1.3272,1.2978,1.3210,0
1972-05-17,1.3210,1.3241,1.3071,1.3148,0
1972-05-18,1.3148,1.3858,1.3148,1.3858,0
1972-05-19,1.4043,1.4167,1.4043,1.4167,0
1972-05-22,1.4167,1.4552,1.4151,1.4414,0
1972-05-23,1.4414,1.4722,1.4198,1.4414,0
1972-05-24,1.4475,1.4877,1.4475,1.4815,0
1972-05-25,1.4846,1.5154,1.4846,1.5000,0
1972-05-26,1.5000,1.5123,1.4877,1.5123,0
1972-05-30,1.5123,1.5463,1.4969,1.5046,0
1972-05-31,1.4907,1.4907,1.4383,1.4475,0
1972-06-01,1.4398,1.4398,1.4090,1.4182,0
1972-06-02,1.4043,1.4043,1.3441,1.3951,0
1972-06-05,1.3796,1.3796,1.3472,1.3765,0
1972-06-06,1.3951,1.3951,1.3488,1.3488,0
1972-06-07,1.3488,1.3796,1.3241,1.3580,0
1972-06-08,1.3580,1.4228,1.3549,1.3889,0
1972-06-09,1.3889,1.4136,1.3827,1.3920,0
1972-06-12,1.3951,1.4414,1.3951,1.4259,0
1972-06-13,1.4475,1.4815,1.4475,1.4630,0
1972-06-14,1.4630,1.5309,1.4537,1.5154,0
1972-06-15,1.5154,1.5401,1.4877,1.5062,0
1972-06-16,1.5062,1.5525,1.4907,1.5463,0
1972-06-19,1.5463,1.5463,1.5123,1.5278,0
1972-06-20,1.5278,1.5278,1.4969,1.5031,0
1972-06-21,1.5031,1.5031,1.4691,1.4722,0
1972-06-22,1.4722,1.4877,1.4383,1.4846,0
1972-06-23,1.4846,1.5154,1.4722,1.4753,0
1972-06-26,1.4753,1.4877,1.4228,1.4877,0
1972-06-27,1.4846,1.4846,1.4167,1.4630,0
1972-06-28,1.4630,1.4846,1.4506,1.4506,0
1972-06-29,1.4506,1.4537,1.4198,1.4475,0
1972-06-30,1.4506,1.4877,1.4506,1.4630,0
1972-07-03,1.4722,1.5154,1.4722,1.5093,0
1972-07-05,1.5123,1.5432,1.5123,1.5123,0
1972-07-06,1.5123,1.5617,1.5123,1.5401,0
1972-07-07,1.5309,1.5309,1.4907,1.4938,0
1972-07-10,1.4691,1.4691,1.4259,1.4444,0
1972-07-11,1.4444,1.4599,1.4259,1.4321,0
1972-07-12,1.4352,1.4815,1.4352,1.4414,0
1972-07-13,1.4414,1.4506,1.4167,1.4444,0
1972-07-14,1.4444,1.4568,1.4290,1.4290,0
1972-07-17,1.4290,1.4383,1.2346,1.2932,0
1972-07-18,1.2932,1.3611,1.2623,1.3611,0
1972-07-19,1.3765,1.4074,1.3765,1.3858,0
1972-07-20,1.3858,1.3889,1.3642,1.3796,0
1972-07-21,1.3796,1.4414,1.3704,1.4259,0
1972-07-24,1.4444,1.4753,1.4444,1.4568,0
1972-07-25,1.4568,1.4722,1.4321,1.4321,0
1972-07-26,1.4321,1.4321,1.4043,1.4198,0
1972-07-27,1.4043,1.4043,1.3364,1.3580,0
1972-07-28,1.3580,1.4074,1.3580,1.3889,0
1972-07-31,1.3981,1.4259,1.3981,1.4259,0
1972-08-01,1.4259,1.4537,1.4198,1.4475,0
1972-08-02,1.4475,1.4660,1.4475,1.4537,0
1972-08-03,1.4537,1.4568,1.4074,1.4321,0
1972-08-04,1.4228,1.4228,1.3981,1.4012,0
1972-08-07,1.4012,1.4074,1.3889,1.3981,0
1972-08-08,1.3981,1.4074,1.3889,1.4074,0
1972-08-09,1.4074,1.4105,1.4012,1.4105,0
1972-08-10,1.4105,1.4568,1.4105,1.4568,0
1972-08-11,1.4660,1.5340,1.4660,1.5340,0
1972-08-14,1.5432,1.5802,1.5432,1.5648,0
1972-08-15,1.5525,1.5525,1.5309,1.5309,0
1972-08-16,1.5309,1.5463,1.5062,1.5062,0
1972-08-17,1.5062,1.5278,1.5062,1.5185,0
1972-08-18,1.5185,1.5185,1.5031,1.5123,0
1972-08-21,1.5123,1.5154,1.4660,1.4877,0
1972-08-22,1.4877,1.5123,1.4722,1.4815,0
1972-08-23,1.4753,1.4753,1.4599,1.4599,0
1972-08-24,1.4599,1.4630,1.4228,1.4228,0
1972-08-25,1.4228,1.4568,1.4167,1.4198,0
1972-08-28,1.4198,1.4321,1.4043,1.4136,0
1972-08-29,1.4136,1.4198,1.3858,1.4074,0
1972-08-30,1.4074,1.4167,1.3981,1.4074,0
1972-08-31,1.4074,1.4290,1.4043,1.4228,0
1972-09-01,1.4352,1.4907,1.4352,1.4630,0
1972-09-05,1.4630,1.4815,1.4537,1.4537,0
1972-09-06,1.4537,1.4753,1.4414,1.4753,0
1972-09-07,1.4753,1.4938,1.4660,1.4753,0
1972-09-08,1.4753,1.4815,1.4383,1.4444,0
1972-09-11,1.4414,1.4414,1.4167,1.4198,0
1972-09-12,1.4198,1.4321,1.3858,1.4105,0
1972-09-13,1.4105,1.4259,1.3981,1.4259,0
1972-09-14,1.4259,1.4321,1.4012,1.4012,0
1972-09-15,1.4012,1.4043,1.3889,1.4012,0
1972-09-18,1.4012,1.4167,1.3858,1.4167,0
1972-09-19,1.4167,1.4414,1.3765,1.3889,0
1972-09-20,1.3889,1.3951,1.3735,1.3765,0
1972-09-21,1.3765,1.3920,1.3580,1.3580,0
1972-09-22,1.3580,1.3981,1.3395,1.3611,0
1972-09-25,1.3549,1.3549,1.3426,1.3519,0
1972-09-26,1.3519,1.3827,1.3426,1.3488,0
1972-09-27,1.3488,1.4136,1.3488,1.4136,0
1972-09-28,1.4105,1.4105,1.3735,1.4105,0
1972-09-29,1.4105,1.4198,1.3673,1.3889,0
1972-10-02,1.3858,1.3858,1.3519,1.3735,0
1972-10-03,1.3765,1.4259,1.3765,1.4074,0
1972-10-04,1.4074,1.4506,1.4074,1.4136,0
1972-10-05,1.4136,1.4167,1.3642,1.3642,0
1972-10-06,1.3642,1.4815,1.3519,1.4167,0
1972-10-09,1.4167,1.4383,1.4136,1.4321,0
1972-10-10,1.4321,1.4568,1.4259,1.4290,0
1972-10-11,1.4167,1.4167,1.4012,1.4105,0
1972-10-12,1.4074,1.4074,1.3858,1.4012,0
1972-10-13,1.4012,1.4074,1.3827,1.4074,0
1972-10-16,1.4012,1.4012,1.3827,1.3858,0
1972-10-17,1.3858,1.4444,1.3827,1.4321,0
1972-10-18,1.4321,1.4568,1.4105,1.4321,0
1972-10-19,1.4321,1.4506,1.4321,1.4414,0
1972-10-20,1.4414,1.4660,1.4321,1.4383,0
1972-10-23,1.4383,1.4537,1.4198,1.4537,0
1972-10-24,1.4537,1.5309,1.4383,1.5123,0
1972-10-25,1.5123,1.5278,1.4753,1.5000,0
1972-10-26,1.5062,1.5494,1.5062,1.5154,0
1972-10-27,1.5154,1.5278,1.5093,1.5093,0
1972-10-30,1.5093,1.5247,1.4969,1.5154,0
1972-10-31,1.5216,1.5772,1.5216,1.5772,0
1972-11-01,1.5772,1.5957,1.5648,1.5957,0
1972-11-02,1.5957,1.5957,1.5586,1.5833,0
1972-11-03,1.5833,1.6019,1.5679,1.5802,0
1972-11-06,1.5741,1.5741,1.5154,1.5340,0
1972-11-08,1.5340,1.5370,1.4815,1.4907,0
1972-11-09,1.4907,1.5494,1.4753,1.5216,0
1972-11-10,1.5216,1.5710,1.5031,1.5247,0
1972-11-13,1.5247,1.5432,1.5123,1.5309,0
1972-11-14,1.5309,1.5340,1.4722,1.5247,0
1972-11-15,1.5247,1.5432,1.4753,1.4877,0
1972-11-16,1.4877,1.5309,1.4846,1.5278,0
1972-11-17,1.5278,1.5463,1.5216,1.5370,0
1972-11-20,1.5370,1.5741,1.5309,1.5617,0
1972-11-21,1.5648,1.5895,1.5648,1.5648,0
1972-11-22,1.5679,1.6019,1.5679,1.5741,0
1972-11-24,1.5741,1.5741,1.5370,1.5432,0
1972-11-27,1.5432,1.5617,1.5340,1.5525,0
1972-11-28,1.5525,1.5525,1.5278,1.5309,0
1972-11-29,1.5309,1.5648,1.5247,1.5648,0
1972-11-30,1.5679,1.6265,1.5679,1.6265,0
1972-12-01,1.6265,1.6543,1.6265,1.6543,0
1972-12-04,1.6605,1.6821,1.6605,1.6698,0
1972-12-05,1.6698,1.7099,1.6667,1.6883,0
1972-12-06,1.6883,1.7531,1.6821,1.7346,0
1972-12-07,1.7346,1.7500,1.7222,1.7222,0
1972-12-08,1.7222,1.7377,1.6914,1.7346,0
1972-12-11,1.7284,1.7284,1.6914,1.6944,0
1972-12-12,1.6944,1.6975,1.6667,1.6821,0
1972-12-13,1.6821,1.7068,1.6698,1.7068,0
1972-12-14,1.7068,1.7500,1.6944,1.7500,0
1972-12-15,1.7500,1.7870,1.7315,1.7469,0
1972-12-18,1.7469,1.7593,1.6975,1.7531,0
1972-12-19,1.7531,1.8364,1.7438,1.8179,0
1972-12-20,1.8272,1.8704,1.8272,1.8395,0
1972-12-21,1.8272,1.8272,1.7932,1.8086,0
1972-12-22,1.8117,1.8519,1.8117,1.8395,0
1972-12-26,1.8395,1.8981,1.8395,1.8858,0
1972-12-27,1.8858,1.9105,1.8827,1.8951,0
1972-12-29,1.8951,1.9105,1.8765,1.8827,0
1973-01-02,1.8827,1.8981,1.8611,1.8611,0
1973-01-03,1.8580,1.8580,1.8210,1.8364,0
1973-01-04,1.8364,1.8395,1.8148,1.8272,0
1973-01-05,1.8272,1.8302,1.8086,1.8241,0
1973-01-08,1.8241,1.8457,1.8210,1.8272,0
1973-01-09,1.8272,1.8272,1.8056,1.8179,0
1973-01-10,1.8179,1.8210,1.7870,1.7963,0
1973-01-11,1.8025,1.8735,1.8025,1.8395,0
1973-01-12,1.8395,1.8457,1.8056,1.8086,0
1973-01-15,1.8086,1.8210,1.7377,1.7654,0
1973-01-16,1.7654,1.8086,1.7654,1.8056,0
1973-01-17,1.8056,1.8488,1.8056,1.8395,0
1973-01-18,1.8395,1.8796,1.8272,1.8457,0
1973-01-19,1.8272,1.8272,1.7346,1.8179,0
1973-01-22,1.8179,1.8179,1.7778,1.7963,0
1973-01-23,1.7963,1.8179,1.7809,1.8056,0
1973-01-24,1.8056,1.8241,1.7685,1.7963,0
1973-01-26,1.7963,1.7994,1.7809,1.7994,0
1973-01-29,1.7994,1.8117,1.7778,1.7932,0
1973-01-30,1.7901,1.7901,1.7685,1.7809,0
1973-01-31,1.7809,1.7994,1.7716,1.7809,0
1973-02-01,1.7809,1.7809,1.6667,1.7037,0
1973-02-02,1.7037,1.7037,1.6420,1.6420,0
1973-02-05,1.6358,1.6358,1.5957,1.6265,0
1973-02-06,1.6265,1.6667,1.6265,1.6543,0
1973-02-07,1.6605,1.7099,1.6605,1.6605,0
1973-02-08,1.6605,1.6975,1.6451,1.6944,0
1973-02-09,1.7253,1.8179,1.7253,1.8148,0
1973-02-12,1.8148,1.8241,1.7593,1.8148,0
1973-02-13,1.8302,1.8858,1.8302,1.8457,0
1973-02-14,1.8302,1.8302,1.7901,1.8025,0
1973-02-15,1.7994,1.7994,1.7654,1.7747,0
1973-02-16,1.7654,1.7654,1.7222,1.7438,0
1973-02-20,1.7438,1.7531,1.7315,1.7469,0
1973-02-21,1.7469,1.7685,1.7160,1.7160,0
1973-02-22,1.7160,1.7500,1.6944,1.7315,0
1973-02-23,1.7315,1.7377,1.7037,1.7130,0
1973-02-26,1.6852,1.6852,1.6204,1.6698,0
1973-02-27,1.6481,1.6481,1.5247,1.5525,0
1973-02-28,1.5525,1.5988,1.5185,1.5833,0
1973-03-01,1.5833,1.6667,1.5648,1.5988,0
1973-03-02,1.5988,1.6759,1.5741,1.6543,0
1973-03-05,1.6543,1.6759,1.6142,1.6667,0
1973-03-06,1.6759,1.7377,1.6759,1.7284,0
1973-03-07,1.7284,1.7469,1.6790,1.7191,0
1973-03-08,1.7160,1.7160,1.6821,1.6914,0
1973-03-09,1.6914,1.7191,1.6883,1.6975,0
1973-03-12,1.7068,1.7284,1.7068,1.7068,0
1973-03-13,1.7068,1.7284,1.6944,1.7099,0
1973-03-14,1.7099,1.7253,1.6975,1.7037,0
1973-03-15,1.7037,1.7222,1.6883,1.6883,0
1973-03-16,1.6883,1.7099,1.6667,1.6821,0
1973-03-19,1.6790,1.6790,1.6389,1.6481,0
1973-03-20,1.6481,1.6543,1.6204,1.6451,0
1973-03-21,1.6451,1.6451,1.5525,1.5556,0
1973-03-22,1.5556,1.5617,1.5216,1.5370,0
1973-03-23,1.5370,1.5864,1.5370,1.5525,0
1973-03-26,1.5525,1.6358,1.5494,1.6358,0
1973-03-27,1.6358,1.6605,1.6327,1.6574,0
1973-03-28,1.6574,1.6728,1.6111,1.6667,0
1973-03-29,1.6667,1.7037,1.6420,1.6975,0
1973-03-30,1.6852,1.6852,1.6296,1.6451,0
1973-04-02,1.6451,1.6543,1.6296,1.6389,0
1973-04-03,1.6389,1.6698,1.5679,1.6019,0
1973-04-04,1.6019,1.6235,1.5648,1.5679,0
1973-04-05,1.5679,1.5864,1.5309,1.5864,0
1973-04-06,1.5988,1.6914,1.5988,1.6852,0
1973-04-09,1.6852,1.7006,1.6543,1.6944,0
1973-04-10,1.6944,1.6944,1.6543,1.6574,0
1973-04-11,1.6574,1.6574,1.6142,1.6512,0
1973-04-12,1.6512,1.6667,1.6296,1.6389,0
1973-04-13,1.6389,1.6481,1.6173,1.6173,0
1973-04-16,1.6173,1.6358,1.6019,1.6173,0
1973-04-17,1.6111,1.6111,1.5864,1.5957,0
1973-04-18,1.5957,1.6142,1.5679,1.6111,0
1973-04-19,1.6111,1.6296,1.5833,1.6204,0
1973-04-23,1.6080,1.6080,1.5895,1.5926,0
1973-04-24,1.5864,1.5864,1.5556,1.5556,0
1973-04-25,1.5463,1.5463,1.4722,1.4753,0
1973-04-26,1.4753,1.5247,1.4630,1.5123,0
1973-04-27,1.5123,1.5154,1.4568,1.4599,0
1973-04-30,1.4599,1.4815,1.4321,1.4660,0
1973-05-01,1.4660,1.5185,1.4444,1.4877,0
1973-05-02,1.4969,1.5617,1.4969,1.5494,0
1973-05-03,1.5494,1.6296,1.4938,1.6235,0
1973-05-04,1.6235,1.6605,1.6111,1.6481,0
1973-05-07,1.6481,1.6481,1.6019,1.6389,0
1973-05-08,1.6389,1.7222,1.5957,1.7099,0
1973-05-09,1.7099,1.7284,1.6698,1.6698,0
1973-05-10,1.6636,1.6636,1.6111,1.6173,0
1973-05-11,1.6080,1.6080,1.5556,1.5556,0
1973-05-14,1.5401,1.5401,1.4877,1.4877,0
1973-05-15,1.4877,1.6019,1.4630,1.5926,0
1973-05-16,1.5864,1.5864,1.5185,1.5309,0
1973-05-17,1.5309,1.5309,1.4753,1.4846,0
1973-05-18,1.4846,1.5062,1.4753,1.5062,0
1973-05-21,1.5062,1.5340,1.4660,1.5247,0
1973-05-22,1.5432,1.5926,1.5432,1.5556,0
1973-05-23,1.5556,1.6142,1.5556,1.5957,0
1973-05-24,1.5957,1.6698,1.5895,1.6698,0
1973-05-25,1.6698,1.7006,1.6420,1.6914,0
1973-05-29,1.6852,1.6852,1.6698,1.6759,0
1973-05-30,1.6728,1.6728,1.5895,1.5926,0
1973-05-31,1.5926,1.6173,1.5463,1.5679,0
1973-06-01,1.5679,1.5926,1.5463,1.5772,0
1973-06-04,1.5772,1.6204,1.5741,1.5926,0
1973-06-05,1.5926,1.6636,1.5926,1.6481,0
1973-06-06,1.6481,1.6759,1.6204,1.6235,0
1973-06-07,1.6358,1.6790,1.6358,1.6698,0
1973-06-08,1.6698,1.6728,1.6111,1.6173,0
1973-06-11,1.5802,1.5802,1.5463,1.5802,0
1973-06-12,1.5802,1.6667,1.5802,1.6389,0
1973-06-13,1.6389,1.6389,1.6080,1.6111,0
1973-06-14,1.5895,1.5895,1.4815,1.4877,0
1973-06-15,1.4877,1.5123,1.4630,1.4691,0
1973-06-18,1.4691,1.5000,1.4444,1.4660,0
1973-06-19,1.4660,1.5185,1.4506,1.4753,0
1973-06-20,1.4753,1.4907,1.4568,1.4753,0
1973-06-21,1.4753,1.4784,1.4444,1.4444,0
1973-06-22,1.4444,1.4907,1.3858,1.3889,0
1973-06-25,1.3642,1.3642,1.2870,1.3302,0
1973-06-26,1.3302,1.4136,1.3210,1.4074,0
1973-06-27,1.4012,1.4012,1.3457,1.3735,0
1973-06-28,1.3735,1.4259,1.3735,1.4043,0
1973-06-29,1.4074,1.4537,1.4074,1.4105,0
1973-07-02,1.4012,1.4012,1.3796,1.3827,0
1973-07-03,1.3827,1.3889,1.3426,1.3735,0
1973-07-05,1.3611,1.3611,1.3333,1.3580,0
1973-07-06,1.3580,1.3735,1.3488,1.3735,0
1973-07-09,1.3735,1.4506,1.3735,1.4506,0
1973-07-10,1.4506,1.4537,1.4012,1.4043,0
1973-07-11,1.4136,1.4938,1.4136,1.4846,0
1973-07-12,1.4846,1.5401,1.4722,1.5093,0
1973-07-13,1.5093,1.5093,1.4753,1.4815,0
1973-07-16,1.4815,1.5926,1.4784,1.5679,0
1973-07-17,1.5679,1.5895,1.5463,1.5463,0
1973-07-18,1.5463,1.6111,1.5401,1.5741,0
1973-07-19,1.5741,1.6265,1.5525,1.5988,0
1973-07-20,1.5988,1.6296,1.5895,1.6296,0
1973-07-23,1.6296,1.6481,1.6080,1.6080,0
1973-07-24,1.6080,1.6636,1.5895,1.6543,0
1973-07-25,1.6543,1.6975,1.6420,1.6574,0
1973-07-26,1.6574,1.6728,1.6173,1.6296,0
1973-07-27,1.6265,1.6265,1.5741,1.5895,0
1973-07-30,1.5895,1.6543,1.5710,1.6512,0
1973-07-31,1.6481,1.6481,1.5988,1.5988,0
1973-08-01,1.5926,1.5926,1.5556,1.5802,0
1973-08-02,1.5802,1.6204,1.5093,1.5617,0
1973-08-03,1.5617,1.5864,1.5031,1.5556,0
1973-08-06,1.5556,1.5741,1.5123,1.5525,0
1973-08-07,1.5525,1.5556,1.5278,1.5463,0
1973-08-08,1.5463,1.5556,1.5340,1.5494,0
1973-08-09,1.5494,1.5772,1.5494,1.5617,0
1973-08-10,1.5617,1.5648,1.5525,1.5586,0
1973-08-13,1.5586,1.5926,1.5463,1.5926,0
1973-08-14,1.5926,1.6049,1.5586,1.5679,0
1973-08-15,1.5679,1.5772,1.5247,1.5494,0
1973-08-16,1.5463,1.5463,1.4877,1.4938,0
1973-08-17,1.4938,1.5432,1.4907,1.5309,0
1973-08-20,1.5278,1.5278,1.5154,1.5154,0
1973-08-21,1.5185,1.5432,1.5185,1.5216,0
1973-08-22,1.5216,1.5463,1.5216,1.5401,0
1973-08-23,1.5617,1.6142,1.5617,1.5988,0
1973-08-24,1.5988,1.5988,1.5802,1.5957,0
1973-08-27,1.5957,1.6235,1.5864,1.6142,0
1973-08-28,1.6142,1.6204,1.5864,1.6204,0
1973-08-29,1.6204,1.6481,1.6111,1.6389,0
1973-08-30,1.6358,1.6358,1.6111,1.6173,0
1973-08-31,1.6173,1.6265,1.6111,1.6173,0
1973-09-04,1.6173,1.6296,1.5926,1.6019,0
1973-09-05,1.6019,1.6142,1.5895,1.6019,0
1973-09-06,1.6019,1.6049,1.5895,1.5957,0
1973-09-07,1.5957,1.6080,1.5833,1.5833,0
1973-09-10,1.5833,1.6019,1.5648,1.5895,0
1973-09-11,1.5895,1.6142,1.5648,1.5988,0
1973-09-12,1.5988,1.6235,1.5895,1.6204,0
1973-09-13,1.6296,1.6883,1.6296,1.6821,0
1973-09-14,1.6821,1.6944,1.6296,1.6327,0
1973-09-17,1.6327,1.6728,1.6111,1.6728,0
1973-09-18,1.6728,1.6790,1.6543,1.6636,0
1973-09-19,1.6728,1.7006,1.6728,1.6821,0
1973-09-20,1.6821,1.7407,1.6667,1.7377,0
1973-09-21,1.7407,1.7994,1.7407,1.7840,0
1973-09-24,1.7840,1.8364,1.7716,1.7716,0
1973-09-25,1.7716,1.7932,1.7438,1.7870,0
1973-09-26,1.7778,1.7778,1.7469,1.7531,0
1973-09-27,1.7531,1.8117,1.7222,1.7593,0
1973-09-28,1.7500,1.7500,1.7222,1.7346,0
1973-10-01,1.7346,1.7500,1.7099,1.7407,0
1973-10-02,1.7531,1.7778,1.7531,1.7716,0
1973-10-03,1.7716,1.7778,1.7469,1.7623,0
1973-10-04,1.7623,1.7623,1.6790,1.7037,0
1973-10-05,1.7037,1.7037,1.6605,1.7006,0
1973-10-08,1.7006,1.7562,1.6728,1.7377,0
1973-10-09,1.7284,1.7284,1.6852,1.7006,0
1973-10-10,1.7006,1.7407,1.6821,1.7315,0
1973-10-11,1.7315,1.8117,1.7099,1.8086,0
1973-10-12,1.8086,1.8272,1.7778,1.7778,0
1973-10-15,1.7716,1.7716,1.7346,1.7500,0
1973-10-16,1.7500,1.7747,1.7253,1.7284,0
1973-10-17,1.7284,1.7716,1.7068,1.7160,0
1973-10-18,1.7160,1.7407,1.7160,1.7160,0
1973-10-19,1.7160,1.7469,1.7160,1.7160,0
1973-10-22,1.7160,1.7562,1.6975,1.7191,0
1973-10-23,1.7191,1.7932,1.6883,1.7438,0
1973-10-24,1.7438,1.7531,1.7191,1.7407,0
1973-10-25,1.7407,1.7438,1.6914,1.7438,0
1973-10-26,1.7469,1.7809,1.7469,1.7778,0
1973-10-29,1.7932,1.8117,1.7932,1.7932,0
1973-10-30,1.7932,1.7963,1.7685,1.7716,0
1973-10-31,1.7716,1.7901,1.7222,1.7346,0
1973-11-01,1.7315,1.7315,1.7006,1.7037,0
1973-11-02,1.7037,1.7130,1.6883,1.7130,0
1973-11-05,1.7068,1.7068,1.6512,1.6512,0
1973-11-06,1.6512,1.7037,1.6265,1.6296,0
1973-11-07,1.6296,1.6667,1.6235,1.6265,0
1973-11-08,1.6389,1.6728,1.6389,1.6512,0
1973-11-09,1.6389,1.6389,1.6049,1.6173,0
1973-11-12,1.5864,1.5864,1.5185,1.5432,0
1973-11-13,1.5432,1.5741,1.5062,1.5617,0
1973-11-14,1.5617,1.5710,1.4506,1.4907,0
1973-11-15,1.4907,1.5123,1.4228,1.4630,0
1973-11-16,1.4630,1.5123,1.4352,1.4722,0
1973-11-19,1.4506,1.4506,1.3704,1.3735,0
1973-11-20,1.3735,1.3889,1.3210,1.3889,0
1973-11-21,1.3889,1.3889,1.2593,1.2716,0
1973-11-23,1.2716,1.2747,1.1420,1.1636,0
1973-11-26,1.1636,1.1944,1.0895,1.1728,0
1973-11-27,1.1728,1.2438,1.1605,1.2284,0
1973-11-28,1.2623,1.3426,1.2623,1.3179,0
1973-11-29,1.3179,1.3395,1.2593,1.3086,0
1973-11-30,1.2840,1.2840,1.2407,1.2438,0
1973-12-03,1.2438,1.2438,1.1728,1.2099,0
1973-12-04,1.2099,1.2253,1.1667,1.1790,0
1973-12-05,1.1728,1.1728,1.1389,1.1636,0
1973-12-06,1.1975,1.3580,1.1975,1.3488,0
1973-12-07,1.3488,1.3920,1.3025,1.3148,0
1973-12-10,1.3148,1.3611,1.2778,1.3364,0
1973-12-11,1.3364,1.3395,1.2963,1.3025,0
1973-12-12,1.2932,1.2932,1.2593,1.2778,0
1973-12-13,1.2778,1.2994,1.2623,1.2932,0
1973-12-14,1.3025,1.4228,1.3025,1.3796,0
1973-12-17,1.3796,1.3827,1.3549,1.3704,0
1973-12-18,1.3704,1.4198,1.3642,1.4136,0
1973-12-19,1.4136,1.4259,1.3704,1.3920,0
1973-12-20,1.3920,1.4043,1.3642,1.3827,0
1973-12-21,1.3827,1.3827,1.3611,1.3827,0
1973-12-24,1.3642,1.3642,1.2870,1.2994,0
1973-12-26,1.3642,1.4136,1.3642,1.3827,0
1973-12-27,1.3858,1.4198,1.3858,1.4105,0
1973-12-28,1.4105,1.4383,1.4012,1.4228,0
1973-12-31,1.4228,1.4259,1.3981,1.4074,0
1974-01-02,1.4074,1.4290,1.3611,1.4290,0
1974-01-03,1.4290,1.4784,1.3951,1.3951,0
1974-01-04,1.3951,1.3951,1.2716,1.3086,0
1974-01-07,1.3086,1.3086,1.2191,1.2407,0
1974-01-08,1.2407,1.2562,1.2191,1.2315,0
1974-01-09,1.2253,1.2253,1.1759,1.2006,0
1974-01-10,1.2006,1.2469,1.1914,1.2099,0
1974-01-11,1.2377,1.3025,1.2377,1.2716,0
1974-01-14,1.2716,1.2809,1.2531,1.2747,0
1974-01-15,1.2747,1.3086,1.2747,1.2870,0
1974-01-16,1.2870,1.3426,1.2870,1.3302,0
1974-01-17,1.3395,1.3951,1.3395,1.3704,0
1974-01-18,1.3704,1.3858,1.3426,1.3488,0
1974-01-21,1.3488,1.4167,1.3272,1.4136,0
1974-01-22,1.4136,1.4290,1.3765,1.3765,0
1974-01-23,1.3765,1.4167,1.3673,1.3951,0
1974-01-24,1.3920,1.3920,1.3704,1.3765,0
1974-01-25,1.3765,1.3796,1.3519,1.3519,0
1974-01-28,1.3519,1.3519,1.3272,1.3272,0
1974-01-29,1.3272,1.3333,1.3210,1.3302,0
1974-01-30,1.3395,1.3796,1.3395,1.3549,0
1974-01-31,1.3549,1.3765,1.3395,1.3395,0
1974-02-01,1.3333,1.3333,1.3241,1.3241,0
1974-02-04,1.3025,1.3025,1.2809,1.2809,0
1974-02-05,1.2809,1.2932,1.2500,1.2716,0
1974-02-06,1.2716,1.2932,1.2593,1.2901,0
1974-02-07,1.2901,1.2901,1.2716,1.2716,0
1974-02-08,1.2716,1.2716,1.2315,1.2346,0
1974-02-11,1.2191,1.2191,1.1852,1.1852,0
1974-02-12,1.1852,1.2068,1.1605,1.1975,0
1974-02-13,1.1975,1.2284,1.1883,1.1975,0
1974-02-14,1.1975,1.2191,1.1944,1.2191,0
1974-02-15,1.2191,1.2438,1.2037,1.2284,0
1974-02-19,1.2284,1.2870,1.2284,1.2315,0
1974-02-20,1.2315,1.2562,1.2284,1.2562,0
1974-02-21,1.2685,1.2840,1.2685,1.2809,0
1974-02-22,1.2809,1.2932,1.2654,1.2840,0
1974-02-25,1.2840,1.2870,1.2623,1.2685,0
1974-02-26,1.2685,1.2809,1.2191,1.2747,0
1974-02-27,1.2747,1.3025,1.2747,1.2809,0
1974-02-28,1.2809,1.2840,1.2623,1.2747,0
1974-03-01,1.2809,1.2994,1.2809,1.2963,0
1974-03-04,1.2963,1.3488,1.2809,1.3488,0
1974-03-05,1.3735,1.4012,1.3735,1.3765,0
1974-03-06,1.3765,1.4012,1.3549,1.3858,0
1974-03-07,1.3858,1.4259,1.3765,1.3827,0
1974-03-08,1.3827,1.4259,1.3673,1.4105,0
1974-03-11,1.4105,1.4630,1.3642,1.4537,0
1974-03-12,1.4537,1.4691,1.4321,1.4383,0
1974-03-13,1.4383,1.4660,1.4290,1.4568,0
1974-03-14,1.4568,1.4630,1.4290,1.4321,0
1974-03-15,1.4290,1.4290,1.3981,1.4167,0
1974-03-18,1.4105,1.4105,1.3704,1.3704,0
1974-03-19,1.3704,1.3765,1.3580,1.3580,0
1974-03-20,1.3642,1.3827,1.3642,1.3704,0
1974-03-21,1.3704,1.3889,1.3488,1.3488,0
1974-03-22,1.3488,1.3704,1.3488,1.3673,0
1974-03-25,1.3673,1.3765,1.3426,1.3765,0
1974-03-26,1.3765,1.3796,1.3580,1.3580,0
1974-03-27,1.3580,1.3673,1.3272,1.3302,0
1974-03-28,1.3241,1.3241,1.3025,1.3086,0
1974-03-29,1.3086,1.3117,1.2963,1.2994,0
1974-04-01,1.2994,1.3210,1.2901,1.2963,0
1974-04-02,1.2963,1.3025,1.2901,1.2901,0
1974-04-03,1.2932,1.3210,1.2932,1.3210,0
1974-04-04,1.3210,1.3333,1.2994,1.3272,0
1974-04-05,1.3210,1.3210,1.2994,1.2994,0
1974-04-08,1.2994,1.2994,1.2840,1.2901,0
1974-04-09,1.2901,1.2963,1.2870,1.2901,0
1974-04-10,1.2901,1.3086,1.2840,1.2840,0
1974-04-11,1.2840,1.2840,1.2716,1.2716,0
1974-04-15,1.2716,1.2809,1.2654,1.2778,0
1974-04-16,1.2840,1.3673,1.2840,1.3549,0
1974-04-17,1.3549,1.3858,1.3364,1.3642,0
1974-04-18,1.3642,1.3796,1.3488,1.3611,0
1974-04-19,1.3488,1.3488,1.3210,1.3364,0
1974-04-22,1.3364,1.3457,1.3056,1.3395,0
1974-04-23,1.3395,1.3395,1.3025,1.3025,0
1974-04-24,1.2963,1.2963,1.2593,1.2593,0
1974-04-25,1.2593,1.2747,1.2438,1.2747,0
1974-04-26,1.2778,1.3241,1.2778,1.2901,0
1974-04-29,1.2901,1.3426,1.2870,1.3241,0
1974-04-30,1.3241,1.3333,1.3086,1.3210,0
1974-05-01,1.3210,1.3549,1.3117,1.3457,0
1974-05-02,1.3457,1.3611,1.3148,1.3395,0
1974-05-03,1.3333,1.3333,1.3148,1.3210,0
1974-05-06,1.3210,1.3519,1.3117,1.3395,0
1974-05-07,1.3519,1.3951,1.3519,1.3673,0
1974-05-08,1.3673,1.4167,1.3611,1.3981,0
1974-05-09,1.4074,1.4753,1.4074,1.4568,0
1974-05-10,1.4568,1.4568,1.3981,1.4043,0
1974-05-13,1.4043,1.4105,1.3765,1.3951,0
1974-05-14,1.3951,1.4228,1.3920,1.4012,0
1974-05-15,1.4012,1.4259,1.3951,1.4105,0
1974-05-16,1.4105,1.4506,1.4074,1.4105,0
1974-05-17,1.3981,1.3981,1.3735,1.3796,0
1974-05-20,1.3796,1.4043,1.3796,1.3889,0
1974-05-21,1.3951,1.4259,1.3951,1.4198,0
1974-05-22,1.4198,1.4321,1.3981,1.4043,0
1974-05-23,1.4043,1.4105,1.3827,1.4012,0
1974-05-24,1.4012,1.4537,1.4012,1.4414,0
1974-05-28,1.4414,1.4414,1.4228,1.4383,0
1974-05-29,1.4352,1.4352,1.3704,1.3735,0
1974-05-30,1.3735,1.3920,1.3457,1.3580,0
1974-05-31,1.3580,1.3673,1.3457,1.3457,0
1974-06-03,1.3457,1.3920,1.3333,1.3920,0
1974-06-04,1.3920,1.4167,1.3920,1.3920,0
1974-06-05,1.3920,1.4228,1.3858,1.4043,0
1974-06-06,1.4043,1.4506,1.3981,1.4475,0
1974-06-07,1.4475,1.4784,1.4475,1.4568,0
1974-06-10,1.4568,1.5617,1.4444,1.5617,0
1974-06-11,1.5494,1.5494,1.5154,1.5185,0
1974-06-12,1.5185,1.5247,1.4938,1.5185,0
1974-06-13,1.5185,1.5556,1.5154,1.5309,0
1974-06-14,1.5247,1.5247,1.4969,1.5123,0
1974-06-17,1.5123,1.5370,1.5062,1.5247,0
1974-06-18,1.5216,1.5216,1.4568,1.4599,0
1974-06-19,1.4599,1.4722,1.4228,1.4352,0
1974-06-20,1.4352,1.4444,1.4136,1.4136,0
1974-06-21,1.3704,1.3704,1.3457,1.3580,0
1974-06-24,1.3580,1.3889,1.3488,1.3611,0
1974-06-25,1.3735,1.3920,1.3735,1.3765,0
1974-06-26,1.2716,1.2716,1.2068,1.2099,0
1974-06-27,1.1975,1.1975,1.1636,1.1636,0
1974-06-28,1.1636,1.1944,1.1451,1.1821,0
1974-07-01,1.1821,1.2315,1.1728,1.1883,0
1974-07-02,1.1883,1.1944,1.1481,1.1605,0
1974-07-03,1.1605,1.1852,1.1543,1.1821,0
1974-07-05,1.1759,1.1759,1.1512,1.1759,0
1974-07-08,0.9475,0.9475,0.9074,0.9475,0
1974-07-09,0.9475,0.9877,0.9475,0.9691,0
1974-07-10,0.9691,0.9846,0.8951,0.9012,0
1974-07-11,0.9012,0.9691,0.9012,0.9568,0
1974-07-12,1.0000,1.0494,1.0000,1.0463,0
1974-07-15,1.0463,1.0710,1.0401,1.0617,0
1974-07-16,1.0617,1.0617,1.0401,1.0556,0
1974-07-17,1.0556,1.0586,0.9907,1.0494,0
1974-07-18,1.0710,1.1080,1.0710,1.0741,0
1974-07-19,1.0741,1.1173,1.0710,1.0802,0
1974-07-22,1.0802,1.1019,1.0648,1.1019,0
1974-07-23,1.1019,1.1142,1.0864,1.0864,0
1974-07-24,1.0864,1.0926,1.0772,1.0864,0
1974-07-25,1.0864,1.0895,1.0525,1.0556,0
1974-07-26,1.0463,1.0463,1.0123,1.0123,0
1974-07-29,1.0031,1.0031,0.9815,1.0000,0
1974-07-30,1.0000,1.0062,0.9877,1.0000,0
1974-07-31,0.9969,0.9969,0.9383,0.9383,0
1974-08-01,0.9383,0.9568,0.9105,0.9506,0
1974-08-02,0.9506,0.9691,0.9383,0.9506,0
1974-08-05,0.9506,1.0216,0.9506,1.0031,0
1974-08-06,1.0463,1.0864,1.0463,1.0494,0
1974-08-07,1.0494,1.0988,1.0494,1.0833,0
1974-08-08,1.0833,1.0833,1.0062,1.0093,0
1974-08-09,1.0093,1.0340,1.0031,1.0154,0
1974-08-12,1.0154,1.0340,0.9784,0.9846,0
1974-08-13,0.9722,0.9722,0.9444,0.9537,0
1974-08-14,0.9537,0.9599,0.9321,0.9444,0
1974-08-15,0.9444,0.9691,0.9383,0.9444,0
1974-08-16,0.9444,0.9537,0.9167,0.9167,0
1974-08-19,0.9167,0.9352,0.8981,0.9290,0
1974-08-20,0.9290,0.9568,0.9012,0.9321,0
1974-08-21,0.9321,0.9321,0.8395,0.8426,0
1974-08-22,0.8241,0.8241,0.7562,0.7901,0
1974-08-23,0.7901,0.8117,0.7654,0.7654,0
1974-08-26,0.7685,0.8364,0.7685,0.8302,0
1974-08-27,0.8302,0.8364,0.7901,0.8086,0
1974-08-28,0.8117,0.8519,0.8117,0.8241,0
1974-08-29,0.8241,0.8488,0.8179,0.8457,0
1974-08-30,0.8457,0.8951,0.8457,0.8642,0
1974-09-03,0.8642,0.8673,0.8056,0.8056,0
1974-09-04,0.7778,0.7778,0.7222,0.7469,0
1974-09-05,0.7469,0.7747,0.7346,0.7747,0
1974-09-06,0.7747,0.7870,0.7469,0.7469,0
1974-09-09,0.7469,0.7469,0.6944,0.7006,0
1974-09-10,0.7037,0.7253,0.7037,0.7130,0
1974-09-11,0.7160,0.7346,0.7160,0.7191,0
1974-09-12,0.7160,0.7160,0.6914,0.6944,0
1974-09-13,0.6944,0.6944,0.6698,0.6698,0
1974-09-16,0.6698,0.7346,0.6698,0.7222,0
1974-09-17,0.7222,0.7562,0.7191,0.7222,0
1974-09-18,0.7222,0.7377,0.7068,0.7377,0
1974-09-19,0.7531,0.7747,0.7531,0.7531,0
1974-09-20,0.7531,0.7593,0.7315,0.7377,0
1974-09-23,0.7377,0.7531,0.7191,0.7222,0
1974-09-24,0.7160,0.7160,0.6944,0.6944,0
1974-09-25,0.6944,0.7346,0.6728,0.6728,0
1974-09-26,0.6543,0.6543,0.6420,0.6543,0
1974-09-27,0.6543,0.6852,0.6173,0.6204,0
1974-09-30,0.6111,0.6111,0.5833,0.6080,0
1974-10-01,0.6080,0.6481,0.5833,0.6327,0
1974-10-02,0.6327,0.6451,0.6080,0.6111,0
1974-10-03,0.6111,0.6111,0.5957,0.6049,0
1974-10-04,0.5895,0.5895,0.5247,0.5247,0
1974-10-07,0.5525,0.5864,0.5525,0.5802,0
1974-10-08,0.5802,0.5988,0.5679,0.5772,0
1974-10-09,0.5772,0.6358,0.5556,0.6358,0
1974-10-10,0.6512,0.6790,0.6512,0.6574,0
1974-10-11,0.6574,0.7191,0.6481,0.7037,0
1974-10-14,0.7253,0.7901,0.7253,0.7500,0
1974-10-15,0.7469,0.7469,0.7130,0.7377,0
1974-10-16,0.7377,0.7747,0.7253,0.7438,0
1974-10-17,0.7438,0.7901,0.7407,0.7685,0
1974-10-18,0.7870,0.8025,0.7870,0.7932,0
1974-10-21,0.7932,0.8642,0.7747,0.8611,0
1974-10-22,0.8611,0.8951,0.8395,0.8395,0
1974-10-23,0.8241,0.8241,0.7809,0.7901,0
1974-10-24,0.7840,0.7840,0.7531,0.7809,0
1974-10-25,0.7901,0.8148,0.7901,0.7963,0
1974-10-28,0.7963,0.8117,0.7685,0.8086,0
1974-10-29,0.8086,0.8302,0.8056,0.8272,0
1974-10-30,0.8272,0.8796,0.8272,0.8765,0
1974-10-31,0.8765,0.8981,0.8549,0.8704,0
1974-11-01,0.8704,0.8858,0.8457,0.8673,0
1974-11-04,0.8488,0.8488,0.8302,0.8395,0
1974-11-05,0.8395,0.9105,0.8333,0.9105,0
1974-11-06,0.9105,0.9599,0.8920,0.8920,0
1974-11-07,0.8920,0.9722,0.8827,0.9630,0
1974-11-08,0.9630,0.9630,0.9321,0.9568,0
1974-11-11,0.9568,0.9630,0.9414,0.9506,0
1974-11-12,0.9506,0.9568,0.8827,0.8827,0
1974-11-13,0.8827,0.8920,0.8580,0.8673,0
1974-11-14,0.8673,0.8673,0.8117,0.8395,0
1974-11-15,0.8395,0.8457,0.8117,0.8210,0
1974-11-18,0.7963,0.7963,0.7747,0.7840,0
1974-11-19,0.7809,0.7809,0.7438,0.7469,0
1974-11-20,0.7500,0.7716,0.7500,0.7593,0
1974-11-21,0.7654,0.8086,0.7654,0.7994,0
1974-11-22,0.8086,0.8364,0.8086,0.8086,0
1974-11-25,0.8086,0.8272,0.7809,0.8272,0
1974-11-26,0.8302,0.8704,0.8302,0.8580,0
1974-11-27,0.8580,0.8858,0.8364,0.8549,0
1974-11-29,0.8519,0.8519,0.8302,0.8364,0
1974-12-02,0.8272,0.8272,0.7840,0.7932,0
1974-12-03,0.7932,0.8210,0.7716,0.8148,0
1974-12-04,0.8148,0.8302,0.7932,0.8210,0
1974-12-05,0.8210,0.8241,0.7654,0.7654,0
1974-12-06,0.7654,0.7809,0.7469,0.7469,0
1974-12-09,0.7469,0.7963,0.7407,0.7840,0
1974-12-10,0.8025,0.8302,0.8025,0.8086,0
1974-12-11,0.8086,0.8519,0.8086,0.8086,0
1974-12-12,0.8086,0.8210,0.7685,0.7809,0
1974-12-13,0.7840,0.8241,0.7840,0.7963,0
1974-12-16,0.7963,0.8210,0.7901,0.8025,0
1974-12-17,0.8025,0.8210,0.7901,0.7994,0
1974-12-18,0.7994,0.8056,0.7469,0.7562,0
1974-12-19,0.7562,0.7809,0.7469,0.7469,0
1974-12-20,0.7469,0.7500,0.6605,0.6636,0
1974-12-23,0.6667,0.7037,0.6667,0.6975,0
1974-12-24,0.7006,0.7160,0.7006,0.7099,0
1974-12-26,0.7160,0.7315,0.7160,0.7253,0
1974-12-27,0.7253,0.7253,0.7006,0.7099,0
1974-12-30,0.7068,0.7068,0.6852,0.7037,0
1974-12-31,0.7037,0.7253,0.7037,0.7253,0
1975-01-02,0.7284,0.7469,0.7284,0.7315,0
1975-01-03,0.7315,0.7500,0.7130,0.7315,0
1975-01-06,0.7315,0.7531,0.7284,0.7284,0
1975-01-07,0.7222,0.7222,0.7099,0.7099,0
1975-01-08,0.7099,0.7130,0.6605,0.6636,0
1975-01-09,0.6636,0.7284,0.6636,0.7253,0
1975-01-10,0.7253,0.7562,0.7068,0.7099,0
1975-01-13,0.7099,0.7099,0.6821,0.6883,0
1975-01-14,0.6883,0.7006,0.6852,0.6883,0
1975-01-15,0.6944,0.7531,0.6944,0.7531,0
1975-01-16,0.7531,0.7593,0.7099,0.7191,0
1975-01-17,0.7191,0.7346,0.6944,0.6975,0
1975-01-20,0.6975,0.7253,0.6883,0.7253,0
1975-01-21,0.7253,0.7315,0.7099,0.7099,0
1975-01-22,0.7099,0.7253,0.7006,0.7191,0
1975-01-23,0.7191,0.7469,0.7130,0.7346,0
1975-01-24,0.7346,0.7654,0.7346,0.7531,0
1975-01-27,0.7809,0.8241,0.7809,0.8179,0
1975-01-28,0.8179,0.8272,0.7932,0.7963,0
1975-01-29,0.7963,0.8611,0.7932,0.8488,0
1975-01-30,0.8488,0.8549,0.8025,0.8056,0
1975-01-31,0.8086,0.8549,0.8086,0.8457,0
1975-02-03,0.8457,0.8488,0.8272,0.8364,0
1975-02-04,0.8333,0.8333,0.8086,0.8117,0
1975-02-05,0.8117,0.8889,0.8056,0.8796,0
1975-02-06,0.8796,0.9259,0.8735,0.8889,0
1975-02-07,0.8889,0.9105,0.8735,0.9105,0
1975-02-10,0.9105,0.9198,0.8981,0.9012,0
1975-02-11,0.9012,0.9506,0.8951,0.9506,0
1975-02-12,0.9506,0.9815,0.9475,0.9815,0
1975-02-13,0.9815,1.0370,0.9815,0.9846,0
1975-02-14,0.9846,1.0062,0.9691,1.0062,0
1975-02-18,1.0062,1.0216,0.9846,0.9969,0
1975-02-19,0.9969,1.0309,0.9846,1.0216,0
1975-02-20,1.0247,1.0741,1.0247,1.0648,0
1975-02-21,1.0648,1.0648,1.0278,1.0370,0
1975-02-24,1.0309,1.0309,1.0062,1.0154,0
1975-02-25,1.0123,1.0123,0.9691,0.9846,0
1975-02-26,0.9846,1.0093,0.9784,1.0093,0
1975-02-27,1.0093,1.0216,1.0062,1.0093,0
1975-02-28,1.0093,1.0093,0.9877,1.0062,0
1975-03-03,1.0093,1.0278,1.0093,1.0247,0
1975-03-04,1.0278,1.0586,1.0278,1.0309,0
1975-03-05,1.0309,1.0556,1.0154,1.0216,0
1975-03-06,1.0216,1.0463,1.0093,1.0432,0
1975-03-07,1.0494,1.0864,1.0494,1.0772,0
1975-03-10,1.0772,1.1019,1.0648,1.0957,0
1975-03-11,1.0957,1.1019,1.0772,1.0772,0
1975-03-12,1.0710,1.0710,1.0463,1.0494,0
1975-03-13,1.0494,1.0679,1.0309,1.0556,0
1975-03-14,1.0556,1.0710,1.0525,1.0556,0
1975-03-17,1.0586,1.1019,1.0586,1.1019,0
1975-03-18,1.1019,1.1235,1.0741,1.0741,0
1975-03-19,1.0710,1.0710,1.0370,1.0556,0
1975-03-20,1.0556,1.0926,1.0525,1.0741,0
1975-03-21,1.0741,1.0741,1.0494,1.0617,0
1975-03-24,1.0340,1.0340,0.9969,1.0247,0
1975-03-25,1.0247,1.0710,1.0123,1.0586,0
1975-03-26,1.0833,1.1019,1.0833,1.0864,0
1975-03-27,1.0895,1.1080,1.0895,1.0895,0
1975-03-31,1.0895,1.0895,1.0772,1.0772,0
1975-04-01,1.0772,1.0957,1.0679,1.0864,0
1975-04-02,1.0895,1.1142,1.0895,1.1111,0
1975-04-03,1.1111,1.1636,1.1049,1.1265,0
1975-04-04,1.1265,1.1790,1.1265,1.1667,0
1975-04-07,1.1667,1.2099,1.1636,1.2099,0
1975-04-08,1.2099,1.2222,1.1790,1.1821,0
1975-04-09,1.1821,1.1975,1.1790,1.1852,0
1975-04-10,1.1852,1.1975,1.1543,1.1636,0
1975-04-11,1.1636,1.1759,1.1451,1.1636,0
1975-04-14,1.1636,1.1821,1.1605,1.1698,0
1975-04-15,1.1698,1.1759,1.1481,1.1543,0
1975-04-16,1.1543,1.1605,1.1235,1.1543,0
1975-04-17,1.1759,1.1975,1.1759,1.1759,0
1975-04-18,1.1759,1.2438,1.1728,1.2037,0
1975-04-21,1.2068,1.2315,1.2068,1.2222,0
1975-04-22,1.2253,1.2438,1.2253,1.2253,0
1975-04-23,1.2253,1.2438,1.2222,1.2222,0
1975-04-24,1.2222,1.2840,1.2006,1.2593,0
1975-04-25,1.2778,1.3148,1.2778,1.3117,0
1975-04-28,1.3117,1.3148,1.2809,1.3056,0
1975-04-29,1.3056,1.3426,1.2747,1.2778,0
1975-04-30,1.2778,1.3395,1.2593,1.3395,0
1975-05-01,1.3395,1.3673,1.3302,1.3549,0
1975-05-02,1.3549,1.3549,1.3117,1.3210,0
1975-05-05,1.3210,1.3364,1.3025,1.3364,0
1975-05-06,1.3364,1.3426,1.2994,1.3148,0
1975-05-07,1.3148,1.3179,1.2963,1.3056,0
1975-05-08,1.3056,1.3302,1.3056,1.3148,0
1975-05-09,1.3210,1.3519,1.3210,1.3333,0
1975-05-12,1.3457,1.3889,1.3457,1.3642,0
1975-05-13,1.3642,1.4383,1.3611,1.4321,0
1975-05-14,1.4475,1.4938,1.4475,1.4568,0
1975-05-15,1.4568,1.4722,1.3981,1.3981,0
1975-05-16,1.3981,1.4074,1.3704,1.3796,0
1975-05-19,1.3796,1.4105,1.3488,1.4012,0
1975-05-20,1.4012,1.4198,1.3827,1.3981,0
1975-05-21,1.3951,1.3951,1.3488,1.3549,0
1975-05-22,1.3549,1.3765,1.3333,1.3395,0
1975-05-23,1.3395,1.3488,1.3364,1.3488,0
1975-05-27,1.3488,1.3549,1.3395,1.3457,0
1975-05-28,1.3457,1.3488,1.3025,1.3086,0
1975-05-29,1.3086,1.3241,1.3056,1.3148,0
1975-05-30,1.3241,1.3426,1.3241,1.3333,0
1975-06-02,1.3333,1.3457,1.3210,1.3272,0
1975-06-03,1.3272,1.3333,1.3025,1.3025,0
1975-06-04,1.2994,1.2994,1.2654,1.2809,0
1975-06-05,1.2809,1.2870,1.2747,1.2840,0
1975-06-06,1.2840,1.3025,1.2747,1.2901,0
1975-06-09,1.2901,1.2963,1.2654,1.2685,0
1975-06-10,1.2685,1.2685,1.2315,1.2593,0
1975-06-11,1.2593,1.2932,1.2438,1.2438,0
1975-06-12,1.2438,1.2531,1.2438,1.2531,0
1975-06-13,1.2531,1.2901,1.2469,1.2840,0
1975-06-16,1.2870,1.3364,1.2870,1.3364,0
1975-06-17,1.3364,1.3364,1.3179,1.3179,0
1975-06-18,1.3179,1.3241,1.3086,1.3241,0
1975-06-19,1.3241,1.3364,1.3179,1.3333,0
1975-06-20,1.3333,1.3549,1.3333,1.3333,0
1975-06-23,1.3333,1.3333,1.3148,1.3333,0
1975-06-24,1.3395,1.3735,1.3395,1.3580,0
1975-06-25,1.3642,1.4012,1.3642,1.3981,0
1975-06-26,1.3981,1.4321,1.3981,1.3981,0
1975-06-27,1.3981,1.4321,1.3920,1.4198,0
1975-06-30,1.4198,1.4290,1.4012,1.4074,0
1975-07-01,1.4074,1.4074,1.3673,1.3735,0
1975-07-02,1.3704,1.3704,1.3426,1.3704,0
1975-07-03,1.3704,1.3858,1.3673,1.3735,0
1975-07-07,1.3642,1.3642,1.3272,1.3333,0
1975-07-08,1.3333,1.3426,1.3086,1.3426,0
1975-07-09,1.3457,1.3827,1.3457,1.3827,0
1975-07-10,1.3827,1.4043,1.3735,1.3735,0
1975-07-11,1.3735,1.4012,1.3642,1.4012,0
1975-07-14,1.4012,1.4043,1.3765,1.3858,0
1975-07-15,1.3951,1.4167,1.3951,1.3951,0
1975-07-16,1.3951,1.4105,1.3735,1.3765,0
1975-07-17,1.3765,1.3951,1.3364,1.3580,0
1975-07-18,1.3580,1.3673,1.3549,1.3611,0
1975-07-21,1.3611,1.3827,1.3549,1.3642,0
1975-07-22,1.3611,1.3611,1.3457,1.3457,0
1975-07-23,1.3457,1.3549,1.2870,1.2870,0
1975-07-24,1.2809,1.2809,1.2500,1.2623,0
1975-07-25,1.2623,1.2840,1.2222,1.2407,0
1975-07-28,1.2407,1.2593,1.2346,1.2438,0
1975-07-29,1.2438,1.2716,1.1975,1.2222,0
1975-07-30,1.2222,1.2531,1.2130,1.2253,0
1975-07-31,1.2253,1.2438,1.1975,1.1975,0
1975-08-01,1.1821,1.1821,1.1512,1.1728,0
1975-08-04,1.1667,1.1667,1.1481,1.1543,0
1975-08-05,1.1543,1.1852,1.1512,1.1543,0
1975-08-06,1.1574,1.1944,1.1574,1.1790,0
1975-08-07,1.1790,1.1944,1.1543,1.1698,0
1975-08-08,1.1698,1.1790,1.1420,1.1420,0
1975-08-11,1.1420,1.1852,1.1420,1.1852,0
1975-08-12,1.1852,1.2037,1.1543,1.1543,0
1975-08-13,1.1451,1.1451,1.0926,1.1019,0
1975-08-14,1.1019,1.1204,1.1019,1.1173,0
1975-08-15,1.1173,1.1358,1.1173,1.1265,0
1975-08-18,1.1265,1.1420,1.1173,1.1173,0
1975-08-19,1.1111,1.1111,1.0864,1.0895,0
1975-08-20,1.0802,1.0802,1.0494,1.0648,0
1975-08-21,1.0648,1.0926,1.0617,1.0772,0
1975-08-22,1.0772,1.1080,1.0772,1.1049,0
1975-08-25,1.1049,1.1265,1.1049,1.1265,0
1975-08-26,1.1173,1.1173,1.0988,1.0988,0
1975-08-27,1.0988,1.1296,1.0988,1.1296,0
1975-08-28,1.1296,1.1451,1.1296,1.1451,0
1975-08-29,1.1451,1.1790,1.1358,1.1636,0
1975-09-02,1.1636,1.1728,1.1358,1.1358,0
1975-09-03,1.1358,1.1389,1.1080,1.1358,0
1975-09-04,1.1358,1.1543,1.1265,1.1512,0
1975-09-05,1.1512,1.1512,1.1358,1.1389,0
1975-09-08,1.1389,1.1512,1.1296,1.1389,0
1975-09-09,1.1389,1.1512,1.1019,1.1019,0
1975-09-10,1.1019,1.1080,1.0772,1.1080,0
1975-09-11,1.1080,1.1358,1.1049,1.1265,0
1975-09-12,1.1265,1.1451,1.1142,1.1142,0
1975-09-15,1.1142,1.1235,1.1111,1.1235,0
1975-09-16,1.1235,1.1389,1.1111,1.1204,0
1975-09-17,1.1204,1.1296,1.1111,1.1265,0
1975-09-18,1.1265,1.1790,1.1235,1.1728,0
1975-09-19,1.1883,1.2346,1.1883,1.2191,0
1975-09-22,1.2191,1.2191,1.1790,1.1852,0
1975-09-23,1.1852,1.2191,1.1821,1.2160,0
1975-09-24,1.2222,1.2438,1.2222,1.2222,0
1975-09-25,1.2222,1.2315,1.1914,1.2099,0
1975-09-26,1.2099,1.2346,1.2068,1.2191,0
1975-09-29,1.2191,1.2191,1.1883,1.1914,0
1975-09-30,1.1790,1.1790,1.1358,1.1481,0
1975-10-01,1.1481,1.1667,1.1173,1.1265,0
1975-10-02,1.1265,1.1667,1.1235,1.1543,0
1975-10-03,1.1667,1.2068,1.1667,1.2068,0
1975-10-06,1.2191,1.2531,1.2191,1.2346,0
1975-10-07,1.2346,1.2809,1.2222,1.2747,0
1975-10-08,1.2747,1.3025,1.2716,1.2840,0
1975-10-09,1.2840,1.2901,1.2654,1.2870,0
1975-10-10,1.2870,1.3148,1.2654,1.2685,0
1975-10-13,1.2685,1.3148,1.2685,1.3148,0
1975-10-14,1.3148,1.3364,1.2809,1.2840,0
1975-10-15,1.2840,1.3056,1.2809,1.2963,0
1975-10-16,1.3056,1.3302,1.3056,1.3086,0
1975-10-17,1.3025,1.3025,1.2593,1.2654,0
1975-10-20,1.2654,1.2963,1.2654,1.2932,0
1975-10-21,1.3117,1.3272,1.3117,1.3179,0
1975-10-22,1.3179,1.3179,1.3056,1.3179,0
1975-10-23,1.3179,1.3302,1.3086,1.3302,0
1975-10-24,1.3302,1.3302,1.2994,1.3086,0
1975-10-27,1.3086,1.3117,1.2932,1.3117,0
1975-10-28,1.3117,1.3179,1.3056,1.3117,0
1975-10-29,1.3086,1.3086,1.2809,1.2963,0
1975-10-30,1.2963,1.2994,1.2901,1.2963,0
1975-10-31,1.2963,1.3148,1.2901,1.2994,0
1975-11-03,1.2963,1.2963,1.2747,1.2747,0
1975-11-04,1.2747,1.3025,1.2716,1.2963,0
1975-11-05,1.3086,1.3549,1.3086,1.3395,0
1975-11-06,1.3395,1.3796,1.3364,1.3642,0
1975-11-07,1.3642,1.3796,1.3642,1.3796,0
1975-11-10,1.3796,1.3889,1.3704,1.3827,0
1975-11-11,1.3827,1.4043,1.3827,1.3981,0
1975-11-12,1.4136,1.4321,1.4136,1.4321,0
1975-11-13,1.4321,1.4352,1.4012,1.4105,0
1975-11-14,1.4105,1.4105,1.3765,1.3920,0
1975-11-17,1.3951,1.4228,1.3951,1.4228,0
1975-11-18,1.4228,1.4259,1.4105,1.4198,0
1975-11-19,1.4136,1.4136,1.3827,1.3951,0
1975-11-20,1.3951,1.4105,1.3858,1.3920,0
1975-11-21,1.3920,1.3920,1.3735,1.3889,0
1975-11-24,1.3889,1.3951,1.3735,1.3951,0
1975-11-25,1.4043,1.4228,1.4043,1.4074,0
1975-11-26,1.4074,1.4198,1.3981,1.4198,0
1975-11-28,1.4198,1.4321,1.4136,1.4321,0
1975-12-01,1.4321,1.4506,1.4167,1.4228,0
1975-12-02,1.4074,1.4074,1.3765,1.3827,0
1975-12-03,1.3642,1.3642,1.3333,1.3488,0
1975-12-04,1.3488,1.3611,1.3395,1.3549,0
1975-12-05,1.3549,1.3580,1.3241,1.3333,0
1975-12-08,1.3333,1.3549,1.3210,1.3364,0
1975-12-09,1.3364,1.3395,1.3210,1.3364,0
1975-12-10,1.3364,1.3457,1.3272,1.3457,0
1975-12-11,1.3457,1.3457,1.3241,1.3241,0
1975-12-12,1.3241,1.3241,1.3179,1.3179,0
1975-12-15,1.3179,1.3272,1.3086,1.3148,0
1975-12-16,1.3210,1.3765,1.3210,1.3611,0
1975-12-17,1.3611,1.3765,1.3580,1.3704,0
1975-12-18,1.3704,1.3796,1.3611,1.3673,0
1975-12-19,1.3673,1.3704,1.3611,1.3642,0
1975-12-22,1.3642,1.3642,1.3488,1.3549,0
1975-12-23,1.3549,1.4012,1.3549,1.4012,0
1975-12-24,1.4012,1.4136,1.3981,1.4074,0
1975-12-26,1.4136,1.4321,1.4136,1.4321,0
1975-12-29,1.4321,1.4414,1.4043,1.4136,0
1975-12-30,1.4136,1.4259,1.4074,1.4167,0
1975-12-31,1.4167,1.4414,1.4105,1.4414,0
1976-01-02,1.4414,1.4660,1.4383,1.4630,0
1976-01-05,1.4630,1.4691,1.4506,1.4630,0
1976-01-06,1.4630,1.4753,1.4475,1.4475,0
1976-01-07,1.4475,1.4630,1.4383,1.4414,0
1976-01-08,1.4414,1.4722,1.4290,1.4630,0
1976-01-09,1.4660,1.4877,1.4660,1.4753,0
1976-01-12,1.4753,1.5123,1.4691,1.5062,0
1976-01-13,1.5062,1.5216,1.4815,1.4815,0
1976-01-14,1.4815,1.5185,1.4753,1.5093,0
1976-01-15,1.5093,1.5370,1.4969,1.4969,0
1976-01-16,1.4969,1.5185,1.4784,1.4907,0
1976-01-19,1.4907,1.4907,1.4691,1.4877,0
1976-01-20,1.4877,1.4938,1.4722,1.4938,0
1976-01-21,1.4938,1.5340,1.4753,1.5185,0
1976-01-22,1.5185,1.5401,1.5123,1.5309,0
1976-01-23,1.5309,1.5586,1.5216,1.5401,0
1976-01-26,1.5401,1.5525,1.5154,1.5185,0
1976-01-27,1.5185,1.5370,1.4938,1.5000,0
1976-01-28,1.5000,1.5031,1.4753,1.4907,0
1976-01-29,1.4938,1.5216,1.4938,1.5154,0
1976-01-30,1.5247,1.5432,1.5247,1.5370,0
1976-02-02,1.5370,1.5401,1.5216,1.5370,0
1976-02-03,1.5370,1.5432,1.4907,1.5216,0
1976-02-04,1.5216,1.5309,1.5123,1.5247,0
1976-02-05,1.5247,1.5340,1.5123,1.5216,0
1976-02-06,1.5216,1.5401,1.5093,1.5309,0
1976-02-09,1.5309,1.5494,1.5216,1.5309,0
1976-02-10,1.5309,1.5370,1.5154,1.5278,0
1976-02-11,1.5278,1.5525,1.5154,1.5401,0
1976-02-12,1.5401,1.5741,1.5278,1.5586,0
1976-02-13,1.5586,1.5617,1.5340,1.5432,0
1976-02-17,1.5432,1.5679,1.5401,1.5586,0
1976-02-18,1.5586,1.5957,1.5525,1.5802,0
1976-02-19,1.5802,1.5926,1.5741,1.5772,0
1976-02-20,1.5802,1.6049,1.5802,1.5864,0
1976-02-23,1.5802,1.5802,1.5525,1.5710,0
1976-02-24,1.5710,1.5988,1.5586,1.5679,0
1976-02-25,1.5679,1.5864,1.5432,1.5864,0
1976-02-26,1.5833,1.5833,1.5586,1.5617,0
1976-02-27,1.5586,1.5586,1.5216,1.5494,0
1976-03-01,1.5494,1.5494,1.5247,1.5432,0
1976-03-02,1.5432,1.5617,1.5432,1.5525,0
1976-03-03,1.5525,1.5556,1.5278,1.5463,0
1976-03-04,1.5463,1.5494,1.5062,1.5123,0
1976-03-05,1.5123,1.5123,1.4784,1.4938,0
1976-03-08,1.4969,1.5154,1.4969,1.5031,0
1976-03-09,1.5093,1.5432,1.5093,1.5216,0
1976-03-10,1.5216,1.5340,1.5123,1.5154,0
1976-03-11,1.5154,1.5370,1.5062,1.5309,0
1976-03-12,1.5309,1.5309,1.4938,1.4938,0
1976-03-15,1.4938,1.5000,1.4877,1.4907,0
1976-03-16,1.4907,1.5216,1.4846,1.5216,0
1976-03-17,1.5216,1.5216,1.5093,1.5216,0
1976-03-18,1.5185,1.5185,1.4846,1.4938,0
1976-03-19,1.4938,1.5123,1.4877,1.5062,0
1976-03-22,1.5062,1.5123,1.4907,1.5000,0
1976-03-23,1.5000,1.5525,1.4907,1.5463,0
1976-03-24,1.5494,1.5772,1.5494,1.5648,0
1976-03-25,1.5648,1.5741,1.5401,1.5432,0
1976-03-26,1.5432,1.5586,1.5370,1.5370,0
1976-03-29,1.5401,1.5586,1.5401,1.5494,0
1976-03-30,1.5494,1.5772,1.5432,1.5741,0
1976-03-31,1.5741,1.5833,1.5710,1.5802,0
1976-04-01,1.5802,1.5895,1.5648,1.5741,0
1976-04-02,1.5741,1.5895,1.5679,1.5833,0
1976-04-05,1.5926,1.6204,1.5926,1.6080,0
1976-04-06,1.6080,1.6296,1.5988,1.6019,0
1976-04-07,1.6019,1.6080,1.5679,1.5679,0
1976-04-08,1.5679,1.5679,1.5432,1.5556,0
1976-04-09,1.5556,1.5586,1.5340,1.5370,0
1976-04-12,1.5370,1.5432,1.5247,1.5278,0
1976-04-13,1.5278,1.5494,1.5185,1.5494,0
1976-04-14,1.5401,1.5401,1.5093,1.5093,0
1976-04-15,1.5093,1.5093,1.4784,1.4784,0
1976-04-19,1.4846,1.5031,1.4846,1.4969,0
1976-04-20,1.5062,1.5340,1.5062,1.5340,0
1976-04-21,1.5340,1.5772,1.5278,1.5617,0
1976-04-22,1.5617,1.5710,1.5463,1.5463,0
1976-04-23,1.5463,1.5463,1.5185,1.5216,0
1976-04-26,1.5216,1.5340,1.5154,1.5340,0
1976-04-27,1.5340,1.5463,1.5247,1.5247,0
1976-04-28,1.5247,1.5463,1.5123,1.5370,0
1976-04-29,1.5370,1.5432,1.5185,1.5340,0
1976-04-30,1.5340,1.5432,1.5123,1.5247,0
1976-05-03,1.5247,1.5247,1.5154,1.5216,0
1976-05-04,1.5247,1.5648,1.5247,1.5617,0
1976-05-05,1.5617,1.5772,1.5340,1.5340,0
1976-05-06,1.5340,1.5586,1.5340,1.5494,0
1976-05-07,1.5494,1.5617,1.5463,1.5617,0
1976-05-10,1.5617,1.5772,1.5556,1.5556,0
1976-05-11,1.5556,1.5617,1.5309,1.5309,0
1976-05-12,1.5278,1.5278,1.4877,1.4877,0
1976-05-13,1.4815,1.4815,1.4352,1.4444,0
1976-05-14,1.4444,1.4444,1.4198,1.4259,0
1976-05-17,1.4259,1.4383,1.4228,1.4290,0
1976-05-18,1.4290,1.4444,1.4259,1.4259,0
1976-05-19,1.4259,1.4352,1.3765,1.3827,0
1976-05-20,1.3827,1.3827,1.3457,1.3704,0
1976-05-21,1.3735,1.4012,1.3735,1.3796,0
1976-05-24,1.3704,1.3704,1.3179,1.3395,0
1976-05-25,1.3395,1.3642,1.3364,1.3611,0
1976-05-26,1.3611,1.3735,1.3457,1.3673,0
1976-05-27,1.3673,1.3735,1.3426,1.3580,0
1976-05-28,1.3611,1.3765,1.3611,1.3765,0
1976-06-01,1.3765,1.3827,1.3673,1.3704,0
1976-06-02,1.3704,1.3765,1.3611,1.3673,0
1976-06-03,1.3673,1.3765,1.3611,1.3611,0
1976-06-04,1.3549,1.3549,1.3179,1.3179,0
1976-06-07,1.2963,1.2963,1.2778,1.2870,0
1976-06-08,1.2901,1.3086,1.2901,1.2994,0
1976-06-09,1.2994,1.3302,1.2963,1.3086,0
1976-06-10,1.3086,1.3179,1.3056,1.3086,0
1976-06-11,1.3117,1.3704,1.3117,1.3673,0
1976-06-14,1.3673,1.3920,1.3673,1.3704,0
1976-06-15,1.3704,1.3735,1.3549,1.3704,0
1976-06-16,1.3765,1.4074,1.3765,1.3827,0
1976-06-17,1.4012,1.4228,1.4012,1.4167,0
1976-06-18,1.4167,1.4228,1.4074,1.4167,0
1976-06-21,1.4167,1.4475,1.4136,1.4259,0
1976-06-22,1.4259,1.4444,1.4259,1.4321,0
1976-06-23,1.4321,1.4321,1.4136,1.4167,0
1976-06-24,1.4167,1.4167,1.3889,1.4105,0
1976-06-25,1.4198,1.4321,1.4198,1.4228,0
1976-06-28,1.4259,1.4414,1.4259,1.4290,0
1976-06-29,1.4290,1.4444,1.4198,1.4414,0
1976-06-30,1.4444,1.4537,1.4444,1.4444,0
1976-07-01,1.4444,1.4506,1.4352,1.4352,0
1976-07-02,1.4352,1.4383,1.4198,1.4228,0
1976-07-06,1.4198,1.4198,1.3951,1.3981,0
1976-07-07,1.3981,1.4105,1.3981,1.4043,0
1976-07-08,1.4043,1.4167,1.4043,1.4074,0
1976-07-09,1.4074,1.4105,1.3951,1.4105,0
1976-07-12,1.4105,1.4321,1.4074,1.4321,0
1976-07-13,1.4321,1.4568,1.4321,1.4506,0
1976-07-14,1.4506,1.4815,1.4506,1.4753,0
1976-07-15,1.4753,1.4753,1.4599,1.4630,0
1976-07-16,1.4630,1.4753,1.4475,1.4753,0
1976-07-19,1.4722,1.4722,1.4383,1.4383,0
1976-07-20,1.4383,1.4383,1.4105,1.4259,0
1976-07-21,1.4321,1.4444,1.4321,1.4321,0
1976-07-22,1.4321,1.4321,1.4198,1.4198,0
1976-07-23,1.4198,1.4228,1.4012,1.4012,0
1976-07-26,1.4012,1.4074,1.3951,1.4012,0
1976-07-27,1.4012,1.4074,1.3951,1.4012,0
1976-07-28,1.4012,1.4043,1.3827,1.4012,0
1976-07-29,1.3981,1.3981,1.3827,1.3920,0
1976-07-30,1.3920,1.4012,1.3858,1.4012,0
1976-08-02,1.4012,1.4105,1.3951,1.4012,0
1976-08-03,1.3981,1.3981,1.3827,1.3981,0
1976-08-04,1.3981,1.3981,1.3704,1.3827,0
1976-08-05,1.3765,1.3765,1.3642,1.3642,0
1976-08-06,1.3642,1.3642,1.3457,1.3580,0
1976-08-09,1.3549,1.3549,1.3148,1.3210,0
1976-08-10,1.3241,1.3457,1.3241,1.3302,0
1976-08-11,1.3302,1.3395,1.3302,1.3333,0
1976-08-12,1.3333,1.3333,1.3148,1.3210,0
1976-08-13,1.3210,1.3302,1.3179,1.3241,0
1976-08-16,1.3333,1.3549,1.3333,1.3519,0
1976-08-17,1.3519,1.3642,1.3488,1.3611,0
1976-08-18,1.3611,1.3704,1.3519,1.3580,0
1976-08-19,1.3580,1.3704,1.3488,1.3549,0
1976-08-20,1.3549,1.3580,1.3364,1.3395,0
1976-08-23,1.3364,1.3364,1.3179,1.3333,0
1976-08-24,1.3302,1.3302,1.3086,1.3086,0
1976-08-25,1.3086,1.3395,1.3025,1.3364,0
1976-08-26,1.3364,1.3395,1.3272,1.3333,0
1976-08-27,1.3333,1.3457,1.3241,1.3333,0
1976-08-30,1.3333,1.3457,1.3333,1.3333,0
1976-08-31,1.3426,1.3549,1.3426,1.3457,0
1976-09-01,1.3457,1.3858,1.3457,1.3827,0
1976-09-02,1.3827,1.4043,1.3827,1.4012,0
1976-09-03,1.4012,1.4321,1.4012,1.4321,0
1976-09-07,1.4321,1.4383,1.4228,1.4383,0
1976-09-08,1.4383,1.4506,1.4352,1.4383,0
1976-09-09,1.4383,1.4383,1.4290,1.4290,0
1976-09-10,1.4290,1.4414,1.4290,1.4414,0
1976-09-13,1.4414,1.4444,1.4228,1.4228,0
1976-09-14,1.4228,1.4259,1.4012,1.4074,0
1976-09-15,1.4074,1.4198,1.4074,1.4105,0
1976-09-16,1.4105,1.4444,1.4105,1.4444,0
1976-09-17,1.4444,1.4630,1.4321,1.4568,0
1976-09-20,1.4568,1.4691,1.4475,1.4475,0
1976-09-21,1.4475,1.4660,1.4475,1.4660,0
1976-09-22,1.4660,1.4722,1.4352,1.4414,0
1976-09-23,1.4414,1.4537,1.4228,1.4290,0
1976-09-24,1.4290,1.4352,1.4198,1.4321,0
1976-09-27,1.4321,1.4321,1.4074,1.4074,0
1976-09-28,1.4074,1.4074,1.3333,1.3580,0
1976-09-29,1.3580,1.3827,1.3488,1.3580,0
1976-09-30,1.3580,1.3704,1.3549,1.3611,0
1976-10-01,1.3611,1.3704,1.3148,1.3395,0
1976-10-04,1.3395,1.3519,1.3364,1.3457,0
1976-10-05,1.3457,1.3519,1.3241,1.3426,0
1976-10-06,1.3426,1.3673,1.3395,1.3519,0
1976-10-07,1.3519,1.3765,1.3519,1.3765,0
1976-10-08,1.3765,1.4012,1.3735,1.3765,0
1976-10-11,1.3735,1.3735,1.3580,1.3704,0
1976-10-12,1.3704,1.3704,1.3519,1.3549,0
1976-10-13,1.3549,1.3611,1.3241,1.3272,0
1976-10-14,1.3272,1.3333,1.2901,1.2963,0
1976-10-15,1.2963,1.3025,1.2778,1.2963,0
1976-10-18,1.2994,1.3272,1.2994,1.3179,0
1976-10-19,1.3179,1.3241,1.2469,1.2809,0
1976-10-20,1.2778,1.2778,1.2531,1.2747,0
1976-10-21,1.2747,1.2809,1.2500,1.2531,0
1976-10-22,1.2500,1.2500,1.2037,1.2253,0
1976-10-25,1.2253,1.2531,1.2160,1.2531,0
1976-10-26,1.2531,1.2809,1.2469,1.2809,0
1976-10-27,1.2809,1.2932,1.2562,1.2932,0
1976-10-28,1.2963,1.3148,1.2963,1.2994,0
1976-10-29,1.2994,1.3148,1.2932,1.3117,0
1976-11-01,1.3117,1.3333,1.3086,1.3241,0
1976-11-03,1.3241,1.3241,1.2901,1.3241,0
1976-11-04,1.3272,1.3580,1.3272,1.3457,0
1976-11-05,1.3457,1.3549,1.3333,1.3333,0
1976-11-08,1.3333,1.3333,1.3117,1.3148,0
1976-11-09,1.3148,1.3241,1.2963,1.2963,0
1976-11-10,1.3056,1.3272,1.3056,1.3179,0
1976-11-11,1.3179,1.3457,1.3148,1.3457,0
1976-11-12,1.3457,1.3457,1.3302,1.3395,0
1976-11-15,1.3426,1.3951,1.3426,1.3951,0
1976-11-16,1.3827,1.3827,1.3704,1.3735,0
1976-11-17,1.3735,1.4074,1.3735,1.3981,0
1976-11-18,1.3981,1.3981,1.3858,1.3920,0
1976-11-19,1.3920,1.3981,1.3889,1.3951,0
1976-11-22,1.3951,1.4012,1.3858,1.3920,0
1976-11-23,1.3920,1.3951,1.3642,1.3642,0
1976-11-24,1.3642,1.3642,1.3457,1.3549,0
1976-11-26,1.3549,1.3673,1.3549,1.3673,0
1976-11-29,1.3673,1.3673,1.3549,1.3580,0
1976-11-30,1.3580,1.3642,1.3457,1.3580,0
1976-12-01,1.3580,1.3765,1.3549,1.3735,0
1976-12-02,1.3735,1.3796,1.3488,1.3519,0
1976-12-03,1.3580,1.3735,1.3580,1.3580,0
1976-12-06,1.3580,1.3673,1.3549,1.3580,0
1976-12-07,1.3580,1.3827,1.3580,1.3735,0
1976-12-08,1.3704,1.3704,1.3549,1.3549,0
1976-12-09,1.3549,1.3580,1.3333,1.3364,0
1976-12-10,1.3364,1.3395,1.3056,1.3056,0
1976-12-13,1.3056,1.3117,1.2840,1.2963,0
1976-12-14,1.2963,1.2963,1.2469,1.2932,0
1976-12-15,1.2932,1.3086,1.2932,1.3025,0
1976-12-16,1.3025,1.3056,1.2469,1.2593,0
1976-12-17,1.2593,1.2654,1.2160,1.2346,0
1976-12-20,1.2346,1.2531,1.2346,1.2438,0
1976-12-21,1.2531,1.2963,1.2531,1.2963,0
1976-12-22,1.2963,1.3241,1.2932,1.3056,0
1976-12-23,1.3056,1.3210,1.3056,1.3086,0
1976-12-27,1.3148,1.3457,1.3148,1.3395,0
1976-12-28,1.3395,1.3457,1.3333,1.3333,0
1976-12-29,1.3333,1.3364,1.3086,1.3210,0
1976-12-30,1.3210,1.3272,1.3148,1.3179,0
1976-12-31,1.3179,1.3241,1.3117,1.3179,0
1977-01-03,1.2901,1.3179,1.2901,1.2963,0
1977-01-04,1.2901,1.2901,1.2685,1.2778,0
1977-01-05,1.2778,1.2778,1.2562,1.2716,0
1977-01-06,1.2747,1.2963,1.2747,1.2901,0
1977-01-07,1.2901,1.3117,1.2870,1.3086,0
1977-01-10,1.3086,1.3148,1.2901,1.3056,0
1977-01-11,1.3056,1.3086,1.2870,1.2870,0
1977-01-12,1.2870,1.2963,1.2840,1.2963,0
1977-01-13,1.2963,1.3025,1.2932,1.3025,0
1977-01-14,1.3025,1.3025,1.2840,1.2840,0
1977-01-17,1.2809,1.2809,1.2685,1.2778,0
1977-01-18,1.2778,1.2840,1.2469,1.2500,0
1977-01-19,1.2500,1.2593,1.2469,1.2562,0
1977-01-20,1.2531,1.2531,1.2315,1.2377,0
1977-01-21,1.2377,1.2562,1.2346,1.2438,0
1977-01-24,1.2407,1.2407,1.2253,1.2346,0
1977-01-25,1.2346,1.2346,1.1790,1.1852,0
1977-01-26,1.1790,1.1790,1.1389,1.1451,0
1977-01-27,1.1327,1.1327,1.0988,1.1111,0
1977-01-28,1.1142,1.1389,1.1142,1.1327,0
1977-01-31,1.1327,1.1389,1.1235,1.1296,0
1977-02-01,1.1327,1.1481,1.1327,1.1451,0
1977-02-02,1.1451,1.1636,1.1327,1.1358,0
1977-02-03,1.1358,1.1420,1.1173,1.1358,0
1977-02-04,1.1358,1.1420,1.1296,1.1358,0
1977-02-07,1.1358,1.1420,1.1296,1.1327,0
1977-02-08,1.1327,1.1420,1.1265,1.1327,0
1977-02-09,1.1327,1.1451,1.1296,1.1420,0
1977-02-10,1.1420,1.1481,1.1389,1.1451,0
1977-02-11,1.1451,1.1481,1.1265,1.1327,0
1977-02-14,1.1327,1.1389,1.1235,1.1389,0
1977-02-15,1.1451,1.1512,1.1451,1.1512,0
1977-02-16,1.1512,1.1605,1.1451,1.1512,0
1977-02-17,1.1512,1.1574,1.1389,1.1420,0
1977-02-18,1.1420,1.1451,1.1327,1.1420,0
1977-02-22,1.1420,1.1512,1.1358,1.1420,0
1977-02-23,1.1420,1.1481,1.1265,1.1296,0
1977-02-24,1.1265,1.1265,1.1142,1.1173,0
1977-02-25,1.1173,1.1204,1.1049,1.1080,0
1977-02-28,1.1080,1.1142,1.1019,1.1049,0
1977-03-01,1.1049,1.1296,1.1049,1.1296,0
1977-03-02,1.1296,1.1296,1.1204,1.1235,0
1977-03-03,1.1235,1.1358,1.1204,1.1358,0
1977-03-04,1.1358,1.1389,1.1235,1.1235,0
1977-03-07,1.1235,1.1265,1.1142,1.1204,0
1977-03-08,1.1204,1.1235,1.0772,1.0802,0
1977-03-09,1.0802,1.0802,1.0617,1.0741,0
1977-03-10,1.0741,1.0926,1.0679,1.0895,0
1977-03-11,1.0895,1.0988,1.0802,1.0833,0
1977-03-14,1.0833,1.0895,1.0833,1.0895,0
1977-03-15,1.0895,1.1173,1.0895,1.1111,0
1977-03-16,1.1142,1.1420,1.1142,1.1235,0
1977-03-17,1.1204,1.1204,1.1111,1.1204,0
1977-03-18,1.1204,1.1235,1.0895,1.0926,0
1977-03-21,1.0926,1.1019,1.0833,1.0864,0
1977-03-22,1.0864,1.0895,1.0741,1.0772,0
1977-03-23,1.0772,1.0833,1.0648,1.0648,0
1977-03-24,1.0648,1.0679,1.0525,1.0525,0
1977-03-25,1.0494,1.0494,1.0278,1.0309,0
1977-03-28,1.0309,1.0401,1.0247,1.0370,0
1977-03-29,1.0370,1.0494,1.0340,1.0370,0
1977-03-30,1.0370,1.0401,1.0062,1.0093,0
1977-03-31,1.0093,1.0123,0.9784,0.9815,0
1977-04-01,0.9846,1.0123,0.9846,1.0123,0
1977-04-04,1.0123,1.0154,0.9969,1.0000,0
1977-04-05,1.0000,1.0031,0.9938,1.0000,0
1977-04-06,1.0000,1.0062,0.9938,1.0031,0
1977-04-07,1.0031,1.0247,1.0031,1.0247,0
1977-04-11,1.0247,1.0432,1.0247,1.0370,0
1977-04-12,1.0432,1.0679,1.0432,1.0556,0
1977-04-13,1.0556,1.0556,1.0309,1.0525,0
1977-04-14,1.0648,1.0802,1.0648,1.0648,0
1977-04-15,1.0648,1.0741,1.0556,1.0586,0
1977-04-18,1.0556,1.0556,1.0401,1.0463,0
1977-04-19,1.0463,1.0494,1.0370,1.0370,0
1977-04-20,1.0370,1.0463,1.0340,1.0370,0
1977-04-21,1.0370,1.0432,0.9938,1.0000,0
1977-04-22,0.9969,0.9969,0.9537,0.9537,0
1977-04-25,0.9506,0.9506,0.9321,0.9383,0
1977-04-26,0.9383,0.9599,0.9383,0.9537,0
1977-04-27,0.9630,0.9784,0.9630,0.9691,0
1977-04-28,0.9722,0.9907,0.9722,0.9877,0
1977-04-29,0.9877,0.9907,0.9815,0.9846,0
1977-05-02,0.9846,0.9938,0.9846,0.9938,0
1977-05-03,0.9938,1.0000,0.9907,0.9938,0
1977-05-04,0.9938,1.0031,0.9846,1.0000,0
1977-05-05,1.0000,1.0093,0.9938,1.0093,0
1977-05-06,1.0062,1.0062,0.9969,1.0031,0
1977-05-09,1.0031,1.0185,1.0031,1.0123,0
1977-05-10,1.0185,1.0309,1.0185,1.0278,0
1977-05-11,1.0278,1.0340,1.0216,1.0247,0
1977-05-12,1.0247,1.0247,1.0093,1.0247,0
1977-05-13,1.0247,1.0278,1.0185,1.0278,0
1977-05-16,1.0309,1.0370,1.0309,1.0309,0
1977-05-17,1.0309,1.0309,1.0309,1.0309,0
1977-05-18,1.0309,1.0617,1.0247,1.0556,0
1977-05-19,1.0556,1.0617,1.0525,1.0586,0
1977-05-20,1.0586,1.0710,1.0586,1.0710,0
1977-05-23,1.0648,1.0648,1.0586,1.0648,0
1977-05-24,1.0586,1.0586,1.0463,1.0556,0
1977-05-25,1.0525,1.0525,1.0123,1.0154,0
1977-05-26,1.0154,1.0247,1.0062,1.0062,0
1977-05-27,1.0062,1.0123,0.9969,1.0000,0
1977-05-31,1.0000,1.0062,0.9907,0.9938,0
1977-06-01,1.0000,1.0154,1.0000,1.0123,0
1977-06-02,1.0123,1.0185,1.0031,1.0185,0
1977-06-03,1.0185,1.0432,1.0185,1.0401,0
1977-06-06,1.0401,1.0556,1.0401,1.0494,0
1977-06-07,1.0494,1.0586,1.0463,1.0586,0
1977-06-08,1.0586,1.0679,1.0586,1.0617,0
1977-06-09,1.0617,1.0710,1.0617,1.0679,0
1977-06-10,1.0679,1.0741,1.0617,1.0648,0
1977-06-13,1.0710,1.0926,1.0710,1.0895,0
1977-06-14,1.0926,1.1080,1.0926,1.1080,0
1977-06-15,1.1080,1.1173,1.1019,1.1019,0
1977-06-16,1.1019,1.1142,1.0957,1.1049,0
1977-06-17,1.1049,1.1111,1.0988,1.1111,0
1977-06-20,1.1142,1.1451,1.1142,1.1451,0
1977-06-21,1.1451,1.1698,1.1451,1.1451,0
1977-06-22,1.1451,1.1451,1.1265,1.1389,0
1977-06-23,1.1389,1.1481,1.1327,1.1420,0
1977-06-24,1.1420,1.1481,1.1389,1.1481,0
1977-06-27,1.1481,1.1574,1.1451,1.1481,0
1977-06-28,1.1481,1.1605,1.1358,1.1420,0
1977-06-29,1.1389,1.1389,1.1265,1.1358,0
1977-06-30,1.1358,1.1420,1.1296,1.1358,0
1977-07-01,1.1358,1.1358,1.1204,1.1265,0
1977-07-05,1.1265,1.1296,1.1235,1.1296,0
1977-07-06,1.1296,1.1358,1.1235,1.1327,0
1977-07-07,1.1327,1.1420,1.1296,1.1389,0
1977-07-08,1.1420,1.1574,1.1420,1.1512,0
1977-07-11,1.1512,1.1512,1.1389,1.1420,0
1977-07-12,1.1420,1.1451,1.1265,1.1296,0
1977-07-13,1.1296,1.1389,1.1173,1.1389,0
1977-07-15,1.1389,1.1728,1.1296,1.1636,0
1977-07-18,1.1636,1.1944,1.1636,1.1883,0
1977-07-19,1.1914,1.2222,1.1914,1.2191,0
1977-07-20,1.2191,1.2191,1.2037,1.2130,0
1977-07-21,1.2130,1.2160,1.1914,1.2099,0
1977-07-22,1.2099,1.2130,1.2006,1.2099,0
1977-07-25,1.2099,1.2130,1.1975,1.1975,0
1977-07-26,1.1944,1.1944,1.1914,1.1914,0
1977-07-27,1.1883,1.1883,1.1543,1.1543,0
1977-07-28,1.1543,1.1698,1.1512,1.1667,0
1977-07-29,1.1667,1.1667,1.1543,1.1574,0
1977-08-01,1.1574,1.1759,1.1543,1.1636,0
1977-08-02,1.1636,1.1636,1.1481,1.1512,0
1977-08-03,1.1481,1.1481,1.1296,1.1389,0
1977-08-04,1.1389,1.1512,1.1327,1.1512,0
1977-08-05,1.1512,1.1512,1.1420,1.1451,0
1977-08-08,1.1451,1.1512,1.1451,1.1481,0
1977-08-09,1.1481,1.1543,1.1481,1.1481,0
1977-08-10,1.1512,1.1574,1.1512,1.1574,0
1977-08-11,1.1574,1.1698,1.1574,1.1574,0
1977-08-12,1.1574,1.1574,1.1481,1.1512,0
1977-08-15,1.1512,1.1698,1.1512,1.1698,0
1977-08-16,1.1698,1.1821,1.1698,1.1698,0
1977-08-17,1.1698,1.1975,1.1667,1.1852,0
1977-08-18,1.1883,1.2222,1.1883,1.1944,0
1977-08-19,1.1944,1.2068,1.1944,1.2037,0
1977-08-22,1.2037,1.2377,1.2037,1.2346,0
1977-08-23,1.2315,1.2315,1.2191,1.2191,0
1977-08-24,1.2191,1.2222,1.2099,1.2160,0
1977-08-25,1.2130,1.2130,1.2006,1.2037,0
1977-08-26,1.2037,1.2284,1.1944,1.2222,0
1977-08-29,1.2284,1.2562,1.2284,1.2562,0
1977-08-30,1.2531,1.2531,1.2253,1.2315,0
1977-08-31,1.2284,1.2284,1.2037,1.2284,0
1977-09-01,1.2284,1.2315,1.2006,1.2006,0
1977-09-02,1.2068,1.2130,1.2068,1.2068,0
1977-09-06,1.2068,1.2130,1.2037,1.2130,0
1977-09-07,1.2130,1.2284,1.2130,1.2191,0
1977-09-08,1.2191,1.2253,1.2099,1.2130,0
1977-09-09,1.2099,1.2099,1.2006,1.2037,0
1977-09-12,1.2006,1.2006,1.1883,1.1975,0
1977-09-13,1.1975,1.2099,1.1883,1.2099,0
1977-09-14,1.2099,1.2191,1.2068,1.2160,0
1977-09-15,1.2160,1.2222,1.2006,1.2006,0
1977-09-16,1.2006,1.2068,1.1821,1.1883,0
1977-09-19,1.1883,1.1883,1.1759,1.1852,0
1977-09-20,1.1852,1.1944,1.1852,1.1914,0
1977-09-21,1.1914,1.1944,1.1667,1.1728,0
1977-09-22,1.1728,1.1790,1.1667,1.1790,0
1977-09-23,1.1790,1.1883,1.1759,1.1790,0
1977-09-26,1.1790,1.2006,1.1759,1.1944,0
1977-09-27,1.2006,1.2253,1.2006,1.2191,0
1977-09-28,1.2222,1.2346,1.2222,1.2315,0
1977-09-29,1.2346,1.2500,1.2346,1.2438,0
1977-09-30,1.2438,1.2469,1.2346,1.2346,0
1977-10-03,1.2346,1.2407,1.2253,1.2315,0
1977-10-04,1.2315,1.2315,1.2099,1.2130,0
1977-10-05,1.2130,1.2222,1.2006,1.2037,0
1977-10-06,1.2037,1.2191,1.2037,1.2191,0
1977-10-07,1.2191,1.2253,1.2099,1.2222,0
1977-10-10,1.2160,1.2160,1.2068,1.2130,0
1977-10-11,1.2130,1.2130,1.1944,1.1944,0
1977-10-12,1.1914,1.1914,1.1790,1.1914,0
1977-10-13,1.1914,1.1914,1.1821,1.1852,0
1977-10-14,1.1852,1.1883,1.1759,1.1759,0
1977-10-17,1.1698,1.1698,1.1605,1.1667,0
1977-10-18,1.1667,1.1728,1.1296,1.1358,0
1977-10-19,1.1358,1.1481,1.1204,1.1204,0
1977-10-20,1.1235,1.1389,1.1235,1.1358,0
1977-10-21,1.1358,1.1605,1.1358,1.1481,0
1977-10-24,1.1481,1.1605,1.1451,1.1543,0
1977-10-25,1.1543,1.1605,1.1481,1.1605,0
1977-10-26,1.1605,1.2006,1.1605,1.1944,0
1977-10-27,1.1944,1.1975,1.1728,1.1852,0
1977-10-28,1.1852,1.1852,1.1759,1.1821,0
1977-10-31,1.1790,1.1790,1.1667,1.1667,0
1977-11-01,1.1481,1.1481,1.1265,1.1327,0
1977-11-02,1.1327,1.1358,1.1265,1.1327,0
1977-11-03,1.1296,1.1296,1.1235,1.1296,0
1977-11-04,1.1389,1.1512,1.1389,1.1481,0
1977-11-07,1.1512,1.1667,1.1512,1.1636,0
1977-11-08,1.1636,1.1698,1.1512,1.1667,0
1977-11-09,1.1667,1.1821,1.1574,1.1821,0
1977-11-10,1.1852,1.2160,1.1852,1.2130,0
1977-11-11,1.2284,1.2377,1.2284,1.2315,0
1977-11-14,1.2315,1.2407,1.2284,1.2346,0
1977-11-15,1.2346,1.2438,1.2315,1.2315,0
1977-11-16,1.2315,1.2346,1.2191,1.2284,0
1977-11-17,1.2284,1.2315,1.2222,1.2315,0
1977-11-18,1.2315,1.2407,1.2284,1.2284,0
1977-11-21,1.2284,1.2315,1.2222,1.2284,0
1977-11-22,1.2346,1.2747,1.2346,1.2685,0
1977-11-23,1.2747,1.2932,1.2747,1.2809,0
1977-11-25,1.2809,1.2932,1.2778,1.2870,0
1977-11-28,1.2870,1.2901,1.2840,1.2901,0
1977-11-29,1.2901,1.2901,1.2438,1.2469,0
1977-11-30,1.2469,1.2623,1.2407,1.2593,0
1977-12-01,1.2593,1.2654,1.2469,1.2593,0
1977-12-02,1.2593,1.2623,1.2377,1.2438,0
1977-12-05,1.2438,1.2778,1.2438,1.2593,0
1977-12-06,1.2469,1.2469,1.2253,1.2315,0
1977-12-07,1.2315,1.2500,1.2315,1.2500,0
1977-12-08,1.2500,1.2562,1.2438,1.2469,0
1977-12-09,1.2500,1.2654,1.2500,1.2562,0
1977-12-12,1.2593,1.2654,1.2593,1.2623,0
1977-12-13,1.2623,1.2716,1.2562,1.2716,0
1977-12-14,1.2716,1.2870,1.2654,1.2870,0
1977-12-15,1.2870,1.2932,1.2809,1.2809,0
1977-12-16,1.2809,1.2809,1.2593,1.2716,0
1977-12-19,1.2716,1.2716,1.2531,1.2593,0
1977-12-20,1.2562,1.2562,1.2469,1.2562,0
1977-12-21,1.2562,1.2685,1.2438,1.2562,0
1977-12-22,1.2593,1.2870,1.2593,1.2840,0
1977-12-23,1.2840,1.3025,1.2840,1.2963,0
1977-12-27,1.2963,1.2963,1.2870,1.2932,0
1977-12-28,1.2932,1.3056,1.2685,1.2901,0
1977-12-29,1.2901,1.2932,1.2778,1.2840,0
1977-12-30,1.2840,1.2870,1.2654,1.2716,0
1978-01-03,1.2623,1.2623,1.2377,1.2407,0
1978-01-04,1.2407,1.2500,1.2191,1.2469,0
1978-01-05,1.2469,1.2562,1.2253,1.2253,0
1978-01-06,1.2253,1.2315,1.2160,1.2284,0
1978-01-09,1.2222,1.2222,1.2099,1.2191,0
1978-01-10,1.2191,1.2284,1.2130,1.2160,0
1978-01-11,1.2160,1.2222,1.1883,1.1914,0
1978-01-12,1.1914,1.2068,1.1883,1.1914,0
1978-01-13,1.1914,1.2006,1.1790,1.1821,0
1978-01-16,1.1821,1.1883,1.1759,1.1883,0
1978-01-17,1.1883,1.2037,1.1883,1.2037,0
1978-01-18,1.2037,1.2222,1.2006,1.2222,0
1978-01-19,1.2222,1.2222,1.1975,1.1975,0
1978-01-20,1.1975,1.1975,1.1821,1.1975,0
1978-01-23,1.1914,1.1914,1.1667,1.1698,0
1978-01-24,1.1636,1.1636,1.1420,1.1481,0
1978-01-25,1.1481,1.1543,1.1296,1.1358,0
1978-01-26,1.1358,1.1451,1.0833,1.0988,0
1978-01-27,1.0988,1.1111,1.0926,1.1049,0
1978-01-30,1.1049,1.1296,1.1049,1.1296,0
1978-01-31,1.1296,1.1358,1.1173,1.1235,0
1978-02-01,1.1235,1.1451,1.1204,1.1358,0
1978-02-02,1.1358,1.1481,1.1327,1.1358,0
1978-02-03,1.1358,1.1358,1.1235,1.1235,0
1978-02-06,1.1235,1.1235,1.1173,1.1204,0
1978-02-07,1.1235,1.1481,1.1235,1.1481,0
1978-02-08,1.1481,1.1543,1.1451,1.1481,0
1978-02-09,1.1481,1.1481,1.1265,1.1327,0
1978-02-10,1.1327,1.1327,1.1173,1.1204,0
1978-02-13,1.1204,1.1327,1.1173,1.1327,0
1978-02-14,1.1265,1.1265,1.1142,1.1173,0
1978-02-15,1.1173,1.1235,1.1111,1.1173,0
1978-02-16,1.1173,1.1173,1.1080,1.1111,0
1978-02-17,1.1111,1.1204,1.1019,1.1049,0
1978-02-21,1.1049,1.1080,1.0988,1.1049,0
1978-02-22,1.1080,1.1173,1.1080,1.1142,0
1978-02-23,1.1142,1.1142,1.1049,1.1142,0
1978-02-24,1.1142,1.1358,1.1142,1.1327,0
1978-02-27,1.1327,1.1358,1.1049,1.1080,0
1978-02-28,1.1049,1.1049,1.0957,1.1019,0
1978-03-01,1.1019,1.1080,1.0957,1.1019,0
1978-03-02,1.1019,1.1049,1.0957,1.0988,0
1978-03-03,1.0988,1.1049,1.0926,1.0988,0
1978-03-06,1.0988,1.0988,1.0895,1.0926,0
1978-03-07,1.0926,1.1080,1.0926,1.1049,0
1978-03-08,1.1049,1.1173,1.1019,1.1173,0
1978-03-09,1.1173,1.1235,1.1049,1.1142,0
1978-03-10,1.1142,1.1389,1.1142,1.1327,0
1978-03-13,1.1358,1.1389,1.1358,1.1389,0
1978-03-14,1.1389,1.1481,1.1173,1.1358,0
1978-03-15,1.1358,1.1481,1.1327,1.1451,0
1978-03-16,1.1451,1.1451,1.1358,1.1451,0
1978-03-17,1.1451,1.1636,1.1451,1.1605,0
1978-03-20,1.1636,1.1759,1.1636,1.1728,0
1978-03-21,1.1667,1.1667,1.1481,1.1512,0
1978-03-22,1.1512,1.1512,1.1389,1.1481,0
1978-03-23,1.1481,1.1481,1.1389,1.1420,0
1978-03-27,1.1358,1.1358,1.1173,1.1204,0
1978-03-28,1.1204,1.1235,1.1019,1.1204,0
1978-03-29,1.1204,1.1265,1.1173,1.1204,0
1978-03-30,1.1204,1.1235,1.1080,1.1204,0
1978-03-31,1.1204,1.1296,1.1111,1.1296,0
1978-04-03,1.1235,1.1235,1.1142,1.1204,0
1978-04-04,1.1204,1.1296,1.1173,1.1235,0
1978-04-05,1.1235,1.1296,1.1142,1.1296,0
1978-04-06,1.1296,1.1296,1.1173,1.1296,0
1978-04-07,1.1296,1.1296,1.1265,1.1296,0
1978-04-10,1.1296,1.1451,1.1265,1.1389,0
1978-04-11,1.1358,1.1358,1.1296,1.1327,0
1978-04-12,1.1296,1.1296,1.1173,1.1204,0
1978-04-13,1.1173,1.1173,1.1019,1.1111,0
1978-04-14,1.1142,1.1667,1.1142,1.1667,0
1978-04-17,1.2099,1.2377,1.2099,1.2315,0
1978-04-18,1.2315,1.2377,1.2099,1.2160,0
1978-04-19,1.2160,1.2253,1.2099,1.2253,0
1978-04-20,1.2284,1.2438,1.2284,1.2284,0
1978-04-21,1.2284,1.2346,1.2191,1.2315,0
1978-04-24,1.2315,1.2562,1.2222,1.2562,0
1978-04-25,1.2685,1.2840,1.2685,1.2685,0
1978-04-26,1.2685,1.2747,1.2531,1.2531,0
1978-04-27,1.2438,1.2438,1.2284,1.2377,0
1978-04-28,1.2377,1.2562,1.2222,1.2315,0
1978-05-01,1.2469,1.2870,1.2469,1.2747,0
1978-05-02,1.2747,1.2778,1.2654,1.2685,0
1978-05-03,1.2593,1.2593,1.2346,1.2407,0
1978-05-04,1.2407,1.2438,1.2130,1.2346,0
1978-05-05,1.2346,1.2377,1.2222,1.2253,0
1978-05-08,1.2253,1.2315,1.2191,1.2222,0
1978-05-09,1.2191,1.2191,1.2068,1.2068,0
1978-05-10,1.2068,1.2130,1.2006,1.2037,0
1978-05-11,1.2037,1.2130,1.1883,1.2068,0
1978-05-12,1.2191,1.2500,1.2191,1.2346,0
1978-05-15,1.2346,1.2562,1.2315,1.2562,0
1978-05-16,1.2562,1.2901,1.2531,1.2901,0
1978-05-17,1.2901,1.3241,1.2716,1.3025,0
1978-05-18,1.3025,1.3086,1.2840,1.2901,0
1978-05-19,1.2901,1.3056,1.2809,1.2963,0
1978-05-22,1.2963,1.3426,1.2901,1.3426,0
1978-05-23,1.3426,1.3426,1.3210,1.3272,0
1978-05-24,1.3148,1.3148,1.2932,1.3056,0
1978-05-25,1.3056,1.3056,1.2901,1.2994,0
1978-05-26,1.2963,1.2963,1.2778,1.2963,0
1978-05-30,1.2963,1.3086,1.2932,1.3086,0
1978-05-31,1.3272,1.3395,1.3272,1.3272,0
1978-06-01,1.3302,1.3488,1.3302,1.3364,0
1978-06-02,1.3364,1.3673,1.3333,1.3642,0
1978-06-05,1.3796,1.4136,1.3796,1.4136,0
1978-06-06,1.4259,1.4537,1.4259,1.4259,0
1978-06-07,1.4259,1.4321,1.4198,1.4259,0
1978-06-08,1.4259,1.4383,1.4167,1.4167,0
1978-06-09,1.4136,1.4136,1.4012,1.4105,0
1978-06-12,1.4105,1.4136,1.3981,1.3981,0
1978-06-13,1.3920,1.3920,1.3704,1.3889,0
1978-06-14,1.3889,1.4012,1.3642,1.3704,0
1978-06-15,1.3704,1.3704,1.3457,1.3549,0
1978-06-16,1.3549,1.3580,1.3333,1.3333,0
1978-06-19,1.3333,1.3395,1.3272,1.3364,0
1978-06-20,1.3364,1.3364,1.3148,1.3179,0
1978-06-21,1.3179,1.3302,1.3117,1.3148,0
1978-06-22,1.3148,1.3395,1.3148,1.3395,0
1978-06-23,1.3395,1.3519,1.3333,1.3364,0
1978-06-26,1.3333,1.3333,1.2994,1.3056,0
1978-06-27,1.3056,1.3179,1.2994,1.3148,0
1978-06-28,1.3148,1.3272,1.3056,1.3210,0
1978-06-29,1.3210,1.3241,1.2994,1.2994,0
1978-06-30,1.2994,1.3056,1.2963,1.2994,0
1978-07-03,1.2932,1.2932,1.2901,1.2932,0
1978-07-05,1.2932,1.2932,1.2747,1.2809,0
1978-07-06,1.2809,1.2901,1.2778,1.2901,0
1978-07-07,1.2901,1.3117,1.2870,1.3025,0
1978-07-10,1.3025,1.3210,1.2963,1.3179,0
1978-07-11,1.3179,1.3272,1.3117,1.3179,0
1978-07-12,1.3179,1.3210,1.3025,1.3056,0
1978-07-13,1.3056,1.3056,1.2963,1.3056,0
1978-07-14,1.3056,1.3426,1.3056,1.3426,0
1978-07-17,1.3457,1.3642,1.3457,1.3457,0
1978-07-18,1.3457,1.3488,1.3241,1.3241,0
1978-07-19,1.3241,1.3580,1.3179,1.3549,0
1978-07-20,1.3580,1.3735,1.3580,1.3580,0
1978-07-21,1.3580,1.3642,1.3549,1.3580,0
1978-07-24,1.3580,1.3611,1.3395,1.3611,0
1978-07-25,1.3611,1.3642,1.3580,1.3642,0
1978-07-26,1.3642,1.3673,1.3272,1.3302,0
1978-07-27,1.3302,1.3333,1.3148,1.3333,0
1978-07-28,1.3333,1.3457,1.3241,1.3395,0
1978-07-31,1.3395,1.3549,1.3272,1.3549,0
1978-08-01,1.3549,1.3673,1.3519,1.3611,0
1978-08-02,1.3611,1.4383,1.3580,1.4383,0
1978-08-03,1.4691,1.4938,1.4691,1.4691,0
1978-08-04,1.4691,1.4877,1.4599,1.4753,0
1978-08-07,1.4753,1.4877,1.4630,1.4660,0
1978-08-08,1.4660,1.4877,1.4630,1.4846,0
1978-08-09,1.4846,1.4907,1.4660,1.4691,0
1978-08-10,1.4691,1.4691,1.4290,1.4383,0
1978-08-11,1.4383,1.4414,1.4259,1.4414,0
1978-08-14,1.4414,1.4630,1.4383,1.4414,0
1978-08-15,1.4414,1.4414,1.4198,1.4414,0
1978-08-16,1.4414,1.4691,1.4352,1.4660,0
1978-08-17,1.4660,1.4815,1.4506,1.4537,0
1978-08-18,1.4537,1.4537,1.4321,1.4321,0
1978-08-21,1.4043,1.4043,1.3704,1.3796,0
1978-08-22,1.3796,1.3981,1.3765,1.3920,0
1978-08-23,1.3920,1.4074,1.3858,1.3858,0
1978-08-24,1.3858,1.3920,1.3673,1.3735,0
1978-08-25,1.3735,1.3765,1.3642,1.3642,0
1978-08-28,1.3642,1.3673,1.3549,1.3549,0
1978-08-29,1.3549,1.3735,1.3549,1.3611,0
1978-08-30,1.3611,1.3827,1.3488,1.3704,0
1978-08-31,1.3704,1.3765,1.3519,1.3765,0
1978-09-01,1.3765,1.3920,1.3580,1.3580,0
1978-09-05,1.3580,1.3611,1.3426,1.3580,0
1978-09-06,1.3580,1.3735,1.3364,1.3364,0
1978-09-07,1.3395,1.4784,1.3395,1.3457,0
1978-09-08,1.3580,1.3765,1.3580,1.3765,0
1978-09-11,1.3765,1.3951,1.3673,1.3765,0
1978-09-12,1.3704,1.3704,1.3549,1.3580,0
1978-09-13,1.3580,1.3642,1.3333,1.3364,0
1978-09-14,1.3364,1.3364,1.3148,1.3179,0
1978-09-15,1.3086,1.3086,1.2747,1.2778,0
1978-09-18,1.2778,1.2963,1.2716,1.2840,0
1978-09-19,1.2840,1.2963,1.2716,1.2778,0
1978-09-20,1.2716,1.2716,1.2562,1.2562,0
1978-09-21,1.2562,1.2685,1.2531,1.2654,0
1978-09-22,1.2654,1.2778,1.2654,1.2778,0
1978-09-25,1.2778,1.2778,1.2685,1.2747,0
1978-09-26,1.2747,1.2747,1.2685,1.2716,0
1978-09-27,1.2685,1.2685,1.2407,1.2407,0
1978-09-28,1.2407,1.2500,1.2315,1.2500,0
1978-09-29,1.2562,1.2654,1.2562,1.2593,0
1978-10-02,1.2593,1.2623,1.2531,1.2531,0
1978-10-03,1.2469,1.2469,1.2284,1.2315,0
1978-10-04,1.2315,1.2407,1.2284,1.2407,0
1978-10-05,1.2407,1.2562,1.2407,1.2500,0
1978-10-06,1.2500,1.2623,1.2469,1.2593,0
1978-10-09,1.2593,1.2716,1.2531,1.2654,0
1978-10-10,1.2685,1.2840,1.2685,1.2685,0
1978-10-11,1.2685,1.2901,1.2654,1.2870,0
1978-10-12,1.2870,1.2932,1.2500,1.2562,0
1978-10-13,1.2562,1.2593,1.2500,1.2593,0
1978-10-16,1.2562,1.2562,1.2346,1.2346,0
1978-10-17,1.2346,1.2438,1.2284,1.2346,0
1978-10-18,1.2346,1.2407,1.2222,1.2284,0
1978-10-19,1.2284,1.2315,1.2191,1.2191,0
1978-10-20,1.2191,1.2284,1.2130,1.2253,0
1978-10-23,1.2253,1.2346,1.2099,1.2284,0
1978-10-24,1.2284,1.2315,1.2068,1.2099,0
1978-10-25,1.2099,1.2130,1.1975,1.1975,0
1978-10-26,1.1975,1.1975,1.1852,1.1852,0
1978-10-27,1.1883,1.2037,1.1883,1.1944,0
1978-10-30,1.1944,1.2006,1.1512,1.1975,0
1978-10-31,1.1975,1.2099,1.1698,1.1698,0
1978-11-01,1.1852,1.2191,1.1852,1.2160,0
1978-11-02,1.2160,1.2160,1.1914,1.1914,0
1978-11-03,1.1914,1.2037,1.1883,1.2037,0
1978-11-06,1.2037,1.2099,1.1944,1.2006,0
1978-11-07,1.1975,1.1975,1.1852,1.1883,0
1978-11-08,1.1883,1.2037,1.1852,1.2037,0
1978-11-09,1.2037,1.2160,1.1975,1.2099,0
1978-11-10,1.2099,1.2222,1.2006,1.2037,0
1978-11-13,1.1975,1.1975,1.1728,1.1728,0
1978-11-14,1.1728,1.1728,1.1605,1.1605,0
1978-11-15,1.1605,1.1759,1.1512,1.1543,0
1978-11-16,1.1543,1.1605,1.1512,1.1605,0
1978-11-17,1.1605,1.1667,1.1574,1.1574,0
1978-11-20,1.1574,1.1667,1.1543,1.1543,0
1978-11-21,1.1543,1.1636,1.1543,1.1574,0
1978-11-22,1.1574,1.1605,1.1543,1.1574,0
1978-11-24,1.1543,1.1543,1.1481,1.1512,0
1978-11-27,1.1512,1.1512,1.1420,1.1451,0
1978-11-28,1.1451,1.1481,1.1389,1.1420,0
1978-11-29,1.1358,1.1358,1.1111,1.1204,0
1978-11-30,1.1235,1.1605,1.1235,1.1605,0
1978-12-01,1.1698,1.1944,1.1698,1.1914,0
1978-12-04,1.1914,1.2160,1.1883,1.2006,0
1978-12-05,1.2006,1.2407,1.2006,1.2407,0
1978-12-06,1.2407,1.2500,1.2315,1.2407,0
1978-12-07,1.2407,1.2438,1.2315,1.2377,0
1978-12-08,1.2377,1.2407,1.2191,1.2222,0
1978-12-11,1.2222,1.2315,1.2160,1.2284,0
1978-12-12,1.2284,1.2315,1.2099,1.2130,0
1978-12-13,1.2130,1.2130,1.1975,1.2006,0
1978-12-14,1.2006,1.2130,1.1975,1.2099,0
1978-12-15,1.2099,1.2099,1.2006,1.2068,0
1978-12-18,1.1728,1.1728,1.1481,1.1512,0
1978-12-19,1.1512,1.1574,1.1327,1.1451,0
1978-12-20,1.1451,1.1728,1.1389,1.1728,0
1978-12-21,1.1728,1.1759,1.1481,1.1543,0
1978-12-22,1.1605,1.1728,1.1605,1.1636,0
1978-12-26,1.1636,1.1728,1.1636,1.1698,0
1978-12-27,1.1698,1.1728,1.1543,1.1543,0
1978-12-28,1.1481,1.1481,1.1327,1.1358,0
1978-12-29,1.1358,1.1512,1.1296,1.1420,0
1979-01-02,1.1420,1.1420,1.1327,1.1358,0
1979-01-03,1.1358,1.1512,1.1358,1.1420,0
1979-01-04,1.1451,1.1667,1.1451,1.1605,0
1979-01-05,1.1636,1.1944,1.1636,1.1883,0
1979-01-08,1.1852,1.1852,1.1759,1.1852,0
1979-01-09,1.1914,1.2006,1.1914,1.1975,0
1979-01-10,1.1975,1.1975,1.1759,1.1790,0
1979-01-11,1.1605,1.1605,1.1420,1.1574,0
1979-01-12,1.1574,1.1728,1.1142,1.1265,0
1979-01-15,1.1265,1.1296,1.1049,1.1111,0
1979-01-16,1.1080,1.1080,1.0710,1.1049,0
1979-01-17,1.0957,1.0957,1.0710,1.0957,0
1979-01-18,1.0957,1.1111,1.0926,1.1080,0
1979-01-19,1.1049,1.1049,1.0957,1.0988,0
1979-01-22,1.0988,1.1080,1.0988,1.1080,0
1979-01-23,1.1080,1.1204,1.1080,1.1142,0
1979-01-24,1.1142,1.1173,1.0988,1.0988,0
1979-01-25,1.0988,1.1173,1.0926,1.1173,0
1979-01-26,1.1235,1.1389,1.1235,1.1265,0
1979-01-29,1.1296,1.1358,1.1296,1.1327,0
1979-01-30,1.1327,1.1420,1.1327,1.1420,0
1979-01-31,1.1358,1.1358,1.0957,1.0988,0
1979-02-01,1.0988,1.0988,1.0926,1.0957,0
1979-02-02,1.0957,1.1019,1.0833,1.0864,0
1979-02-05,1.0802,1.0802,1.0586,1.0648,0
1979-02-06,1.0556,1.0556,1.0432,1.0525,0
1979-02-07,1.0494,1.0494,1.0247,1.0309,0
1979-02-08,1.0278,1.0278,1.0123,1.0123,0
1979-02-09,1.0216,1.0340,1.0216,1.0278,0
1979-02-12,1.0278,1.0309,1.0185,1.0247,0
1979-02-13,1.0278,1.0340,1.0278,1.0309,0
1979-02-14,1.0309,1.0463,1.0278,1.0370,0
1979-02-15,1.0370,1.0463,1.0370,1.0463,0
1979-02-16,1.0463,1.0648,1.0463,1.0648,0
1979-02-20,1.0648,1.0648,1.0586,1.0648,0
1979-02-21,1.0648,1.0741,1.0648,1.0679,0
1979-02-22,1.0648,1.0648,1.0525,1.0525,0
1979-02-23,1.0525,1.0525,1.0309,1.0340,0
1979-02-26,1.0340,1.0370,1.0278,1.0340,0
1979-02-27,1.0247,1.0247,1.0062,1.0093,0
1979-02-28,1.0062,1.0062,0.9877,0.9907,0
1979-03-01,0.9907,1.0000,0.9907,1.0000,0
1979-03-02,1.0000,1.0031,0.9938,0.9938,0
1979-03-05,0.9938,1.0062,0.9938,1.0062,0
1979-03-06,1.0031,1.0031,0.9938,0.9969,0
1979-03-07,0.9969,1.0000,0.9877,0.9877,0
1979-03-08,0.9877,0.9877,0.9691,0.9877,0
1979-03-09,0.9969,1.0031,0.9969,0.9969,0
1979-03-12,0.9969,1.0154,0.9907,1.0154,0
1979-03-13,1.0154,1.0247,1.0123,1.0123,0
1979-03-14,1.0154,1.0370,1.0154,1.0340,0
1979-03-15,1.0340,1.0401,1.0278,1.0309,0
1979-03-16,1.0278,1.0278,1.0123,1.0185,0
1979-03-19,1.0185,1.0309,1.0185,1.0216,0
1979-03-20,1.0216,1.0247,1.0185,1.0247,0
1979-03-21,1.0247,1.0802,1.0247,1.0802,0
1979-03-22,1.0864,1.1111,1.0864,1.0864,0
1979-03-23,1.0864,1.0895,1.0772,1.0802,0
1979-03-26,1.0802,1.0802,1.0710,1.0710,0
1979-03-27,1.0710,1.0864,1.0648,1.0802,0
1979-03-28,1.0802,1.0833,1.0370,1.0401,0
1979-03-29,1.0401,1.0494,1.0340,1.0370,0
1979-03-30,1.0370,1.0432,1.0340,1.0370,0
1979-04-02,1.0370,1.0370,1.0216,1.0247,0
1979-04-03,1.0278,1.0586,1.0278,1.0586,0
1979-04-04,1.0586,1.0741,1.0525,1.0525,0
1979-04-05,1.0525,1.0586,1.0463,1.0525,0
1979-04-06,1.0525,1.0586,1.0432,1.0432,0
1979-04-09,1.0432,1.0463,1.0340,1.0401,0
1979-04-10,1.0401,1.0710,1.0401,1.0617,0
1979-04-11,1.0586,1.0586,1.0370,1.0432,0
1979-04-12,1.0401,1.0401,1.0185,1.0216,0
1979-04-16,1.0216,1.0216,1.0000,1.0093,0
1979-04-17,1.0093,1.0123,1.0000,1.0123,0
1979-04-18,1.0123,1.0370,1.0123,1.0309,0
1979-04-19,1.0340,1.0494,1.0340,1.0370,0
1979-04-20,1.0370,1.0432,1.0247,1.0432,0
1979-04-23,1.0432,1.0556,1.0401,1.0556,0
1979-04-24,1.0556,1.0772,1.0494,1.0648,0
1979-04-25,1.0648,1.0926,1.0648,1.0864,0
1979-04-26,1.0864,1.0895,1.0772,1.0895,0
1979-04-27,1.0895,1.0895,1.0710,1.0895,0
1979-04-30,1.0895,1.1080,1.0833,1.0926,0
1979-05-01,1.0957,1.1080,1.0957,1.0988,0
1979-05-02,1.0988,1.1049,1.0957,1.1019,0
1979-05-03,1.1019,1.1111,1.0988,1.1019,0
1979-05-04,1.0988,1.0988,1.0772,1.0772,0
1979-05-07,1.0741,1.0741,1.0525,1.0556,0
1979-05-08,1.0556,1.0586,1.0463,1.0556,0
1979-05-09,1.0556,1.0586,1.0494,1.0494,0
1979-05-10,1.0463,1.0463,1.0309,1.0340,0
1979-05-11,1.0340,1.0432,1.0309,1.0432,0
1979-05-14,1.0432,1.0525,1.0401,1.0463,0
1979-05-15,1.0463,1.0556,1.0401,1.0401,0
1979-05-16,1.0401,1.0401,1.0340,1.0401,0
1979-05-17,1.0432,1.0741,1.0432,1.0741,0
1979-05-18,1.0741,1.0802,1.0741,1.0741,0
1979-05-21,1.0741,1.0772,1.0679,1.0772,0
1979-05-22,1.0772,1.0864,1.0710,1.0864,0
1979-05-23,1.0926,1.1080,1.0926,1.0926,0
1979-05-24,1.0926,1.1019,1.0895,1.1019,0
1979-05-25,1.1019,1.1080,1.1019,1.1080,0
1979-05-29,1.1111,1.1296,1.1111,1.1235,0
1979-05-30,1.1173,1.1173,1.0988,1.1019,0
1979-05-31,1.1019,1.1142,1.0988,1.1111,0
1979-06-01,1.1111,1.1235,1.1080,1.1111,0
1979-06-04,1.1111,1.1204,1.1049,1.1204,0
1979-06-05,1.1204,1.1420,1.1142,1.1358,0
1979-06-06,1.1358,1.1451,1.1327,1.1327,0
1979-06-07,1.1358,1.1481,1.1358,1.1358,0
1979-06-08,1.1358,1.1358,1.1204,1.1204,0
1979-06-11,1.1204,1.1296,1.1173,1.1296,0
1979-06-12,1.1358,1.1636,1.1358,1.1636,0
1979-06-13,1.1636,1.1698,1.1512,1.1512,0
1979-06-14,1.1512,1.1698,1.1451,1.1605,0
1979-06-15,1.1605,1.1728,1.1420,1.1698,0
1979-06-18,1.1698,1.1728,1.1636,1.1636,0
1979-06-19,1.1636,1.1698,1.1574,1.1698,0
1979-06-20,1.1698,1.1698,1.1605,1.1667,0
1979-06-21,1.1698,1.2037,1.1698,1.1852,0
1979-06-22,1.1852,1.1914,1.1728,1.1852,0
1979-06-25,1.1759,1.1759,1.1574,1.1605,0
1979-06-26,1.1605,1.1605,1.1389,1.1420,0
1979-06-27,1.1420,1.1451,1.1173,1.1235,0
1979-06-28,1.1235,1.1358,1.1173,1.1265,0
1979-06-29,1.1265,1.1420,1.1235,1.1235,0
1979-07-02,1.1235,1.1296,1.1235,1.1296,0
1979-07-03,1.1296,1.1420,1.1265,1.1389,0
1979-07-05,1.1389,1.1636,1.1389,1.1605,0
1979-07-06,1.1605,1.1759,1.1574,1.1728,0
1979-07-09,1.1759,1.1914,1.1759,1.1914,0
1979-07-10,1.1914,1.2099,1.1852,1.1852,0
1979-07-11,1.1821,1.1821,1.1728,1.1759,0
1979-07-12,1.1728,1.1728,1.1574,1.1574,0
1979-07-13,1.1543,1.1543,1.1451,1.1512,0
1979-07-16,1.1512,1.1543,1.1358,1.1451,0
1979-07-17,1.1389,1.1389,1.1111,1.1204,0
1979-07-18,1.1204,1.1204,1.1080,1.1142,0
1979-07-19,1.1142,1.1173,1.1019,1.1049,0
1979-07-20,1.1049,1.1142,1.1019,1.1142,0
1979-07-23,1.1142,1.1204,1.1080,1.1142,0
1979-07-24,1.1142,1.1235,1.1111,1.1235,0
1979-07-25,1.1265,1.1420,1.1265,1.1389,0
1979-07-26,1.1389,1.1451,1.1358,1.1420,0
1979-07-27,1.1420,1.1543,1.1389,1.1543,0
1979-07-30,1.1574,1.1698,1.1574,1.1667,0
1979-07-31,1.1698,1.1852,1.1698,1.1852,0
1979-08-01,1.1852,1.2037,1.1790,1.1975,0
1979-08-02,1.2130,1.2191,1.2130,1.2130,0
1979-08-03,1.2130,1.2191,1.2099,1.2130,0
1979-08-06,1.2130,1.2222,1.2037,1.2160,0
1979-08-07,1.2160,1.2407,1.2160,1.2315,0
1979-08-08,1.2315,1.2438,1.2315,1.2346,0
1979-08-09,1.2315,1.2315,1.2191,1.2222,0
1979-08-10,1.2222,1.2469,1.2191,1.2469,0
1979-08-13,1.2562,1.2654,1.2562,1.2593,0
1979-08-14,1.2562,1.2562,1.2407,1.2469,0
1979-08-15,1.2469,1.2562,1.2377,1.2562,0
1979-08-16,1.2654,1.2778,1.2654,1.2685,0
1979-08-17,1.2685,1.2685,1.2623,1.2654,0
1979-08-20,1.2562,1.2562,1.2438,1.2531,0
1979-08-21,1.2438,1.2438,1.2006,1.2191,0
1979-08-22,1.2191,1.2407,1.2099,1.2377,0
1979-08-23,1.2377,1.2377,1.2284,1.2284,0
1979-08-24,1.2284,1.2315,1.2222,1.2253,0
1979-08-27,1.2253,1.2407,1.2222,1.2346,0
1979-08-28,1.2346,1.2407,1.2315,1.2407,0
1979-08-29,1.2407,1.2623,1.2377,1.2593,0
1979-08-30,1.2623,1.2685,1.2623,1.2654,0
1979-08-31,1.2654,1.2809,1.2654,1.2747,0
1979-09-04,1.2747,1.2747,1.2500,1.2531,0
1979-09-05,1.2500,1.2500,1.2346,1.2500,0
1979-09-06,1.2500,1.2500,1.2346,1.2346,0
1979-09-07,1.2315,1.2315,1.2160,1.2315,0
1979-09-10,1.2315,1.2377,1.2253,1.2284,0
1979-09-11,1.2284,1.2315,1.2160,1.2191,0
1979-09-12,1.2191,1.2191,1.2099,1.2130,0
1979-09-13,1.2130,1.2407,1.2130,1.2284,0
1979-09-14,1.2284,1.2562,1.2284,1.2562,0
1979-09-17,1.2562,1.2716,1.2377,1.2377,0
1979-09-18,1.2377,1.2377,1.2222,1.2222,0
1979-09-19,1.2222,1.2315,1.2222,1.2253,0
1979-09-20,1.2253,1.2407,1.2130,1.2407,0
1979-09-21,1.2407,1.2469,1.2284,1.2346,0
1979-09-24,1.2346,1.2593,1.2284,1.2284,0
1979-09-25,1.2284,1.2469,1.2253,1.2407,0
1979-09-26,1.2407,1.2469,1.2377,1.2407,0
1979-09-27,1.2407,1.2407,1.2315,1.2377,0
1979-09-28,1.2346,1.2346,1.2160,1.2160,0
1979-10-01,1.2068,1.2068,1.1914,1.1975,0
1979-10-02,1.1975,1.2191,1.1944,1.2160,0
1979-10-03,1.2191,1.2284,1.2191,1.2222,0
1979-10-04,1.2222,1.2253,1.2160,1.2222,0
1979-10-05,1.2222,1.2346,1.2130,1.2222,0
1979-10-08,1.2222,1.2253,1.2099,1.2099,0
1979-10-09,1.2037,1.2037,1.1728,1.1821,0
1979-10-10,1.1821,1.1883,1.1574,1.1883,0
1979-10-11,1.1883,1.1914,1.1667,1.1698,0
1979-10-12,1.1698,1.1790,1.1543,1.1605,0
1979-10-15,1.1574,1.1574,1.1358,1.1481,0
1979-10-16,1.1451,1.1451,1.1204,1.1296,0
1979-10-17,1.1296,1.1296,1.1019,1.1019,0
1979-10-18,1.1080,1.1296,1.1080,1.1142,0
1979-10-19,1.1142,1.1173,1.0864,1.0864,0
1979-10-22,1.0864,1.0988,1.0679,1.0988,0
1979-10-23,1.0988,1.1111,1.0926,1.0988,0
1979-10-24,1.0988,1.1049,1.0895,1.0926,0
1979-10-25,1.0926,1.1019,1.0525,1.0586,0
1979-10-26,1.0586,1.0895,1.0586,1.0802,0
1979-10-29,1.0802,1.0988,1.0802,1.0864,0
1979-10-30,1.0864,1.0895,1.0802,1.0864,0
1979-10-31,1.0864,1.0926,1.0802,1.0802,0
1979-11-01,1.0741,1.0741,1.0556,1.0617,0
1979-11-02,1.0617,1.0679,1.0463,1.0494,0
1979-11-05,1.0340,1.0340,1.0123,1.0185,0
1979-11-06,1.0185,1.0185,0.9877,1.0093,0
1979-11-07,1.0062,1.0062,0.9907,0.9969,0
1979-11-08,0.9969,1.0123,0.9969,1.0062,0
1979-11-09,1.0062,1.0185,1.0062,1.0123,0
1979-11-12,1.0123,1.0247,1.0062,1.0247,0
1979-11-13,1.0247,1.0432,1.0154,1.0154,0
1979-11-14,1.0154,1.0679,0.9877,1.0617,0
1979-11-15,1.0617,1.0617,1.0463,1.0463,0
1979-11-16,1.0401,1.0401,1.0185,1.0216,0
1979-11-19,1.0216,1.0278,0.9969,1.0000,0
1979-11-20,1.0000,1.0154,0.9938,1.0123,0
1979-11-21,1.0093,1.0093,1.0000,1.0093,0
1979-11-23,1.0093,1.0154,1.0000,1.0154,0
1979-11-26,1.0154,1.0494,1.0123,1.0216,0
1979-11-27,1.0247,1.0340,1.0247,1.0278,0
1979-11-28,1.0278,1.0556,1.0247,1.0432,0
1979-11-29,1.0494,1.0710,1.0494,1.0586,0
1979-11-30,1.0586,1.0586,1.0525,1.0525,0
1979-12-03,1.0525,1.0586,1.0370,1.0432,0
1979-12-04,1.0432,1.0525,1.0401,1.0494,0
1979-12-05,1.0556,1.0741,1.0556,1.0648,0
1979-12-06,1.0679,1.0802,1.0679,1.0772,0
1979-12-07,1.0802,1.0926,1.0802,1.0833,0
1979-12-10,1.0864,1.0988,1.0864,1.0957,0
1979-12-11,1.0957,1.0957,1.0772,1.0772,0
1979-12-12,1.0772,1.0833,1.0741,1.0833,0
1979-12-13,1.0833,1.0833,1.0679,1.0802,0
1979-12-14,1.0802,1.1111,1.0802,1.1049,0
1979-12-17,1.0988,1.0988,1.0833,1.0833,0
1979-12-18,1.0833,1.0833,1.0525,1.0556,0
1979-12-19,1.0556,1.0586,1.0432,1.0556,0
1979-12-20,1.0586,1.0802,1.0586,1.0772,0
1979-12-21,1.0772,1.0895,1.0679,1.0741,0
1979-12-24,1.0710,1.0710,1.0617,1.0679,0
1979-12-26,1.0679,1.0741,1.0679,1.0679,0
1979-12-27,1.0679,1.0864,1.0679,1.0802,0
1979-12-28,1.0802,1.0802,1.0648,1.0710,0
1979-12-31,1.0710,1.0741,1.0679,1.0710,0
1980-01-02,1.0710,1.0710,1.0556,1.0556,0
1980-01-03,1.0556,1.0556,1.0401,1.0525,0
1980-01-04,1.0525,1.0679,1.0525,1.0679,0
1980-01-07,1.0648,1.0648,1.0525,1.0586,0
1980-01-08,1.0586,1.0741,1.0556,1.0741,0
1980-01-09,1.0926,1.1111,1.0926,1.0926,0
1980-01-10,1.0988,1.1296,1.0988,1.1235,0
1980-01-11,1.1235,1.1235,1.1049,1.1080,0
1980-01-14,1.1080,1.1142,1.1049,1.1049,0
1980-01-15,1.1049,1.1080,1.0895,1.0957,0
1980-01-16,1.0988,1.1111,1.0988,1.1019,0
1980-01-17,1.1019,1.1049,1.0679,1.0710,0
1980-01-18,1.0617,1.0617,1.0370,1.0586,0
1980-01-21,1.0586,1.0648,1.0525,1.0617,0
1980-01-22,1.0617,1.0802,1.0401,1.0432,0
1980-01-23,1.0432,1.0586,1.0432,1.0556,0
1980-01-24,1.0617,1.1173,1.0617,1.1019,0
1980-01-25,1.1019,1.1049,1.0926,1.0988,0
1980-01-28,1.0988,1.1235,1.0926,1.1173,0
1980-01-29,1.1142,1.1142,1.1019,1.1019,0
1980-01-30,1.1019,1.1080,1.0988,1.1019,0
1980-01-31,1.1019,1.1049,1.0648,1.0648,0
1980-02-01,1.0648,1.0802,1.0648,1.0772,0
1980-02-04,1.0772,1.0802,1.0556,1.0586,0
1980-02-05,1.0586,1.0586,1.0525,1.0586,0
1980-02-06,1.0586,1.0586,1.0432,1.0525,0
1980-02-07,1.0525,1.0586,1.0432,1.0586,0
1980-02-08,1.0494,1.0494,1.0401,1.0432,0
1980-02-11,1.0432,1.0525,1.0432,1.0463,0
1980-02-12,1.0401,1.0401,1.0062,1.0309,0
1980-02-13,1.0340,1.0556,1.0340,1.0432,0
1980-02-14,1.0432,1.0679,1.0432,1.0648,0
1980-02-15,1.0648,1.0802,1.0586,1.0679,0
1980-02-19,1.0679,1.0679,1.0463,1.0463,0
1980-02-20,1.0463,1.0556,1.0432,1.0556,0
1980-02-21,1.0556,1.0556,1.0278,1.0278,0
1980-02-22,1.0247,1.0247,1.0154,1.0185,0
1980-02-25,1.0154,1.0154,0.9938,1.0000,0
1980-02-26,0.9938,0.9938,0.9722,0.9722,0
1980-02-27,0.9722,0.9722,0.9599,0.9630,0
1980-02-28,0.9630,0.9815,0.9630,0.9815,0
1980-02-29,0.9907,1.0062,0.9907,0.9907,0
1980-03-03,0.9969,1.0062,0.9969,0.9969,0
1980-03-04,0.9969,1.0062,0.9877,1.0062,0
1980-03-05,1.0062,1.0062,0.9753,0.9784,0
1980-03-06,0.9784,0.9907,0.9722,0.9784,0
1980-03-07,0.9784,0.9877,0.9506,0.9599,0
1980-03-10,0.9568,0.9568,0.9383,0.9444,0
1980-03-11,0.9475,0.9630,0.9475,0.9537,0
1980-03-12,0.9537,0.9568,0.9228,0.9414,0
1980-03-13,0.9414,0.9414,0.9105,0.9167,0
1980-03-14,0.9198,0.9321,0.9198,0.9290,0
1980-03-17,0.9290,0.9290,0.9074,0.9136,0
1980-03-18,0.9136,0.9321,0.9105,0.9259,0
1980-03-19,0.9259,0.9414,0.9228,0.9352,0
1980-03-20,0.9352,0.9414,0.9167,0.9259,0
1980-03-21,0.9259,0.9290,0.9167,0.9167,0
1980-03-24,0.9167,0.9228,0.8951,0.8951,0
1980-03-25,0.8951,0.9167,0.8951,0.9105,0
1980-03-26,0.9167,0.9352,0.9167,0.9198,0
1980-03-27,0.9198,0.9321,0.9167,0.9259,0
1980-03-28,0.9722,0.9938,0.9722,0.9846,0
1980-03-31,0.9846,1.0247,0.9753,1.0247,0
1980-04-01,1.0247,1.0247,1.0154,1.0185,0
1980-04-02,1.0185,1.0309,1.0000,1.0247,0
1980-04-03,1.0247,1.0370,1.0185,1.0370,0
1980-04-07,1.0309,1.0309,1.0154,1.0154,0
1980-04-08,1.0154,1.0247,1.0062,1.0216,0
1980-04-09,1.0216,1.0309,1.0154,1.0247,0
1980-04-10,1.0247,1.0278,1.0185,1.0216,0
1980-04-11,1.0216,1.0247,1.0093,1.0093,0
1980-04-14,1.0062,1.0062,0.9969,1.0000,0
1980-04-15,1.0000,1.0031,0.9907,0.9969,0
1980-04-16,0.9969,1.0062,0.9969,0.9969,0
1980-04-17,0.9969,0.9969,0.9877,0.9969,0
1980-04-18,0.9969,1.0093,0.9938,0.9969,0
1980-04-21,0.9969,1.0000,0.9877,0.9938,0
1980-04-22,1.0062,1.0401,1.0062,1.0370,0
1980-04-23,1.0556,1.0864,1.0556,1.0586,0
1980-04-24,1.0586,1.0710,1.0556,1.0556,0
1980-04-25,1.0432,1.0432,1.0309,1.0432,0
1980-04-28,1.0401,1.0401,1.0216,1.0216,0
1980-04-29,1.0216,1.0309,1.0154,1.0247,0
1980-04-30,1.0247,1.0556,1.0247,1.0525,0
1980-05-01,1.0525,1.0617,1.0525,1.0617,0
1980-05-02,1.0617,1.0864,1.0556,1.0833,0
1980-05-05,1.0833,1.1080,1.0741,1.1080,0
1980-05-06,1.1080,1.1142,1.0926,1.0957,0
1980-05-07,1.0957,1.1142,1.0864,1.1049,0
1980-05-08,1.1049,1.1111,1.0802,1.0864,0
1980-05-09,1.0864,1.0864,1.0772,1.0864,0
1980-05-12,1.0864,1.0988,1.0741,1.0988,0
1980-05-13,1.0988,1.1389,1.0988,1.1296,0
1980-05-14,1.1358,1.1605,1.1358,1.1512,0
1980-05-15,1.1512,1.1605,1.1451,1.1543,0
1980-05-16,1.1543,1.1574,1.1451,1.1543,0
1980-05-19,1.1543,1.1667,1.1481,1.1574,0
1980-05-20,1.1574,1.1728,1.1451,1.1698,0
1980-05-21,1.1698,1.1728,1.1574,1.1667,0
1980-05-22,1.1667,1.1728,1.1605,1.1636,0
1980-05-23,1.1698,1.1821,1.1698,1.1821,0
1980-05-27,1.1821,1.1821,1.1605,1.1636,0
1980-05-28,1.1636,1.1728,1.1636,1.1667,0
1980-05-29,1.1667,1.1728,1.1512,1.1543,0
1980-05-30,1.1543,1.1574,1.1327,1.1574,0
1980-06-02,1.1574,1.1574,1.1358,1.1543,0
1980-06-03,1.1451,1.1451,1.1389,1.1451,0
1980-06-04,1.1451,1.1667,1.1420,1.1667,0
1980-06-05,1.1667,1.1790,1.1574,1.1574,0
1980-06-06,1.1574,1.1636,1.1543,1.1636,0
1980-06-09,1.1759,1.1852,1.1759,1.1821,0
1980-06-10,1.1821,1.1914,1.1698,1.1883,0
1980-06-11,1.1883,1.2160,1.1852,1.2130,0
1980-06-12,1.2130,1.2346,1.2068,1.2191,0
1980-06-13,1.2222,1.2346,1.2222,1.2222,0
1980-06-16,1.2253,1.2469,1.2253,1.2438,0
1980-06-17,1.2500,1.2716,1.2500,1.2531,0
1980-06-18,1.2500,1.2500,1.2222,1.2284,0
1980-06-19,1.2284,1.2315,1.1914,1.1914,0
1980-06-20,1.1914,1.2099,1.1883,1.2068,0
1980-06-23,1.2222,1.2222,1.2068,1.2222,0
1980-06-24,1.2222,1.2253,1.2099,1.2222,0
1980-06-25,1.2222,1.2377,1.2191,1.2377,0
1980-06-26,1.2377,1.2407,1.2130,1.2130,0
1980-06-27,1.2130,1.2191,1.2006,1.2130,0
1980-06-30,1.2068,1.2068,1.1914,1.1914,0
1980-07-01,1.1914,1.2037,1.1852,1.2037,0
1980-07-02,1.2037,1.2037,1.1852,1.1852,0
1980-07-03,1.1852,1.1914,1.1790,1.1914,0
1980-07-07,1.1914,1.2006,1.1759,1.1975,0
1980-07-08,1.1975,1.2130,1.1944,1.2068,0
1980-07-09,1.2068,1.2160,1.2006,1.2037,0
1980-07-10,1.1944,1.1944,1.1790,1.1790,0
1980-07-11,1.1790,1.1975,1.1790,1.1852,0
1980-07-14,1.1852,1.2160,1.1821,1.2130,0
1980-07-15,1.2253,1.2407,1.2253,1.2253,0
1980-07-16,1.2253,1.2346,1.2099,1.2191,0
1980-07-17,1.2130,1.2130,1.1975,1.2099,0
1980-07-18,1.2068,1.2068,1.1852,1.1944,0
1980-07-21,1.1944,1.1944,1.1543,1.1667,0
1980-07-22,1.1698,1.1821,1.1698,1.1728,0
1980-07-23,1.1728,1.1852,1.1636,1.1852,0
1980-07-24,1.1728,1.1728,1.1265,1.1420,0
1980-07-25,1.1420,1.1451,1.0988,1.1173,0
1980-07-28,1.1173,1.1235,1.1142,1.1235,0
1980-07-29,1.1235,1.1883,1.1235,1.1821,0
1980-07-30,1.1821,1.1852,1.1543,1.1821,0
1980-07-31,1.1728,1.1728,1.1451,1.1543,0
1980-08-01,1.1543,1.1543,1.1235,1.1296,0
1980-08-04,1.1296,1.1358,1.1235,1.1296,0
1980-08-05,1.1296,1.1481,1.1204,1.1296,0
1980-08-06,1.1296,1.1296,1.1111,1.1296,0
1980-08-07,1.1358,1.1728,1.1358,1.1728,0
1980-08-08,1.1852,1.2222,1.1852,1.2099,0
1980-08-11,1.2222,1.2685,1.2222,1.2623,0
1980-08-12,1.2623,1.2809,1.2593,1.2593,0
1980-08-13,1.2531,1.2531,1.2315,1.2346,0
1980-08-14,1.2346,1.2747,1.2315,1.2747,0
1980-08-15,1.2747,1.2840,1.2407,1.2407,0
1980-08-18,1.2407,1.2469,1.2099,1.2191,0
1980-08-19,1.2191,1.2191,1.1790,1.1821,0
1980-08-20,1.1821,1.1975,1.1790,1.1914,0
1980-08-21,1.1914,1.2068,1.1914,1.2037,0
1980-08-22,1.2130,1.2284,1.2130,1.2222,0
1980-08-25,1.2222,1.2284,1.2099,1.2284,0
1980-08-26,1.2284,1.2315,1.2160,1.2191,0
1980-08-27,1.2160,1.2160,1.1914,1.1975,0
1980-08-28,1.1944,1.1944,1.1821,1.1821,0
1980-08-29,1.1821,1.1821,1.1728,1.1821,0
1980-09-02,1.1821,1.1975,1.1605,1.1975,0
1980-09-03,1.1975,1.2191,1.1975,1.2191,0
1980-09-04,1.2191,1.2253,1.1605,1.1728,0
1980-09-05,1.1728,1.1914,1.1605,1.1698,0
1980-09-08,1.1698,1.1790,1.1543,1.1574,0
1980-09-09,1.1574,1.1574,1.1420,1.1512,0
1980-09-10,1.1543,1.1667,1.1543,1.1574,0
1980-09-11,1.1574,1.1636,1.1512,1.1543,0
1980-09-12,1.1543,1.1605,1.1481,1.1574,0
1980-09-15,1.1605,1.1790,1.1605,1.1790,0
1980-09-16,1.1821,1.2315,1.1821,1.2160,0
1980-09-17,1.2160,1.2438,1.2160,1.2407,0
1980-09-18,1.2407,1.2593,1.2222,1.2222,0
1980-09-19,1.2222,1.2438,1.2068,1.2315,0
1980-09-22,1.2315,1.2407,1.2099,1.2407,0
1980-09-23,1.2407,1.2623,1.2315,1.2315,0
1980-09-24,1.2315,1.2346,1.2160,1.2253,0
1980-09-25,1.2160,1.2160,1.2006,1.2037,0
1980-09-26,1.1914,1.1914,1.1759,1.1790,0
1980-09-29,1.1790,1.1790,1.1636,1.1790,0
1980-09-30,1.1790,1.1914,1.1790,1.1852,0
1980-10-01,1.1852,1.1914,1.1759,1.1852,0
1980-10-02,1.1852,1.1914,1.1512,1.1698,0
1980-10-03,1.1698,1.1883,1.1636,1.1852,0
1980-10-06,1.1852,1.2006,1.1759,1.1821,0
1980-10-07,1.1821,1.1852,1.1605,1.1667,0
1980-10-08,1.1667,1.1759,1.1605,1.1728,0
1980-10-09,1.1728,1.1759,1.1574,1.1605,0
1980-10-10,1.1605,1.1636,1.1389,1.1389,0
1980-10-13,1.1389,1.1605,1.1358,1.1543,0
1980-10-14,1.1543,1.1728,1.1543,1.1543,0
1980-10-15,1.1543,1.1605,1.1512,1.1605,0
1980-10-16,1.1605,1.1667,1.1420,1.1451,0
1980-10-17,1.1451,1.1481,1.1358,1.1389,0
1980-10-20,1.1389,1.1420,1.1327,1.1389,0
1980-10-21,1.1389,1.1512,1.1235,1.1296,0
1980-10-22,1.1296,1.1327,1.1235,1.1327,0
1980-10-23,1.1327,1.1327,1.0988,1.0988,0
1980-10-24,1.0926,1.0926,1.0802,1.0926,0
1980-10-27,1.0926,1.1049,1.0926,1.0988,0
1980-10-28,1.0957,1.0957,1.0802,1.0957,0
1980-10-29,1.0957,1.1049,1.0864,1.0895,0
1980-10-30,1.0895,1.0926,1.0741,1.0802,0
1980-10-31,1.0802,1.0926,1.0772,1.0926,0
1980-11-03,1.0957,1.1173,1.0957,1.1080,0
1980-11-05,1.1204,1.1512,1.1204,1.1265,0
1980-11-06,1.1204,1.1204,1.0864,1.0895,0
1980-11-07,1.0895,1.1019,1.0895,1.0957,0
1980-11-10,1.0957,1.1049,1.0864,1.0864,0
1980-11-11,1.0864,1.0926,1.0802,1.0895,0
1980-11-12,1.0895,1.0895,1.0710,1.0895,0
1980-11-13,1.0895,1.0988,1.0833,1.0895,0
1980-11-14,1.0864,1.0864,1.0741,1.0802,0
1980-11-17,1.0802,1.0833,1.0802,1.0833,0
1980-11-18,1.0833,1.0988,1.0802,1.0957,0
1980-11-19,1.0988,1.1296,1.0988,1.1173,0
1980-11-20,1.1173,1.1790,1.1080,1.1543,0
1980-11-21,1.1543,1.1667,1.1512,1.1605,0
1980-11-24,1.1605,1.1605,1.1358,1.1605,0
1980-11-25,1.1605,1.1667,1.1543,1.1574,0
1980-11-26,1.1574,1.1605,1.1358,1.1389,0
1980-11-28,1.1389,1.1420,1.1235,1.1327,0
1980-12-01,1.1327,1.1389,1.0926,1.0988,0
1980-12-02,1.0988,1.1080,1.0802,1.1080,0
1980-12-03,1.1080,1.1173,1.1019,1.1142,0
1980-12-04,1.1142,1.1327,1.1142,1.1296,0
1980-12-05,1.1296,1.1512,1.1235,1.1451,0
1980-12-08,1.1420,1.1420,1.1204,1.1204,0
1980-12-09,1.1204,1.1327,1.1111,1.1204,0
1980-12-10,1.1204,1.1451,1.1142,1.1142,0
1980-12-11,1.1142,1.1296,1.1019,1.1235,0
1980-12-12,1.1235,1.1389,1.1235,1.1327,0
1980-12-15,1.1327,1.1358,1.1142,1.1296,0
1980-12-16,1.1296,1.1296,1.1111,1.1235,0
1980-12-17,1.1235,1.1235,1.1111,1.1111,0
1980-12-18,1.1111,1.1111,1.0957,1.1019,0
1980-12-19,1.1019,1.1080,1.0957,1.1049,0
1980-12-22,1.1049,1.1420,1.1019,1.1420,0
1980-12-23,1.1420,1.1451,1.1327,1.1358,0
1980-12-24,1.1358,1.1512,1.1327,1.1512,0
1980-12-26,1.1512,1.1512,1.1420,1.1451,0
1980-12-29,1.1451,1.1451,1.1265,1.1327,0
1980-12-30,1.1327,1.1728,1.1265,1.1636,0
1980-12-31,1.1636,1.2037,1.1605,1.2037,0
1981-01-02,1.2037,1.2284,1.1944,1.2284,0
1981-01-05,1.2284,1.2438,1.2191,1.2284,0
1981-01-06,1.2284,1.2932,1.2284,1.2840,0
1981-01-07,1.2840,1.2840,1.2346,1.2840,0
1981-01-08,1.2840,1.3519,1.2840,1.3395,0
1981-01-09,1.3395,1.3519,1.3272,1.3395,0
1981-01-12,1.3426,1.3889,1.3426,1.3549,0
1981-01-13,1.3549,1.3549,1.3333,1.3457,0
1981-01-14,1.3457,1.3580,1.3241,1.3241,0
1981-01-15,1.3241,1.3241,1.3025,1.3025,0
1981-01-16,1.2994,1.2994,1.2840,1.2932,0
1981-01-19,1.2963,1.3086,1.2963,1.3056,0
1981-01-20,1.3056,1.3117,1.2778,1.2901,0
1981-01-21,1.2901,1.3179,1.2778,1.3179,0
1981-01-22,1.3179,1.3179,1.3086,1.3148,0
1981-01-23,1.3148,1.3272,1.3148,1.3179,0
1981-01-26,1.3179,1.3333,1.3117,1.3333,0
1981-01-27,1.3333,1.3457,1.3272,1.3333,0
1981-01-28,1.3333,1.3395,1.3086,1.3148,0
1981-01-29,1.3148,1.3272,1.3056,1.3179,0
1981-01-30,1.3179,1.3333,1.3148,1.3210,0
1981-02-02,1.3210,1.3241,1.2932,1.3086,0
1981-02-03,1.3086,1.3086,1.2932,1.3086,0
1981-02-04,1.3086,1.3519,1.3086,1.3395,0
1981-02-05,1.3395,1.3611,1.3395,1.3580,0
1981-02-06,1.3580,1.3642,1.3457,1.3488,0
1981-02-09,1.3519,1.3673,1.3519,1.3611,0
1981-02-10,1.3611,1.3796,1.3519,1.3796,0
1981-02-11,1.3796,1.3951,1.3704,1.3951,0
1981-02-12,1.3951,1.4012,1.3765,1.3858,0
1981-02-13,1.3827,1.3827,1.3488,1.3549,0
1981-02-17,1.3549,1.3580,1.3457,1.3580,0
1981-02-18,1.3580,1.3611,1.3488,1.3611,0
1981-02-19,1.3580,1.3580,1.3426,1.3519,0
1981-02-20,1.3488,1.3488,1.3056,1.3333,0
1981-02-23,1.3333,1.3642,1.3179,1.3519,0
1981-02-24,1.3519,1.4074,1.3519,1.3981,0
1981-02-25,1.3981,1.4321,1.3735,1.4321,0
1981-02-26,1.4383,1.4938,1.4383,1.4877,0
1981-02-27,1.4877,1.4877,1.4630,1.4691,0
1981-03-02,1.4691,1.4691,1.4414,1.4630,0
1981-03-03,1.4630,1.4660,1.4198,1.4198,0
1981-03-04,1.4198,1.4352,1.4105,1.4228,0
1981-03-05,1.4228,1.4290,1.3951,1.4136,0
1981-03-06,1.4136,1.4259,1.4074,1.4198,0
1981-03-09,1.4228,1.4568,1.4228,1.4506,0
1981-03-10,1.4506,1.4691,1.4506,1.4630,0
1981-03-11,1.4630,1.4907,1.4630,1.4877,0
1981-03-12,1.4877,1.4877,1.4691,1.4815,0
1981-03-13,1.4784,1.4784,1.4506,1.4599,0
1981-03-16,1.4599,1.4815,1.4383,1.4784,0
1981-03-17,1.4784,1.4877,1.4691,1.4877,0
1981-03-18,1.4877,1.5062,1.4846,1.4907,0
1981-03-19,1.4907,1.5062,1.4846,1.4846,0
1981-03-20,1.4846,1.5123,1.4784,1.5031,0
1981-03-23,1.5031,1.5247,1.5031,1.5185,0
1981-03-24,1.5185,1.5340,1.5185,1.5309,0
1981-03-25,1.5309,1.5401,1.5185,1.5370,0
1981-03-26,1.5370,1.5463,1.5309,1.5309,0
1981-03-27,1.5309,1.5340,1.5093,1.5093,0
1981-03-30,1.5093,1.5463,1.4969,1.5309,0
1981-03-31,1.5432,1.5617,1.5432,1.5494,0
1981-04-01,1.5494,1.5556,1.5432,1.5432,0
1981-04-02,1.5432,1.5556,1.5370,1.5370,0
1981-04-03,1.5370,1.5494,1.5340,1.5401,0
1981-04-06,1.5401,1.5401,1.5247,1.5370,0
1981-04-07,1.5370,1.5648,1.5247,1.5556,0
1981-04-08,1.5556,1.5617,1.5370,1.5432,0
1981-04-09,1.5432,1.5895,1.5432,1.5741,0
1981-04-10,1.5741,1.6019,1.5741,1.5926,0
1981-04-13,1.5926,1.6512,1.5864,1.6389,0
1981-04-14,1.6389,1.6481,1.6358,1.6389,0
1981-04-15,1.6389,1.6574,1.6389,1.6420,0
1981-04-16,1.6451,1.6605,1.6451,1.6574,0
1981-04-20,1.6574,1.6698,1.6543,1.6667,0
1981-04-21,1.6667,1.6728,1.6574,1.6605,0
1981-04-22,1.6605,1.6790,1.6605,1.6728,0
1981-04-23,1.6728,1.6821,1.6605,1.6636,0
1981-04-24,1.6636,1.6852,1.6636,1.6790,0
1981-04-27,1.6790,1.6914,1.6759,1.6883,0
1981-04-28,1.6821,1.6821,1.6481,1.6543,0
1981-04-29,1.6481,1.6481,1.6173,1.6265,0
1981-04-30,1.6265,1.6265,1.5926,1.5926,0
1981-05-01,1.5833,1.5833,1.5463,1.5679,0
1981-05-04,1.5463,1.5463,1.5123,1.5123,0
1981-05-05,1.5123,1.5247,1.5000,1.5154,0
1981-05-06,1.5154,1.5340,1.5062,1.5278,0
1981-05-07,1.5278,1.5278,1.5000,1.5062,0
1981-05-08,1.5062,1.5154,1.4938,1.4969,0
1981-05-11,1.4969,1.5031,1.4722,1.4815,0
1981-05-12,1.4815,1.5062,1.4753,1.5062,0
1981-05-13,1.5062,1.5154,1.4877,1.4938,0
1981-05-14,1.4938,1.5031,1.4877,1.5031,0
1981-05-15,1.5031,1.5370,1.4938,1.5370,0
1981-05-18,1.5401,1.5617,1.5401,1.5556,0
1981-05-19,1.5556,1.5617,1.5463,1.5586,0
1981-05-20,1.5586,1.5772,1.5556,1.5772,0
1981-05-21,1.5772,1.5772,1.5432,1.5617,0
1981-05-22,1.5617,1.5864,1.5617,1.5741,0
1981-05-26,1.5741,1.5988,1.5710,1.5988,0
1981-05-27,1.5988,1.6358,1.5864,1.6358,0
1981-05-28,1.6358,1.6728,1.6358,1.6667,0
1981-05-29,1.6667,1.6821,1.6667,1.6667,0
1981-06-01,1.6667,1.7037,1.6667,1.6975,0
1981-06-02,1.6975,1.6975,1.6636,1.6636,0
1981-06-03,1.6636,1.6821,1.6512,1.6790,0
1981-06-04,1.6790,1.6852,1.6728,1.6759,0
1981-06-05,1.6698,1.6698,1.6543,1.6605,0
1981-06-08,1.6605,1.6728,1.6451,1.6543,0
1981-06-09,1.6481,1.6481,1.6327,1.6389,0
1981-06-10,1.6389,1.6667,1.6389,1.6543,0
1981-06-11,1.6543,1.6883,1.6543,1.6883,0
1981-06-12,1.6883,1.6944,1.6759,1.6790,0
1981-06-15,1.6944,1.7222,1.6944,1.7160,0
1981-06-16,1.7160,1.7346,1.6914,1.6975,0
1981-06-17,1.6975,1.7006,1.6728,1.7006,0
1981-06-18,1.7006,1.7037,1.6852,1.6852,0
1981-06-19,1.6728,1.6728,1.6512,1.6543,0
1981-06-22,1.6543,1.6790,1.6512,1.6543,0
1981-06-23,1.6543,1.6852,1.6481,1.6759,0
1981-06-24,1.6759,1.6852,1.6605,1.6698,0
1981-06-25,1.6698,1.6728,1.6512,1.6512,0
1981-06-26,1.6512,1.6605,1.6420,1.6481,0
1981-06-29,1.6451,1.6451,1.6265,1.6296,0
1981-06-30,1.6296,1.6296,1.5802,1.5988,0
1981-07-01,1.5988,1.6049,1.5833,1.5895,0
1981-07-02,1.5895,1.5895,1.5432,1.5525,0
1981-07-06,1.5525,1.5617,1.5370,1.5617,0
1981-07-07,1.5617,1.5802,1.5494,1.5556,0
1981-07-08,1.5556,1.5648,1.5062,1.5216,0
1981-07-09,1.5216,1.5247,1.5062,1.5123,0
1981-07-10,1.5123,1.5185,1.4815,1.4938,0
1981-07-13,1.4969,1.5123,1.4969,1.5123,0
1981-07-14,1.5185,1.5432,1.5185,1.5432,0
1981-07-15,1.5494,1.5741,1.5494,1.5586,0
1981-07-16,1.5617,1.5802,1.5617,1.5802,0
1981-07-17,1.5802,1.6049,1.5772,1.5988,0
1981-07-20,1.5895,1.5895,1.5679,1.5741,0
1981-07-21,1.5679,1.5679,1.5370,1.5432,0
1981-07-22,1.5432,1.5432,1.5000,1.5000,0
1981-07-23,1.5031,1.5432,1.5031,1.5401,0
1981-07-24,1.5401,1.5494,1.5340,1.5401,0
1981-07-27,1.5463,1.5741,1.5463,1.5556,0
1981-07-28,1.5556,1.5617,1.4938,1.5000,0
1981-07-29,1.5000,1.5062,1.4846,1.4846,0
1981-07-30,1.4846,1.5123,1.4660,1.5123,0
1981-07-31,1.5123,1.5247,1.5093,1.5093,0
1981-08-03,1.5123,1.5463,1.5123,1.5463,0
1981-08-04,1.5463,1.5494,1.5247,1.5370,0
1981-08-05,1.5432,1.5679,1.5432,1.5617,0
1981-08-06,1.5617,1.5679,1.5494,1.5525,0
1981-08-07,1.5525,1.5556,1.5463,1.5463,0
1981-08-10,1.5463,1.5525,1.5401,1.5525,0
1981-08-11,1.5556,1.5864,1.5556,1.5802,0
1981-08-12,1.5802,1.5957,1.5772,1.5772,0
1981-08-13,1.5802,1.5895,1.5802,1.5864,0
1981-08-14,1.5864,1.5864,1.5586,1.5586,0
1981-08-17,1.5586,1.5617,1.5370,1.5370,0
1981-08-18,1.5370,1.5401,1.5031,1.5093,0
1981-08-19,1.5093,1.5247,1.5000,1.5093,0
1981-08-20,1.5093,1.5154,1.5000,1.5031,0
1981-08-21,1.5031,1.5062,1.4753,1.4753,0
1981-08-24,1.4691,1.4691,1.4383,1.4414,0
1981-08-25,1.4414,1.4599,1.4136,1.4599,0
1981-08-26,1.4599,1.4660,1.4414,1.4506,0
1981-08-27,1.4506,1.4568,1.4198,1.4228,0
1981-08-28,1.4228,1.4475,1.4198,1.4321,0
1981-08-31,1.4105,1.4444,1.4105,1.4167,0
1981-09-01,1.4167,1.4537,1.4105,1.4414,0
1981-09-02,1.4444,1.4537,1.4444,1.4475,0
1981-09-03,1.4475,1.4630,1.4352,1.4383,0
1981-09-04,1.4383,1.4414,1.4228,1.4290,0
1981-09-08,1.4290,1.4321,1.4012,1.4198,0
1981-09-09,1.4198,1.4259,1.4043,1.4136,0
1981-09-10,1.4198,1.4383,1.4198,1.4352,0
1981-09-11,1.4475,1.4877,1.4475,1.4815,0
1981-09-14,1.4815,1.5123,1.4784,1.4969,0
1981-09-15,1.4969,1.5062,1.4969,1.4969,0
1981-09-16,1.4938,1.4938,1.4784,1.4846,0
1981-09-17,1.4846,1.4969,1.4630,1.4630,0
1981-09-18,1.4630,1.4815,1.4599,1.4691,0
1981-09-21,1.4691,1.5185,1.4691,1.5154,0
1981-09-22,1.5154,1.5154,1.4815,1.4846,0
1981-09-23,1.4815,1.4815,1.4599,1.4753,0
1981-09-24,1.4753,1.4784,1.4506,1.4537,0
1981-09-25,1.4506,1.4506,1.4198,1.4352,0
1981-09-28,1.4352,1.5309,1.4167,1.5278,0
1981-09-29,1.5278,1.5463,1.5247,1.5370,0
1981-09-30,1.5340,1.5340,1.5216,1.5309,0
1981-10-01,1.5185,1.5185,1.4938,1.5185,0
1981-10-02,1.5185,1.5494,1.5123,1.5432,0
1981-10-05,1.5556,1.5741,1.5556,1.5617,0
1981-10-06,1.5617,1.5864,1.5586,1.5710,0
1981-10-07,1.5741,1.6389,1.5741,1.6327,0
1981-10-08,1.6327,1.6451,1.6142,1.6265,0
1981-10-09,1.6265,1.6265,1.6049,1.6111,0
1981-10-12,1.6111,1.6204,1.6111,1.6204,0
1981-10-13,1.6204,1.6420,1.6173,1.6327,0
1981-10-14,1.6296,1.6296,1.5710,1.5802,0
1981-10-15,1.5802,1.6111,1.5710,1.6049,0
1981-10-16,1.6080,1.6173,1.6080,1.6173,0
1981-10-19,1.6173,1.6759,1.6111,1.6759,0
1981-10-20,1.6759,1.7284,1.6728,1.6944,0
1981-10-21,1.6944,1.7099,1.6636,1.6667,0
1981-10-22,1.6667,1.6698,1.6358,1.6451,0
1981-10-23,1.6420,1.6420,1.6111,1.6265,0
1981-10-26,1.6265,1.6667,1.6173,1.6605,0
1981-10-27,1.6636,1.6821,1.6636,1.6728,0
1981-10-28,1.6728,1.6821,1.6636,1.6636,0
1981-10-29,1.6636,1.6759,1.6605,1.6728,0
1981-10-30,1.6821,1.7284,1.6821,1.7284,0
1981-11-02,1.7438,1.7963,1.7438,1.7963,0
1981-11-03,1.7963,1.7994,1.7654,1.7840,0
1981-11-04,1.7840,1.7870,1.7469,1.7562,0
1981-11-05,1.7531,1.7531,1.6728,1.6728,0
1981-11-06,1.6667,1.6667,1.6451,1.6636,0
1981-11-09,1.6636,1.6914,1.6451,1.6914,0
1981-11-10,1.6975,1.7253,1.6975,1.7006,0
1981-11-11,1.7006,1.7160,1.6914,1.7130,0
1981-11-12,1.7130,1.7222,1.6944,1.7068,0
1981-11-13,1.7006,1.7006,1.6543,1.6543,0
1981-11-16,1.6420,1.6420,1.6204,1.6265,0
1981-11-17,1.6265,1.6451,1.6235,1.6358,0
1981-11-18,1.6358,1.6389,1.6204,1.6204,0
1981-11-19,1.6204,1.6512,1.6173,1.6512,0
1981-11-20,1.6512,1.6698,1.6420,1.6667,0
1981-11-23,1.6667,1.6914,1.6451,1.6481,0
1981-11-24,1.6481,1.6728,1.6327,1.6698,0
1981-11-25,1.6698,1.6821,1.6543,1.6667,0
1981-11-27,1.6667,1.6883,1.6667,1.6821,0
1981-11-30,1.6821,1.6883,1.6574,1.6667,0
1981-12-01,1.6543,1.6543,1.6358,1.6481,0
1981-12-02,1.6420,1.6420,1.5988,1.5988,0
1981-12-03,1.5988,1.6080,1.5802,1.6019,0
1981-12-04,1.6080,1.6296,1.6080,1.6296,0
1981-12-07,1.6265,1.6265,1.5957,1.6049,0
1981-12-08,1.6049,1.6111,1.5926,1.5957,0
1981-12-09,1.5957,1.6204,1.5895,1.6204,0
1981-12-10,1.6204,1.6481,1.6111,1.6327,0
1981-12-11,1.6327,1.6327,1.6111,1.6173,0
1981-12-14,1.6019,1.6019,1.5802,1.5957,0
1981-12-15,1.5957,1.5988,1.5772,1.5833,0
1981-12-16,1.5833,1.6111,1.5586,1.5586,0
1981-12-17,1.5617,1.5926,1.5617,1.5926,0
1981-12-18,1.5926,1.6358,1.5864,1.6358,0
1981-12-21,1.6358,1.6451,1.6265,1.6389,0
1981-12-22,1.6358,1.6358,1.6173,1.6235,0
1981-12-23,1.6235,1.6235,1.5957,1.5988,0
1981-12-24,1.5988,1.6049,1.5957,1.6049,0
1981-12-28,1.6049,1.6080,1.6019,1.6049,0
1981-12-29,1.6049,1.6080,1.5988,1.6049,0
1981-12-30,1.6049,1.6111,1.5957,1.6019,0
1981-12-31,1.6019,1.6142,1.5988,1.6142,0
1982-01-04,1.6049,1.6142,1.5957,1.6049,0
1982-01-05,1.5802,1.5988,1.5586,1.5586,0
1982-01-06,1.5525,1.5648,1.5370,1.5525,0
1982-01-07,1.5309,1.5494,1.5123,1.5309,0
1982-01-08,1.5340,1.5370,1.5278,1.5309,0
1982-01-11,1.5062,1.5370,1.4753,1.4877,0
1982-01-12,1.4753,1.4846,1.4630,1.4815,0
1982-01-13,1.4630,1.4907,1.4321,1.4568,0
1982-01-14,1.4630,1.4815,1.4444,1.4660,0
1982-01-15,1.4784,1.4846,1.4599,1.4784,0
1982-01-18,1.4846,1.5031,1.4630,1.5031,0
1982-01-19,1.5062,1.5185,1.4938,1.4969,0
1982-01-20,1.5000,1.5185,1.4815,1.4938,0
1982-01-21,1.5031,1.5123,1.4938,1.5123,0
1982-01-22,1.5031,1.5123,1.4907,1.4938,0
1982-01-25,1.4722,1.4815,1.4599,1.4722,0
1982-01-26,1.4722,1.4784,1.4660,1.4722,0
1982-01-27,1.4599,1.4722,1.4475,1.4691,0
1982-01-28,1.5093,1.5401,1.4753,1.5370,0
1982-01-29,1.5679,1.5864,1.5494,1.5710,0
1982-02-01,1.5494,1.5586,1.5370,1.5370,0
1982-02-02,1.5401,1.5525,1.5247,1.5401,0
1982-02-03,1.5525,1.5648,1.5370,1.5494,0
1982-02-04,1.5494,1.5617,1.5340,1.5494,0
1982-02-05,1.5741,1.5926,1.5525,1.5802,0
1982-02-08,1.5617,1.5833,1.5370,1.5432,0
1982-02-09,1.5216,1.5556,1.4877,1.4877,0
1982-02-10,1.4938,1.5031,1.4846,1.4907,0
1982-02-11,1.4815,1.4938,1.4691,1.4815,0
1982-02-12,1.4907,1.4969,1.4815,1.4877,0
1982-02-16,1.4691,1.4877,1.4506,1.4846,0
1982-02-17,1.4784,1.4907,1.4630,1.4630,0
1982-02-18,1.4630,1.4784,1.4475,1.4691,0
1982-02-19,1.4691,1.4784,1.4599,1.4784,0
1982-02-22,1.4753,1.4969,1.4537,1.4599,0
1982-02-23,1.4599,1.4660,1.4506,1.4660,0
1982-02-24,1.4691,1.4846,1.4506,1.4815,0
1982-02-25,1.4815,1.4907,1.4722,1.4846,0
1982-02-26,1.4784,1.4877,1.4691,1.4722,0
1982-03-01,1.4969,1.5216,1.4691,1.5123,0
1982-03-02,1.5278,1.5432,1.5123,1.5123,0
1982-03-03,1.5154,1.5401,1.4907,1.5370,0
1982-03-04,1.5494,1.5648,1.5340,1.5556,0
1982-03-05,1.5586,1.5679,1.5463,1.5494,0
1982-03-08,1.5309,1.5617,1.5000,1.5000,0
1982-03-09,1.5093,1.5370,1.4815,1.5247,0
1982-03-10,1.5309,1.5401,1.5216,1.5278,0
1982-03-11,1.5309,1.5432,1.5154,1.5154,0
1982-03-12,1.5093,1.5154,1.5000,1.5062,0
1982-03-15,1.5123,1.5216,1.5000,1.5216,0
1982-03-16,1.5309,1.5463,1.5123,1.5123,0
1982-03-17,1.5278,1.5432,1.5123,1.5309,0
1982-03-18,1.5494,1.5679,1.5278,1.5617,0
1982-03-19,1.5679,1.5833,1.5556,1.5741,0
1982-03-22,1.5926,1.6111,1.5741,1.6080,0
1982-03-23,1.6327,1.6420,1.6235,1.6420,0
1982-03-24,1.6358,1.6451,1.6235,1.6265,0
1982-03-25,1.6451,1.6605,1.6296,1.6451,0
1982-03-26,1.6358,1.6481,1.6204,1.6296,0
1982-03-29,1.6265,1.6389,1.6111,1.6327,0
1982-03-30,1.6358,1.6512,1.6173,1.6204,0
1982-03-31,1.6636,1.6759,1.6481,1.6636,0
1982-04-01,1.6821,1.7006,1.6605,1.6914,0
1982-04-02,1.6790,1.6852,1.6698,1.6790,0
1982-04-05,1.6790,1.6883,1.6667,1.6883,0
1982-04-06,1.6821,1.6944,1.6698,1.6914,0
1982-04-07,1.6944,1.7037,1.6821,1.7006,0
1982-04-08,1.7160,1.7284,1.7006,1.7253,0
1982-04-12,1.7191,1.7284,1.7068,1.7099,0
1982-04-13,1.7037,1.7130,1.6944,1.6944,0
1982-04-14,1.6852,1.6914,1.6759,1.6759,0
1982-04-15,1.6821,1.6914,1.6698,1.6914,0
1982-04-16,1.6975,1.7037,1.6883,1.6944,0
1982-04-19,1.7006,1.7099,1.6914,1.6914,0
1982-04-20,1.6914,1.6944,1.6852,1.6852,0
1982-04-21,1.6944,1.7037,1.6821,1.7037,0
1982-04-22,1.7130,1.7253,1.7006,1.7037,0
1982-04-23,1.6914,1.7068,1.6728,1.6821,0
1982-04-26,1.6883,1.7037,1.6728,1.7037,0
1982-04-27,1.6790,1.7037,1.6543,1.6667,0
1982-04-28,1.6543,1.6667,1.6389,1.6512,0
1982-04-29,1.6481,1.6605,1.6358,1.6512,0
1982-04-30,1.6574,1.6636,1.6512,1.6543,0
1982-05-03,1.6728,1.6944,1.6512,1.6728,0
1982-05-04,1.6821,1.6914,1.6728,1.6759,0
1982-05-05,1.6852,1.6944,1.6759,1.6883,0
1982-05-06,1.6975,1.7068,1.6852,1.6883,0
1982-05-07,1.6790,1.7006,1.6543,1.6543,0
1982-05-10,1.6420,1.6574,1.6235,1.6265,0
1982-05-11,1.6358,1.6420,1.6265,1.6327,0
1982-05-12,1.6204,1.6420,1.5957,1.6111,0
1982-05-13,1.6296,1.6481,1.6111,1.6296,0
1982-05-14,1.6265,1.6296,1.6204,1.6296,0
1982-05-17,1.6235,1.6296,1.6173,1.6173,0
1982-05-18,1.6142,1.6296,1.5988,1.6204,0
1982-05-19,1.6173,1.6296,1.6049,1.6049,0
1982-05-20,1.6142,1.6235,1.6049,1.6204,0
1982-05-21,1.6358,1.6389,1.6296,1.6358,0
1982-05-24,1.6389,1.6481,1.6265,1.6481,0
1982-05-25,1.6420,1.6605,1.6235,1.6235,0
1982-05-26,1.6204,1.6265,1.6142,1.6265,0
1982-05-27,1.6235,1.6327,1.6142,1.6235,0
1982-05-28,1.6235,1.6265,1.6173,1.6204,0
1982-06-01,1.6204,1.6265,1.6142,1.6173,0
1982-06-02,1.6296,1.6420,1.6173,1.6389,0
1982-06-03,1.6543,1.6636,1.6420,1.6636,0
1982-06-04,1.6636,1.6698,1.6574,1.6667,0
1982-06-07,1.6728,1.6852,1.6605,1.6790,0
1982-06-08,1.6698,1.6821,1.6574,1.6698,0
1982-06-09,1.6636,1.6698,1.6543,1.6605,0
1982-06-10,1.6667,1.6759,1.6543,1.6759,0
1982-06-11,1.6975,1.7099,1.6852,1.7037,0
1982-06-14,1.6944,1.7037,1.6852,1.6975,0
1982-06-15,1.7037,1.7160,1.6914,1.7099,0
1982-06-16,1.7191,1.7253,1.7099,1.7160,0
1982-06-17,1.7068,1.7099,1.7006,1.7099,0
1982-06-18,1.7160,1.7253,1.7068,1.7253,0
1982-06-21,1.7160,1.7377,1.6944,1.7037,0
1982-06-22,1.7191,1.7377,1.7006,1.7377,0
1982-06-23,1.7438,1.7623,1.7253,1.7593,0
1982-06-24,1.7562,1.7654,1.7438,1.7531,0
1982-06-25,1.7531,1.7623,1.7407,1.7438,0
1982-06-28,1.7685,1.7901,1.7469,1.7654,0
1982-06-29,1.7685,1.7778,1.7531,1.7685,0
1982-06-30,1.7747,1.7840,1.7654,1.7685,0
1982-07-01,1.7654,1.7747,1.7531,1.7531,0
1982-07-02,1.7562,1.7593,1.7500,1.7562,0
1982-07-06,1.7469,1.7593,1.7346,1.7438,0
1982-07-07,1.7593,1.7747,1.7438,1.7716,0
1982-07-08,1.7685,1.7840,1.7531,1.7809,0
1982-07-09,1.8086,1.8210,1.7963,1.8179,0
1982-07-12,1.8333,1.8580,1.8333,1.8488,0
1982-07-13,1.8549,1.8673,1.8395,1.8673,0
1982-07-14,1.8827,1.8981,1.8642,1.8981,0
1982-07-15,1.8920,1.9074,1.8765,1.8858,0
1982-07-16,1.8920,1.9074,1.8765,1.9012,0
1982-07-19,1.8920,1.9012,1.8796,1.8889,0
1982-07-20,1.8827,1.8951,1.8704,1.8889,0
1982-07-21,1.8796,1.8981,1.8580,1.8735,0
1982-07-22,1.8796,1.8951,1.8611,1.8765,0
1982-07-23,1.8735,1.8796,1.8673,1.8704,0
1982-07-26,1.8611,1.8735,1.8488,1.8519,0
1982-07-27,1.8457,1.8580,1.8333,1.8364,0
1982-07-28,1.8210,1.8302,1.8086,1.8179,0
1982-07-29,1.8117,1.8241,1.7963,1.8117,0
1982-07-30,1.8086,1.8148,1.8025,1.8086,0
1982-08-02,1.8333,1.8426,1.8241,1.8364,0
1982-08-03,1.8241,1.8364,1.8117,1.8179,0
1982-08-04,1.7870,1.8117,1.7593,1.7593,0
1982-08-05,1.7438,1.7562,1.7284,1.7438,0
1982-08-06,1.7222,1.7469,1.6975,1.7099,0
1982-08-09,1.7130,1.7315,1.6914,1.7222,0
1982-08-10,1.7315,1.7438,1.7160,1.7160,0
1982-08-11,1.7130,1.7284,1.6975,1.7037,0
1982-08-12,1.7099,1.7222,1.6975,1.6975,0
1982-08-13,1.7037,1.7160,1.6914,1.7160,0
1982-08-16,1.7315,1.7438,1.7191,1.7191,0
1982-08-17,1.7685,1.8148,1.7191,1.8056,0
1982-08-18,1.8210,1.8364,1.8056,1.8086,0
1982-08-19,1.8117,1.8272,1.7963,1.8086,0
1982-08-20,1.8611,1.9074,1.8148,1.9043,0
1982-08-23,1.9105,1.9475,1.8735,1.9475,0
1982-08-24,1.9259,1.9475,1.9043,1.9259,0
1982-08-25,1.9383,1.9568,1.9198,1.9414,0
1982-08-26,1.9753,2.0093,1.9383,1.9506,0
1982-08-27,1.9444,1.9568,1.9321,1.9383,0
1982-08-30,1.9506,1.9815,1.9198,1.9660,0
1982-08-31,1.9969,2.0247,1.9660,2.0216,0
1982-09-01,2.0154,2.0370,1.9907,2.0062,0
1982-09-02,2.0370,2.0802,1.9907,2.0617,0
1982-09-03,2.0864,2.1080,2.0617,2.0864,0
1982-09-07,2.0679,2.0957,2.0370,2.0494,0
1982-09-08,2.0586,2.0710,2.0432,2.0494,0
1982-09-09,2.0216,2.0586,1.9846,2.0000,0
1982-09-10,1.9846,2.0031,1.9630,1.9907,0
1982-09-13,2.0154,2.0463,1.9815,2.0463,0
1982-09-14,2.0741,2.0926,2.0525,2.0679,0
1982-09-15,2.0648,2.0833,2.0432,2.0679,0
1982-09-16,2.1019,2.1265,2.0741,2.0988,0
1982-09-17,2.1049,2.1235,2.0864,2.0895,0
1982-09-20,2.0864,2.0988,2.0710,2.0864,0
1982-09-21,2.1111,2.1358,2.0864,2.1358,0
1982-09-22,2.1481,2.1790,2.1173,2.1173,0
1982-09-23,2.1142,2.1265,2.1019,2.1142,0
1982-09-24,2.1358,2.1543,2.1142,2.1481,0
1982-09-27,2.1204,2.1451,2.0926,2.1080,0
1982-09-28,2.0710,2.1111,2.0309,2.0401,0
1982-09-29,2.0401,2.0525,2.0247,2.0401,0
1982-09-30,2.0216,2.0432,2.0000,2.0000,0
1982-10-01,1.9877,2.0000,1.9753,1.9938,0
1982-10-04,1.9938,2.0093,1.9784,2.0093,0
1982-10-05,2.0278,2.0370,2.0154,2.0154,0
1982-10-06,2.0772,2.1296,2.0216,2.1296,0
1982-10-07,2.1852,2.2963,2.0741,2.0741,0
1982-10-08,2.2269,2.2500,2.1991,2.2315,0
1982-10-11,2.2639,2.3056,2.2222,2.2685,0
1982-10-12,2.2685,2.2731,2.1620,2.2037,0
1982-10-13,2.2037,2.2500,2.1620,2.2176,0
1982-10-14,2.1713,2.2176,2.1204,2.1435,0
1982-10-15,2.1250,2.1389,2.1111,2.1250,0
1982-10-18,2.1250,2.1528,2.1019,2.1528,0
1982-10-19,2.1574,2.1852,2.1296,2.1574,0
1982-10-20,2.2269,2.2917,2.1574,2.2917,0
1982-10-21,2.2546,2.3056,2.1991,2.2176,0
1982-10-22,2.2222,2.2407,2.1991,2.2130,0
1982-10-25,2.1528,2.1944,2.1111,2.1389,0
1982-10-26,2.1435,2.1667,2.1204,2.1481,0
1982-10-27,2.1944,2.2269,2.1574,2.2130,0
1982-10-28,2.2130,2.2315,2.1944,2.1944,0
1982-10-29,2.2130,2.2500,2.1759,2.2269,0
1982-11-01,2.2407,2.2778,2.1991,2.2778,0
1982-11-02,2.3009,2.3194,2.2824,2.2917,0
1982-11-03,2.3380,2.3843,2.2917,2.3796,0
1982-11-04,2.4028,2.4167,2.3843,2.3843,0
1982-11-05,2.4028,2.4306,2.3750,2.3981,0
1982-11-08,2.3333,2.3611,2.3056,2.3333,0
1982-11-09,2.3565,2.3750,2.3333,2.3657,0
1982-11-10,2.3426,2.3796,2.3009,2.3148,0
1982-11-11,2.3102,2.3426,2.2778,2.3426,0
1982-11-12,2.3148,2.3426,2.2824,2.2963,0
1982-11-15,2.2361,2.2593,2.2130,2.2130,0
1982-11-16,2.1898,2.2407,2.1389,2.1944,0
1982-11-17,2.2593,2.2778,2.2361,2.2685,0
1982-11-18,2.2500,2.2685,2.2315,2.2500,0
1982-11-19,2.2269,2.2500,2.2037,2.2037,0
1982-11-22,2.1944,2.2222,2.1620,2.1667,0
1982-11-23,2.1806,2.1944,2.1667,2.1898,0
1982-11-24,2.2083,2.2269,2.1898,2.2222,0
1982-11-26,2.2361,2.2546,2.2130,2.2546,0
1982-11-29,2.2454,2.2593,2.2269,2.2454,0
1982-11-30,2.2222,2.2454,2.1991,2.2454,0
1982-12-01,2.2593,2.2731,2.2454,2.2454,0
1982-12-02,2.2315,2.2593,2.2037,2.2222,0
1982-12-03,2.2407,2.2546,2.2269,2.2407,0
1982-12-06,2.2361,2.2546,2.2176,2.2454,0
1982-12-07,2.2269,2.2593,2.1944,2.2130,0
1982-12-08,2.2083,2.2315,2.1852,2.1898,0
1982-12-09,2.1759,2.1991,2.1528,2.1620,0
1982-12-10,2.1343,2.1667,2.1019,2.1065,0
1982-12-13,2.1157,2.1250,2.1065,2.1204,0
1982-12-14,2.0972,2.1528,2.0370,2.0556,0
1982-12-15,2.0278,2.0556,2.0000,2.0139,0
1982-12-16,2.0093,2.0324,1.9861,2.0185,0
1982-12-17,2.1065,2.1574,2.0556,2.1528,0
1982-12-20,2.1667,2.1898,2.1389,2.1481,0
1982-12-21,2.1667,2.1944,2.1343,2.1852,0
1982-12-22,2.1435,2.1898,2.0926,2.1019,0
1982-12-23,2.1296,2.1620,2.0926,2.1481,0
1982-12-27,2.1574,2.1667,2.1481,2.1667,0
1982-12-28,2.1528,2.1713,2.1296,2.1389,0
1982-12-29,2.1713,2.2037,2.1343,2.2037,0
1982-12-30,2.2130,2.2315,2.1898,2.1991,0
1982-12-31,2.2269,2.2407,2.2083,2.2361,0
1983-01-03,2.2037,2.2546,2.1528,2.1620,0
1983-01-04,2.1389,2.1667,2.1111,2.1574,0
1983-01-05,2.1389,2.1713,2.1019,2.1111,0
1983-01-06,2.1528,2.1806,2.1204,2.1528,0
1983-01-07,2.1667,2.1852,2.1481,2.1481,0
1983-01-10,2.1574,2.1667,2.1435,2.1481,0
1983-01-11,2.1481,2.1620,2.1296,2.1296,0
1983-01-12,2.1620,2.1852,2.1389,2.1620,0
1983-01-13,2.1574,2.1806,2.1343,2.1343,0
1983-01-14,2.1343,2.1528,2.1111,2.1296,0
1983-01-17,2.1481,2.1759,2.1204,2.1296,0
1983-01-18,2.1250,2.1389,2.1111,2.1389,0
1983-01-19,2.1620,2.1713,2.1528,2.1667,0
1983-01-20,2.1343,2.1713,2.0972,2.1157,0
1983-01-21,2.1019,2.1250,2.0741,2.0787,0
1983-01-24,2.0556,2.0741,2.0324,2.0509,0
1983-01-25,2.0880,2.1065,2.0648,2.1019,0
1983-01-26,2.0880,2.1019,2.0694,2.0880,0
1983-01-27,2.1435,2.1898,2.0972,2.1806,0
1983-01-28,2.1852,2.2176,2.1481,2.1667,0
1983-01-31,2.1667,2.1852,2.1481,2.1852,0
1983-02-01,2.1667,2.1991,2.1296,2.1296,0
1983-02-02,2.1667,2.2083,2.1204,2.1944,0
1983-02-03,2.2269,2.2593,2.1944,2.2546,0
1983-02-04,2.3056,2.3287,2.2778,2.3241,0
1983-02-07,2.3287,2.3472,2.3056,2.3056,0
1983-02-08,2.2870,2.3148,2.2593,2.2778,0
1983-02-09,2.2593,2.2870,2.2269,2.2361,0
1983-02-10,2.2731,2.2963,2.2454,2.2824,0
1983-02-11,2.2778,2.2917,2.2593,2.2593,0
1983-02-14,2.2639,2.2778,2.2500,2.2685,0
1983-02-15,2.2454,2.2731,2.2130,2.2361,0
1983-02-16,2.2269,2.2361,2.2130,2.2130,0
1983-02-17,2.2315,2.2454,2.2176,2.2407,0
1983-02-18,2.2546,2.2778,2.2269,2.2593,0
1983-02-22,2.3009,2.3241,2.2778,2.2778,0
1983-02-23,2.3102,2.3333,2.2870,2.3287,0
1983-02-24,2.3981,2.4676,2.3241,2.4491,0
1983-02-25,2.4630,2.4954,2.4259,2.4259,0
1983-02-28,2.4537,2.4815,2.4213,2.4491,0
1983-03-01,2.4907,2.5185,2.4583,2.5185,0
1983-03-02,2.5509,2.5741,2.5278,2.5602,0
1983-03-03,2.5278,2.5509,2.5046,2.5278,0
1983-03-04,2.5324,2.5417,2.5185,2.5185,0
1983-03-07,2.5278,2.5370,2.5139,2.5278,0
1983-03-08,2.5370,2.5556,2.5139,2.5139,0
1983-03-09,2.5278,2.5556,2.5000,2.5556,0
1983-03-10,2.5694,2.5880,2.5463,2.5509,0
1983-03-11,2.5093,2.5463,2.4676,2.5185,0
1983-03-14,2.5000,2.5185,2.4815,2.5000,0
1983-03-15,2.5093,2.5231,2.4907,2.5185,0
1983-03-16,2.5231,2.5556,2.4907,2.4907,0
1983-03-17,2.5139,2.5463,2.4815,2.5278,0
1983-03-18,2.5185,2.5278,2.5046,2.5139,0
1983-03-21,2.5417,2.5833,2.5000,2.5741,0
1983-03-22,2.5833,2.6157,2.5787,2.5833,0
1983-03-23,2.5926,2.6389,2.5787,2.6389,0
1983-03-24,2.6389,2.6481,2.6204,2.6296,0
1983-03-25,2.5880,2.6296,2.5509,2.5694,0
1983-03-28,2.5694,2.5787,2.5278,2.5648,0
1983-03-29,2.5648,2.5787,2.5463,2.5556,0
1983-03-30,2.5556,2.5926,2.5463,2.5926,0
1983-03-31,2.6019,2.6111,2.5278,2.5463,0
1983-04-04,2.5556,2.5602,2.5046,2.5556,0
1983-04-05,2.5556,2.5741,2.5185,2.5231,0
1983-04-06,2.5185,2.5185,2.4722,2.5046,0
1983-04-07,2.5000,2.5046,2.4722,2.5000,0
1983-04-08,2.5000,2.5370,2.4954,2.5370,0
1983-04-11,2.5602,2.5787,2.5463,2.5741,0
1983-04-12,2.5787,2.6019,2.5741,2.5880,0
1983-04-13,2.5556,2.5833,2.5463,2.5463,0
1983-04-14,2.5463,2.5509,2.5093,2.5139,0
1983-04-15,2.5185,2.5509,2.5139,2.5509,0
1983-04-18,2.6204,2.6574,2.5833,2.6574,0
1983-04-19,2.6574,2.6667,2.6204,2.6574,0
1983-04-20,2.6667,2.7176,2.6620,2.7037,0
1983-04-21,2.7176,2.7593,2.7083,2.7407,0
1983-04-22,2.7407,2.7500,2.7176,2.7222,0
1983-04-25,2.7176,2.7407,2.6898,2.7130,0
1983-04-26,2.6898,2.7037,2.6713,2.6759,0
1983-04-27,2.5556,2.5926,2.5139,2.5278,0
1983-04-28,2.4676,2.5278,2.4074,2.5278,0
1983-04-29,2.5324,2.5926,2.4722,2.5741,0
1983-05-02,2.5278,2.5602,2.4907,2.4954,0
1983-05-03,2.4861,2.4954,2.4120,2.4352,0
1983-05-04,2.4491,2.4583,2.4352,2.4444,0
1983-05-05,2.4306,2.4444,2.4120,2.4259,0
1983-05-06,2.4352,2.4861,2.4306,2.4722,0
1983-05-09,2.4769,2.5278,2.4676,2.5139,0
1983-05-10,2.5185,2.5185,2.4676,2.4722,0
1983-05-11,2.4722,2.4722,2.4074,2.4306,0
1983-05-12,2.4398,2.4398,2.3704,2.3935,0
1983-05-13,2.3935,2.4259,2.3889,2.4074,0
1983-05-16,2.3796,2.4259,2.3565,2.4167,0
1983-05-17,2.4120,2.4213,2.4028,2.4074,0
1983-05-18,2.4120,2.4306,2.3519,2.3611,0
1983-05-19,2.3657,2.4120,2.3519,2.3611,0
1983-05-20,2.3519,2.3704,2.3333,2.3611,0
1983-05-23,2.3287,2.4213,2.3287,2.4028,0
1983-05-24,2.4028,2.4444,2.3981,2.4444,0
1983-05-25,2.4630,2.4630,2.3796,2.4120,0
1983-05-26,2.3981,2.4074,2.3750,2.3750,0
1983-05-27,2.3750,2.3935,2.3287,2.3426,0
1983-05-31,2.3472,2.3472,2.2731,2.3333,0
1983-06-01,2.3333,2.3704,2.3148,2.3657,0
1983-06-02,2.3704,2.3796,2.2870,2.3009,0
1983-06-03,2.3102,2.3333,2.2963,2.2963,0
1983-06-06,2.2963,2.3241,2.2963,2.3241,0
1983-06-07,2.3241,2.3519,2.2870,2.3056,0
1983-06-08,2.2778,2.3056,2.2500,2.2593,0
1983-06-09,2.2593,2.3519,2.2546,2.3333,0
1983-06-10,2.3380,2.3472,2.3102,2.3241,0
1983-06-13,2.3796,2.3796,2.3380,2.3796,0
1983-06-14,2.3796,2.4259,2.3704,2.3843,0
1983-06-15,2.3889,2.3981,2.3704,2.3843,0
1983-06-16,2.3472,2.3657,2.3333,2.3426,0
1983-06-17,2.3472,2.3472,2.3056,2.3194,0
1983-06-20,2.3194,2.3565,2.3056,2.3287,0
1983-06-21,2.3102,2.3750,2.3102,2.3704,0
1983-06-22,2.4028,2.4306,2.3750,2.3981,0
1983-06-23,2.4167,2.4167,2.3796,2.3889,0
1983-06-24,2.3935,2.4630,2.3889,2.4491,0
1983-06-27,2.4491,2.4583,2.4352,2.4398,0
1983-06-28,2.4444,2.4630,2.4074,2.4167,0
1983-06-29,2.4074,2.4398,2.4028,2.4306,0
1983-06-30,2.4352,2.4398,2.4259,2.4259,0
1983-07-01,2.4398,2.4398,2.4120,2.4259,0
1983-07-05,2.3981,2.3981,2.3611,2.3796,0
1983-07-06,2.3889,2.4630,2.3796,2.4630,0
1983-07-07,2.4630,2.4630,2.4306,2.4352,0
1983-07-08,2.4398,2.4491,2.4074,2.4167,0
1983-07-11,2.4259,2.4398,2.4167,2.4167,0
1983-07-12,2.4259,2.4259,2.3889,2.4028,0
1983-07-13,2.3981,2.4028,2.3750,2.3750,0
1983-07-14,2.3750,2.3935,2.3750,2.3935,0
1983-07-15,2.3889,2.3889,2.3472,2.3704,0
1983-07-18,2.3657,2.3704,2.3565,2.3657,0
1983-07-19,2.3889,2.3981,2.3796,2.3889,0
1983-07-20,2.4444,2.4630,2.4167,2.4630,0
1983-07-21,2.4630,2.4815,2.4398,2.4491,0
1983-07-22,2.4213,2.4583,2.3843,2.3935,0
1983-07-25,2.3704,2.4074,2.3519,2.3704,0
1983-07-26,2.3750,2.3796,2.3704,2.3704,0
1983-07-27,2.3472,2.3519,2.2222,2.2546,0
1983-07-28,2.2593,2.2917,2.2500,2.2778,0
1983-07-29,2.2778,2.2870,2.2500,2.2778,0
1983-08-01,2.2685,2.2963,2.2454,2.2546,0
1983-08-02,2.2500,2.2639,2.2222,2.2269,0
1983-08-03,2.2361,2.2361,2.1852,2.2130,0
1983-08-04,2.2176,2.2176,2.1574,2.1852,0
1983-08-05,2.1898,2.1944,2.1343,2.1435,0
1983-08-08,2.1389,2.1389,2.0926,2.1111,0
1983-08-09,2.1204,2.1759,2.1111,2.1667,0
1983-08-10,2.1759,2.1759,2.1296,2.1667,0
1983-08-11,2.1713,2.1852,2.1620,2.1852,0
1983-08-12,2.1759,2.1852,2.1389,2.1528,0
1983-08-15,2.1528,2.1852,2.1389,2.1759,0
1983-08-16,2.1806,2.1852,2.1713,2.1852,0
1983-08-17,2.1852,2.1852,2.1389,2.1667,0
1983-08-18,2.1713,2.1713,2.1204,2.1296,0
1983-08-19,2.1389,2.1435,2.1250,2.1343,0
1983-08-22,2.1389,2.1481,2.1250,2.1343,0
1983-08-23,2.0972,2.1111,2.0787,2.0833,0
1983-08-24,2.0926,2.1111,2.0694,2.1019,0
1983-08-25,2.1019,2.1019,2.0648,2.0926,0
1983-08-26,2.0972,2.1667,2.0741,2.1620,0
1983-08-29,2.1296,2.1944,2.1250,2.1759,0
1983-08-30,2.1898,2.2315,2.1852,2.2037,0
1983-08-31,2.2176,2.2407,2.2083,2.2361,0
1983-09-01,2.2454,2.2593,2.2361,2.2454,0
1983-09-02,2.2500,2.2593,2.2407,2.2500,0
1983-09-06,2.3148,2.3194,2.2870,2.3056,0
1983-09-07,2.3148,2.3472,2.3009,2.3472,0
1983-09-08,2.3472,2.3472,2.3009,2.3241,0
1983-09-09,2.3287,2.3287,2.2824,2.3056,0
1983-09-12,2.3426,2.3519,2.3148,2.3241,0
1983-09-13,2.3194,2.3241,2.2917,2.3009,0
1983-09-14,2.2963,2.3148,2.2917,2.2963,0
1983-09-15,2.2963,2.3102,2.2731,2.2731,0
1983-09-16,2.2778,2.3704,2.2778,2.3333,0
1983-09-19,2.3426,2.3981,2.3380,2.3704,0
1983-09-20,2.3981,2.4398,2.3935,2.4306,0
1983-09-21,2.4398,2.4398,2.3843,2.4028,0
1983-09-22,2.3889,2.4491,2.3889,2.4259,0
1983-09-23,2.4444,2.4491,2.4120,2.4306,0
1983-09-26,2.4352,2.4444,2.4028,2.4213,0
1983-09-27,2.4120,2.4167,2.3796,2.3981,0
1983-09-28,2.4028,2.4074,2.3843,2.4028,0
1983-09-29,2.3981,2.4167,2.3843,2.4074,0
1983-09-30,2.4120,2.4167,2.3889,2.3935,0
1983-10-03,2.3935,2.4259,2.3843,2.4213,0
1983-10-04,2.4306,2.4398,2.4306,2.4306,0
1983-10-05,2.4444,2.4630,2.4259,2.4630,0
1983-10-06,2.4630,2.5000,2.4491,2.4907,0
1983-10-07,2.4954,2.5000,2.4722,2.4907,0
1983-10-10,2.4815,2.4861,2.4537,2.4769,0
1983-10-11,2.4815,2.4815,2.4491,2.4583,0
1983-10-12,2.4769,2.5046,2.4722,2.4954,0
1983-10-13,2.4861,2.4954,2.4583,2.4815,0
1983-10-14,2.4815,2.4815,2.4583,2.4630,0
1983-10-17,2.4676,2.4769,2.4537,2.4630,0
1983-10-18,2.4630,2.4815,2.4491,2.4537,0
1983-10-19,2.4444,2.4722,2.4259,2.4491,0
1983-10-20,2.4444,2.4815,2.4398,2.4769,0
1983-10-21,2.4722,2.4954,2.4722,2.4861,0
1983-10-24,2.4861,2.5370,2.4722,2.5231,0
1983-10-25,2.5185,2.5926,2.5185,2.5463,0
1983-10-26,2.5648,2.5833,2.5463,2.5648,0
1983-10-27,2.5556,2.6204,2.5509,2.6111,0
1983-10-28,2.6157,2.6204,2.5787,2.5787,0
1983-10-31,2.5926,2.5926,2.5185,2.5741,0
1983-11-01,2.5556,2.5880,2.5093,2.5556,0
1983-11-02,2.5556,2.5833,2.5417,2.5833,0
1983-11-03,2.5741,2.5926,2.5648,2.5833,0
1983-11-04,2.5694,2.5833,2.5556,2.5602,0
1983-11-07,2.5648,2.6065,2.5648,2.5880,0
1983-11-08,2.5833,2.6204,2.5833,2.6065,0
1983-11-09,2.6065,2.6667,2.6065,2.6481,0
1983-11-10,2.6713,2.6944,2.6667,2.6852,0
1983-11-11,2.6852,2.7315,2.6852,2.7315,0
1983-11-14,2.7407,2.7546,2.7083,2.7222,0
1983-11-15,2.7037,2.7407,2.7037,2.7361,0
1983-11-16,2.7407,2.7454,2.7037,2.7176,0
1983-11-17,2.7130,2.7176,2.6481,2.6667,0
1983-11-18,2.6620,2.6759,2.6528,2.6759,0
1983-11-21,2.6759,2.7037,2.6667,2.7037,0
1983-11-22,2.6944,2.7083,2.6481,2.6528,0
1983-11-23,2.6574,2.6574,2.6019,2.6204,0
1983-11-25,2.6250,2.6389,2.5926,2.6343,0
1983-11-28,2.6250,2.6481,2.6157,2.6250,0
1983-11-29,2.6157,2.6204,2.5926,2.6157,0
1983-11-30,2.6250,2.6481,2.6157,2.6250,0
1983-12-01,2.6343,2.7037,2.6343,2.7037,0
1983-12-02,2.7037,2.7037,2.6713,2.6852,0
1983-12-05,2.6852,2.6852,2.6528,2.6667,0
1983-12-06,2.6759,2.6991,2.6759,2.6806,0
1983-12-07,2.6898,2.7037,2.6898,2.6991,0
1983-12-08,2.6944,2.6991,2.6435,2.6481,0
1983-12-09,2.6389,2.6667,2.6343,2.6574,0
1983-12-12,2.6296,2.6481,2.6296,2.6481,0
1983-12-13,2.6574,2.6667,2.6481,2.6528,0
1983-12-14,2.6574,2.6574,2.6250,2.6343,0
1983-12-15,2.6343,2.6389,2.5741,2.5741,0
1983-12-16,2.5787,2.5972,2.5741,2.5972,0
1983-12-19,2.5972,2.6111,2.5926,2.6111,0
1983-12-20,2.6111,2.6157,2.5556,2.5787,0
1983-12-21,2.5926,2.6157,2.5926,2.6111,0
1983-12-22,2.6111,2.6389,2.6019,2.6389,0
1983-12-23,2.6389,2.6389,2.6019,2.6065,0
1983-12-27,2.6019,2.6389,2.5972,2.6389,0
1983-12-28,2.6204,2.6389,2.6204,2.6204,0
1983-12-29,2.6296,2.6389,2.6157,2.6157,0
1983-12-30,2.6250,2.6250,2.5926,2.6111,0
1984-01-03,2.6019,2.6019,2.5648,2.5787,0
1984-01-04,2.5880,2.6250,2.5787,2.6250,0
1984-01-05,2.6574,2.6759,2.6435,2.6759,0
1984-01-06,2.6852,2.6898,2.6574,2.6759,0
1984-01-09,2.6111,2.6157,2.5741,2.5972,0
1984-01-10,2.6019,2.6250,2.5185,2.5417,0
1984-01-11,2.5463,2.5694,2.5370,2.5648,0
1984-01-12,2.5648,2.5694,2.5278,2.5324,0
1984-01-13,2.5463,2.5833,2.5046,2.5185,0
1984-01-16,2.5185,2.5324,2.5046,2.5185,0
1984-01-17,2.5370,2.5509,2.5278,2.5463,0
1984-01-18,2.5556,2.5556,2.5278,2.5509,0
1984-01-19,2.5602,2.5648,2.5509,2.5556,0
1984-01-20,2.5556,2.5602,2.5324,2.5463,0
1984-01-23,2.5556,2.5741,2.5278,2.5648,0
1984-01-24,2.5648,2.5926,2.5648,2.5833,0
1984-01-25,2.5926,2.5926,2.5602,2.5648,0
1984-01-26,2.5694,2.5694,2.5278,2.5278,0
1984-01-27,2.5278,2.5324,2.4815,2.5139,0
1984-01-30,2.5185,2.5185,2.4815,2.4954,0
1984-01-31,2.5046,2.5046,2.4861,2.4907,0
1984-02-01,2.4861,2.5000,2.4630,2.4769,0
1984-02-02,2.4722,2.5093,2.4630,2.5093,0
1984-02-03,2.5278,2.5370,2.4861,2.5000,0
1984-02-06,2.4907,2.4907,2.4259,2.4398,0
1984-02-07,2.4398,2.4491,2.4306,2.4491,0
1984-02-08,2.4583,2.4676,2.4306,2.4398,0
1984-02-09,2.4306,2.4491,2.3796,2.3889,0
1984-02-10,2.3889,2.4167,2.3657,2.3704,0
1984-02-13,2.3750,2.3750,2.3472,2.3519,0
1984-02-14,2.3796,2.4074,2.3796,2.3981,0
1984-02-15,2.4074,2.4491,2.4074,2.4120,0
1984-02-16,2.4167,2.4444,2.4120,2.4352,0
1984-02-17,2.4352,2.4815,2.4352,2.4444,0
1984-02-21,2.4352,2.4491,2.4074,2.4259,0
1984-02-22,2.4167,2.4167,2.3796,2.4074,0
1984-02-23,2.3796,2.3981,2.3426,2.3981,0
1984-02-24,2.4074,2.4213,2.3796,2.4167,0
1984-02-27,2.4120,2.4167,2.3889,2.3889,0
1984-02-28,2.3889,2.3889,2.3380,2.3611,0
1984-02-29,2.3657,2.3843,2.3426,2.3796,0
1984-03-01,2.3889,2.4120,2.3843,2.4120,0
1984-03-02,2.4398,2.4537,2.4213,2.4444,0
1984-03-05,2.4352,2.4491,2.4213,2.4491,0
1984-03-06,2.4444,2.4630,2.4306,2.4444,0
1984-03-07,2.4259,2.4306,2.4074,2.4259,0
1984-03-08,2.4259,2.4398,2.4167,2.4306,0
1984-03-09,2.4306,2.4306,2.3889,2.4074,0
1984-03-12,2.4074,2.4352,2.3981,2.4352,0
1984-03-13,2.4352,2.4815,2.4259,2.4444,0
1984-03-14,2.4398,2.4444,2.4306,2.4398,0
1984-03-15,2.4398,2.4537,2.4259,2.4352,0
1984-03-16,2.5000,2.5000,2.4630,2.4861,0
1984-03-19,2.4537,2.4815,2.4444,2.4676,0
1984-03-20,2.4722,2.4954,2.4676,2.4861,0
1984-03-21,2.4861,2.4861,2.4537,2.4722,0
1984-03-22,2.4722,2.4722,2.4306,2.4444,0
1984-03-23,2.4444,2.4676,2.4444,2.4676,0
1984-03-26,2.4583,2.5000,2.4583,2.4861,0
1984-03-27,2.4861,2.5000,2.4815,2.4954,0
1984-03-28,2.5000,2.5370,2.5000,2.5370,0
1984-03-29,2.5417,2.5463,2.5278,2.5278,0
1984-03-30,2.5324,2.5463,2.5185,2.5417,0
1984-04-02,2.5417,2.5556,2.5231,2.5278,0
1984-04-03,2.5278,2.5278,2.4815,2.5046,0
1984-04-04,2.5046,2.5046,2.4444,2.4444,0
1984-04-05,2.4306,2.4398,2.3611,2.3981,0
1984-04-06,2.4259,2.4259,2.3981,2.3981,0
1984-04-09,2.4352,2.4352,2.3750,2.4074,0
1984-04-10,2.4167,2.4352,2.4074,2.4259,0
1984-04-11,2.4213,2.4213,2.3750,2.3843,0
1984-04-12,2.3796,2.4167,2.3611,2.4028,0
1984-04-13,2.4213,2.4676,2.4120,2.4583,0
1984-04-16,2.4444,2.4815,2.4444,2.4815,0
1984-04-17,2.4676,2.4769,2.4491,2.4676,0
1984-04-18,2.4676,2.4676,2.4167,2.4398,0
1984-04-19,2.4167,2.4398,2.3889,2.4398,0
1984-04-23,2.4352,2.4444,2.3981,2.3981,0
1984-04-24,2.4028,2.4583,2.3843,2.4537,0
1984-04-25,2.4537,2.5046,2.4491,2.4907,0
1984-04-26,2.4861,2.5185,2.4861,2.5093,0
1984-04-27,2.5046,2.5278,2.5000,2.5046,0
1984-04-30,2.5000,2.5000,2.4769,2.4907,0
1984-05-01,2.5000,2.5139,2.4907,2.5000,0
1984-05-02,2.5000,2.5185,2.4907,2.5185,0
1984-05-03,2.5093,2.5231,2.4954,2.5185,0
1984-05-04,2.5278,2.5370,2.4722,2.4722,0
1984-05-07,2.4907,2.4907,2.4815,2.4861,0
1984-05-08,2.5000,2.5139,2.4815,2.5000,0
1984-05-09,2.4954,2.5093,2.4815,2.5093,0
1984-05-10,2.5000,2.5093,2.4954,2.5000,0
1984-05-11,2.4861,2.4907,2.4537,2.4722,0
1984-05-14,2.4630,2.4722,2.4352,2.4722,0
1984-05-15,2.4815,2.4861,2.4583,2.4676,0
1984-05-16,2.4769,2.4769,2.4444,2.4537,0
1984-05-17,2.4259,2.4352,2.4028,2.4074,0
1984-05-18,2.4028,2.4213,2.3750,2.3750,0
1984-05-21,2.3843,2.3935,2.3426,2.3472,0
1984-05-22,2.3565,2.3843,2.3426,2.3565,0
1984-05-23,2.3426,2.3611,2.3333,2.3472,0
1984-05-24,2.3148,2.3426,2.3148,2.3333,0
1984-05-25,2.3241,2.3426,2.3148,2.3148,0
1984-05-29,2.3333,2.3333,2.2685,2.2824,0
1984-05-30,2.2731,2.3241,2.2731,2.3148,0
1984-05-31,2.3009,2.3287,2.3009,2.3194,0
1984-06-01,2.3380,2.4028,2.3380,2.4028,0
1984-06-04,2.4074,2.4167,2.3843,2.4074,0
1984-06-05,2.3981,2.4444,2.3935,2.4352,0
1984-06-06,2.4722,2.4815,2.4537,2.4676,0
1984-06-07,2.4676,2.4722,2.4444,2.4444,0
1984-06-08,2.4583,2.5000,2.4491,2.4722,0
1984-06-11,2.4537,2.4630,2.4444,2.4491,0
1984-06-12,2.4491,2.4491,2.4167,2.4306,0
1984-06-13,2.4306,2.4491,2.4259,2.4398,0
1984-06-14,2.4444,2.4583,2.4352,2.4583,0
1984-06-15,2.4815,2.4907,2.4630,2.4861,0
1984-06-18,2.4907,2.5556,2.4769,2.5556,0
1984-06-19,2.5648,2.5694,2.5370,2.5602,0
1984-06-20,2.5417,2.5741,2.5093,2.5741,0
1984-06-21,2.5694,2.5833,2.5509,2.5602,0
1984-06-22,2.5694,2.5926,2.5648,2.5787,0
1984-06-25,2.5880,2.6296,2.5880,2.5972,0
1984-06-26,2.5880,2.5926,2.5231,2.5231,0
1984-06-27,2.5370,2.5417,2.4815,2.4907,0
1984-06-28,2.4954,2.5556,2.4907,2.5509,0
1984-06-29,2.5509,2.5694,2.5417,2.5417,0
1984-07-02,2.5370,2.5463,2.5370,2.5417,0
1984-07-03,2.5417,2.5417,2.5278,2.5417,0
1984-07-05,2.5417,2.5509,2.5185,2.5231,0
1984-07-06,2.5093,2.5278,2.4954,2.5278,0
1984-07-09,2.5463,2.5833,2.5370,2.5741,0
1984-07-10,2.5787,2.5880,2.5370,2.5463,0
1984-07-11,2.5556,2.5694,2.5324,2.5324,0
1984-07-12,2.5417,2.5556,2.5278,2.5509,0
1984-07-13,2.5556,2.5926,2.5556,2.5787,0
1984-07-16,2.5833,2.6204,2.5741,2.6204,0
1984-07-17,2.6019,2.6157,2.5833,2.5972,0
1984-07-18,2.5972,2.6065,2.5741,2.5741,0
1984-07-19,2.5833,2.6065,2.5648,2.5787,0
1984-07-20,2.5833,2.5926,2.5833,2.5880,0
1984-07-23,2.5787,2.6019,2.5648,2.5787,0
1984-07-24,2.5741,2.5880,2.5509,2.5509,0
1984-07-25,2.5417,2.5741,2.5093,2.5648,0
1984-07-26,2.5741,2.6111,2.5741,2.6019,0
1984-07-27,2.5926,2.7037,2.5926,2.6759,0
1984-07-30,2.6574,2.6759,2.6296,2.6389,0
1984-07-31,2.6574,2.6667,2.6435,2.6620,0
1984-08-01,2.6667,2.6944,2.6620,2.6713,0
1984-08-02,2.6944,2.7037,2.6806,2.6944,0
1984-08-03,2.7176,2.7963,2.6944,2.7870,0
1984-08-06,2.8333,2.8981,2.8148,2.8519,0
1984-08-07,2.8380,2.9074,2.8241,2.8889,0
1984-08-08,2.8843,2.9259,2.8380,2.8796,0
1984-08-09,2.8611,2.9537,2.8472,2.9074,0
1984-08-10,2.9537,2.9537,2.8981,2.9167,0
1984-08-13,2.8981,2.9722,2.8935,2.9630,0
1984-08-14,2.9722,2.9907,2.9074,2.9167,0
1984-08-15,2.9352,2.9398,2.9167,2.9167,0
1984-08-16,2.8981,2.9630,2.8981,2.9444,0
1984-08-17,2.9444,2.9630,2.9398,2.9583,0
1984-08-20,2.9676,2.9815,2.9444,2.9537,0
1984-08-21,2.9444,2.9815,2.9444,2.9537,0
1984-08-22,2.9630,2.9676,2.9074,2.9259,0
1984-08-23,2.9259,2.9259,2.8843,2.8889,0
1984-08-24,2.8981,2.9074,2.8889,2.8981,0
1984-08-27,2.8889,2.8935,2.8657,2.8889,0
1984-08-28,2.8843,2.8843,2.8565,2.8657,0
1984-08-29,2.8657,2.8704,2.8472,2.8657,0
1984-08-30,2.8657,2.8657,2.7963,2.8194,0
1984-08-31,2.8194,2.8287,2.8102,2.8194,0
1984-09-04,2.8056,2.8241,2.7963,2.8241,0
1984-09-05,2.8333,2.8565,2.8287,2.8519,0
1984-09-06,2.8519,2.8611,2.8287,2.8287,0
1984-09-07,2.8472,2.8472,2.7778,2.7963,0
1984-09-10,2.7824,2.7963,2.7731,2.7870,0
1984-09-11,2.7870,2.8009,2.7778,2.7778,0
1984-09-12,2.7824,2.7870,2.7778,2.7824,0
1984-09-13,2.7870,2.8333,2.7824,2.8333,0
1984-09-14,2.8519,2.8611,2.8380,2.8565,0
1984-09-17,2.8519,2.8704,2.8426,2.8565,0
1984-09-18,2.8611,2.8611,2.8241,2.8333,0
1984-09-19,2.8287,2.8889,2.8241,2.8611,0
1984-09-20,2.8056,2.8148,2.7731,2.8056,0
1984-09-21,2.8056,2.8380,2.7963,2.8056,0
1984-09-24,2.8009,2.8056,2.7407,2.7593,0
1984-09-25,2.7292,2.7500,2.6944,2.7431,0
1984-09-26,2.7639,2.7708,2.7569,2.7639,0
1984-09-27,2.7708,2.7778,2.7569,2.7639,0
1984-09-28,2.7500,2.7986,2.7500,2.7986,0
1984-10-01,2.7917,2.7917,2.7292,2.7431,0
1984-10-02,2.7500,2.7569,2.7222,2.7222,0
1984-10-03,2.7222,2.7431,2.7153,2.7292,0
1984-10-04,2.7361,2.7847,2.7292,2.7708,0
1984-10-05,2.7986,2.7986,2.7569,2.7569,0
1984-10-08,2.7708,2.7708,2.7569,2.7639,0
1984-10-09,2.7639,2.7778,2.7500,2.7569,0
1984-10-10,2.7569,2.7639,2.7431,2.7639,0
1984-10-11,2.7639,2.8056,2.7639,2.7986,0
1984-10-12,2.8056,2.8750,2.7986,2.8750,0
1984-10-15,2.8750,2.9653,2.8750,2.9583,0
1984-10-16,2.9514,2.9722,2.9444,2.9653,0
1984-10-17,2.9653,2.9861,2.9514,2.9861,0
1984-10-18,2.9861,3.0278,2.9722,3.0208,0
1984-10-19,3.0972,3.1042,3.0278,3.0556,0
1984-10-22,3.0694,3.0694,3.0347,3.0556,0
1984-10-23,3.0278,3.0278,2.9236,2.9444,0
1984-10-24,2.9583,3.0069,2.9583,3.0069,0
1984-10-25,3.0069,3.0278,2.9792,3.0000,0
1984-10-26,2.9861,2.9861,2.9444,2.9514,0
1984-10-29,2.9514,2.9653,2.8958,2.8958,0
1984-10-30,2.9097,2.9375,2.9028,2.9167,0
1984-10-31,2.9167,2.9444,2.9028,2.9167,0
1984-11-01,2.9167,2.9583,2.9028,2.9375,0
1984-11-02,2.9375,2.9792,2.9375,2.9444,0
1984-11-05,2.9236,2.9375,2.8611,2.9375,0
1984-11-06,2.9375,2.9792,2.9167,2.9792,0
1984-11-07,2.9792,2.9931,2.9444,2.9653,0
1984-11-08,2.9167,2.9444,2.9167,2.9306,0
1984-11-09,2.9722,2.9861,2.8958,2.8958,0
1984-11-12,2.8958,2.9306,2.8889,2.9306,0
1984-11-13,2.9236,2.9236,2.8958,2.8958,0
1984-11-14,2.8958,2.9028,2.8819,2.8819,0
1984-11-15,2.8681,2.8889,2.8681,2.8750,0
1984-11-16,2.8681,2.8958,2.8264,2.8333,0
1984-11-19,2.8403,2.8472,2.7986,2.8125,0
1984-11-20,2.8056,2.8333,2.7986,2.8194,0
1984-11-21,2.8194,2.8472,2.7986,2.8472,0
1984-11-23,2.8750,2.9653,2.8750,2.9653,0
1984-11-26,2.9514,2.9583,2.9236,2.9236,0
1984-11-27,2.9444,2.9722,2.9306,2.9583,0
1984-11-28,2.9583,2.9653,2.9306,2.9306,0
1984-11-29,2.9375,2.9375,2.8958,2.9236,0
1984-11-30,2.9097,2.9167,2.8333,2.8611,0
1984-12-03,2.8611,2.8681,2.8194,2.8333,0
1984-12-04,2.8333,2.8472,2.8056,2.8264,0
1984-12-05,2.8264,2.8264,2.7778,2.7986,0
1984-12-06,2.7986,2.8264,2.7847,2.8194,0
1984-12-07,2.8056,2.8472,2.8056,2.8194,0
1984-12-10,2.8194,2.8333,2.7986,2.8194,0
1984-12-11,2.8194,2.8472,2.8125,2.8472,0
1984-12-12,2.8611,2.9167,2.8542,2.9167,0
1984-12-13,2.9167,2.9167,2.8750,2.8889,0
1984-12-14,2.8472,2.9097,2.8472,2.9028,0
1984-12-17,2.9028,2.9028,2.8750,2.8958,0
1984-12-18,2.9097,3.0208,2.9097,3.0139,0
1984-12-19,3.0000,3.0069,2.9653,2.9653,0
1984-12-20,2.9931,2.9931,2.9375,2.9444,0
1984-12-21,2.9375,2.9583,2.9028,2.9583,0
1984-12-24,2.9653,2.9861,2.9653,2.9861,0
1984-12-26,2.9722,2.9861,2.9583,2.9653,0
1984-12-27,2.9653,2.9792,2.9514,2.9653,0
1984-12-28,2.9792,2.9931,2.9583,2.9583,0
1984-12-31,2.9583,2.9722,2.8681,2.8681,0
1985-01-02,2.8819,2.8819,2.8403,2.8403,0
1985-01-03,2.8542,2.8958,2.8472,2.8750,0
1985-01-04,2.8889,2.8889,2.8472,2.8889,0
1985-01-07,2.8750,2.9306,2.8750,2.9236,0
1985-01-08,2.9097,2.9583,2.9097,2.9444,0
1985-01-09,2.9306,3.0278,2.9306,3.0069,0
1985-01-10,3.0000,3.0139,2.9653,3.0000,0
1985-01-11,3.0278,3.0417,3.0139,3.0347,0
1985-01-14,3.0278,3.0972,3.0278,3.0833,0
1985-01-15,3.0972,3.1319,3.0833,3.0833,0
1985-01-16,3.1042,3.1111,3.0694,3.0972,0
1985-01-17,3.0833,3.0972,3.0417,3.0417,0
1985-01-18,3.0486,3.1042,3.0347,3.0694,0
1985-01-21,3.0556,3.1319,3.0556,3.1250,0
1985-01-22,3.1250,3.1528,3.1111,3.1181,0
1985-01-23,3.1181,3.1944,3.1181,3.1944,0
1985-01-24,3.1806,3.2361,3.1736,3.2153,0
1985-01-25,3.2153,3.2500,3.2083,3.2292,0
1985-01-28,3.2361,3.2847,3.2292,3.2569,0
1985-01-29,3.2500,3.2917,3.2500,3.2847,0
1985-01-30,3.2917,3.2917,3.2431,3.2431,0
1985-01-31,3.1806,3.2083,3.1250,3.1736,0
1985-02-01,3.1736,3.1944,3.1389,3.1944,0
1985-02-04,3.1875,3.3194,3.1875,3.3056,0
1985-02-05,3.3264,3.3681,3.3194,3.3333,0
1985-02-06,3.2986,3.3472,3.2847,3.2847,0
1985-02-07,3.3056,3.3611,3.3056,3.3333,0
1985-02-08,3.3403,3.4097,3.3333,3.3889,0
1985-02-11,3.3750,3.3889,3.3542,3.3611,0
1985-02-12,3.3472,3.3542,3.3125,3.3194,0
1985-02-13,3.3333,3.4167,3.3194,3.3819,0
1985-02-14,3.4028,3.4306,3.3889,3.4028,0
1985-02-15,3.4028,3.4167,3.3403,3.3403,0
1985-02-19,3.2917,3.3056,3.2639,3.2917,0
1985-02-20,3.2847,3.3333,3.2778,3.3056,0
1985-02-21,3.2847,3.3194,3.2847,3.2986,0
1985-02-22,3.3056,3.3194,3.2986,3.3056,0
1985-02-25,3.2986,3.3403,3.2917,3.3264,0
1985-02-26,3.3125,3.3542,3.3125,3.3472,0
1985-02-27,3.3403,3.3542,3.2986,3.3125,0
1985-02-28,3.3194,3.3472,3.3194,3.3472,0
1985-03-01,3.3542,3.4653,3.3472,3.4375,0
1985-03-04,3.4583,3.4583,3.3681,3.3819,0
1985-03-05,3.3889,3.4444,3.3681,3.4236,0
1985-03-06,3.4097,3.4236,3.3611,3.3750,0
1985-03-07,3.3333,3.3333,3.2500,3.2569,0
1985-03-08,3.2708,3.2917,3.2500,3.2778,0
1985-03-11,3.2708,3.2708,3.2431,3.2639,0
1985-03-12,3.2639,3.2986,3.2639,3.2778,0
1985-03-13,3.2778,3.2847,3.2431,3.2500,0
1985-03-14,3.2639,3.3056,3.2569,3.2847,0
1985-03-15,3.2708,3.3264,3.2708,3.3194,0
1985-03-18,3.3056,3.3264,3.2639,3.2847,0
1985-03-19,3.2847,3.3333,3.2778,3.3333,0
1985-03-20,3.3264,3.3472,3.2778,3.3194,0
1985-03-21,3.3056,3.3333,3.2778,3.3125,0
1985-03-22,3.3056,3.3194,3.2500,3.2639,0
1985-03-25,3.2778,3.2986,3.2778,3.2917,0
1985-03-26,3.2847,3.3056,3.2639,3.2917,0
1985-03-27,3.2847,3.3403,3.2778,3.3333,0
1985-03-28,3.3403,3.3472,3.3194,3.3194,0
1985-03-29,3.3125,3.3264,3.2917,3.2917,0
1985-04-01,3.3056,3.3194,3.2917,3.3125,0
1985-04-02,3.3194,3.3264,3.2639,3.2778,0
1985-04-03,3.2847,3.2917,3.2361,3.2361,0
1985-04-04,3.2431,3.2500,3.2222,3.2431,0
1985-04-08,3.2917,3.2986,3.2708,3.2847,0
1985-04-09,3.2639,3.2917,3.2639,3.2847,0
1985-04-10,3.2986,3.3542,3.2986,3.3472,0
1985-04-11,3.3750,3.3819,3.3194,3.3264,0
1985-04-12,3.3264,3.3403,3.3194,3.3264,0
1985-04-15,3.3403,3.3472,3.3264,3.3333,0
1985-04-16,3.3333,3.3333,3.2917,3.3264,0
1985-04-17,3.3333,3.3472,3.3264,3.3472,0
1985-04-18,3.3750,3.4028,3.3542,3.3889,0
1985-04-19,3.3958,3.4028,3.3750,3.3819,0
1985-04-22,3.4028,3.4028,3.3611,3.3819,0
1985-04-23,3.3819,3.4028,3.3681,3.3958,0
1985-04-24,3.4097,3.4375,3.4028,3.4236,0
1985-04-25,3.4167,3.5208,3.4167,3.5139,0
1985-04-26,3.5000,3.5069,3.4722,3.4722,0
1985-04-29,3.4653,3.4792,3.4306,3.4444,0
1985-04-30,3.4306,3.4444,3.3750,3.3750,0
1985-05-01,3.3472,3.3611,3.2986,3.2986,0
1985-05-02,3.2917,3.3333,3.2917,3.3125,0
1985-05-03,3.3125,3.3611,3.3125,3.3403,0
1985-05-06,3.3403,3.3750,3.3264,3.3611,0
1985-05-07,3.3472,3.4167,3.3472,3.3889,0
1985-05-08,3.3819,3.3889,3.3542,3.3750,0
1985-05-09,3.3681,3.4444,3.3611,3.4375,0
1985-05-10,3.4583,3.5000,3.4375,3.4792,0
1985-05-13,3.4861,3.5208,3.4792,3.5139,0
1985-05-14,3.5556,3.5694,3.5347,3.5486,0
1985-05-15,3.5486,3.5625,3.5347,3.5347,0
1985-05-16,3.5486,3.5625,3.5347,3.5486,0
1985-05-17,3.5625,3.5764,3.5417,3.5556,0
1985-05-20,3.5764,3.5972,3.5764,3.5833,0
1985-05-21,3.5833,3.5903,3.5694,3.5833,0
1985-05-22,3.5903,3.6250,3.5833,3.6250,0
1985-05-23,3.6597,3.6944,3.6250,3.6667,0
1985-05-24,3.6667,3.7431,3.6667,3.7222,0
1985-05-28,3.7222,3.7361,3.6806,3.7014,0
1985-05-29,3.7083,3.7222,3.6944,3.7153,0
1985-05-30,3.7153,3.7153,3.6944,3.7083,0
1985-05-31,3.7083,3.7361,3.7083,3.7083,0
1985-06-03,3.6944,3.7292,3.6875,3.7292,0
1985-06-04,3.7083,3.8333,3.7083,3.8125,0
1985-06-05,3.8264,3.8472,3.8125,3.8194,0
1985-06-06,3.8333,3.8750,3.8194,3.8681,0
1985-06-07,3.8611,3.8750,3.8194,3.8333,0
1985-06-10,3.8333,3.8333,3.8194,3.8264,0
1985-06-11,3.8264,3.8264,3.7917,3.7917,0
1985-06-12,3.7500,3.7778,3.7292,3.7292,0
1985-06-13,3.7222,3.7500,3.6736,3.6736,0
1985-06-14,3.7083,3.7153,3.6389,3.7153,0
1985-06-17,3.7292,3.7639,3.7153,3.7431,0
1985-06-18,3.7500,3.8472,3.7500,3.8472,0
1985-06-19,3.8472,3.8750,3.8125,3.8194,0
1985-06-20,3.8056,3.8472,3.7500,3.7847,0
1985-06-21,3.7778,3.7778,3.7361,3.7431,0
1985-06-24,3.7292,3.7431,3.7153,3.7153,0
1985-06-25,3.7292,3.7500,3.7083,3.7153,0
1985-06-26,3.7153,3.7639,3.7153,3.7431,0
1985-06-27,3.7500,3.7778,3.7500,3.7569,0
1985-06-28,3.7917,3.8333,3.7708,3.8056,0
1985-07-01,3.7986,3.8542,3.7778,3.8542,0
1985-07-02,3.8542,3.8889,3.8333,3.8819,0
1985-07-03,3.8819,3.8889,3.8472,3.8611,0
1985-07-05,3.8750,3.8819,3.8542,3.8681,0
1985-07-08,3.8611,3.8681,3.8264,3.8333,0
1985-07-09,3.8264,3.8264,3.7778,3.7986,0
1985-07-10,3.7847,3.7986,3.7361,3.7639,0
1985-07-11,3.7778,3.7917,3.7569,3.7569,0
1985-07-12,3.7569,3.7639,3.7292,3.7431,0
1985-07-15,3.7500,3.7778,3.7361,3.7639,0
1985-07-16,3.7778,3.7847,3.7431,3.7639,0
1985-07-17,3.7778,3.7917,3.7639,3.7917,0
1985-07-18,3.7917,3.7986,3.7778,3.7778,0
1985-07-19,3.7778,3.8194,3.7778,3.8125,0
1985-07-22,3.8056,3.8125,3.7986,3.8125,0
1985-07-23,3.7500,3.8194,3.7431,3.7500,0
1985-07-24,3.7569,3.7569,3.6736,3.7083,0
1985-07-25,3.6944,3.6944,3.6111,3.6389,0
1985-07-26,3.6458,3.6597,3.6042,3.6597,0
1985-07-29,3.6597,3.6667,3.5556,3.5556,0
1985-07-30,3.5764,3.6111,3.5556,3.5972,0
1985-07-31,3.6250,3.6597,3.6250,3.6528,0
1985-08-01,3.6528,3.6667,3.6458,3.6667,0
1985-08-02,3.6597,3.6944,3.6528,3.6736,0
1985-08-05,3.6875,3.6875,3.6597,3.6667,0
1985-08-06,3.6736,3.6736,3.5972,3.6111,0
1985-08-07,3.5833,3.6250,3.5833,3.6111,0
1985-08-08,3.6319,3.6319,3.6111,3.6319,0
1985-08-09,3.6181,3.6458,3.6181,3.6250,0
1985-08-12,3.6389,3.6458,3.6111,3.6181,0
1985-08-13,3.6181,3.6389,3.5972,3.6111,0
1985-08-14,3.6042,3.6111,3.5833,3.5833,0
1985-08-15,3.6042,3.6042,3.5833,3.5833,0
1985-08-16,3.5833,3.5972,3.5764,3.5764,0
1985-08-19,3.5833,3.6319,3.5833,3.6042,0
1985-08-20,3.6042,3.6042,3.5903,3.5972,0
1985-08-21,3.5833,3.6111,3.5833,3.6111,0
1985-08-22,3.6111,3.6111,3.5556,3.5694,0
1985-08-23,3.5764,3.5833,3.5556,3.5625,0
1985-08-26,3.5625,3.5833,3.5556,3.5764,0
1985-08-27,3.5833,3.6042,3.5833,3.6042,0
1985-08-28,3.6042,3.6111,3.5903,3.6111,0
1985-08-29,3.6181,3.6250,3.6042,3.6111,0
1985-08-30,3.6250,3.6250,3.5903,3.5903,0
1985-09-03,3.6042,3.6250,3.5972,3.6111,0
1985-09-04,3.6111,3.6111,3.5833,3.5972,0
1985-09-05,3.6181,3.6250,3.6111,3.6181,0
1985-09-06,3.6319,3.6458,3.6181,3.6458,0
1985-09-09,3.6528,3.7292,3.6458,3.7222,0
1985-09-10,3.8333,3.8333,3.6597,3.6667,0
1985-09-11,3.6528,3.6944,3.6319,3.6667,0
1985-09-12,3.6667,3.6806,3.6319,3.6389,0
1985-09-13,3.6389,3.6389,3.5764,3.6111,0
1985-09-16,3.6250,3.6528,3.6042,3.6181,0
1985-09-17,3.6250,3.6458,3.5833,3.6042,0
1985-09-18,3.5764,3.5972,3.5417,3.5972,0
1985-09-19,3.5903,3.6111,3.5694,3.5972,0
1985-09-20,3.5972,3.6111,3.5069,3.5069,0
1985-09-23,3.5347,3.5694,3.5347,3.5417,0
1985-09-24,3.5417,3.5417,3.4583,3.4861,0
1985-09-25,3.5208,3.5278,3.4792,3.5000,0
1985-09-26,3.4861,3.5764,3.4861,3.5764,0
1985-09-30,3.5833,3.6111,3.5694,3.6042,0
1985-10-01,3.5972,3.6319,3.5764,3.6319,0
1985-10-02,3.6389,3.6458,3.6250,3.6250,0
1985-10-03,3.6319,3.6389,3.6181,3.6250,0
1985-10-04,3.6250,3.6319,3.5903,3.5972,0
1985-10-07,3.6042,3.6042,3.5625,3.6042,0
1985-10-08,3.5972,3.6111,3.5903,3.5903,0
1985-10-09,3.5764,3.6042,3.5764,3.5833,0
1985-10-10,3.5972,3.6111,3.5833,3.6111,0
1985-10-11,3.5972,3.6597,3.5972,3.6458,0
1985-10-14,3.6458,3.6736,3.6389,3.6736,0
1985-10-15,3.7083,3.7083,3.6250,3.6389,0
1985-10-16,3.6458,3.6597,3.6181,3.6458,0
1985-10-17,3.6597,3.6667,3.6319,3.6319,0
1985-10-18,3.6458,3.6458,3.5278,3.5486,0
1985-10-21,3.5347,3.5694,3.5069,3.5069,0
1985-10-22,3.5556,3.5625,3.5139,3.5556,0
1985-10-23,3.6111,3.6319,3.5972,3.6319,0
1985-10-24,3.6250,3.6667,3.6250,3.6458,0
1985-10-25,3.6389,3.6389,3.6042,3.6111,0
1985-10-28,3.6111,3.6319,3.5972,3.6042,0
1985-10-29,3.6042,3.7083,3.5972,3.7014,0
1985-10-30,3.7014,3.7431,3.6944,3.7153,0
1985-10-31,3.7153,3.7361,3.6944,3.7083,0
1985-11-01,3.7153,3.8333,3.7153,3.8333,0
1985-11-04,3.8333,3.8472,3.8056,3.8264,0
1985-11-05,3.8194,3.8819,3.8056,3.8819,0
1985-11-06,3.8889,3.9375,3.8819,3.9375,0
1985-11-07,3.9375,4.0000,3.9236,3.9375,0
1985-11-08,3.9167,3.9236,3.8819,3.9097,0
1985-11-11,3.9028,3.9444,3.8958,3.9375,0
1985-11-12,3.9236,4.0208,3.9167,4.0000,0
1985-11-13,4.0069,4.0417,3.9861,4.0139,0
1985-11-14,4.0208,4.0417,4.0000,4.0347,0
1985-11-15,4.0278,4.0764,4.0069,4.0556,0
1985-11-18,4.0556,4.0625,3.9931,4.0278,0
1985-11-19,4.0556,4.0833,4.0278,4.0694,0
1985-11-20,4.1111,4.1250,4.0972,4.1250,0
1985-11-21,4.1667,4.1736,4.1389,4.1667,0
1985-11-22,4.1667,4.1667,4.0833,4.0833,0
1985-11-25,4.0972,4.1042,4.0625,4.0764,0
1985-11-26,4.0833,4.1250,4.0694,4.1042,0
1985-11-27,4.1319,4.1458,4.1181,4.1389,0
1985-11-29,4.1458,4.1667,4.1181,4.1528,0
1985-12-02,4.1528,4.1528,4.0972,4.1042,0
1985-12-03,4.0972,4.1111,4.0833,4.1111,0
1985-12-04,4.1528,4.2153,4.1458,4.2014,0
1985-12-05,4.2222,4.2361,4.1944,4.2222,0
1985-12-06,4.2222,4.2222,4.1736,4.1875,0
1985-12-09,4.1736,4.2292,4.1736,4.2222,0
1985-12-10,4.2222,4.2708,4.2083,4.2569,0
1985-12-11,4.2639,4.3264,4.2569,4.2917,0
1985-12-12,4.3056,4.3125,4.2361,4.2708,0
1985-12-13,4.2778,4.3889,4.2778,4.3542,0
1985-12-16,4.3542,4.5208,4.3333,4.4653,0
1985-12-17,4.4931,4.5000,4.4167,4.4306,0
1985-12-18,4.4236,4.4861,4.4167,4.4444,0
1985-12-19,4.4306,4.4444,4.3333,4.3333,0
1985-12-20,4.3611,4.4167,4.3472,4.4167,0
1985-12-23,4.4028,4.4097,4.3542,4.3889,0
1985-12-24,4.3889,4.3958,4.3333,4.3611,0
1985-12-26,4.3750,4.3819,4.3125,4.3194,0
1985-12-27,4.3333,4.4028,4.3264,4.3958,0
1985-12-30,4.4167,4.4444,4.3889,4.4375,0
1985-12-31,4.4861,4.5417,4.4792,4.4931,0
1986-01-02,4.4792,4.4792,4.4028,4.4028,0
1986-01-03,4.4097,4.4236,4.3333,4.3542,0
1986-01-06,4.3542,4.3542,4.2847,4.3264,0
1986-01-07,4.3333,4.3889,4.3333,4.3681,0
1986-01-08,4.3819,4.4028,4.1944,4.2222,0
1986-01-09,4.2292,4.2778,4.1528,4.1944,0
1986-01-10,4.2083,4.2153,4.0903,4.1181,0
1986-01-13,4.1319,4.1319,4.0903,4.1042,0
1986-01-14,4.1181,4.1181,4.0764,4.0972,0
1986-01-15,4.1250,4.1944,4.1181,4.1806,0
1986-01-16,4.2222,4.2361,4.1944,4.2222,0
1986-01-17,4.2500,4.3056,4.2292,4.2569,0
1986-01-20,4.2431,4.2569,4.2014,4.2014,0
1986-01-21,4.2222,4.2222,4.1250,4.1389,0
1986-01-22,4.0625,4.1597,4.0625,4.0625,0
1986-01-23,4.0556,4.0972,4.0556,4.0764,0
1986-01-24,4.1042,4.1597,4.0694,4.1528,0
1986-01-27,4.1875,4.2431,4.0903,4.2083,0
1986-01-28,4.2014,4.3194,4.1944,4.3194,0
1986-01-29,4.3889,4.4444,4.3194,4.3889,0
1986-01-30,4.3819,4.4167,4.3403,4.3403,0
1986-01-31,4.3542,4.4653,4.3403,4.4375,0
1986-02-03,4.4306,4.5278,4.4306,4.5139,0
1986-02-04,4.4931,4.5417,4.4722,4.5000,0
1986-02-05,4.5139,4.5139,4.4653,4.4931,0
1986-02-06,4.5278,4.5833,4.5208,4.5417,0
1986-02-07,4.5417,4.5833,4.5069,4.5556,0
1986-02-10,4.5139,4.5694,4.5139,4.5208,0
1986-02-11,4.5069,4.5486,4.5069,4.5278,0
1986-02-12,4.5417,4.5764,4.5347,4.5486,0
1986-02-13,4.5625,4.5694,4.4722,4.5139,0
1986-02-14,4.5208,4.5278,4.4861,4.5208,0
1986-02-18,4.5278,4.6944,4.4931,4.6736,0
1986-02-19,4.6736,4.8750,4.6736,4.7222,0
1986-02-20,4.7361,4.7431,4.6806,4.7083,0
1986-02-21,4.7500,4.8403,4.7431,4.8125,0
1986-02-24,4.8125,4.8611,4.7847,4.8403,0
1986-02-25,4.8611,4.8750,4.8056,4.8056,0
1986-02-26,4.8056,4.9028,4.7917,4.8819,0
1986-02-27,4.8958,4.9444,4.8611,4.9097,0
1986-02-28,4.9236,4.9653,4.8681,4.9653,0
1986-03-03,4.9583,4.9653,4.9028,4.9097,0
1986-03-04,4.9236,5.0000,4.8889,4.9306,0
1986-03-05,4.9167,4.9583,4.9028,4.9444,0
1986-03-06,5.0278,5.0486,4.9861,5.0278,0
1986-03-07,5.0278,5.0556,5.0000,5.0417,0
1986-03-10,5.0347,5.0417,4.9722,5.0278,0
1986-03-11,5.0556,5.1389,5.0417,5.1250,0
1986-03-12,5.2083,5.2500,5.1250,5.1389,0
1986-03-13,5.0417,5.1389,5.0417,5.1250,0
1986-03-14,5.1319,5.1806,5.1181,5.1597,0
1986-03-17,5.1389,5.1597,5.1111,5.1458,0
1986-03-18,5.1528,5.2986,5.1389,5.2986,0
1986-03-19,5.3056,5.4167,5.2986,5.4167,0
1986-03-20,5.4167,5.4653,5.3889,5.4167,0
1986-03-21,5.4306,5.4306,5.2222,5.2361,0
1986-03-24,5.3333,5.3542,5.2361,5.3056,0
1986-03-25,5.3194,5.3333,5.2569,5.3333,0
1986-03-26,5.3611,5.3889,5.3333,5.3681,0
1986-03-27,5.3750,5.4028,5.3194,5.3403,0
1986-03-31,5.3472,5.3750,5.3125,5.3542,0
1986-04-01,5.3611,5.4028,5.3542,5.3889,0
1986-04-02,5.4167,5.4861,5.3889,5.4028,0
1986-04-03,5.3889,5.4097,5.2361,5.2500,0
1986-04-04,5.2500,5.2778,5.0972,5.1250,0
1986-04-07,5.1181,5.1389,5.0764,5.1319,0
1986-04-08,5.1667,5.3056,5.1528,5.2778,0
1986-04-09,5.3611,5.5278,5.3472,5.4444,0
1986-04-10,5.4583,5.5556,5.4236,5.5139,0
1986-04-11,5.5417,5.6250,5.5000,5.5556,0
1986-04-14,5.5486,5.5486,5.5139,5.5139,0
1986-04-15,5.4722,5.5069,5.4514,5.5000,0
1986-04-16,5.5417,5.8472,5.5347,5.8194,0
1986-04-17,5.7778,5.8056,5.7500,5.7778,0
1986-04-18,5.7847,5.7847,5.6111,5.6944,0
1986-04-21,5.6944,5.8750,5.6736,5.8611,0
1986-04-22,5.8611,5.9722,5.6389,5.7917,0
1986-04-23,5.7917,5.8611,5.6944,5.7847,0
1986-04-24,5.7639,5.8056,5.7222,5.7431,0
1986-04-25,5.7431,5.7639,5.6597,5.7014,0
1986-04-28,5.7222,5.7361,5.6736,5.7222,0
1986-04-29,5.7153,5.7708,5.6875,5.6944,0
1986-04-30,5.6806,5.7083,5.5000,5.5278,0
1986-05-01,5.5139,5.5972,5.4444,5.5278,0
1986-05-02,5.5139,5.5694,5.4444,5.4792,0
1986-05-05,5.5000,5.5556,5.4722,5.5208,0
1986-05-06,5.5417,5.5417,5.4583,5.4792,0
1986-05-07,5.4792,5.5278,5.3125,5.4861,0
1986-05-08,5.5139,5.5208,5.4583,5.4653,0
1986-05-09,5.4722,5.5278,5.4444,5.5000,0
1986-05-12,5.4861,5.5556,5.4792,5.5417,0
1986-05-13,5.5417,5.6528,5.5347,5.5972,0
1986-05-14,5.6667,5.8889,5.6389,5.8333,0
1986-05-15,5.8472,5.8750,5.7361,5.7431,0
1986-05-16,5.6944,5.7083,5.6250,5.6389,0
1986-05-19,5.6667,5.6806,5.5694,5.6319,0
1986-05-20,5.6042,5.7083,5.5625,5.7083,0
1986-05-21,5.6944,5.7917,5.5833,5.5972,0
1986-05-22,5.6250,5.8194,5.6250,5.8056,0
1986-05-23,5.9444,6.0278,5.8333,5.8542,0
1986-05-27,5.8889,5.9444,5.8611,5.9375,0
1986-05-28,5.9861,5.9931,5.8889,5.9167,0
1986-05-29,5.8611,5.8750,5.7153,5.7639,0
1986-05-30,5.7292,5.8056,5.6597,5.7014,0
1986-06-02,5.7014,5.7014,5.5694,5.6528,0
1986-06-03,5.6528,5.6667,5.5903,5.6528,0
1986-06-04,5.6944,5.6944,5.5833,5.6042,0
1986-06-05,5.5833,5.6250,5.5278,5.5972,0
1986-06-06,5.6250,5.6944,5.5833,5.6944,0
1986-06-09,5.7083,5.7083,5.5694,5.6111,0
1986-06-10,5.5972,5.6250,5.4722,5.5903,0
1986-06-11,5.6111,5.6111,5.5069,5.5417,0
1986-06-12,5.5556,5.5625,5.5000,5.5347,0
1986-06-13,5.5556,5.6806,5.5556,5.6528,0
1986-06-16,5.6597,5.6806,5.6111,5.6250,0
1986-06-17,5.6667,5.7778,5.6458,5.7708,0
1986-06-18,5.7778,5.7917,5.6250,5.7153,0
1986-06-19,5.7639,5.7639,5.6528,5.6528,0
1986-06-20,5.7500,5.7500,5.6389,5.6944,0
1986-06-23,5.7014,5.7500,5.6736,5.7292,0
1986-06-24,5.7708,5.7708,5.7083,5.7500,0
1986-06-25,5.7708,5.8750,5.7639,5.8681,0
1986-06-26,5.9062,5.9062,5.8229,5.9062,0
1986-06-27,5.9896,6.0000,5.8646,5.9375,0
1986-06-30,5.9375,6.1250,5.9271,6.0938,0
1986-07-01,6.0833,6.3229,6.0833,6.3229,0
1986-07-02,6.3229,6.3229,6.2083,6.3021,0
1986-07-03,6.3333,6.3958,6.2500,6.2917,0
1986-07-07,6.2917,6.2917,5.9479,5.9583,0
1986-07-08,5.9375,5.9479,5.8333,5.8854,0
1986-07-09,5.9375,5.9688,5.8958,5.9271,0
1986-07-10,5.9896,5.9896,5.8542,5.9375,0
1986-07-11,5.9479,5.9792,5.8646,5.9062,0
1986-07-14,5.8542,5.8542,5.6458,5.7083,0
1986-07-15,5.7292,5.8229,5.6667,5.7708,0
1986-07-16,5.8125,6.0000,5.8125,5.9583,0
1986-07-17,5.9375,5.9792,5.8542,5.9062,0
1986-07-18,5.9062,6.0625,5.7500,5.9479,0
1986-07-21,5.8333,5.9271,5.8229,5.8646,0
1986-07-22,5.8750,5.9062,5.6042,5.6562,0
1986-07-23,5.5000,5.6562,5.4896,5.5000,0
1986-07-24,5.5104,5.5625,5.5104,5.5417,0
1986-07-25,5.5625,5.5938,5.5208,5.5729,0
1986-07-28,5.5729,5.5729,5.4167,5.5000,0
1986-07-29,5.4792,5.5208,5.4167,5.4167,0
1986-07-30,5.4271,5.4271,5.2188,5.3542,0
1986-07-31,5.3750,5.3854,5.3125,5.3333,0
1986-08-01,5.2500,5.3438,5.2292,5.2708,0
1986-08-04,5.1875,5.2396,5.0729,5.2083,0
1986-08-05,5.2396,5.2812,5.1458,5.1667,0
1986-08-06,5.1458,5.1458,4.9375,5.0521,0
1986-08-07,5.0833,5.2083,5.0521,5.1667,0
1986-08-08,5.2500,5.2708,5.2188,5.2396,0
1986-08-11,5.2604,5.4479,5.2604,5.4375,0
1986-08-12,5.4896,5.4896,5.3750,5.4896,0
1986-08-13,5.5417,5.6250,5.5208,5.5312,0
1986-08-14,5.5417,5.5521,5.4271,5.4583,0
1986-08-15,5.5208,5.5208,5.4375,5.4896,0
1986-08-18,5.5208,5.5938,5.4792,5.5833,0
1986-08-19,5.5521,5.5521,5.4688,5.4688,0
1986-08-20,5.4271,5.5208,5.4271,5.5000,0
1986-08-21,5.3646,5.3646,5.3438,5.3646,0
1986-08-22,5.3958,5.4062,5.3021,5.3333,0
1986-08-25,5.3438,5.3438,5.2812,5.2812,0
1986-08-26,5.2812,5.3750,5.2812,5.3542,0
1986-08-27,5.2917,5.2917,5.1458,5.2083,0
1986-08-28,5.1979,5.2396,5.1042,5.2083,0
1986-08-29,5.2083,5.2812,5.2083,5.2396,0
1986-09-02,5.2396,5.2708,5.0938,5.1562,0
1986-09-03,5.1250,5.1458,5.0000,5.0625,0
1986-09-04,5.0833,5.1771,5.0208,5.1562,0
1986-09-05,5.1771,5.2604,5.0833,5.0833,0
1986-09-08,5.0833,5.1146,4.9688,5.0208,0
1986-09-09,5.0417,5.0729,4.9583,5.0208,0
1986-09-10,5.0312,5.0417,4.9688,4.9792,0
1986-09-11,4.9375,4.9792,4.7500,4.8646,0
1986-09-12,4.8542,4.8958,4.7708,4.8438,0
1986-09-15,4.9167,4.9479,4.8438,4.9167,0
1986-09-16,4.9167,5.0208,4.8438,5.0208,0
1986-09-17,5.0000,5.0521,4.9271,4.9583,0
1986-09-18,4.9375,4.9583,4.8646,4.9479,0
1986-09-19,4.9062,4.9167,4.7604,4.7917,0
1986-09-22,4.7917,4.8333,4.7292,4.8229,0
1986-09-23,4.8542,4.8854,4.8333,4.8542,0
1986-09-24,4.8854,5.0208,4.8542,4.9896,0
1986-09-25,4.9792,4.9792,4.8333,4.8854,0
1986-09-26,4.8542,4.8854,4.7708,4.8125,0
1986-09-29,4.7500,4.7604,4.6458,4.7188,0
1986-09-30,4.7292,4.7708,4.7188,4.7188,0
1986-10-01,4.7917,4.8125,4.6771,4.6771,0
1986-10-02,4.6667,4.7500,4.6146,4.6979,0
1986-10-03,4.7500,4.8125,4.7500,4.8125,0
1986-10-06,4.7708,4.9688,4.7604,4.9688,0
1986-10-07,4.9479,4.9583,4.8646,4.9062,0
1986-10-08,4.8958,5.0000,4.8854,4.9792,0
1986-10-09,4.9479,5.0729,4.9479,5.0208,0
1986-10-10,5.0000,5.0312,4.9896,5.0208,0
1986-10-13,5.0000,5.0000,4.9583,4.9792,0
1986-10-14,4.9688,5.0208,4.8958,4.9583,0
1986-10-15,4.9375,5.0208,4.9271,5.0208,0
1986-10-16,5.0312,5.1875,5.0312,5.1458,0
1986-10-17,5.1667,5.2083,5.0625,5.0833,0
1986-10-20,5.0104,5.0312,4.9479,4.9792,0
1986-10-21,4.9583,4.9896,4.8333,4.8542,0
1986-10-22,4.8542,4.9062,4.8333,4.8333,0
1986-10-23,4.8542,5.0625,4.8542,5.0521,0
1986-10-24,5.0833,5.1458,5.0521,5.0625,0
1986-10-27,5.0312,5.0625,5.0000,5.0312,0
1986-10-28,5.0312,5.1562,5.0312,5.0833,0
1986-10-29,5.0938,5.1562,5.0729,5.1250,0
1986-10-30,5.2500,5.2708,5.2083,5.2292,0
1986-10-31,5.2292,5.2708,5.1979,5.2500,0
1986-11-03,5.2292,5.2708,5.1771,5.2604,0
1986-11-04,5.2708,5.2917,5.2396,5.2708,0
1986-11-05,5.2604,5.3750,5.2500,5.3750,0
1986-11-06,5.3438,5.3854,5.3333,5.3542,0
1986-11-07,5.3542,5.3958,5.3333,5.3750,0
1986-11-10,5.3542,5.3854,5.3333,5.3750,0
1986-11-11,5.3542,5.3750,5.2917,5.3333,0
1986-11-12,5.3021,5.3333,5.2396,5.2500,0
1986-11-13,5.1875,5.2396,5.1042,5.1250,0
1986-11-14,5.0833,5.1042,5.0208,5.0833,0
1986-11-17,5.0833,5.1771,5.0625,5.1354,0
1986-11-18,5.1354,5.1458,5.0208,5.0312,0
1986-11-19,5.0000,5.0312,4.9792,5.0104,0
1986-11-20,5.1250,5.1250,5.0312,5.1146,0
1986-11-21,5.1458,5.3333,5.1250,5.3021,0
1986-11-24,5.3333,5.3854,5.3333,5.3646,0
1986-11-25,5.3646,5.3750,5.3229,5.3542,0
1986-11-26,5.3542,5.3646,5.2396,5.3333,0
1986-11-28,5.3125,5.3229,5.2708,5.2812,0
1986-12-01,5.2708,5.2708,5.1771,5.2708,0
1986-12-02,5.2500,5.5104,5.2500,5.3542,0
1986-12-03,5.3333,5.3750,5.2917,5.3333,0
1986-12-04,5.3125,5.3438,5.2917,5.3125,0
1986-12-05,5.2708,5.3125,5.2188,5.2708,0
1986-12-08,5.2708,5.3125,5.1875,5.2917,0
1986-12-09,5.2812,5.3021,5.2083,5.2292,0
1986-12-10,5.2083,5.3229,5.1979,5.3125,0
1986-12-11,5.3021,5.3229,5.2396,5.2708,0
1986-12-12,5.2604,5.2917,5.2292,5.2604,0
1986-12-15,5.1354,5.1667,5.0833,5.1667,0
1986-12-16,5.1667,5.2292,5.1354,5.2188,0
1986-12-17,5.2083,5.2396,5.1875,5.2083,0
1986-12-18,5.2083,5.2604,5.2083,5.2604,0
1986-12-19,5.2917,5.4167,5.1771,5.4167,0
1986-12-22,5.3333,5.3542,5.2604,5.3333,0
1986-12-23,5.3229,5.3229,5.2083,5.2083,0
1986-12-24,5.2500,5.2812,5.2292,5.2500,0
1986-12-26,5.2604,5.2812,5.2396,5.2708,0
1986-12-29,5.2500,5.2708,5.1667,5.1875,0
1986-12-30,5.1875,5.2083,5.1354,5.1875,0
1986-12-31,5.2083,5.2188,5.0625,5.0729,0
1987-01-02,5.1250,5.2083,5.1146,5.1667,0
1987-01-05,5.1771,5.3958,5.1771,5.3750,0
1987-01-06,5.3958,5.4479,5.3646,5.3958,0
1987-01-07,5.3750,5.4167,5.3333,5.3854,0
1987-01-08,5.4167,5.4479,5.3854,5.4062,0
1987-01-09,5.3542,5.4583,5.3542,5.3958,0
1987-01-12,5.4062,5.4375,5.3854,5.4062,0
1987-01-13,5.3750,5.4062,5.3438,5.3542,0
1987-01-14,5.3542,5.3854,5.2500,5.2917,0
1987-01-15,5.3125,5.5833,5.2708,5.5208,0
1987-01-16,5.5417,5.5833,5.4479,5.4896,0
1987-01-19,5.4479,5.5417,5.3958,5.5000,0
1987-01-20,5.5625,5.6458,5.5521,5.6146,0
1987-01-21,5.5625,5.5729,5.4583,5.4583,0
1987-01-22,5.6562,5.6562,5.4479,5.6562,0
1987-01-23,5.7083,5.9167,5.5208,5.6354,0
1987-01-26,5.6042,5.6354,5.5208,5.5833,0
1987-01-27,5.5833,5.7083,5.5208,5.6875,0
1987-01-28,5.7188,5.7708,5.6146,5.6562,0
1987-01-29,5.7083,5.8125,5.6771,5.7500,0
1987-01-30,5.7917,5.8542,5.7708,5.8125,0
1987-02-02,5.8125,5.9375,5.8021,5.8958,0
1987-02-03,5.9583,5.9583,5.8958,5.9271,0
1987-02-04,5.9479,5.9688,5.8750,5.9688,0
1987-02-05,6.0000,6.0000,5.8438,5.9375,0
1987-02-06,5.9167,5.9271,5.8854,5.9271,0
1987-02-09,5.8750,5.8854,5.7812,5.8333,0
1987-02-10,5.7708,5.7917,5.6875,5.7292,0
1987-02-11,5.7500,5.7812,5.7188,5.7812,0
1987-02-12,5.7812,5.8646,5.7604,5.7812,0
1987-02-13,5.8021,5.8958,5.7917,5.8438,0
1987-02-17,5.8542,5.9896,5.8438,5.9896,0
1987-02-18,5.9896,6.1667,5.9896,6.0833,0
1987-02-19,6.1667,6.3333,6.1354,6.3125,0
1987-02-20,6.2917,6.3125,6.1875,6.2500,0
1987-02-23,6.2917,6.2917,6.1146,6.1875,0
1987-02-24,6.1875,6.2188,6.1354,6.1979,0
1987-02-25,6.2083,6.3125,6.1771,6.2917,0
1987-02-26,6.2812,6.3958,6.2396,6.3542,0
1987-02-27,6.2917,6.3646,6.2812,6.3542,0
1987-03-02,6.3750,6.4271,6.2812,6.3125,0
1987-03-03,6.3333,6.3333,6.2708,6.3021,0
1987-03-04,6.3021,6.4167,6.2292,6.3750,0
1987-03-05,6.4271,6.5000,6.3854,6.5000,0
1987-03-06,6.5208,6.5208,6.4583,6.5000,0
1987-03-09,6.4896,6.4896,6.3125,6.4062,0
1987-03-10,6.3542,6.4479,6.3333,6.4271,0
1987-03-11,6.4792,6.4792,6.3646,6.4375,0
1987-03-12,6.4583,6.5625,6.4167,6.5000,0
1987-03-13,6.4792,6.5104,6.3750,6.3750,0
1987-03-16,6.3750,6.3854,6.2604,6.2917,0
1987-03-17,6.3021,6.4479,6.2396,6.4167,0
1987-03-18,6.3958,6.4583,6.2500,6.2917,0
1987-03-19,6.3125,6.3958,6.2292,6.3125,0
1987-03-20,6.4167,6.4583,6.3958,6.4271,0
1987-03-23,6.5417,6.6667,6.5000,6.6354,0
1987-03-24,6.6458,6.8229,6.6042,6.8125,0
1987-03-25,6.8333,6.8333,6.6771,6.7604,0
1987-03-26,6.7812,6.8229,6.7500,6.8229,0
1987-03-27,6.8333,6.8333,6.7396,6.7812,0
1987-03-30,6.4583,6.6562,6.4479,6.5833,0
1987-03-31,6.6146,6.6354,6.5000,6.6042,0
1987-04-01,6.5000,6.6146,6.4896,6.5625,0
1987-04-02,6.5833,6.6042,6.5312,6.5417,0
1987-04-03,6.5833,6.9167,6.5833,6.8542,0
1987-04-06,6.8542,6.9062,6.8125,6.9062,0
1987-04-07,6.9062,6.9792,6.6667,6.7188,0
1987-04-08,6.7396,6.7917,6.6875,6.7396,0
1987-04-09,6.7188,6.7396,6.5833,6.6458,0
1987-04-10,6.5625,6.6042,6.5000,6.5521,0
1987-04-13,6.5000,6.5625,6.2917,6.3438,0
1987-04-14,6.2292,6.3125,6.1771,6.2500,0
1987-04-15,6.3229,6.3646,6.2604,6.3438,0
1987-04-16,6.4583,6.4583,6.3958,6.4271,0
1987-04-20,6.4688,6.4792,6.3646,6.3750,0
1987-04-21,6.3333,6.5833,6.2500,6.5521,0
1987-04-22,6.6458,6.7500,6.5104,6.5417,0
1987-04-23,6.6250,6.6979,6.5208,6.6042,0
1987-04-24,6.5208,6.5833,6.3854,6.3958,0
1987-04-27,6.2292,6.3750,6.2292,6.3229,0
1987-04-28,6.3438,6.5104,6.3438,6.4062,0
1987-04-29,6.4583,6.6562,6.4271,6.5417,0
1987-04-30,6.5208,6.7708,6.5208,6.6667,0
1987-05-01,6.6979,6.8333,6.6667,6.8229,0
1987-05-04,6.7604,6.7917,6.7188,6.7292,0
1987-05-05,6.7708,6.8854,6.7500,6.8750,0
1987-05-06,6.8542,7.0833,6.8125,7.0833,0
1987-05-07,7.0208,7.0625,6.9167,7.0000,0
1987-05-08,6.9688,7.0104,6.7917,6.7917,0
1987-05-11,6.8750,6.9167,6.6667,6.7292,0
1987-05-12,6.6875,6.6875,6.5625,6.6771,0
1987-05-13,6.6667,6.7500,6.5833,6.6771,0
1987-05-14,6.6979,6.7292,6.5833,6.6458,0
1987-05-15,6.6667,6.7083,6.5417,6.5417,0
1987-05-18,6.5521,6.5625,6.3333,6.4792,0
1987-05-19,6.5208,6.5312,6.3438,6.3854,0
1987-05-20,6.2708,6.3542,6.2188,6.2708,0
1987-05-21,6.3750,6.4583,6.3333,6.3542,0
1987-05-22,6.3958,6.5521,6.3750,6.5521,0
1987-05-26,6.6146,6.7396,6.5833,6.7188,0
1987-05-27,6.6875,6.8229,6.6875,6.7083,0
1987-05-28,6.7292,6.7292,6.6146,6.6771,0
1987-05-29,6.7188,6.7396,6.5625,6.5625,0
1987-06-01,6.6250,6.8125,6.6146,6.6354,0
1987-06-02,6.6250,6.6667,6.5417,6.6562,0
1987-06-03,6.6771,6.7917,6.6458,6.7917,0
1987-06-04,6.7708,6.8646,6.7188,6.8646,0
1987-06-05,6.8333,6.8646,6.8125,6.8438,0
1987-06-08,6.8333,6.9792,6.7708,6.9583,0
1987-06-09,6.9688,6.9896,6.8958,6.9792,0
1987-06-10,7.0208,7.0833,6.9792,7.0000,0
1987-06-11,7.0625,7.0625,6.9792,7.0104,0
1987-06-12,7.0729,7.1250,7.0417,7.0938,0
1987-06-15,7.0938,7.2396,7.0833,7.2188,0
1987-06-16,7.1979,7.1979,7.1250,7.1354,0
1987-06-17,7.1667,7.1667,7.1042,7.1250,0
1987-06-18,7.1042,7.1146,7.0625,7.0833,0
1987-06-19,7.0833,7.1250,7.0729,7.1146,0
1987-06-22,7.1250,7.1458,7.0938,7.1354,0
1987-06-23,6.8750,7.2188,6.8125,6.8750,0
1987-06-24,6.8438,6.9531,6.7500,6.7500,0
1987-06-25,6.8281,6.9062,6.8125,6.8906,0
1987-06-26,6.7500,6.9062,6.7500,6.7500,0
1987-06-29,6.7969,6.7969,6.6250,6.7812,0
1987-06-30,6.7812,6.7969,6.5625,6.6250,0
1987-07-01,6.6250,6.7188,6.5781,6.6094,0
1987-07-02,6.6719,6.6875,6.6094,6.6406,0
1987-07-06,6.7812,6.8125,6.6250,6.6875,0
1987-07-07,6.7188,6.8125,6.7031,6.7812,0
1987-07-08,6.7969,6.8594,6.6875,6.8281,0
1987-07-09,6.8281,6.8438,6.7344,6.7812,0
1987-07-10,6.7500,6.7656,6.6406,6.6875,0
1987-07-13,6.6875,6.7031,6.5000,6.5312,0
1987-07-14,6.5625,6.6562,6.5000,6.6250,0
1987-07-15,6.5938,6.6562,6.5469,6.6094,0
1987-07-16,6.6406,6.6719,6.5938,6.6719,0
1987-07-17,6.6562,6.6562,6.4844,6.5625,0
1987-07-20,6.5781,6.5938,6.4062,6.4844,0
1987-07-21,6.5000,6.7812,6.4375,6.5312,0
1987-07-22,6.5781,6.6406,6.5156,6.5781,0
1987-07-23,6.6406,6.6406,6.5000,6.6406,0
1987-07-24,6.6562,6.7344,6.6250,6.7031,0
1987-07-27,6.7188,6.7812,6.6875,6.7656,0
1987-07-28,6.8438,6.8438,6.7656,6.8281,0
1987-07-29,6.8438,6.9062,6.7812,6.8906,0
1987-07-30,6.8750,6.9531,6.8594,6.9219,0
1987-07-31,6.9375,7.0156,6.9219,6.9375,0
1987-08-03,6.7500,6.9375,6.7500,6.8438,0
1987-08-04,6.8438,6.8906,6.7188,6.7656,0
1987-08-05,6.8125,6.9375,6.8125,6.9062,0
1987-08-06,6.9062,7.1250,6.8906,7.1250,0
1987-08-07,7.1250,7.1875,7.0625,7.0781,0
1987-08-10,7.1250,7.2344,7.1094,7.2188,0
1987-08-11,7.2812,7.4844,7.2656,7.4375,0
1987-08-12,7.4062,7.4531,7.3281,7.3750,0
1987-08-13,7.3906,7.5312,7.3906,7.4844,0
1987-08-14,7.4062,7.5938,7.3906,7.4375,0
1987-08-17,7.4844,7.6094,7.4219,7.6094,0
1987-08-18,7.5938,7.6094,7.3750,7.5938,0
1987-08-19,7.4688,7.5469,7.3438,7.4375,0
1987-08-20,7.4844,7.5625,7.4375,7.5000,0
1987-08-21,7.5000,7.5312,7.4531,7.5000,0
1987-08-24,7.5312,7.5469,7.3125,7.3438,0
1987-08-25,7.4688,7.5469,7.4062,7.5156,0
1987-08-26,7.5156,7.6406,7.4062,7.5000,0
1987-08-27,7.5000,7.5000,7.3438,7.3750,0
1987-08-28,7.3594,7.4844,7.1875,7.2031,0
1987-08-31,7.1562,7.3281,7.1406,7.2812,0
1987-09-01,7.2969,7.3906,7.1250,7.1406,0
1987-09-02,7.1406,7.2188,6.9688,7.0312,0
1987-09-03,7.0781,7.1250,6.8750,6.9688,0
1987-09-04,7.0000,7.0938,6.8281,6.8750,0
1987-09-08,6.8750,6.9062,6.6250,6.8750,0
1987-09-09,6.8750,6.9844,6.7969,6.9531,0
1987-09-10,7.0312,7.0781,6.9688,7.0469,0
1987-09-11,7.0781,7.2031,7.0781,7.1406,0
1987-09-14,7.1875,7.2188,7.0625,7.1406,0
1987-09-15,7.1406,7.1406,7.0000,7.0156,0
1987-09-16,6.9844,7.0000,6.8906,6.8906,0
1987-09-17,6.9688,6.9688,6.8750,6.8906,0
1987-09-18,6.8750,6.9219,6.8438,6.8594,0
1987-09-21,6.9688,6.9844,6.7188,6.7188,0
1987-09-22,6.7344,6.9531,6.6562,6.9375,0
1987-09-23,6.9219,6.9844,6.8906,6.9844,0
1987-09-24,6.9531,7.0000,6.7500,6.7500,0
1987-09-25,6.7969,6.8125,6.6406,6.7344,0
1987-09-28,6.8438,6.8750,6.7812,6.7969,0
1987-09-29,6.7969,6.8281,6.7500,6.8281,0
1987-09-30,6.7969,6.7969,6.7188,6.7500,0
1987-10-01,6.7656,6.7656,6.6250,6.6875,0
1987-10-02,6.6719,6.7500,6.6562,6.7188,0
1987-10-05,6.7344,6.7344,6.6562,6.6719,0
1987-10-06,6.6406,6.6562,6.2969,6.2969,0
1987-10-07,6.3125,6.5156,6.2812,6.5000,0
1987-10-08,6.5312,6.5625,6.3125,6.4219,0
1987-10-09,6.2500,6.3438,6.1406,6.2656,0
1987-10-12,6.0938,6.1406,5.7969,6.0469,0
1987-10-13,6.0312,6.0938,5.9375,6.0156,0
1987-10-14,5.9062,6.0312,5.7812,5.9219,0
1987-10-15,5.8594,5.8594,5.6875,5.7344,0
1987-10-16,5.7188,5.7344,5.3906,5.4531,0
1987-10-19,5.0625,5.4062,4.4531,4.5469,0
1987-10-20,4.5312,5.5625,3.9219,4.9219,0
1987-10-21,5.2500,5.7500,5.2344,5.4375,0
1987-10-22,4.9062,5.6094,4.8906,5.4375,0
1987-10-23,5.2500,5.6875,5.2188,5.6719,0
1987-10-26,5.3125,5.4375,5.0156,5.1250,0
1987-10-27,5.4688,5.4688,5.1562,5.2188,0
1987-10-28,5.0625,5.5000,5.0000,5.2656,0
1987-10-29,5.2500,5.5625,5.2500,5.5156,0
1987-10-30,5.9375,5.9375,5.6250,5.6875,0
1987-11-02,5.5000,5.6250,5.4062,5.6250,0
1987-11-03,5.5000,5.5625,5.3438,5.3750,0
1987-11-04,5.3125,5.4219,5.2031,5.2344,0
1987-11-05,5.1875,5.5625,5.1875,5.3750,0
1987-11-06,5.4375,5.5000,5.2812,5.3906,0
1987-11-09,5.2812,5.3438,5.2188,5.2500,0
1987-11-10,5.1875,5.3594,5.1250,5.3125,0
1987-11-11,5.5000,5.5000,5.3750,5.4375,0
1987-11-12,5.5938,5.6406,5.5312,5.5625,0
1987-11-13,5.5938,5.6094,5.5000,5.5156,0
1987-11-16,5.6562,5.6719,5.5312,5.5469,0
1987-11-17,5.5156,5.5312,5.3906,5.5000,0
1987-11-18,5.5312,5.5938,5.4375,5.5625,0
1987-11-19,5.5000,5.6094,5.4688,5.5156,0
1987-11-20,5.4375,5.6250,5.3906,5.6250,0
1987-11-23,5.5938,5.7500,5.5781,5.7344,0
1987-11-24,5.7969,5.9375,5.7344,5.7812,0
1987-11-25,5.7500,5.7500,5.5781,5.5781,0
1987-11-27,5.5625,5.5781,5.4062,5.4531,0
1987-11-30,5.2188,5.2500,5.0312,5.1562,0
1987-12-01,5.2188,5.3281,5.1875,5.2812,0
1987-12-02,5.3438,5.4375,5.2969,5.3906,0
1987-12-03,5.4062,5.4062,5.0312,5.0312,0
1987-12-04,5.0000,5.1562,4.9062,5.1562,0
1987-12-07,5.1406,5.3125,5.0938,5.3125,0
1987-12-08,5.2812,5.5625,5.2500,5.5469,0
1987-12-09,5.4375,5.6719,5.4062,5.5781,0
1987-12-10,5.3438,5.5156,5.3125,5.3125,0
1987-12-11,5.3125,5.4062,5.1562,5.2344,0
1987-12-14,5.2188,5.4844,5.2188,5.3750,0
1987-12-15,5.3906,5.5938,5.3438,5.4688,0
1987-12-16,5.3750,5.5625,5.3281,5.5625,0
1987-12-17,5.6250,5.6250,5.4688,5.4688,0
1987-12-18,5.5938,5.6406,5.5156,5.6406,0
1987-12-21,5.6250,5.6719,5.5781,5.6250,0
1987-12-22,5.6250,5.6250,5.5156,5.5938,0
1987-12-23,5.6250,5.6875,5.5938,5.6094,0
1987-12-24,5.6562,5.6719,5.5938,5.6406,0
1987-12-28,5.4688,5.5156,5.4375,5.4531,0
1987-12-29,5.3750,5.4375,5.2656,5.3438,0
1987-12-30,5.3750,5.4844,5.3594,5.4062,0
1987-12-31,5.3125,5.5000,5.2969,5.5000,0
1988-01-04,5.5000,5.7344,5.4844,5.6875,0
1988-01-05,5.8125,5.8438,5.6875,5.6875,0
1988-01-06,5.7344,5.9688,5.6562,5.7812,0
1988-01-07,5.7656,5.7812,5.7188,5.7656,0
1988-01-08,5.7188,5.7656,5.2500,5.2969,0
1988-01-11,5.3750,5.4688,5.2812,5.3594,0
1988-01-12,5.3125,5.3438,5.2031,5.2969,0
1988-01-13,5.2969,5.3594,5.2188,5.2969,0
1988-01-14,5.3281,5.3750,5.2969,5.3594,0
1988-01-15,5.5469,5.6250,5.4531,5.6094,0
1988-01-18,5.6094,5.6094,5.5156,5.5469,0
1988-01-19,5.4375,5.5938,5.3906,5.5156,0
1988-01-20,5.4375,5.4844,5.3438,5.3594,0
1988-01-21,5.3750,5.4062,5.2500,5.3438,0
1988-01-22,5.3750,5.4844,5.3438,5.4844,0
1988-01-25,5.4844,5.6094,5.4688,5.5625,0
1988-01-26,5.5312,5.5938,5.4844,5.5469,0
1988-01-27,5.5625,5.6094,5.4375,5.5312,0
1988-01-28,5.5156,5.5469,5.4375,5.4844,0
1988-01-29,5.5312,5.6562,5.5156,5.6562,0
1988-02-01,5.7031,5.7344,5.5781,5.5781,0
1988-02-02,5.5938,5.7031,5.5938,5.6562,0
1988-02-03,5.6250,5.6562,5.5312,5.5781,0
1988-02-04,5.5625,5.5938,5.5000,5.5312,0
1988-02-05,5.5469,5.6719,5.5469,5.6250,0
1988-02-08,5.5938,5.6250,5.5312,5.6094,0
1988-02-09,5.6094,5.6562,5.5625,5.6250,0
1988-02-10,5.5938,5.6875,5.5625,5.6562,0
1988-02-11,5.6562,5.7344,5.6406,5.7344,0
1988-02-12,5.7344,5.8125,5.6875,5.7500,0
1988-02-16,5.7500,5.7969,5.7031,5.7969,0
1988-02-17,5.7500,5.7969,5.6562,5.6875,0
1988-02-18,5.6562,5.7031,5.5625,5.6562,0
1988-02-19,5.6250,5.7188,5.6250,5.7031,0
1988-02-22,5.7344,5.7500,5.6562,5.7344,0
1988-02-23,5.7812,5.8125,5.7344,5.7969,0
1988-02-24,5.8594,5.9219,5.7969,5.9219,0
1988-02-25,5.9375,6.0000,5.8125,5.8281,0
1988-02-26,5.8438,5.8594,5.7656,5.8125,0
1988-02-29,5.7812,5.9531,5.7812,5.9375,0
1988-03-01,5.9062,6.0000,5.8906,6.0000,0
1988-03-02,6.0000,6.0312,5.9219,5.9688,0
1988-03-03,5.9531,5.9844,5.8438,5.9062,0
1988-03-04,5.8906,5.9062,5.7344,5.7812,0
1988-03-07,5.7500,5.7656,5.6562,5.7344,0
1988-03-08,5.7500,5.8906,5.7344,5.8906,0
1988-03-09,5.8906,5.9062,5.8281,5.8438,0
1988-03-10,5.8594,5.8594,5.7500,5.8125,0
1988-03-11,5.7969,5.7969,5.6562,5.6875,0
1988-03-14,5.6562,5.7188,5.5938,5.6562,0
1988-03-15,5.6250,5.6406,5.5312,5.5938,0
1988-03-16,5.5938,5.6250,5.5312,5.6094,0
1988-03-17,5.6250,5.6250,5.5469,5.6250,0
1988-03-18,5.6406,5.6719,5.5938,5.6562,0
1988-03-21,5.6094,5.6250,5.5625,5.5938,0
1988-03-22,5.5781,5.6562,5.5781,5.6406,0
1988-03-23,5.6250,5.6250,5.5156,5.5781,0
1988-03-24,5.5312,5.5469,5.4531,5.4844,0
1988-03-25,5.4688,5.5000,5.3750,5.3750,0
1988-03-28,5.0938,5.2656,5.0938,5.2656,0
1988-03-29,5.3125,5.4062,5.3125,5.3750,0
1988-03-30,5.4062,5.4844,5.3750,5.3906,0
1988-03-31,5.3438,5.4688,5.3281,5.4375,0
1988-04-04,5.4062,5.4375,5.3750,5.4219,0
1988-04-05,5.4219,5.4688,5.4062,5.4688,0
1988-04-06,5.4688,5.5781,5.3750,5.5781,0
1988-04-07,5.4844,5.5781,5.4375,5.4688,0
1988-04-08,5.4375,5.5312,5.4375,5.4688,0
1988-04-11,5.5312,5.5469,5.4844,5.5000,0
1988-04-12,5.5312,5.5625,5.5000,5.5625,0
1988-04-13,5.5312,5.5469,5.4844,5.5312,0
1988-04-14,5.4375,5.4844,5.2969,5.3281,0
1988-04-15,5.2500,5.3594,5.1406,5.3438,0
1988-04-18,5.2656,5.3281,5.2500,5.2812,0
1988-04-19,5.2812,5.3594,5.2500,5.2500,0
1988-04-20,5.1875,5.2500,5.1562,5.1875,0
1988-04-21,5.2344,5.2812,5.1562,5.1875,0
1988-04-22,5.2188,5.2344,5.1875,5.2188,0
1988-04-25,5.2500,5.3125,5.2031,5.2812,0
1988-04-26,5.3438,5.4688,5.3438,5.4062,0
1988-04-27,5.4688,5.5156,5.4531,5.4688,0
1988-04-28,5.4531,5.4688,5.3594,5.3594,0
1988-04-29,5.3438,5.4062,5.2656,5.3906,0
1988-05-02,5.3750,5.5000,5.3750,5.4531,0
1988-05-03,5.4844,5.5156,5.4531,5.4531,0
1988-05-04,5.4531,5.4844,5.4062,5.4062,0
1988-05-05,5.4062,5.4375,5.3750,5.4062,0
1988-05-06,5.4688,5.4844,5.3906,5.3906,0
1988-05-09,5.3750,5.3906,5.3281,5.3438,0
1988-05-10,5.3438,5.3750,5.3281,5.3750,0
1988-05-11,5.3281,5.3438,5.2969,5.3281,0
1988-05-12,5.3281,5.4062,5.3125,5.3750,0
1988-05-13,5.3438,5.4219,5.3438,5.4219,0
1988-05-16,5.4062,5.4531,5.3594,5.4531,0
1988-05-17,5.4688,5.4844,5.3281,5.3438,0
1988-05-18,5.3438,5.3750,5.2969,5.3125,0
1988-05-19,5.2969,5.3438,5.2344,5.3438,0
1988-05-20,5.3438,5.4375,5.3438,5.4375,0
1988-05-23,5.3750,5.4531,5.3125,5.3594,0
1988-05-24,5.3281,5.3750,5.3125,5.3594,0
1988-05-25,5.3906,5.4219,5.2969,5.3125,0
1988-05-26,5.3438,5.3594,5.2812,5.3594,0
1988-05-27,5.3125,5.3281,5.2656,5.2812,0
1988-05-31,5.2969,5.5000,5.2812,5.5000,0
1988-06-01,5.4375,5.6094,5.4219,5.5938,0
1988-06-02,5.5781,5.6719,5.5469,5.6250,0
1988-06-03,5.6094,5.6562,5.5781,5.6406,0
1988-06-06,5.6250,5.6719,5.5781,5.6719,0
1988-06-07,5.6562,5.6562,5.5000,5.5469,0
1988-06-08,5.5156,5.6719,5.5156,5.6562,0
1988-06-09,5.6562,5.7031,5.6406,5.6406,0
1988-06-10,5.6562,5.6875,5.6094,5.6094,0
1988-06-13,5.5938,5.6250,5.5469,5.5781,0
1988-06-14,5.6094,5.7344,5.5938,5.7188,0
1988-06-15,5.6875,5.6875,5.6094,5.6406,0
1988-06-16,5.5625,5.6250,5.5312,5.5781,0
1988-06-17,5.6250,5.6250,5.4688,5.5781,0
1988-06-20,5.5156,5.5312,5.4688,5.4688,0
1988-06-21,5.5625,5.5625,5.5000,5.5625,0
1988-06-22,5.6562,5.7344,5.6406,5.6875,0
1988-06-23,5.7188,5.7656,5.7031,5.7500,0
1988-06-24,5.7656,5.7812,5.6719,5.7031,0
1988-06-27,5.7344,5.7344,5.5938,5.5938,0
1988-06-28,5.5781,5.7344,5.5625,5.7031,0
1988-06-29,5.7031,5.7188,5.6406,5.6719,0
1988-06-30,5.6875,5.7656,5.6875,5.7656,0
1988-07-01,5.7656,5.7969,5.6719,5.7188,0
1988-07-05,5.7188,5.7812,5.7031,5.7656,0
1988-07-06,5.7812,5.8438,5.7031,5.7500,0
1988-07-07,5.7188,5.7656,5.6719,5.6875,0
1988-07-08,5.6719,5.7500,5.6406,5.6875,0
1988-07-11,5.6875,5.7812,5.6562,5.7344,0
1988-07-12,5.7344,5.8125,5.7188,5.7812,0
1988-07-13,5.7969,5.8438,5.7656,5.8438,0
1988-07-14,5.8125,5.8438,5.7656,5.7969,0
1988-07-15,5.8125,5.8594,5.7812,5.8125,0
1988-07-18,5.6250,5.7031,5.6094,5.6406,0
1988-07-19,5.6406,5.6719,5.5156,5.5938,0
1988-07-20,5.5625,5.5938,5.5469,5.5625,0
1988-07-21,5.5938,5.5938,5.4688,5.5469,0
1988-07-22,5.5000,5.5469,5.4531,5.5000,0
1988-07-25,5.4844,5.5156,5.4688,5.4844,0
1988-07-26,5.4531,5.5312,5.4531,5.5312,0
1988-07-27,5.5625,5.5625,5.4844,5.5000,0
1988-07-28,5.5000,5.5469,5.4531,5.5312,0
1988-07-29,5.5469,5.6406,5.5469,5.6250,0
1988-08-01,5.6250,5.7188,5.6250,5.7031,0
1988-08-02,5.7188,5.7812,5.6875,5.7500,0
1988-08-03,5.7344,5.7500,5.6094,5.7031,0
1988-08-04,5.7188,5.7344,5.5781,5.6250,0
1988-08-05,5.6250,5.6406,5.5781,5.6406,0
1988-08-08,5.6406,5.6875,5.5938,5.5938,0
1988-08-09,5.6094,5.6250,5.5000,5.5312,0
1988-08-10,5.4531,5.5156,5.4375,5.4844,0
1988-08-11,5.4844,5.5469,5.4688,5.5000,0
1988-08-12,5.4844,5.5000,5.4531,5.4844,0
1988-08-15,5.4531,5.4531,5.3281,5.3281,0
1988-08-16,5.2969,5.4219,5.2969,5.4062,0
1988-08-17,5.4219,5.4219,5.3594,5.4219,0
1988-08-18,5.4062,5.4844,5.4062,5.4688,0
1988-08-19,5.5312,5.5781,5.5000,5.5000,0
1988-08-22,5.4688,5.5000,5.3906,5.3906,0
1988-08-23,5.4062,5.4375,5.3438,5.3594,0
1988-08-24,5.3594,5.4844,5.3594,5.4844,0
1988-08-25,5.4219,5.4688,5.3750,5.4219,0
1988-08-26,5.4531,5.4844,5.4219,5.4531,0
1988-08-29,5.4375,5.5000,5.4375,5.4531,0
1988-08-30,5.4375,5.4688,5.4062,5.4062,0
1988-08-31,5.4062,5.4688,5.3906,5.4375,0
1988-09-01,5.4062,5.4219,5.3125,5.3594,0
1988-09-02,5.5000,5.5156,5.4062,5.4531,0
1988-09-06,5.5000,5.6250,5.4844,5.5938,0
1988-09-07,5.7188,5.7188,5.6250,5.6562,0
1988-09-08,5.6875,5.7812,5.6719,5.7656,0
1988-09-09,5.7656,5.8750,5.7188,5.8281,0
1988-09-12,5.8594,5.8906,5.8281,5.8750,0
1988-09-13,5.8125,5.9062,5.7969,5.9062,0
1988-09-14,5.9375,5.9688,5.8906,5.8906,0
1988-09-15,5.8281,5.8906,5.8281,5.8438,0
1988-09-16,5.8438,5.9062,5.8281,5.8906,0
1988-09-19,5.8750,5.9062,5.8125,5.8750,0
1988-09-20,5.8125,5.8750,5.8125,5.8594,0
1988-09-21,5.8438,5.8906,5.8281,5.8594,0
1988-09-22,5.8438,5.8594,5.7812,5.8125,0
1988-09-23,5.7656,5.8281,5.7500,5.8125,0
1988-09-26,5.7812,5.8438,5.7344,5.8125,0
1988-09-27,5.8281,5.8750,5.7969,5.8438,0
1988-09-28,5.8438,5.8906,5.8438,5.8750,0
1988-09-29,5.8750,6.0156,5.8750,5.9844,0
1988-09-30,5.9844,6.0156,5.9375,5.9375,0
1988-10-03,5.9375,5.9375,5.8594,5.9062,0
1988-10-04,5.9062,5.9531,5.8906,5.9219,0
1988-10-05,5.9531,6.0625,5.9062,6.0312,0
1988-10-06,6.0156,6.0781,5.9844,6.0625,0
1988-10-07,6.0938,6.2500,6.0625,6.2031,0
1988-10-10,6.1875,6.3750,6.1719,6.3750,0
1988-10-11,6.3125,6.3281,6.2344,6.2812,0
1988-10-12,6.2188,6.2188,6.0156,6.0781,0
1988-10-13,6.0469,6.1094,6.0312,6.0781,0
1988-10-14,6.1562,6.1562,6.0469,6.0781,0
1988-10-17,6.0781,6.1250,6.0625,6.1094,0
1988-10-18,6.0938,6.1875,6.0938,6.1875,0
1988-10-19,6.1875,6.2344,6.0000,6.0938,0
1988-10-20,6.0625,6.2969,6.0625,6.2812,0
1988-10-21,6.1562,6.1875,5.9844,6.0469,0
1988-10-24,6.0781,6.0781,6.0000,6.0000,0
1988-10-25,6.0312,6.0469,6.0000,6.0156,0
1988-10-26,6.0156,6.0156,5.9219,5.9375,0
1988-10-27,5.9219,5.9219,5.8281,5.9062,0
1988-10-28,5.9062,5.9688,5.8906,5.9375,0
1988-10-31,5.9531,5.9531,5.8750,5.9531,0
1988-11-01,5.9531,6.0938,5.9375,6.0781,0
1988-11-02,6.0625,6.1094,6.0156,6.0469,0
1988-11-03,6.0469,6.0625,5.9844,6.0000,0
1988-11-04,5.9375,5.9844,5.8750,5.8750,0
1988-11-07,5.8125,5.8125,5.6875,5.7188,0
1988-11-08,5.7812,5.7969,5.7656,5.7812,0
1988-11-09,5.7812,5.8281,5.7344,5.7500,0
1988-11-10,5.7500,5.9062,5.7500,5.8594,0
1988-11-11,5.8125,5.8438,5.7344,5.7344,0
1988-11-14,5.7656,5.8125,5.7188,5.7812,0
1988-11-15,5.8438,5.8438,5.7812,5.8125,0
1988-11-16,5.7969,5.7969,5.6406,5.6406,0
1988-11-17,5.7500,5.7812,5.7031,5.7344,0
1988-11-18,5.7656,5.7812,5.7500,5.7812,0
1988-11-21,5.7656,5.7656,5.6875,5.7656,0
1988-11-22,5.7969,5.8594,5.7656,5.8281,0
1988-11-23,5.8281,5.9062,5.7969,5.8594,0
1988-11-25,5.8281,5.8438,5.7969,5.8125,0
1988-11-28,5.7969,5.8438,5.7812,5.7969,0
1988-11-29,5.7812,5.8438,5.7656,5.8125,0
1988-11-30,5.8281,5.9062,5.8125,5.8438,0
1988-12-01,5.8594,5.9375,5.8281,5.8281,0
1988-12-02,5.7969,5.8125,5.7500,5.8125,0
1988-12-05,5.7500,5.8906,5.7500,5.8594,0
1988-12-06,5.8281,5.9531,5.7969,5.9375,0
1988-12-07,5.9062,6.0000,5.9062,5.9531,0
1988-12-08,5.9844,6.0469,5.9375,5.9688,0
1988-12-09,5.9688,6.0156,5.9688,5.9688,0
1988-12-12,5.9844,6.0000,5.8750,5.9062,0
1988-12-13,5.8906,5.9062,5.7812,5.9062,0
1988-12-14,5.8906,5.9375,5.8438,5.9219,0
1988-12-15,5.9375,5.9844,5.9219,5.9688,0
1988-12-16,5.9531,6.0000,5.9375,5.9688,0
1988-12-19,5.9531,6.0469,5.9531,6.0156,0
1988-12-20,6.0312,6.0312,5.9531,5.9531,0
1988-12-21,5.9688,5.9844,5.9219,5.9688,0
1988-12-22,5.9531,5.9688,5.8281,5.9062,0
1988-12-23,5.8750,5.9219,5.8438,5.8750,0
1988-12-27,5.9062,5.9219,5.8750,5.8906,0
1988-12-28,5.9062,5.9375,5.8906,5.9219,0
1988-12-29,5.9219,5.9844,5.9219,5.9531,0
1988-12-30,6.0000,6.0156,5.9219,6.0156,0
1989-01-03,5.9062,5.9375,5.7500,5.8438,0
1989-01-04,5.8750,5.9531,5.8438,5.9375,0
1989-01-05,5.9531,5.9844,5.9062,5.9219,0
1989-01-06,5.9062,5.9375,5.8438,5.9062,0
1989-01-09,5.8750,5.8906,5.7812,5.8438,0
1989-01-10,5.8594,5.8594,5.7500,5.7969,0
1989-01-11,5.7969,5.8594,5.7969,5.8438,0
1989-01-12,5.8750,5.9844,5.8750,5.9375,0
1989-01-13,5.9375,5.9688,5.9219,5.9531,0
1989-01-16,5.9531,5.9688,5.9219,5.9375,0
1989-01-17,5.9375,5.9531,5.9062,5.9219,0
1989-01-18,5.9062,5.9062,5.8750,5.9062,0
1989-01-19,5.9219,5.9688,5.8750,5.9375,0
1989-01-20,5.9375,5.9531,5.8750,5.9062,0
1989-01-23,5.9844,6.0312,5.9688,5.9844,0
1989-01-24,5.9844,6.1562,5.9844,6.1406,0
1989-01-25,6.1406,6.1562,6.0781,6.1250,0
1989-01-26,6.1094,6.2656,6.0781,6.2500,0
1989-01-27,6.3750,6.4219,6.3125,6.3438,0
1989-01-30,6.4062,6.4219,6.3281,6.4062,0
1989-01-31,6.4062,6.5000,6.3125,6.5000,0
1989-02-01,6.5000,6.6875,6.3750,6.5625,0
1989-02-02,6.5469,6.5625,6.4688,6.5312,0
1989-02-03,6.4844,6.5625,6.4844,6.5469,0
1989-02-06,6.5156,6.5469,6.4219,6.4688,0
1989-02-07,6.4844,6.5781,6.4688,6.5469,0
1989-02-08,6.5469,6.5469,6.4688,6.5000,0
1989-02-09,6.5000,6.5312,6.4062,6.4531,0
1989-02-10,6.3750,6.4531,6.3750,6.3906,0
1989-02-13,6.3750,6.3906,6.3125,6.3438,0
1989-02-14,6.3438,6.3906,6.3281,6.3594,0
1989-02-15,6.3438,6.4375,6.3438,6.4375,0
1989-02-16,6.4375,6.4688,6.2656,6.2656,0
1989-02-17,6.3438,6.4688,6.3281,6.4375,0
1989-02-21,6.5312,6.5312,6.4219,6.4531,0
1989-02-22,6.4375,6.4375,6.2812,6.3438,0
1989-02-23,6.3125,6.3750,6.2812,6.3438,0
1989-02-24,6.3125,6.3438,6.2656,6.2812,0
1989-02-27,6.2500,6.2812,6.1875,6.2812,0
1989-02-28,6.2500,6.3438,6.2500,6.3125,0
1989-03-01,6.3594,6.3750,6.2656,6.2812,0
1989-03-02,6.2812,6.3906,6.2812,6.3594,0
1989-03-03,6.3281,6.3750,6.3281,6.3438,0
1989-03-06,6.3281,6.4219,6.3125,6.3906,0
1989-03-07,6.3594,6.4062,6.3125,6.3750,0
1989-03-08,6.3750,6.4688,6.3281,6.4062,0
1989-03-09,6.3750,6.4219,6.3594,6.3594,0
1989-03-10,6.3750,6.3750,6.3125,6.3281,0
1989-03-13,6.3281,6.4062,6.3125,6.3438,0
1989-03-14,6.3438,6.3906,6.3125,6.3281,0
1989-03-15,6.3594,6.3750,6.2969,6.3281,0
1989-03-16,6.3281,6.3906,6.3281,6.3750,0
1989-03-17,6.2188,6.2500,6.1562,6.2188,0
1989-03-20,6.2188,6.2188,6.0781,6.1719,0
1989-03-21,6.2188,6.2500,6.2031,6.2188,0
1989-03-22,6.2031,6.2344,6.1562,6.1875,0
1989-03-23,6.1719,6.2031,6.0312,6.0469,0
1989-03-27,6.0312,6.1406,6.0000,6.1406,0
1989-03-28,6.1406,6.2500,6.1250,6.1875,0
1989-03-29,6.2188,6.3438,6.2031,6.3438,0
1989-03-30,6.3438,6.4531,6.3125,6.4375,0
1989-03-31,6.4375,6.4688,6.3906,6.4219,0
1989-04-03,6.4375,6.5781,6.4375,6.5312,0
1989-04-04,6.5312,6.5625,6.4531,6.4531,0
1989-04-05,6.4531,6.5312,6.4531,6.4688,0
1989-04-06,6.4844,6.5000,6.4375,6.4844,0
1989-04-07,6.4688,6.5625,6.4531,6.5156,0
1989-04-10,6.5000,6.5156,6.4844,6.4844,0
1989-04-11,6.4844,6.5312,6.4844,6.5000,0
1989-04-12,6.5156,6.6250,6.5156,6.5938,0
1989-04-13,6.5781,6.5938,6.5156,6.5469,0
1989-04-14,6.5625,6.7188,6.5312,6.7188,0
1989-04-17,6.6562,6.7031,6.6250,6.6875,0
1989-04-18,6.7188,6.7344,6.6875,6.7344,0
1989-04-19,6.7031,6.7344,6.6719,6.7031,0
1989-04-20,6.7031,6.7344,6.6562,6.6875,0
1989-04-21,6.7031,6.8281,6.6875,6.7969,0
1989-04-24,6.8125,6.8281,6.7188,6.7188,0
1989-04-25,6.7656,6.7656,6.7031,6.7031,0
1989-04-26,6.7344,6.7500,6.6875,6.7031,0
1989-04-27,6.7031,6.8750,6.7031,6.8438,0
1989-04-28,6.8750,6.8906,6.8438,6.8750,0
1989-05-01,6.8750,6.9219,6.8125,6.9219,0
1989-05-02,6.9062,6.9531,6.8750,6.8750,0
1989-05-03,6.9062,6.9531,6.8906,6.9219,0
1989-05-04,6.8906,6.9844,6.8750,6.9531,0
1989-05-05,6.9688,7.0625,6.9531,6.9531,0
1989-05-08,6.9531,6.9531,6.9062,6.9531,0
1989-05-09,6.9531,7.0156,6.9375,6.9375,0
1989-05-10,6.9688,7.0469,6.9531,7.0000,0
1989-05-11,7.0469,7.0938,7.0156,7.0938,0
1989-05-12,7.1875,7.2656,7.0625,7.2344,0
1989-05-15,7.2656,7.3438,7.2188,7.3438,0
1989-05-16,7.2500,7.2969,7.2188,7.2188,0
1989-05-17,7.2188,7.2656,7.1406,7.1562,0
1989-05-18,7.1250,7.1406,7.0469,7.1094,0
1989-05-19,7.1250,7.3750,7.1250,7.2344,0
1989-05-22,7.4062,7.4688,7.2969,7.4375,0
1989-05-23,7.3906,7.4219,7.2656,7.3438,0
1989-05-24,7.2812,7.3594,7.2188,7.2500,0
1989-05-25,7.1562,7.2969,7.1250,7.2656,0
1989-05-26,7.2812,7.3438,7.2656,7.3438,0
1989-05-30,7.3750,7.4062,7.2656,7.4062,0
1989-05-31,7.3750,7.4688,7.3438,7.4531,0
1989-06-01,7.4375,7.4844,7.4062,7.4375,0
1989-06-02,7.4531,7.5312,7.4219,7.4688,0
1989-06-05,7.4688,7.4688,7.3281,7.3594,0
1989-06-06,7.3906,7.4219,7.2500,7.3438,0
1989-06-07,7.3125,7.3750,7.2969,7.3125,0
1989-06-08,7.3281,7.3594,7.2812,7.3281,0
1989-06-09,7.3594,7.3906,7.2969,7.3281,0
1989-06-12,7.2969,7.3125,7.1875,7.2812,0
1989-06-13,7.2031,7.2188,7.1094,7.1719,0
1989-06-14,7.2500,7.2500,7.0938,7.1719,0
1989-06-15,7.1250,7.1562,7.1094,7.1406,0
1989-06-16,7.0625,7.1250,7.0469,7.1094,0
1989-06-19,7.1250,7.3125,7.1250,7.2500,0
1989-06-20,7.3125,7.5000,7.2812,7.4688,0
1989-06-21,7.4375,7.4375,6.9375,7.0625,0
1989-06-22,7.1562,7.3750,7.0938,7.3438,0
1989-06-23,7.3750,7.6250,7.3438,7.6250,0
1989-06-26,7.5625,7.5938,7.2812,7.3438,0
1989-06-27,7.4062,7.5625,7.3750,7.5000,0
1989-06-28,7.4375,7.4688,7.3125,7.4375,0
1989-06-29,7.4062,7.4375,7.1250,7.2188,0
1989-06-30,7.4062,7.4062,7.0000,7.3125,0
1989-07-03,7.3438,7.4062,7.2188,7.2500,0
1989-07-05,7.1875,7.3438,7.0625,7.2500,0
1989-07-06,7.2812,7.2812,7.0938,7.1250,0
1989-07-07,7.2188,7.3125,7.0938,7.2500,0
1989-07-10,7.2188,7.3125,7.1250,7.2812,0
1989-07-11,7.4375,7.5000,7.3125,7.3750,0
1989-07-12,7.4688,7.5000,7.3750,7.4375,0
1989-07-13,7.4688,7.5312,7.4375,7.5000,0
1989-07-14,7.5000,7.5312,7.3750,7.5312,0
1989-07-17,7.4062,7.5000,7.4062,7.4062,0
1989-07-18,7.3750,7.5312,7.3750,7.5312,0
1989-07-19,7.5000,7.7500,7.5000,7.7188,0
1989-07-20,7.7500,7.9062,7.7188,7.8125,0
1989-07-21,7.7812,7.9688,7.7812,7.8750,0
1989-07-24,7.9062,7.9062,7.2500,7.2812,0
1989-07-25,7.3750,7.4688,7.2812,7.3438,0
1989-07-26,7.3438,7.5000,7.3438,7.5000,0
1989-07-27,7.5938,7.6875,7.5312,7.6562,0
1989-07-28,7.6875,7.7188,7.5625,7.5938,0
1989-07-31,7.6250,7.7812,7.5625,7.7812,0
1989-08-01,7.7500,7.7812,7.6250,7.7188,0
1989-08-02,7.7188,7.7188,7.5938,7.7188,0
1989-08-03,7.6875,7.7188,7.5312,7.5625,0
1989-08-04,7.5000,7.5938,7.4062,7.5000,0
1989-08-07,7.3750,7.5000,7.3750,7.4062,0
1989-08-08,7.4688,7.5000,7.3438,7.4062,0
1989-08-09,7.3750,7.4062,7.2812,7.2812,0
1989-08-10,7.3438,7.5312,7.2812,7.5312,0
1989-08-11,7.6562,7.6875,7.0938,7.1562,0
1989-08-14,7.2188,7.2812,7.1562,7.2500,0
1989-08-15,7.2500,7.3438,7.1875,7.3438,0
1989-08-16,7.3125,7.3750,7.2812,7.2812,0
1989-08-17,7.3438,7.3750,7.2500,7.3125,0
1989-08-18,7.2500,7.4062,7.2500,7.4062,0
1989-08-21,7.3750,7.4688,7.2812,7.3438,0
1989-08-22,7.2500,7.2812,7.1250,7.1875,0
1989-08-23,7.2188,7.3125,7.0312,7.2812,0
1989-08-24,7.3125,7.4062,7.2500,7.4062,0
1989-08-25,7.3125,7.3750,7.2500,7.2812,0
1989-08-28,7.2812,7.3125,7.1875,7.3125,0
1989-08-29,7.3438,7.3750,7.2188,7.2812,0
1989-08-30,7.2500,7.3125,7.2188,7.2188,0
1989-08-31,7.2500,7.2812,6.9688,7.2188,0
1989-09-01,7.1875,7.3125,7.1562,7.2812,0
1989-09-05,7.2188,7.2500,7.1562,7.2188,0
1989-09-06,7.2188,7.2812,7.0938,7.2812,0
1989-09-07,7.3438,7.3438,7.1875,7.1875,0
1989-09-08,7.2188,7.2500,7.0312,7.2188,0
1989-09-11,7.2188,7.3125,6.9688,7.2500,0
1989-09-12,7.2812,7.4375,7.2812,7.4062,0
1989-09-13,7.4062,7.4688,7.3438,7.4062,0
1989-09-14,7.4375,7.4375,7.3125,7.3750,0
1989-09-15,7.3438,7.4688,7.3438,7.4375,0
1989-09-18,7.5000,7.6875,7.4688,7.6250,0
1989-09-19,7.5625,7.6250,7.5000,7.5625,0
1989-09-20,7.5000,7.5938,7.4688,7.5625,0
1989-09-21,7.5312,7.5938,7.4688,7.5625,0
1989-09-22,7.5000,7.5312,7.3125,7.5000,0
1989-09-25,7.4062,7.5000,7.3750,7.4688,0
1989-09-26,7.4375,7.5000,7.3750,7.4062,0
1989-09-27,7.3750,7.5000,7.3750,7.4688,0
1989-09-28,7.5000,7.6250,7.4375,7.5938,0
1989-09-29,7.5625,7.6562,7.3750,7.4375,0
1989-10-02,7.3750,7.4375,7.3438,7.4375,0
1989-10-03,7.5000,7.6250,7.4688,7.6250,0
1989-10-04,7.5938,7.6250,7.4688,7.5000,0
1989-10-05,7.5000,7.5000,7.4375,7.4688,0
1989-10-06,7.5312,7.5938,7.4688,7.5625,0
1989-10-09,7.5625,7.5938,7.5000,7.5312,0
1989-10-10,7.5938,7.6562,7.5625,7.5938,0
1989-10-11,7.5312,7.5938,7.5000,7.5312,0
1989-10-12,7.5625,7.5938,7.4688,7.4688,0
1989-10-13,7.4688,7.6562,7.2188,7.2500,0
1989-10-16,7.0625,7.6250,7.0312,7.6250,0
1989-10-17,7.5625,7.6562,7.4688,7.6562,0
1989-10-18,7.5312,7.6250,7.4688,7.5312,0
1989-10-19,7.5625,7.6562,7.5000,7.5312,0
1989-10-20,7.5312,7.6250,7.5312,7.5938,0
1989-10-23,7.5938,7.8438,7.5938,7.8438,0
1989-10-24,7.7500,8.2500,7.6562,8.1875,0
1989-10-25,8.0000,8.0938,7.8438,7.8750,0
1989-10-26,7.8750,8.0000,7.6250,7.8125,0
1989-10-27,7.7812,7.8438,7.5938,7.7188,0
1989-10-30,7.6875,7.7812,7.6250,7.6562,0
1989-10-31,7.7188,7.8125,7.6875,7.7500,0
1989-11-01,7.6875,7.8438,7.6250,7.7188,0
1989-11-02,7.7500,7.7812,7.6562,7.6562,0
1989-11-03,7.6250,7.7500,7.6250,7.6875,0
1989-11-06,7.6250,7.6562,7.5312,7.5312,0
1989-11-07,7.5312,7.6562,7.5000,7.6250,0
1989-11-08,7.6562,7.7812,7.6562,7.7188,0
1989-11-09,7.6875,7.7500,7.6562,7.7188,0
1989-11-10,7.7500,7.8438,7.7188,7.8125,0
1989-11-13,7.8750,7.9375,7.8125,7.8438,0
1989-11-14,7.9062,7.9375,7.8438,7.8750,0
1989-11-15,7.8750,7.9062,7.8125,7.8438,0
1989-11-16,7.8125,7.8750,7.7812,7.8125,0
1989-11-17,7.8125,7.8750,7.8125,7.8750,0
1989-11-20,7.8438,7.9062,7.8125,7.8438,0
1989-11-21,7.8750,8.1250,7.8750,8.0938,0
1989-11-22,8.0312,8.2188,8.0312,8.1875,0
1989-11-24,8.2188,8.3750,8.2188,8.2188,0
1989-11-27,8.2188,8.2812,8.2188,8.2500,0
1989-11-28,8.2500,8.2500,8.1250,8.2188,0
1989-11-29,8.1562,8.1875,8.0625,8.0938,0
1989-11-30,8.1562,8.2188,8.0938,8.2188,0
1989-12-01,8.2500,8.4688,8.1875,8.3750,0
1989-12-04,8.4375,8.4688,8.3438,8.4375,0
1989-12-05,8.4688,8.5000,8.4375,8.4375,0
1989-12-06,8.4688,8.5000,8.4062,8.4688,0
1989-12-07,8.4688,8.5625,8.4062,8.4688,0
1989-12-08,8.5000,8.5625,8.5000,8.5312,0
1989-12-11,8.5000,8.5625,8.4375,8.4688,0
1989-12-12,8.5000,8.5312,8.3750,8.5000,0
1989-12-13,8.5000,8.6250,8.4688,8.5625,0
1989-12-14,8.5312,8.5625,8.4062,8.5312,0
1989-12-15,8.5000,8.5625,8.4688,8.5625,0
1989-12-18,8.5312,8.6562,8.4062,8.4688,0
1989-12-19,8.4062,8.4375,8.3125,8.3750,0
1989-12-20,8.3438,8.4062,8.1562,8.2188,0
1989-12-21,8.2188,8.3438,8.2188,8.3438,0
1989-12-22,8.3125,8.3750,8.2812,8.3125,0
1989-12-26,8.3125,8.4375,8.3125,8.3438,0
1989-12-27,8.3438,8.4688,8.3125,8.4062,0
1989-12-28,8.4375,8.5625,8.4375,8.5312,0
1989-12-29,8.5312,8.7188,8.5000,8.6250,0
1990-01-02,8.5938,8.7188,8.5625,8.7188,0
1990-01-03,8.6875,8.6875,8.5625,8.6250,0
1990-01-04,8.6250,8.6562,8.4375,8.4688,0
1990-01-05,8.4375,8.5000,8.2188,8.3125,0
1990-01-08,8.2812,8.5000,8.2188,8.4688,0
1990-01-09,8.5000,8.5625,8.4062,8.4062,0
1990-01-10,8.3125,8.3750,8.1562,8.2500,0
1990-01-11,8.3125,8.4688,8.1562,8.1875,0
1990-01-12,8.1250,8.1250,7.7500,8.0312,0
1990-01-15,8.0000,8.1250,7.8750,7.9375,0
1990-01-16,7.8125,8.0312,7.7500,8.0312,0
1990-01-17,8.0312,8.0938,7.9375,8.0312,0
1990-01-18,7.8750,8.1250,7.8438,8.0625,0
1990-01-19,8.0312,8.0625,7.9375,7.9688,0
1990-01-22,7.9375,7.9375,7.6875,7.7500,0
1990-01-23,7.8125,7.9375,7.7500,7.8750,0
1990-01-24,7.7812,7.9062,7.6562,7.7500,0
1990-01-25,7.8750,7.9062,7.6562,7.7188,0
1990-01-26,7.6875,7.9375,7.5938,7.8125,0
1990-01-29,7.7812,7.9062,7.6562,7.8125,0
1990-01-30,7.7812,7.9375,7.7500,7.8125,0
1990-01-31,7.8750,8.1562,7.8750,8.1562,0
1990-02-01,8.1562,8.3438,8.1562,8.2812,0
1990-02-02,8.2500,8.3750,8.2500,8.3125,0
1990-02-05,8.2500,8.3750,8.2500,8.3750,0
1990-02-06,8.3125,8.3438,8.2500,8.2812,0
1990-02-07,8.3125,8.4688,8.1875,8.4688,0
1990-02-08,8.4375,8.5000,8.2812,8.2812,0
1990-02-09,8.3438,8.3750,8.2188,8.2500,0
1990-02-12,8.2188,8.2500,8.1250,8.1250,0
1990-02-13,8.0938,8.1562,8.0312,8.1562,0
1990-02-14,8.1250,8.1562,8.0312,8.0625,0
1990-02-15,8.0938,8.2188,8.0625,8.2188,0
1990-02-16,8.2188,8.2188,8.0625,8.0938,0
1990-02-20,8.0000,8.0625,7.9062,7.9688,0
1990-02-21,7.8125,7.9062,7.8125,7.8125,0
1990-02-22,7.8125,7.9062,7.7500,7.8125,0
1990-02-23,7.7188,7.7812,7.6562,7.6875,0
1990-02-26,7.6562,7.8750,7.6562,7.8750,0
1990-02-27,7.8125,7.9688,7.7812,7.9062,0
1990-02-28,7.9375,8.0625,7.8750,7.8750,0
1990-03-01,7.9062,7.9375,7.7812,7.8750,0
1990-03-02,7.9062,8.0000,7.8750,7.9375,0
1990-03-05,7.9688,8.0000,7.9375,8.0000,0
1990-03-06,8.0000,8.0312,7.9375,8.0000,0
1990-03-07,8.0000,8.0312,7.7812,7.7812,0
1990-03-08,7.8438,8.0000,7.7812,8.0000,0
1990-03-09,8.0000,8.0625,7.9375,8.0312,0
1990-03-12,7.9688,8.0000,7.9062,8.0000,0
1990-03-13,7.9375,7.9688,7.8750,7.9062,0
1990-03-14,7.9688,7.9688,7.8438,7.9375,0
1990-03-15,7.9062,7.9688,7.8750,7.9062,0
1990-03-16,7.9688,7.9688,7.9375,7.9688,0
1990-03-19,7.9688,8.1875,7.8750,8.1875,0
1990-03-20,8.1250,8.1875,8.0625,8.0938,0
1990-03-21,8.0938,8.1250,7.9062,7.9688,0
1990-03-22,7.8438,7.9062,7.7500,7.8750,0
1990-03-23,7.9375,7.9688,7.8125,7.8438,0
1990-03-26,7.8750,7.9375,7.8438,7.8438,0
1990-03-27,7.8438,7.9688,7.8125,7.9688,0
1990-03-28,8.0000,8.0312,7.9375,7.9688,0
1990-03-29,7.9375,7.9688,7.8438,7.9062,0
1990-03-30,7.9062,8.0625,7.8750,7.9375,0
1990-04-02,7.8750,7.9375,7.8125,7.9062,0
1990-04-03,7.9062,8.0312,7.9062,8.0000,0
1990-04-04,7.9375,8.0000,7.8750,7.8750,0
1990-04-05,7.8750,7.9375,7.8438,7.8750,0
1990-04-06,7.9062,7.9062,7.7500,7.8125,0
1990-04-09,7.7812,7.9688,7.7500,7.9688,0
1990-04-10,7.9688,8.1250,7.9375,8.0625,0
1990-04-11,8.0938,8.1250,8.0312,8.0312,0
1990-04-12,8.0312,8.2188,8.0312,8.1562,0
1990-04-16,8.2188,8.3125,8.1562,8.2188,0
1990-04-17,8.1562,8.2812,8.1250,8.2500,0
1990-04-18,8.2812,8.2812,8.0625,8.0938,0
1990-04-19,8.0312,8.0938,7.9688,7.9688,0
1990-04-20,7.9688,8.0000,7.7500,7.8750,0
1990-04-23,7.8750,7.8750,7.6875,7.7812,0
1990-04-24,7.7812,7.8438,7.6875,7.7188,0
1990-04-25,7.7500,7.7812,7.7188,7.7188,0
1990-04-26,7.7500,7.7812,7.5938,7.6562,0
1990-04-27,7.6562,7.7188,7.5938,7.5938,0
1990-04-30,7.5938,7.6250,7.5000,7.5625,0
1990-05-01,7.5625,7.6875,7.5000,7.6562,0
1990-05-02,7.6562,7.7812,7.6562,7.7812,0
1990-05-03,7.8125,7.9375,7.7812,7.8125,0
1990-05-04,7.8750,7.9688,7.7812,7.9688,0
1990-05-07,7.9688,8.0312,7.9062,7.9375,0
1990-05-08,7.9062,7.9375,7.8125,7.8438,0
1990-05-09,7.7812,7.9688,7.7812,7.9375,0
1990-05-10,7.9375,8.0625,7.9062,7.9688,0
1990-05-11,8.0000,8.1875,7.9688,8.1562,0
1990-05-14,8.1250,8.2500,8.0625,8.1250,0
1990-05-15,8.0312,8.0938,7.9688,8.0312,0
1990-05-16,8.0000,8.0625,7.9062,7.9375,0
1990-05-17,7.9688,8.0625,7.9375,7.9688,0
1990-05-18,8.0000,8.2188,7.9375,8.1875,0
1990-05-21,8.1875,8.3750,8.0938,8.3750,0
1990-05-22,8.4375,8.5000,8.3438,8.4062,0
1990-05-23,8.3125,8.5312,8.2500,8.5312,0
1990-05-24,8.6250,8.8750,8.5938,8.7812,0
1990-05-25,8.7188,8.7188,8.5938,8.5938,0
1990-05-29,8.6250,8.7500,8.5625,8.6875,0
1990-05-30,8.7500,8.7500,8.5938,8.6562,0
1990-05-31,8.5625,8.6562,8.5625,8.6562,0
1990-06-01,8.7500,9.1875,8.6562,8.8750,0
1990-06-04,8.8438,9.0938,8.5625,9.0938,0
1990-06-05,9.1562,9.1875,8.8750,8.9375,0
1990-06-06,8.8438,8.9375,8.7188,8.7812,0
1990-06-07,8.8125,8.8750,8.6562,8.8438,0
1990-06-08,8.7812,8.8125,8.5938,8.6875,0
1990-06-11,8.6250,8.8750,8.5938,8.8438,0
1990-06-12,8.9062,9.1250,8.8438,9.0312,0
1990-06-13,9.0625,9.1562,8.9375,9.0625,0
1990-06-14,9.0625,9.0938,8.8438,8.9062,0
1990-06-15,8.8125,8.9375,8.8125,8.8438,0
1990-06-18,8.8438,9.0000,8.7812,8.8125,0
1990-06-19,8.8125,8.8750,8.8125,8.8438,0
1990-06-20,8.8750,8.9375,8.7812,8.8125,0
1990-06-21,8.8438,8.8750,8.6562,8.8125,0
1990-06-22,8.7500,8.8125,8.3750,8.5625,0
1990-06-25,8.6250,8.9375,8.5625,8.5625,0
1990-06-26,8.6875,8.7500,8.5625,8.5625,0
1990-06-27,8.5625,8.7188,8.5625,8.6562,0
1990-06-28,8.6875,9.0312,8.6562,8.9688,0
1990-06-29,8.9688,9.0625,8.8438,8.8750,0
1990-07-02,8.9062,8.9375,8.8438,8.9062,0
1990-07-03,9.0000,9.1562,8.9688,9.0000,0
1990-07-05,8.9375,8.9688,8.7500,8.8438,0
1990-07-06,8.8750,8.9688,8.8125,8.9375,0
1990-07-09,9.0000,9.0312,8.9375,9.0000,0
1990-07-10,8.9688,9.0000,8.8750,8.8750,0
1990-07-11,8.9375,9.0000,8.8750,9.0000,0
1990-07-12,9.0000,9.2812,9.0000,9.2500,0
1990-07-13,9.3125,9.6250,9.2500,9.2500,0
1990-07-16,9.3125,9.5312,9.2812,9.4375,0
1990-07-17,9.4375,9.5312,9.3438,9.5312,0
1990-07-18,9.4688,9.5000,9.4062,9.5000,0
1990-07-19,9.5000,9.5000,9.1875,9.3750,0
1990-07-20,9.3750,9.4375,8.8750,9.0000,0
1990-07-23,8.1875,8.3750,7.9062,8.2500,0
1990-07-24,8.2500,8.3438,7.7812,8.3125,0
1990-07-25,8.3125,8.3750,8.2812,8.3125,0
1990-07-26,8.2188,8.2500,8.0625,8.1562,0
1990-07-27,8.1875,8.2188,7.8438,7.9375,0
1990-07-30,7.8750,8.0312,7.7500,8.0312,0
1990-07-31,7.9375,8.0000,7.8125,7.8438,0
1990-08-01,7.8438,7.8438,7.6875,7.7812,0
1990-08-02,7.7500,7.7500,7.5000,7.6875,0
1990-08-03,7.5938,7.5938,7.3750,7.5625,0
1990-08-06,7.3125,7.4688,7.2188,7.2812,0
1990-08-07,7.3750,7.4688,6.8750,7.4375,0
1990-08-08,7.4375,7.5625,7.1875,7.5312,0
1990-08-09,7.5938,7.7500,7.4688,7.7188,0
1990-08-10,7.6562,7.6562,7.3438,7.4688,0
1990-08-13,7.3438,7.5000,7.2812,7.4375,0
1990-08-14,7.5000,7.5312,7.3750,7.5000,0
1990-08-15,7.5312,7.5625,7.4688,7.5312,0
1990-08-16,7.4688,7.4688,7.2500,7.2500,0
1990-08-17,7.0625,7.1250,7.0000,7.0625,0
1990-08-20,7.0625,7.2188,7.0312,7.0938,0
1990-08-21,7.0000,7.0938,6.7812,7.0000,0
1990-08-22,7.0312,7.0625,6.8438,6.9062,0
1990-08-23,6.5312,6.7500,6.4062,6.6250,0
1990-08-24,6.9375,6.9375,6.6875,6.8438,0
1990-08-27,7.3125,7.3125,7.0000,7.0625,0
1990-08-28,7.0938,7.0938,6.8438,6.9688,0
1990-08-29,6.9375,6.9688,6.8125,6.8750,0
1990-08-30,6.9062,7.0000,6.8750,6.9375,0
1990-08-31,6.9375,7.0000,6.8750,6.9688,0
1990-09-04,6.8750,7.0000,6.8438,7.0000,0
1990-09-05,6.9688,7.0312,6.7812,6.9062,0
1990-09-06,6.8750,6.9062,6.6562,6.6875,0
1990-09-07,6.6250,6.9688,6.6250,6.9688,0
1990-09-10,6.9688,7.1562,6.9062,6.9062,0
1990-09-11,6.8125,6.9375,6.7188,6.9375,0
1990-09-12,7.0312,7.0625,6.8125,6.8750,0
1990-09-13,6.8125,6.8438,6.6562,6.7188,0
1990-09-14,6.6875,6.7188,6.6250,6.7188,0
1990-09-17,6.6562,6.7500,6.5938,6.5938,0
1990-09-18,6.5312,6.7188,6.5000,6.7188,0
1990-09-19,6.7188,6.7188,6.5312,6.5625,0
1990-09-20,6.5312,6.5625,6.4062,6.4375,0
1990-09-21,6.4688,6.4688,6.3750,6.4375,0
1990-09-24,6.4062,6.4062,6.2812,6.3438,0
1990-09-25,6.3125,6.5312,6.2500,6.5312,0
1990-09-26,6.4688,6.5625,6.3438,6.4688,0
1990-09-27,6.5312,6.6250,6.3750,6.4375,0
1990-09-28,6.3750,6.5000,6.3125,6.5000,0
1990-10-01,6.5000,6.8438,6.4688,6.7500,0
1990-10-02,6.8125,6.9375,6.6250,6.8750,0
1990-10-03,6.8750,6.9688,6.7500,6.7500,0
1990-10-04,6.7812,6.9062,6.7500,6.8750,0
1990-10-05,6.7812,6.9688,6.7500,6.7812,0
1990-10-08,6.8125,6.8750,6.7500,6.8125,0
1990-10-09,6.7500,6.7812,6.6562,6.6875,0
1990-10-10,6.6875,6.7812,6.5938,6.6875,0
1990-10-11,6.6562,6.7188,6.3438,6.4062,0
1990-10-12,6.4375,6.6562,6.3438,6.5000,0
1990-10-15,6.5000,6.7188,6.4062,6.5625,0
1990-10-16,6.6250,6.7500,6.5938,6.7188,0
1990-10-17,6.7188,6.7812,6.6250,6.6250,0
1990-10-18,6.6875,6.7812,6.6250,6.7812,0
1990-10-19,6.8750,6.9688,6.7500,6.8750,0
1990-10-22,6.7812,6.8750,6.6875,6.7812,0
1990-10-23,6.7188,6.9375,6.5938,6.6875,0
1990-10-24,6.5000,6.5938,6.3438,6.5625,0
1990-10-25,6.5938,6.6250,6.4062,6.4375,0
1990-10-26,6.4062,6.4375,6.3438,6.3438,0
1990-10-29,6.3750,6.4375,6.2812,6.4062,0
1990-10-30,6.3750,6.4688,6.3750,6.4062,0
1990-10-31,6.4062,6.4375,6.2812,6.3125,0
1990-11-01,6.3750,6.4375,6.3438,6.3750,0
1990-11-02,6.4375,6.4688,6.4062,6.4062,0
1990-11-05,6.4688,6.6250,6.4375,6.5312,0
1990-11-06,6.4688,6.6875,6.4375,6.5938,0
1990-11-07,6.7188,6.7500,6.5000,6.5938,0
1990-11-08,6.5938,6.6875,6.5000,6.6250,0
1990-11-09,6.6875,6.8125,6.6562,6.8125,0
1990-11-12,6.9375,7.2188,6.9062,7.1875,0
1990-11-13,7.1875,7.1875,6.9062,7.0625,0
1990-11-14,7.0625,7.2188,7.0312,7.1875,0
1990-11-15,7.1250,7.1875,7.0938,7.0938,0
1990-11-16,7.0938,7.1875,7.0312,7.0938,0
1990-11-19,7.1250,7.1875,7.0938,7.1250,0
1990-11-20,7.1250,7.1875,7.0625,7.0938,0
1990-11-21,7.1250,7.1562,7.0312,7.0625,0
1990-11-23,7.1875,7.4375,7.1562,7.1875,0
1990-11-26,7.0938,7.1250,7.0000,7.0312,0
1990-11-27,7.0312,7.3125,7.0312,7.1875,0
1990-11-28,7.2812,7.3438,7.2500,7.2812,0
1990-11-29,7.0000,7.0938,6.8750,7.0000,0
1990-11-30,6.8750,7.1250,6.8125,7.0312,0
1990-12-03,7.0625,7.3750,7.0000,7.3438,0
1990-12-04,7.3125,7.3750,7.1562,7.3438,0
1990-12-05,7.3125,7.4375,7.2500,7.4062,0
1990-12-06,7.5000,7.5625,7.4062,7.4062,0
1990-12-07,7.4375,7.6250,7.4062,7.5625,0
1990-12-10,7.5312,7.5938,7.5000,7.5312,0
1990-12-11,7.5312,7.5625,7.4688,7.4688,0
1990-12-12,7.4688,7.5625,7.4688,7.5625,0
1990-12-13,7.5625,7.6250,7.5000,7.5312,0
1990-12-14,7.5000,7.5312,7.3438,7.3438,0
1990-12-17,7.3125,7.3438,7.1875,7.2812,0
1990-12-18,7.2500,7.4688,7.2500,7.4375,0
1990-12-19,7.4688,7.4688,7.3438,7.3438,0
1990-12-20,7.3438,7.4375,7.2500,7.3750,0
1990-12-21,7.4375,7.4375,7.2500,7.2500,0
1990-12-24,7.2500,7.2812,7.0938,7.0938,0
1990-12-26,7.1250,7.1875,7.0938,7.0938,0
1990-12-27,7.1250,7.1875,7.0938,7.1250,0
1990-12-28,7.1250,7.2500,6.9688,7.1875,0
1990-12-31,7.2188,7.3125,7.1875,7.2812,0
1991-01-02,7.2812,7.2812,7.0938,7.1250,0
1991-01-03,7.1562,7.1562,7.0312,7.0312,0
1991-01-04,7.0000,7.0625,6.9688,7.0625,0
1991-01-07,6.9688,7.0000,6.8125,6.8438,0
1991-01-08,6.8438,6.8750,6.7188,6.8750,0
1991-01-09,6.9375,7.0938,6.8125,6.8750,0
1991-01-10,6.9375,6.9688,6.8438,6.9375,0
1991-01-11,6.9062,6.9375,6.7812,6.7812,0
1991-01-14,6.5625,6.7188,6.5312,6.6875,0
1991-01-15,6.7188,6.8438,6.7188,6.7812,0
1991-01-16,6.7812,6.8125,6.6875,6.7500,0
1991-01-17,7.3125,7.3750,7.0625,7.1875,0
1991-01-18,7.1562,7.3750,7.1562,7.3125,0
1991-01-21,7.2500,7.2812,7.1250,7.1875,0
1991-01-22,7.2188,7.2188,7.1250,7.1875,0
1991-01-23,7.1875,7.2812,7.1250,7.1250,0
1991-01-24,7.1875,7.2812,7.0625,7.0938,0
1991-01-25,7.0938,7.1250,6.9062,7.0938,0
1991-01-28,7.0938,7.2812,6.9062,6.9375,0
1991-01-29,6.7188,6.7812,6.5938,6.6875,0
1991-01-30,6.7500,6.9375,6.7188,6.9375,0
1991-01-31,6.8750,7.1562,6.8438,7.1250,0
1991-02-01,7.1875,7.2812,7.1250,7.1562,0
1991-02-04,7.2188,7.3438,7.1562,7.3125,0
1991-02-05,7.2812,7.3438,7.1250,7.2812,0
1991-02-06,7.2188,7.3438,7.1562,7.2812,0
1991-02-07,7.2188,7.4375,7.1250,7.1562,0
1991-02-08,7.1562,7.2500,7.1250,7.1875,0
1991-02-11,7.2812,7.5938,7.2812,7.5000,0
1991-02-12,7.6250,7.8750,7.5938,7.8125,0
1991-02-13,7.9062,8.1250,7.8125,8.0938,0
1991-02-14,8.1562,8.1562,7.8438,7.9062,0
1991-02-15,7.8750,7.9688,7.8125,7.8750,0
1991-02-19,7.9375,8.0625,7.8750,8.0312,0
1991-02-20,7.9375,8.0000,7.8125,7.9688,0
1991-02-21,7.9688,8.0938,7.9375,8.0312,0
1991-02-22,7.9688,8.0938,7.7188,7.7812,0
1991-02-25,7.9062,7.9375,7.7188,7.7500,0
1991-02-26,7.6875,7.7500,7.5938,7.6562,0
1991-02-27,7.6250,7.7188,7.5938,7.6875,0
1991-02-28,7.8125,8.0312,7.7188,7.9062,0
1991-03-01,7.8438,8.0938,7.8125,8.0000,0
1991-03-04,8.0625,8.2812,8.0312,8.1250,0
1991-03-05,8.1562,8.3125,8.0938,8.2812,0
1991-03-06,8.3750,8.4375,8.2500,8.2500,0
1991-03-07,8.4375,8.6250,8.4062,8.5312,0
1991-03-08,8.5938,8.7500,8.3750,8.5000,0
1991-03-11,8.4375,8.4375,8.2188,8.2188,0
1991-03-12,8.2188,8.4688,8.2188,8.4688,0
1991-03-13,8.5625,8.8438,8.5625,8.7812,0
1991-03-14,8.7500,8.9688,8.6562,8.7500,0
1991-03-15,8.7500,8.7812,8.5000,8.6250,0
1991-03-18,8.5938,8.7500,8.5000,8.7500,0
1991-03-19,8.6250,8.7500,8.5625,8.7188,0
1991-03-20,8.6562,8.7500,8.6250,8.6250,0
1991-03-21,8.6250,8.6875,8.1875,8.3125,0
1991-03-22,8.2500,8.5312,8.1875,8.4062,0
1991-03-25,8.4375,8.5312,8.3750,8.4062,0
1991-03-26,8.3750,8.4688,8.3438,8.4688,0
1991-03-27,8.6250,8.7188,8.5312,8.6875,0
1991-03-28,8.6875,8.8125,8.6250,8.6875,0
1991-04-01,8.6562,8.6875,8.4688,8.4688,0
1991-04-02,8.5000,8.7188,8.4688,8.7188,0
1991-04-03,8.7188,8.7812,8.5938,8.6562,0
1991-04-04,8.6875,8.9688,8.6562,8.8750,0
1991-04-05,8.9375,9.0000,8.8125,8.9375,0
1991-04-08,8.8438,8.9062,8.8125,8.8750,0
1991-04-09,8.8438,8.8438,8.5938,8.5938,0
1991-04-10,8.5938,8.7500,8.5312,8.5625,0
1991-04-11,8.7188,8.8750,8.6875,8.8438,0
1991-04-12,8.9688,9.0000,8.7500,8.7812,0
1991-04-15,8.8438,8.8750,8.6875,8.6875,0
1991-04-16,8.7188,8.8750,8.6562,8.8438,0
1991-04-17,8.8438,8.9062,8.7500,8.8438,0
1991-04-18,8.6875,8.7812,8.6562,8.7500,0
1991-04-19,8.6562,8.6875,8.5625,8.6250,0
1991-04-22,8.6250,8.9062,8.5938,8.7500,0
1991-04-23,8.7812,8.8438,8.5938,8.7188,0
1991-04-24,8.7500,8.8438,8.7188,8.8125,0
1991-04-25,8.7500,8.8438,8.6875,8.6875,0
1991-04-26,8.6562,8.7188,8.5938,8.5938,0
1991-04-29,8.5938,8.6250,8.4375,8.4375,0
1991-04-30,8.3750,8.6250,8.3438,8.3750,0
1991-05-01,8.4375,8.5000,8.3125,8.5000,0
1991-05-02,8.5625,8.5938,8.5000,8.5312,0
1991-05-03,8.5000,8.5312,8.2812,8.3750,0
1991-05-06,8.3750,8.4062,8.2500,8.3125,0
1991-05-07,8.3750,8.4688,8.3438,8.4062,0
1991-05-08,8.4375,8.5312,8.3750,8.5000,0
1991-05-09,8.5625,8.6250,8.5000,8.5625,0
1991-05-10,8.5938,8.5938,8.4375,8.4688,0
1991-05-13,8.4688,8.4688,8.4062,8.4375,0
1991-05-14,8.4062,8.4688,8.3438,8.3750,0
1991-05-15,8.4375,8.4688,8.1562,8.1875,0
1991-05-16,8.2812,8.2812,8.1875,8.2500,0
1991-05-17,8.2500,8.4688,8.2188,8.4062,0
1991-05-20,8.4688,8.5938,8.3750,8.5312,0
1991-05-21,8.5312,8.7188,8.5000,8.6875,0
1991-05-22,8.6875,8.7188,8.5938,8.5938,0
1991-05-23,8.5938,8.6562,8.4688,8.4688,0
1991-05-24,8.5000,8.6250,8.4062,8.4375,0
1991-05-28,8.5000,8.6250,8.4375,8.6250,0
1991-05-29,8.5938,8.7188,8.5625,8.6562,0
1991-05-30,8.6562,8.8750,8.6562,8.8125,0
1991-05-31,8.7500,8.8750,8.6875,8.7500,0
1991-06-03,8.7500,8.8125,8.6562,8.7188,0
1991-06-04,8.6875,8.8125,8.6562,8.7500,0
1991-06-05,8.7500,8.7812,8.5938,8.6562,0
1991-06-06,8.6250,8.6562,8.5000,8.5312,0
1991-06-07,8.5312,8.5625,8.4375,8.5312,0
1991-06-10,8.5000,8.5312,8.4062,8.4688,0
1991-06-11,8.4688,8.6562,8.4688,8.5938,0
1991-06-12,8.6250,8.6875,8.4688,8.5000,0
1991-06-13,8.5000,8.5312,8.4062,8.5312,0
1991-06-14,8.3750,8.4062,8.3125,8.3125,0
1991-06-17,8.3125,8.3438,8.0625,8.1875,0
1991-06-18,8.1250,8.2188,7.8125,8.0625,0
1991-06-19,8.0000,8.0312,7.9062,8.0000,0
1991-06-20,7.9688,8.0312,7.9062,7.9688,0
1991-06-21,7.9375,8.0312,7.9062,8.0312,0
1991-06-24,8.0000,8.1250,7.9062,7.9062,0
1991-06-25,7.9375,7.9688,7.8438,7.9062,0
1991-06-26,7.8750,8.0000,7.8438,7.9375,0
1991-06-27,8.0000,8.3750,8.0000,8.3438,0
1991-06-28,8.2812,8.3438,8.1562,8.2188,0
1991-07-01,8.3125,8.4062,8.3125,8.3750,0
1991-07-02,8.3125,8.3750,8.2812,8.3750,0
1991-07-03,8.2812,8.3125,8.2500,8.2500,0
1991-07-05,8.2500,8.3125,8.2188,8.2500,0
1991-07-08,8.1875,8.2500,8.1562,8.2500,0
1991-07-09,8.2500,8.3438,8.2188,8.2500,0
1991-07-10,8.2500,8.3125,8.2188,8.2500,0
1991-07-11,8.2500,8.2812,8.2188,8.2812,0
1991-07-12,8.2812,8.3438,8.2500,8.2500,0
1991-07-15,8.2188,8.3438,8.2188,8.2812,0
1991-07-16,8.3438,8.3750,8.2500,8.2812,0
1991-07-17,8.3125,8.5312,8.2812,8.5000,0
1991-07-18,8.5000,8.5312,8.3750,8.4688,0
1991-07-19,8.4688,8.6250,8.4375,8.5625,0
1991-07-22,8.5312,8.5625,8.5000,8.5625,0
1991-07-23,8.5625,8.5938,8.3125,8.3125,0
1991-07-24,8.3125,8.4062,8.2188,8.2812,0
1991-07-25,8.3125,8.3438,8.2188,8.2500,0
1991-07-26,8.2500,8.2500,8.1562,8.1875,0
1991-07-29,8.1562,8.1875,8.0938,8.1562,0
1991-07-30,8.1875,8.2812,8.1250,8.2500,0
1991-07-31,8.2500,8.2500,8.1250,8.1875,0
1991-08-01,8.1562,8.2188,8.0000,8.0625,0
1991-08-02,8.0938,8.0938,7.8750,7.9375,0
1991-08-05,7.9688,7.9688,7.8750,7.8750,0
1991-08-06,7.9062,8.0625,7.9062,7.9688,0
1991-08-07,8.0312,8.1875,8.0312,8.1562,0
1991-08-08,8.1562,8.2812,8.1562,8.2500,0
1991-08-09,8.2500,8.3125,8.1562,8.1562,0
1991-08-12,8.1562,8.1562,8.0312,8.0312,0
1991-08-13,8.0938,8.3125,8.0625,8.1562,0
1991-08-14,8.1875,8.2188,8.0312,8.0312,0
1991-08-15,8.0625,8.2188,8.0000,8.0312,0
1991-08-16,8.0625,8.0625,7.9688,8.0000,0
1991-08-19,7.5625,7.8438,7.5000,7.7500,0
1991-08-20,7.8125,7.8438,7.6250,7.7500,0
1991-08-21,7.9688,8.0312,7.9062,8.0000,0
1991-08-22,8.0625,8.0938,8.0000,8.0625,0
1991-08-23,8.0000,8.2500,7.9688,8.1875,0
1991-08-26,8.1875,8.1875,8.1250,8.1562,0
1991-08-27,8.1562,8.1875,8.0938,8.1250,0
1991-08-28,8.1250,8.2188,8.0938,8.2188,0
1991-08-29,8.2188,8.3438,8.1875,8.3125,0
1991-08-30,8.2500,8.3438,8.1562,8.1562,0
1991-09-03,8.1562,8.2188,8.1250,8.1250,0
1991-09-04,8.0625,8.0938,7.9062,7.9375,0
1991-09-05,7.9062,8.0000,7.8750,7.8750,0
1991-09-06,7.8750,7.9375,7.7500,7.8438,0
1991-09-09,7.8750,8.0938,7.8750,8.0000,0
1991-09-10,8.1250,8.1250,7.9688,8.0312,0
1991-09-11,8.0625,8.1250,7.9688,8.1250,0
1991-09-12,8.1562,8.2812,8.1250,8.2812,0
1991-09-13,8.2812,8.2812,8.0938,8.1562,0
1991-09-16,8.1250,8.2500,8.1250,8.2500,0
1991-09-17,8.1875,8.2812,8.1562,8.1562,0
1991-09-18,8.1250,8.2188,8.0625,8.2188,0
1991-09-19,8.2188,8.3125,8.1562,8.2188,0
1991-09-20,8.2500,8.4062,8.1875,8.3125,0
1991-09-23,8.3125,8.4688,8.2812,8.4062,0
1991-09-24,8.4375,8.4375,8.2812,8.3438,0
1991-09-25,8.4688,8.6562,8.4062,8.6562,0
1991-09-26,8.7188,8.9375,8.5625,8.8125,0
1991-09-27,8.8125,8.9375,8.6875,8.7812,0
1991-09-30,8.8125,8.9062,8.7500,8.7500,0
1991-10-01,8.8125,8.8438,8.7188,8.7188,0
1991-10-02,8.7500,8.9375,8.7188,8.8438,0
1991-10-03,8.8125,8.9062,8.7188,8.7500,0
1991-10-04,8.7812,8.8750,8.6875,8.7812,0
1991-10-07,8.7500,8.7812,8.6562,8.7188,0
1991-10-08,8.7500,8.8438,8.6562,8.7188,0
1991-10-09,8.6875,8.7188,8.5625,8.5938,0
1991-10-10,8.5938,8.7500,8.5312,8.7188,0
1991-10-11,8.7812,8.8125,8.6875,8.8125,0
1991-10-14,8.8125,8.9375,8.7812,8.9062,0
1991-10-15,8.8750,9.0000,8.7500,8.9375,0
1991-10-16,8.9375,9.0312,8.8750,9.0312,0
1991-10-17,9.0000,9.1875,8.9375,9.1250,0
1991-10-18,9.1875,9.3750,9.1562,9.3125,0
1991-10-21,9.3438,9.3438,8.9375,9.0000,0
1991-10-22,9.0000,9.0625,8.7500,8.7500,0
1991-10-23,8.7188,8.7500,8.4688,8.7500,0
1991-10-24,8.7500,8.7500,8.5625,8.6875,0
1991-10-25,8.7188,8.7188,8.5625,8.5625,0
1991-10-28,8.6875,8.8125,8.5938,8.6875,0
1991-10-29,8.7500,8.9062,8.6875,8.9062,0
1991-10-30,8.9062,8.9688,8.7812,8.8125,0
1991-10-31,8.8125,8.8125,8.6562,8.6875,0
1991-11-01,8.7500,8.7500,8.5312,8.6562,0
1991-11-04,8.6562,8.7188,8.5312,8.6875,0
1991-11-05,8.6562,8.7812,8.6562,8.7188,0
1991-11-06,8.7188,8.9375,8.6875,8.7812,0
1991-11-07,8.7500,8.8750,8.7500,8.8125,0
1991-11-08,8.9062,8.9062,8.8438,8.9062,0
1991-11-11,8.9062,9.0000,8.8438,8.8750,0
1991-11-12,8.9062,8.9062,8.7812,8.8750,0
1991-11-13,8.8750,8.9062,8.8125,8.8750,0
1991-11-14,8.9375,8.9688,8.8438,8.9062,0
1991-11-15,8.9062,8.9062,8.5312,8.5312,0
1991-11-18,8.5625,8.7500,8.4375,8.7500,0
1991-11-19,8.6562,8.6562,8.4688,8.5938,0
1991-11-20,8.7188,8.7188,8.4062,8.4062,0
1991-11-21,8.4062,8.5625,8.3750,8.5312,0
1991-11-22,8.5312,8.5312,8.3125,8.4375,0
1991-11-25,8.3750,8.4375,8.2188,8.4375,0
1991-11-26,8.5000,8.5625,8.4062,8.5312,0
1991-11-27,8.4688,8.5312,8.4375,8.4688,0
1991-11-29,8.4062,8.4688,8.4062,8.4062,0
1991-12-02,8.3438,8.5938,8.2812,8.5625,0
1991-12-03,8.5000,8.5625,8.4062,8.4688,0
1991-12-04,8.5312,8.5312,8.4062,8.4688,0
1991-12-05,8.4062,8.4375,8.3125,8.4062,0
1991-12-06,8.4062,8.6250,8.3750,8.5938,0
1991-12-09,8.5625,8.6875,8.5000,8.6562,0
1991-12-10,8.5938,8.7500,8.5938,8.6875,0
1991-12-11,8.7500,8.7500,8.5312,8.5625,0
1991-12-12,8.5938,8.6875,8.5938,8.6562,0
1991-12-13,8.7500,8.8125,8.6875,8.7500,0
1991-12-16,8.8750,9.0312,8.6250,8.9688,0
1991-12-17,9.0312,9.0938,8.9688,9.0312,0
1991-12-18,9.0625,9.1250,9.0000,9.0938,0
1991-12-19,9.0625,9.1875,9.0312,9.1562,0
1991-12-20,9.3125,9.3438,9.1875,9.3125,0
1991-12-23,9.2500,9.5938,9.2188,9.4688,0
1991-12-24,9.5312,9.9688,9.5000,9.8125,0
1991-12-26,9.6250,9.8750,9.6250,9.8750,0
1991-12-27,9.8125,9.8125,9.6562,9.7188,0
1991-12-30,9.8125,9.8750,9.7500,9.8125,0
1991-12-31,9.7812,9.9688,9.5000,9.5000,0
1992-01-02,9.6250,9.9062,9.5625,9.8125,0
1992-01-03,9.7812,9.9375,9.7500,9.8438,0
1992-01-06,9.9062,10.1250,9.8125,10.0625,0
1992-01-07,10.0000,10.2812,10.0000,10.2812,0
1992-01-08,10.0938,10.3438,10.0938,10.2812,0
1992-01-09,10.2500,10.7188,10.2500,10.7188,0
1992-01-10,10.5938,10.6562,10.4375,10.5000,0
1992-01-13,10.4375,10.5312,10.4062,10.5000,0
1992-01-14,10.4688,10.7500,10.4688,10.7500,0
1992-01-15,10.6875,10.7812,10.5625,10.5625,0
1992-01-16,10.2500,10.5000,10.0000,10.2188,0
1992-01-17,10.2188,10.2500,10.0625,10.2500,0
1992-01-20,10.2188,10.4375,10.1250,10.3750,0
1992-01-21,10.4375,10.6875,10.4062,10.5938,0
1992-01-22,10.5000,10.8750,10.5000,10.7812,0
1992-01-23,10.7188,10.8750,10.6250,10.6562,0
1992-01-24,10.5000,10.8438,10.5000,10.7188,0
1992-01-27,10.7500,10.8438,10.6250,10.6250,0
1992-01-28,10.6562,10.9062,10.6562,10.8750,0
1992-01-29,10.7500,11.2500,10.5000,10.5625,0
1992-01-30,10.7500,11.1250,10.6562,11.0625,0
1992-01-31,11.0312,11.0938,10.8750,10.8750,0
1992-02-03,10.8125,11.0000,10.7500,10.9688,0
1992-02-04,10.9062,10.9688,10.7188,10.8750,0
1992-02-05,10.8125,11.0625,10.8125,10.9062,0
1992-02-06,10.8750,11.0000,10.8125,10.8750,0
1992-02-07,10.9375,11.0312,10.7812,10.9375,0
1992-02-10,10.9375,10.9375,10.7812,10.8438,0
1992-02-11,10.7812,10.8750,10.6250,10.7500,0
1992-02-12,10.5938,11.0625,10.5938,10.9688,0
1992-02-13,10.9062,11.0938,10.8438,10.9062,0
1992-02-14,10.7812,10.8750,10.6250,10.7188,0
1992-02-18,10.6250,10.7812,10.2188,10.3438,0
1992-02-19,10.2188,10.2812,10.1562,10.2500,0
1992-02-20,10.3125,10.5938,10.3125,10.5312,0
1992-02-21,10.5000,10.7812,10.4375,10.7188,0
1992-02-24,10.6875,10.8750,10.6562,10.8125,0
1992-02-25,10.7500,10.7812,10.5625,10.6250,0
1992-02-26,10.2500,10.3750,10.1250,10.2500,0
1992-02-27,10.3125,10.3438,10.2188,10.2188,0
1992-02-28,10.2500,10.2812,10.0938,10.1250,0
1992-03-02,10.2188,10.4062,10.1875,10.3125,0
1992-03-03,10.4375,10.5312,10.2500,10.2500,0
1992-03-04,10.2812,10.3438,10.1875,10.1875,0
1992-03-05,10.1250,10.2500,9.9062,10.0000,0
1992-03-06,10.0938,10.1875,9.8438,10.0000,0
1992-03-09,10.0625,10.0625,9.8438,10.0312,0
1992-03-10,9.9688,10.0938,9.9375,10.0000,0
1992-03-11,10.0938,10.4688,10.0938,10.4062,0
1992-03-12,10.4688,10.6875,10.2500,10.6875,0
1992-03-13,10.6875,10.8125,10.6562,10.6562,0
1992-03-16,10.6562,10.6562,10.5625,10.6250,0
1992-03-17,10.6250,10.7500,10.5938,10.7188,0
1992-03-18,10.7500,11.0938,10.6875,11.0625,0
1992-03-19,11.0625,11.0938,10.8438,10.8750,0
1992-03-20,10.8750,10.8750,10.7188,10.7812,0
1992-03-23,10.6562,10.6875,10.5625,10.6562,0
1992-03-24,10.8125,10.8750,10.4062,10.5000,0
1992-03-25,10.3125,10.5000,10.2500,10.3750,0
1992-03-26,10.4062,10.5000,10.3438,10.5000,0
1992-03-27,10.4688,10.4688,10.2188,10.2500,0
1992-03-30,10.2500,10.3125,9.9062,10.1250,0
1992-03-31,10.0938,10.1250,9.9688,9.9688,0
1992-04-01,9.8750,10.1250,9.8438,10.1250,0
1992-04-02,10.1562,10.2500,10.0938,10.1562,0
1992-04-03,10.2188,10.4688,10.1875,10.3438,0
1992-04-06,10.4062,10.5312,10.2812,10.5312,0
1992-04-07,10.5000,10.5312,10.3750,10.4375,0
1992-04-08,10.3438,10.4688,10.2812,10.3750,0
1992-04-09,10.4062,10.5938,10.3438,10.5312,0
1992-04-10,10.6250,10.7188,10.4375,10.4688,0
1992-04-13,10.4688,10.4688,10.1250,10.2188,0
1992-04-14,10.2500,10.4062,10.2188,10.4062,0
1992-04-15,10.5625,10.6875,10.5312,10.5625,0
1992-04-16,10.5625,10.6875,10.5312,10.6250,0
1992-04-20,10.5625,10.6250,10.3125,10.3438,0
1992-04-21,10.3438,10.3438,10.0312,10.2188,0
1992-04-22,10.2500,10.3125,10.1250,10.2500,0
1992-04-23,10.2500,10.6250,10.0938,10.5938,0
1992-04-24,10.8125,11.0938,10.7812,11.0000,0
1992-04-27,11.0000,11.0625,10.8750,10.9062,0
1992-04-28,10.9688,11.0000,10.8750,11.0000,0
1992-04-29,11.0000,11.2500,11.0000,11.2188,0
1992-04-30,11.0938,11.1875,11.0625,11.0938,0
1992-05-01,11.0000,11.0312,10.7188,10.8438,0
1992-05-04,10.8438,10.9375,10.8438,10.9062,0
1992-05-05,10.8750,11.0312,10.8750,10.9375,0
1992-05-06,11.0000,11.1562,10.9688,11.0625,0
1992-05-07,11.1250,11.1562,11.0312,11.0938,0
1992-05-08,11.1875,11.2188,11.0938,11.1250,0
1992-05-11,11.1250,11.4062,11.1250,11.3750,0
1992-05-12,11.1875,11.2812,11.0000,11.0312,0
1992-05-13,11.0938,11.1250,10.9375,11.0000,0
1992-05-14,11.0625,11.0625,10.8438,10.9062,0
1992-05-15,10.7812,10.8438,10.6875,10.7812,0
1992-05-18,10.8750,11.0625,10.8750,10.9375,0
1992-05-19,10.9375,11.2188,10.9375,11.1875,0
1992-05-20,11.2500,11.7188,11.2188,11.5312,0
1992-05-21,11.5625,11.6875,11.4688,11.6875,0
1992-05-22,11.5625,11.5938,11.4375,11.4688,0
1992-05-26,11.4375,11.4688,11.2188,11.2500,0
1992-05-27,11.1875,11.3750,11.1250,11.2812,0
1992-05-28,11.3438,11.7500,11.2812,11.6250,0
1992-05-29,11.5625,11.7812,11.5312,11.7188,0
1992-06-01,11.6875,11.8750,11.6250,11.7812,0
1992-06-02,11.7812,11.8750,11.7500,11.8438,0
1992-06-03,11.8125,11.8125,11.5938,11.5938,0
1992-06-04,11.6562,11.6562,11.4375,11.5000,0
1992-06-05,11.5000,11.7188,11.3750,11.6250,0
1992-06-08,11.6562,11.6562,11.4688,11.6250,0
1992-06-09,11.6250,11.6250,11.4062,11.4688,0
1992-06-10,11.4688,11.4688,11.2812,11.3125,0
1992-06-11,11.3750,11.4062,11.0000,11.1250,0
1992-06-12,11.3125,11.3125,11.1562,11.1875,0
1992-06-15,11.1875,11.2500,11.0312,11.1875,0
1992-06-16,11.2188,11.2812,11.1562,11.2188,0
1992-06-17,11.1562,11.1875,11.0000,11.0938,0
1992-06-18,11.0625,11.2812,10.9688,11.2500,0
1992-06-19,11.3125,11.4062,11.3125,11.3750,0
1992-06-22,11.3438,11.4375,11.1562,11.3125,0
1992-06-23,11.3125,11.3750,11.2500,11.3438,0
1992-06-24,11.3438,11.4688,11.2812,11.3750,0
1992-06-25,11.3750,11.5938,11.3750,11.5000,0
1992-06-26,11.4062,11.5625,11.4062,11.5312,0
1992-06-29,11.5312,11.8125,11.5312,11.7812,0
1992-06-30,11.6250,11.7188,11.5000,11.5000,0
1992-07-01,11.5312,11.6875,11.4062,11.6875,0
1992-07-02,11.6250,11.7812,11.5625,11.6250,0
1992-07-06,11.6250,11.6250,11.3125,11.5625,0
1992-07-07,11.7188,11.7188,11.2188,11.2812,0
1992-07-08,11.2188,11.2500,10.9375,11.0312,0
1992-07-09,11.1562,11.4062,11.1250,11.4062,0
1992-07-10,11.4375,11.7500,11.3750,11.7500,0
1992-07-13,11.7500,11.8125,11.5625,11.6250,0
1992-07-14,11.6250,11.6250,11.4062,11.5312,0
1992-07-15,11.5625,11.5938,11.4688,11.5312,0
1992-07-16,11.4375,11.5625,11.4062,11.5312,0
1992-07-17,11.5000,11.5625,11.3438,11.5312,0
1992-07-20,11.1250,11.3438,11.1250,11.2500,0
1992-07-21,11.3125,11.4688,11.2812,11.4062,0
1992-07-22,11.1875,11.2500,11.0312,11.1562,0
1992-07-23,11.2500,11.3125,10.4688,10.5938,0
1992-07-24,10.6875,10.9688,10.6562,10.9375,0
1992-07-27,10.9062,10.9375,10.7812,10.9062,0
1992-07-28,10.9062,11.0625,10.8750,11.0312,0
1992-07-29,11.0625,11.2188,11.0312,11.1875,0
1992-07-30,11.1250,11.1875,11.0625,11.0938,0
1992-07-31,11.0312,11.0312,10.8750,10.9688,0
1992-08-03,10.7500,10.7812,10.5625,10.6875,0
1992-08-04,10.7500,10.7500,10.6250,10.6875,0
1992-08-05,10.6875,10.7188,10.6562,10.7188,0
1992-08-06,10.7188,10.7812,10.5000,10.6250,0
1992-08-07,10.6875,10.8125,10.5625,10.5625,0
1992-08-10,10.5625,10.5625,10.4062,10.4688,0
1992-08-11,10.5312,10.7500,10.3750,10.7500,0
1992-08-12,10.7500,10.8750,10.7188,10.7188,0
1992-08-13,10.7812,10.8438,10.6875,10.7188,0
1992-08-14,10.6875,10.7500,10.5625,10.5938,0
1992-08-17,10.6250,10.6875,10.5625,10.6250,0
1992-08-18,10.6250,10.8438,10.5938,10.8125,0
1992-08-19,10.7812,10.8125,10.7188,10.7188,0
1992-08-20,10.7500,10.8438,10.6875,10.8438,0
1992-08-21,10.9062,10.9062,10.5625,10.6250,0
1992-08-24,10.4375,10.5625,10.4062,10.4688,0
1992-08-25,10.5000,10.5000,10.2812,10.4375,0
1992-08-26,10.5000,10.6875,10.4375,10.6562,0
1992-08-27,10.9375,10.9375,10.7500,10.8125,0
1992-08-28,10.8125,10.8125,10.6562,10.6875,0
1992-08-31,10.6875,10.7188,10.5938,10.6250,0
1992-09-01,10.6250,10.6562,10.5000,10.5312,0
1992-09-02,10.5938,10.6875,10.5000,10.6562,0
1992-09-03,10.8750,10.9375,10.7188,10.8750,0
1992-09-04,10.8750,10.9062,10.5625,10.6562,0
1992-09-08,10.6562,10.8438,10.5938,10.8125,0
1992-09-09,10.8125,10.9688,10.8125,10.9062,0
1992-09-10,10.9375,10.9375,10.7812,10.8750,0
1992-09-11,10.9062,11.0312,10.8750,10.9375,0
1992-09-14,11.0625,11.3438,11.0000,11.3438,0
1992-09-15,11.2500,11.3125,11.1562,11.1875,0
1992-09-16,11.1250,11.2500,11.0938,11.1562,0
1992-09-17,11.1250,11.1875,11.0625,11.1250,0
1992-09-18,11.1562,11.2188,11.0938,11.1562,0
1992-09-21,11.1875,11.2812,11.1250,11.1875,0
1992-09-22,11.0625,11.1250,11.0000,11.0625,0
1992-09-23,11.0312,11.1562,11.0312,11.1250,0
1992-09-24,11.2188,11.2188,11.1562,11.1875,0
1992-09-25,11.2188,11.2188,11.0000,11.0312,0
1992-09-28,10.9688,11.1562,10.9688,11.1562,0
1992-09-29,11.1250,11.1562,11.0625,11.1250,0
1992-09-30,11.0938,11.1875,11.0938,11.0938,0
1992-10-01,11.1250,11.1250,11.0312,11.0938,0
1992-10-02,11.0938,11.1250,10.9688,10.9688,0
1992-10-05,10.9375,10.9375,10.2188,10.7188,0
1992-10-06,10.8438,10.8438,10.6875,10.7188,0
1992-10-07,10.7812,10.9062,10.5938,10.5938,0
1992-10-08,10.6875,10.8438,10.6250,10.8125,0
1992-10-09,10.8125,10.8125,10.6250,10.7500,0
1992-10-12,10.7500,10.9375,10.7500,10.8750,0
1992-10-13,10.8438,10.8750,10.7500,10.8125,0
1992-10-14,10.7812,10.8750,10.6250,10.7500,0
1992-10-15,10.6250,10.7812,10.6250,10.6250,0
1992-10-16,10.6562,10.7812,10.5938,10.6250,0
1992-10-19,10.5625,10.6250,10.5312,10.6250,0
1992-10-20,10.6875,10.7812,10.6562,10.7188,0
1992-10-21,10.7188,10.8438,10.6562,10.6562,0
1992-10-22,10.6250,10.7500,10.5625,10.7188,0
1992-10-23,10.7812,10.8125,10.7500,10.7500,0
1992-10-26,10.7812,11.0938,10.7500,11.0938,0
1992-10-27,11.1562,11.4375,11.1562,11.4375,0
1992-10-28,11.4062,11.4688,11.3438,11.4062,0
1992-10-29,11.4688,11.5312,11.4375,11.5312,0
1992-10-30,11.5000,11.5312,11.3438,11.4688,0
1992-11-02,11.4375,11.5938,11.4375,11.5000,0
1992-11-03,11.5625,11.5625,11.4375,11.5625,0
1992-11-04,11.5312,11.5625,11.3125,11.3750,0
1992-11-05,11.3750,11.4688,11.3438,11.4375,0
1992-11-06,11.4375,11.5625,11.3438,11.5312,0
1992-11-09,11.5312,11.5625,11.4062,11.4062,0
1992-11-10,11.4062,11.5625,11.3750,11.4688,0
1992-11-11,11.5000,11.8125,11.4688,11.7500,0
1992-11-12,11.7812,11.7812,11.5625,11.6562,0
1992-11-13,11.6562,11.6875,11.5312,11.5938,0
1992-11-16,11.6250,11.8750,11.5625,11.8125,0
1992-11-17,12.0000,12.0312,11.9375,11.9688,0
1992-11-18,11.9375,12.0312,11.9375,11.9688,0
1992-11-19,12.0625,12.2812,12.0000,12.1875,0
1992-11-20,12.2188,12.2188,12.0000,12.0625,0
1992-11-23,12.0312,12.0625,11.9062,12.0312,0
1992-11-24,11.9688,12.3750,11.9688,12.2188,0
1992-11-25,12.1562,12.3750,12.0312,12.0312,0
1992-11-27,12.0625,12.4062,12.0625,12.2500,0
1992-11-30,12.3125,12.3125,12.2188,12.2500,0
1992-12-01,12.3125,12.4688,12.1875,12.2500,0
1992-12-02,12.2500,12.2812,12.2188,12.2500,0
1992-12-03,12.2188,12.2500,12.2188,12.2500,0
1992-12-04,12.2188,12.3438,12.1875,12.2188,0
1992-12-07,12.2500,12.3125,12.2188,12.2812,0
1992-12-08,12.2812,12.4062,12.2500,12.4062,0
1992-12-09,12.3438,12.4062,12.2500,12.2500,0
1992-12-10,12.2812,12.3125,12.1562,12.2812,0
1992-12-11,12.2500,12.2812,12.1562,12.2188,0
1992-12-14,12.1875,12.2500,12.0938,12.0938,0
1992-12-15,12.0625,12.1875,11.9375,11.9375,0
1992-12-16,12.0000,12.0000,11.7812,11.8438,0
1992-12-17,11.8750,12.0312,11.8750,11.9688,0
1992-12-18,12.0625,12.3438,12.0000,12.3438,0
1992-12-21,12.1875,12.4062,12.1875,12.2812,0
1992-12-22,12.3438,12.3438,12.0938,12.2812,0
1992-12-23,12.2188,12.4375,12.2188,12.4375,0
1992-12-24,12.3438,12.4062,12.1875,12.2188,0
1992-12-28,12.3438,12.5312,12.2812,12.5000,0
1992-12-29,12.5000,12.5938,12.2812,12.3125,0
1992-12-30,12.3125,12.3125,12.1562,12.2188,0
1992-12-31,12.2500,12.2812,12.1562,12.1875,0
1993-01-04,12.2188,12.3125,12.1875,12.2500,0
1993-01-05,12.2188,12.2500,12.1562,12.1875,0
1993-01-06,12.1875,12.3125,12.1875,12.2500,0
1993-01-07,12.2188,12.2812,12.1250,12.1875,0
1993-01-08,12.1250,12.3750,12.1250,12.3750,0
1993-01-11,12.3438,12.3750,12.2812,12.3125,0
1993-01-12,12.2812,12.3125,12.1875,12.2188,0
1993-01-13,12.1875,12.3750,12.1875,12.3438,0
1993-01-14,12.4062,12.5000,12.2812,12.5000,0
1993-01-15,12.5000,12.5938,12.3125,12.3750,0
1993-01-18,12.3125,12.3438,12.2812,12.3438,0
1993-01-19,12.3438,12.4062,12.2812,12.3438,0
1993-01-20,12.3750,12.3750,12.2812,12.2812,0
1993-01-21,12.2812,12.4062,12.2812,12.3750,0
1993-01-22,12.3438,12.3750,11.9688,12.0938,0
1993-01-25,12.0938,12.2812,12.0938,12.1562,0
1993-01-26,12.1875,12.2500,12.0000,12.0625,0
1993-01-27,12.0312,12.0625,11.6562,11.9688,0
1993-01-28,12.3125,12.3125,12.1562,12.1875,0
1993-01-29,12.2500,12.3125,12.1250,12.1562,0
1993-02-01,12.2188,12.3438,12.1562,12.3125,0
1993-02-02,12.3125,12.6562,12.2812,12.5625,0
1993-02-03,12.5312,12.6250,12.4688,12.5312,0
1993-02-04,12.6562,13.0000,12.5625,12.9062,0
1993-02-05,12.8438,12.9062,12.6562,12.7500,0
1993-02-08,12.6875,12.7188,12.6250,12.6250,0
1993-02-09,12.6250,12.6250,12.4062,12.4375,0
1993-02-10,12.5000,12.5938,12.4688,12.5625,0
1993-02-11,12.5625,12.6875,12.4375,12.5000,0
1993-02-12,12.4688,12.5000,12.4062,12.4062,0
1993-02-16,12.4375,12.5000,12.1562,12.1875,0
1993-02-17,12.1562,12.1875,12.0000,12.1250,0
1993-02-18,12.1875,12.2188,12.0000,12.1562,0
1993-02-19,12.2188,12.3750,12.1562,12.3750,0
1993-02-22,12.4062,12.5938,12.4062,12.5625,0
1993-02-23,12.5625,12.5938,12.4062,12.4688,0
1993-02-24,12.4375,12.5000,12.3750,12.4062,0
1993-02-25,12.4062,12.6875,12.3750,12.6562,0
1993-02-26,12.6875,12.6875,12.5312,12.6562,0
1993-03-01,12.6250,12.6562,12.4062,12.4062,0
1993-03-02,12.4688,12.8125,12.4375,12.8125,0
1993-03-03,12.8125,12.8438,12.7188,12.7812,0
1993-03-04,12.8125,12.9375,12.7812,12.9062,0
1993-03-05,12.9375,12.9688,12.7812,12.8438,0
1993-03-08,12.8750,13.1250,12.8438,13.1250,0
1993-03-09,13.0312,13.3125,13.0000,13.1875,0
1993-03-10,13.0625,13.1875,13.0000,13.1562,0
1993-03-11,13.1562,13.2500,13.0000,13.0938,0
1993-03-12,12.7500,13.0625,12.7500,12.8750,0
1993-03-15,12.9375,13.0312,12.9062,13.0312,0
1993-03-16,13.0938,13.1562,13.0625,13.1250,0
1993-03-17,13.0625,13.1875,13.0625,13.1250,0
1993-03-18,13.1562,13.3438,13.1250,13.2812,0
1993-03-19,13.3438,13.4375,13.2812,13.3750,0
1993-03-22,13.3125,13.3750,13.2812,13.2812,0
1993-03-23,13.3125,13.3125,13.2188,13.2500,0
1993-03-24,13.2188,13.2500,13.0625,13.0938,0
1993-03-25,13.1562,13.2812,13.1562,13.2188,0
1993-03-26,13.2812,13.3438,13.2188,13.3125,0
1993-03-29,13.3750,13.5625,13.3438,13.4375,0
1993-03-30,13.4688,13.4688,13.2812,13.3125,0
1993-03-31,13.3438,13.3750,13.2188,13.2188,0
1993-04-01,13.2500,13.3750,13.2500,13.3750,0
1993-04-02,13.3438,13.3438,13.0938,13.1562,0
1993-04-05,13.1250,13.1562,12.8438,12.8750,0
1993-04-06,12.9062,12.9375,12.5312,12.7188,0
1993-04-07,12.6562,12.6875,12.5625,12.5938,0
1993-04-08,12.6250,12.6875,12.5312,12.6250,0
1993-04-12,12.7188,12.8750,12.6875,12.8125,0
1993-04-13,12.8438,12.8750,12.6250,12.7188,0
1993-04-14,12.6562,12.6875,12.3750,12.4375,0
1993-04-15,12.3438,12.4062,12.2188,12.3438,0
1993-04-16,12.4062,12.4062,12.1250,12.2500,0
1993-04-19,12.1562,12.1875,11.7500,11.9062,0
1993-04-20,11.7188,11.8438,11.5000,11.7500,0
1993-04-21,11.8750,12.0625,11.8438,11.9375,0
1993-04-22,12.0000,12.0312,11.7188,11.7188,0
1993-04-23,11.6562,11.7188,11.4062,11.5312,0
1993-04-26,11.5938,11.7188,11.3750,11.5312,0
1993-04-27,11.5938,11.9688,11.5938,11.9062,0
1993-04-28,12.0625,12.1875,11.9375,12.0000,0
1993-04-29,11.9688,11.9688,11.7500,11.8438,0
1993-04-30,11.8750,12.1875,11.8750,12.0312,0
1993-05-03,12.0938,12.4375,12.0625,12.4375,0
1993-05-04,12.3750,12.4062,12.2812,12.2812,0
1993-05-05,12.3438,12.3438,12.1562,12.2188,0
1993-05-06,12.2500,12.3125,12.1875,12.2188,0
1993-05-07,12.2812,12.3438,12.2500,12.2500,0
1993-05-10,12.3125,12.3750,12.1875,12.2500,0
1993-05-11,12.2812,12.3125,12.1875,12.3125,0
1993-05-12,12.3438,12.4062,12.2188,12.4062,0
1993-05-13,12.3125,12.3438,12.1562,12.2188,0
1993-05-14,12.1250,12.1875,12.0938,12.1562,0
1993-05-17,12.1250,12.1562,11.9688,12.0938,0
1993-05-18,12.0625,12.0938,11.9062,11.9688,0
1993-05-19,11.9688,12.5938,11.8438,12.5312,0
1993-05-20,12.5938,12.6875,12.4375,12.5938,0
1993-05-21,12.5938,12.7812,12.4688,12.5625,0
1993-05-24,12.6250,12.7812,12.5312,12.5625,0
1993-05-25,12.6562,12.6562,12.3750,12.5000,0
1993-05-26,12.4688,12.5625,12.3750,12.5000,0
1993-05-27,12.4688,12.5000,12.3438,12.4062,0
1993-05-28,12.5000,12.5625,12.3750,12.4375,0
1993-06-01,12.4688,12.5625,12.4688,12.5312,0
1993-06-02,12.5000,12.6562,12.4688,12.5938,0
1993-06-03,12.6562,12.9688,12.6250,12.8438,0
1993-06-04,12.6562,12.7500,12.5938,12.6562,0
1993-06-07,12.6562,12.6562,12.3125,12.3750,0
1993-06-08,12.3438,12.3750,12.2812,12.3125,0
1993-06-09,12.3438,12.4688,12.3125,12.3750,0
1993-06-10,12.3750,12.4688,12.3438,12.4688,0
1993-06-11,12.5938,12.5938,12.4688,12.5000,0
1993-06-14,12.5312,12.5938,12.3125,12.4062,0
1993-06-15,12.3750,12.4062,12.0938,12.0938,0
1993-06-16,12.1875,12.3125,12.1562,12.2500,0
1993-06-17,12.2812,12.4062,12.2500,12.4062,0
1993-06-18,12.3750,12.4688,12.3438,12.3750,0
1993-06-21,12.4375,12.4375,12.3125,12.3125,0
1993-06-22,12.3438,12.3438,12.1250,12.1250,0
1993-06-23,12.1562,12.2188,12.1250,12.1562,0
1993-06-24,12.1562,12.2500,12.1250,12.2188,0
1993-06-25,12.2188,12.4375,12.2188,12.3438,0
1993-06-28,12.3750,12.5000,12.3438,12.4688,0
1993-06-29,12.4688,12.4688,12.3750,12.3750,0
1993-06-30,12.3438,12.4688,12.2812,12.2812,0
1993-07-01,12.3125,12.3438,12.2500,12.2500,0
1993-07-02,12.2500,12.3125,12.2188,12.2812,0
1993-07-06,12.2812,12.3125,12.1875,12.2188,0
1993-07-07,12.1875,12.2812,12.1875,12.2188,0
1993-07-08,12.2188,12.2812,12.0938,12.2500,0
1993-07-09,12.2188,12.2500,12.1875,12.1875,0
1993-07-12,12.1250,12.2188,12.1250,12.2188,0
1993-07-13,12.1562,12.1875,12.0938,12.1562,0
1993-07-14,12.2188,12.3750,12.1250,12.3750,0
1993-07-15,12.3438,12.4375,12.2812,12.4375,0
1993-07-16,12.4375,12.4375,12.2812,12.3750,0
1993-07-19,12.3125,12.4062,12.3125,12.3438,0
1993-07-20,12.2812,12.3125,12.0625,12.1875,0
1993-07-21,12.1875,12.2500,12.1562,12.2500,0
1993-07-22,12.2500,12.3750,12.1562,12.1875,0
1993-07-23,12.2500,12.3438,12.1250,12.1562,0
1993-07-26,12.1875,12.2812,12.1875,12.1875,0
1993-07-27,12.1875,12.4688,12.1562,12.4688,0
1993-07-28,12.4062,12.8125,12.4062,12.7812,0
1993-07-29,12.7500,13.0938,12.6875,13.0312,0
1993-07-30,13.0312,13.0312,12.8125,12.8750,0
1993-08-02,12.8438,12.9688,12.8125,12.9375,0
1993-08-03,12.9062,13.0000,12.8750,12.9375,0
1993-08-04,12.9688,12.9688,12.7812,12.8438,0
1993-08-05,12.8125,12.9375,12.7812,12.9062,0
1993-08-06,12.9062,12.9375,12.8750,12.8750,0
1993-08-09,12.8750,13.1875,12.8125,13.1250,0
1993-08-10,13.1250,13.4375,13.0938,13.1250,0
1993-08-11,13.1875,13.2500,13.1562,13.2188,0
1993-08-12,13.2188,13.2188,12.8125,13.0312,0
1993-08-13,13.0312,13.3438,13.0000,13.3438,0
1993-08-16,13.3750,13.6250,13.3438,13.6250,0
1993-08-17,13.5625,13.5938,13.4688,13.5312,0
1993-08-18,13.5000,13.6875,13.4688,13.6562,0
1993-08-19,13.5938,13.6875,13.4688,13.6875,0
1993-08-20,13.7500,13.8125,13.5000,13.7188,0
1993-08-23,13.5938,13.6250,13.5312,13.5625,0
1993-08-24,13.5000,13.6875,13.3750,13.6875,0
1993-08-25,13.6562,13.7188,13.5312,13.6562,0
1993-08-26,13.6250,13.6562,13.5625,13.5625,0
1993-08-27,13.5625,13.5625,13.4062,13.4375,0
1993-08-30,13.4375,13.6250,13.4062,13.5625,0
1993-08-31,13.5312,13.5625,13.4375,13.4375,0
1993-09-01,13.4375,13.5625,13.4375,13.5312,0
1993-09-02,13.5000,13.5312,13.5000,13.5000,0
1993-09-03,13.5000,13.6562,13.4688,13.5938,0
1993-09-07,13.5625,13.6875,13.5625,13.5938,0
1993-09-08,13.5312,13.6250,13.4688,13.5312,0
1993-09-09,13.4688,13.5312,13.3125,13.3750,0
1993-09-10,13.3750,13.5938,13.3750,13.5625,0
1993-09-13,13.5625,13.7500,13.5625,13.7500,0
1993-09-14,13.6250,13.7188,13.5625,13.6250,0
1993-09-15,13.5625,13.8750,13.5000,13.8438,0
1993-09-16,13.7812,13.9062,13.5000,13.5000,0
1993-09-17,13.3125,13.6875,13.3125,13.4375,0
1993-09-20,13.5000,13.5625,13.2500,13.2500,0
1993-09-21,13.2500,13.3125,12.9062,13.0000,0
1993-09-22,13.0625,13.2812,13.0000,13.1250,0
1993-09-23,13.1250,13.2812,13.0625,13.2188,0
1993-09-24,13.1250,13.2188,13.1250,13.1875,0
1993-09-27,13.1875,13.3750,13.1875,13.3438,0
1993-09-28,13.3750,13.4062,13.2812,13.3750,0
1993-09-29,13.3125,13.3438,13.0938,13.1250,0
1993-09-30,13.1875,13.1875,12.8750,12.9688,0
1993-10-01,13.0312,13.2188,12.9688,13.1250,0
1993-10-04,13.1562,13.2500,12.9375,12.9688,0
1993-10-05,13.0312,13.0938,12.9062,13.0625,0
1993-10-06,13.0625,13.3125,13.0625,13.2188,0
1993-10-07,13.2188,13.2188,12.9688,12.9688,0
1993-10-08,13.0000,13.0938,12.8125,13.0312,0
1993-10-11,13.0312,13.1250,12.9375,13.0625,0
1993-10-12,13.1250,13.2500,13.0938,13.0938,0
1993-10-13,13.1250,13.3125,13.0938,13.2188,0
1993-10-14,13.3125,13.6250,13.2500,13.5938,0
1993-10-15,13.6250,13.7812,13.4375,13.5000,0
1993-10-18,13.5000,13.5938,13.4688,13.5312,0
1993-10-19,13.5000,13.5938,13.4375,13.5938,0
1993-10-20,13.5625,13.5625,13.3750,13.5312,0
1993-10-21,13.5000,13.7812,13.4688,13.5938,0
1993-10-22,13.5938,13.8438,13.5938,13.6250,0
1993-10-25,13.6562,14.1875,13.6562,14.1250,0
1993-10-26,14.0625,14.1562,14.0000,14.0938,0
1993-10-27,14.1562,14.1875,14.0625,14.1875,0
1993-10-28,14.2500,14.2812,14.1562,14.2500,0
1993-10-29,14.2500,14.4375,14.1875,14.4062,0
1993-11-01,14.3438,14.4375,14.2500,14.2500,0
1993-11-02,14.2500,14.2500,14.0625,14.1875,0
1993-11-03,14.1875,14.2188,13.6875,13.8125,0
1993-11-04,13.7500,13.8438,13.5000,13.5625,0
1993-11-05,13.6250,14.0000,13.5625,13.9375,0
1993-11-08,14.0312,14.0625,13.9375,13.9375,0
1993-11-09,14.0312,14.0312,13.7188,13.7500,0
1993-11-10,13.7812,13.8125,13.6875,13.8125,0
1993-11-11,13.8750,13.9062,13.7812,13.8438,0
1993-11-12,13.9062,14.1250,13.7812,14.0625,0
1993-11-15,14.0312,14.0625,13.7500,13.8125,0
1993-11-16,13.8438,14.2812,13.8438,14.2500,0
1993-11-17,14.4375,14.4688,14.0938,14.1875,0
1993-11-18,14.1875,14.3125,14.0938,14.1875,0
1993-11-19,14.1875,14.1875,13.8125,14.1250,0
1993-11-22,14.0625,14.0625,13.6875,13.9062,0
1993-11-23,13.9375,14.2188,13.9375,14.1250,0
1993-11-24,14.2188,14.6250,14.2188,14.5938,0
1993-11-26,14.6250,14.6250,14.5312,14.5312,0
1993-11-29,14.5625,14.7188,14.5312,14.6250,0
1993-11-30,14.5938,14.7500,14.4688,14.6562,0
1993-12-01,14.7188,14.7812,14.5000,14.5938,0
1993-12-02,14.5938,14.6250,14.4688,14.4688,0
1993-12-03,14.4688,14.5938,14.4375,14.4688,0
1993-12-06,14.5938,14.7500,14.5625,14.7188,0
1993-12-07,14.6875,14.7500,14.5938,14.6250,0
1993-12-08,14.6875,14.6875,14.4688,14.4688,0
1993-12-09,14.4688,14.5000,14.3125,14.3438,0
1993-12-10,14.4062,14.4375,14.1562,14.2188,0
1993-12-13,14.2188,14.4062,14.0625,14.3438,0
1993-12-14,14.4375,14.5938,14.3438,14.5000,0
1993-12-15,14.4375,14.5312,14.4062,14.4062,0
1993-12-16,14.4375,14.5000,14.4062,14.4688,0
1993-12-17,14.4375,14.4688,14.3750,14.4688,0
1993-12-20,14.4375,14.4688,14.3750,14.4375,0
1993-12-21,14.3750,14.4062,14.2812,14.3438,0
1993-12-22,14.4062,14.4375,14.3125,14.3750,0
1993-12-23,14.3750,14.3750,14.1562,14.2188,0
1993-12-27,14.1875,14.2812,14.0312,14.1250,0
1993-12-28,14.1250,14.3125,14.0938,14.2812,0
1993-12-29,14.2812,14.5625,14.2500,14.5625,0
1993-12-30,14.5000,14.5312,14.4062,14.4062,0
1993-12-31,14.4062,14.5312,14.2500,14.2500,0
1994-01-03,14.1875,14.2812,14.0312,14.0625,0
1994-01-04,14.0000,14.1250,13.9688,14.0312,0
1994-01-05,14.0312,14.0312,13.7812,13.8750,0
1994-01-06,13.8750,14.0000,13.8125,13.8750,0
1994-01-07,13.9688,14.3125,13.9688,14.2812,0
1994-01-10,14.2500,14.6250,14.2500,14.5625,0
1994-01-11,14.5000,14.7188,14.5000,14.5000,0
1994-01-12,14.5312,14.6250,14.4375,14.5000,0
1994-01-13,14.5000,14.5625,14.2188,14.2500,0
1994-01-14,14.3125,14.4375,14.2812,14.3125,0
1994-01-17,14.2500,14.3438,14.1250,14.2188,0
1994-01-18,14.1875,14.4688,14.1250,14.3750,0
1994-01-19,14.3750,14.7188,14.3750,14.7188,0
1994-01-20,14.7188,14.7812,14.6562,14.7188,0
1994-01-21,14.7188,14.7188,14.5625,14.6250,0
1994-01-24,14.5938,14.7812,14.5938,14.6250,0
1994-01-25,14.6250,14.7812,14.5938,14.7500,0
1994-01-26,14.7812,14.8750,14.7500,14.8438,0
1994-01-27,14.9062,15.0625,14.8438,15.0000,0
1994-01-28,15.1875,15.2812,15.0938,15.1875,0
1994-01-31,15.1875,15.4062,15.1562,15.1875,0
1994-02-01,15.2500,15.2812,15.0000,15.0938,0
1994-02-02,15.0938,15.1250,14.8750,14.9375,0
1994-02-03,14.9688,15.0000,14.8125,14.9688,0
1994-02-04,14.9375,15.1875,14.6562,14.8125,0
1994-02-07,14.7188,15.0312,14.6562,14.9062,0
1994-02-08,14.9688,14.9688,14.7188,14.7812,0
1994-02-09,14.8438,15.1250,14.8438,15.0938,0
1994-02-10,15.0938,15.3125,15.0625,15.2188,0
1994-02-11,15.2500,15.2812,15.0938,15.2188,0
1994-02-14,15.1562,15.2188,15.0625,15.1250,0
1994-02-15,15.3125,15.5625,15.2188,15.4375,0
1994-02-16,15.5000,15.5000,15.1562,15.2812,0
1994-02-17,15.4062,15.5938,15.3125,15.4375,0
1994-02-18,15.4375,15.5000,15.1250,15.1250,0
1994-02-22,15.0938,15.3125,15.0938,15.2188,0
1994-02-23,15.2188,15.3750,15.0938,15.0938,0
1994-02-24,15.0312,15.1562,14.9375,14.9375,0
1994-02-25,15.1250,15.1250,15.0000,15.0625,0
1994-02-28,15.0312,15.2812,14.9688,15.1562,0
1994-03-01,15.1562,15.3125,15.0312,15.2500,0
1994-03-02,15.1250,15.4375,15.0312,15.4375,0
1994-03-03,15.4062,15.4375,15.1875,15.3438,0
1994-03-04,15.3125,15.5312,15.1562,15.4688,0
1994-03-07,15.4375,15.6250,15.4062,15.5000,0
1994-03-08,15.4688,15.5000,15.2812,15.3125,0
1994-03-09,15.2500,15.3438,15.1875,15.2812,0
1994-03-10,15.2500,15.3125,15.0625,15.1250,0
1994-03-11,15.1562,15.3750,15.1250,15.3750,0
1994-03-14,15.4375,15.4375,15.2500,15.4375,0
1994-03-15,15.4062,15.5000,15.0000,15.1250,0
1994-03-16,15.0938,15.1875,14.9688,14.9688,0
1994-03-17,15.0000,15.0938,14.9375,14.9375,0
1994-03-18,14.9688,15.3125,14.8750,15.2188,0
1994-03-21,15.2188,15.2188,15.0312,15.0625,0
1994-03-22,15.0938,15.3125,15.0625,15.2500,0
1994-03-23,15.2188,15.2812,15.0625,15.1562,0
1994-03-24,15.0938,15.1562,14.7500,14.8125,0
1994-03-25,14.8750,14.9688,14.5625,14.5938,0
1994-03-28,14.5938,14.7812,14.5000,14.6875,0
1994-03-29,14.6250,14.6875,14.3125,14.4375,0
1994-03-30,14.4375,14.5625,13.8750,13.9375,0
1994-03-31,14.0000,14.2812,13.6250,14.2188,0
1994-04-04,13.8750,14.4688,13.8125,14.2812,0
1994-04-05,14.4688,14.5938,14.4375,14.5625,0
1994-04-06,14.5312,14.5625,14.3750,14.4375,0
1994-04-07,14.4062,14.4062,14.1875,14.3438,0
1994-04-08,14.3125,14.4375,14.2188,14.3125,0
1994-04-11,14.3438,14.3438,14.1250,14.2188,0
1994-04-12,14.2812,14.3125,14.0312,14.0625,0
1994-04-13,14.0625,14.3125,14.0000,14.3125,0
1994-04-14,14.1875,14.3125,14.0938,14.2500,0
1994-04-15,14.2500,14.3438,14.0938,14.0938,0
1994-04-18,14.1875,14.1875,14.0000,14.1250,0
1994-04-19,14.1250,14.3125,14.0938,14.2188,0
1994-04-20,14.2188,14.2812,14.0625,14.2188,0
1994-04-21,14.2500,14.7500,14.2500,14.7188,0
1994-04-22,14.7812,14.9062,14.7188,14.8125,0
1994-04-25,14.8125,14.9375,14.6875,14.9062,0
1994-04-26,14.8750,14.9375,14.7812,14.9062,0
1994-04-28,14.9375,15.0000,14.8438,14.8750,0
1994-04-29,14.8750,15.0625,14.8125,15.0000,0
1994-05-02,15.0000,15.0938,14.9062,14.9375,0
1994-05-03,14.9375,15.0625,14.9062,14.9062,0
1994-05-04,14.9375,15.0000,14.7812,14.8750,0
1994-05-05,14.9062,14.9688,14.7188,14.7188,0
1994-05-06,14.6875,14.6875,14.4062,14.4688,0
1994-05-09,14.4062,14.4062,14.2500,14.2500,0
1994-05-10,14.4062,14.5312,14.3750,14.4062,0
1994-05-11,14.4688,14.5312,14.4062,14.4375,0
1994-05-12,14.4688,14.5625,14.4688,14.5312,0
1994-05-13,14.5625,14.6250,14.4688,14.5312,0
1994-05-16,14.4688,14.5312,14.4062,14.4688,0
1994-05-17,14.4688,15.0625,14.3750,15.0000,0
1994-05-18,15.0625,15.0938,14.9688,15.0625,0
1994-05-19,15.1250,15.2812,15.0625,15.2188,0
1994-05-20,15.0625,15.2188,15.0312,15.1875,0
1994-05-23,15.1250,15.1562,15.0625,15.0625,0
1994-05-24,15.0000,15.0625,14.8438,14.9062,0
1994-05-25,14.9688,14.9688,14.7812,14.9062,0
1994-05-26,14.9062,15.0312,14.8438,14.9688,0
1994-05-27,14.9375,15.2812,14.8750,15.2500,0
1994-05-31,15.2500,15.5312,15.1875,15.5000,0
1994-06-01,15.4688,15.4688,15.2812,15.3125,0
1994-06-02,15.2812,15.3438,15.0625,15.1562,0
1994-06-03,15.2188,15.3438,15.1250,15.3438,0
1994-06-06,15.3750,15.5000,15.3438,15.4062,0
1994-06-07,15.4688,15.6875,15.4688,15.6875,0
1994-06-08,15.6562,15.6875,15.3750,15.4688,0
1994-06-09,15.2500,15.2812,14.9375,15.0312,0
1994-06-10,15.1250,15.1562,14.9688,15.0312,0
1994-06-13,14.9375,15.0625,14.8750,15.0312,0
1994-06-14,15.0625,15.1250,15.0000,15.0312,0
1994-06-15,15.0938,15.1562,14.9062,14.9062,0
1994-06-16,14.8750,15.1250,14.8438,15.0625,0
1994-06-17,15.0000,15.0938,14.9062,14.9375,0
1994-06-20,14.8750,15.0000,14.8438,14.8438,0
1994-06-21,14.8750,14.9375,14.6250,14.8125,0
1994-06-22,14.8438,15.0312,14.8438,14.9688,0
1994-06-23,14.9688,15.0625,14.8125,14.8750,0
1994-06-24,14.8750,14.8750,14.6250,14.7500,0
1994-06-27,14.7500,15.0000,14.6875,14.9375,0
1994-06-28,15.0000,15.0000,14.6250,14.7500,0
1994-06-29,14.8125,15.0000,14.6250,14.7500,0
1994-06-30,14.6250,14.6875,14.3750,14.4375,0
1994-07-01,14.5000,14.8125,14.3125,14.8125,0
1994-07-05,14.8125,14.8750,14.7500,14.7500,0
1994-07-06,14.7500,14.8125,14.6250,14.7500,0
1994-07-07,14.7500,14.8125,14.6875,14.8125,0
1994-07-08,14.6875,14.8125,14.6250,14.8125,0
1994-07-11,14.8125,14.8125,14.1875,14.2500,0
1994-07-12,14.3750,14.4375,14.2500,14.3125,0
1994-07-13,14.3125,14.3750,14.0625,14.1875,0
1994-07-14,14.3750,14.6250,14.1250,14.5625,0
1994-07-15,14.6250,14.8125,14.5000,14.6875,0
1994-07-18,14.6875,14.7500,14.4375,14.5000,0
1994-07-19,14.5000,14.5625,14.3125,14.3125,0
1994-07-20,14.3125,14.3750,14.0625,14.1875,0
1994-07-21,14.1250,14.2500,13.9375,14.1250,0
1994-07-22,14.0000,14.0625,13.1250,13.1250,0
1994-07-25,13.2500,13.4375,13.2500,13.3125,0
1994-07-26,13.3750,13.6250,13.3750,13.5000,0
1994-07-27,13.5000,13.5000,13.3125,13.3125,0
1994-07-28,13.4375,13.5000,13.3125,13.3750,0
1994-07-29,13.3750,13.5625,13.3125,13.5625,0
1994-08-01,13.6250,13.8125,13.5625,13.7500,0
1994-08-02,13.8125,13.8750,13.3750,13.4375,0
1994-08-03,13.3750,13.4375,13.0625,13.0625,0
1994-08-04,13.0625,13.1875,13.0000,13.0625,0
1994-08-05,13.0000,13.2500,13.0000,13.1875,0
1994-08-08,13.1875,13.3125,13.0625,13.3125,0
1994-08-09,13.2500,13.3750,13.1875,13.2500,0
1994-08-10,13.2500,13.4375,13.2500,13.3750,0
1994-08-11,13.3750,13.5000,13.3125,13.4375,0
1994-08-12,13.4375,13.5000,13.1875,13.3750,0
1994-08-15,13.3750,13.4375,13.1250,13.1250,0
1994-08-16,13.1875,13.2500,12.7812,13.0000,0
1994-08-17,13.1875,13.3125,13.0625,13.2500,0
1994-08-18,13.2500,13.3125,13.1250,13.3125,0
1994-08-19,13.3125,13.3750,13.1250,13.3125,0
1994-08-22,13.1875,13.2500,13.1250,13.1875,0
1994-08-23,13.1875,13.3750,13.0625,13.2500,0
1994-08-24,13.2500,13.4375,13.1875,13.3750,0
1994-08-25,13.3750,13.4375,13.3125,13.3750,0
1994-08-26,13.3750,13.7500,13.3125,13.5000,0
1994-08-29,14.1875,14.2500,13.8750,13.9375,0
1994-08-30,14.1250,14.1875,13.9375,14.0000,0
1994-08-31,14.0000,14.2500,13.9375,14.1250,0
1994-09-01,14.1250,14.1250,13.9375,14.0625,0
1994-09-02,14.0625,14.0625,13.8125,14.0000,0
1994-09-06,13.9375,14.0625,13.8750,14.0000,0
1994-09-07,14.0000,14.0000,13.7500,13.7500,0
1994-09-08,13.7500,13.8125,13.6875,13.7500,0
1994-09-09,13.6250,13.7500,13.5625,13.6875,0
1994-09-12,13.6875,13.7500,13.5000,13.5625,0
1994-09-13,13.6875,13.8125,13.6250,13.6875,0
1994-09-14,13.6875,13.7500,13.5625,13.7500,0
1994-09-15,13.7500,13.8750,13.6875,13.8750,0
1994-09-16,13.6250,13.7500,13.6250,13.6875,0
1994-09-19,13.8125,13.8125,13.3750,13.5625,0
1994-09-20,13.5000,13.5000,13.1250,13.1250,0
1994-09-21,13.2500,13.3750,13.0625,13.3125,0
1994-09-22,13.3125,13.3750,13.2500,13.3750,0
1994-09-23,13.5000,13.5625,13.3750,13.4375,0
1994-09-26,13.4375,13.5000,13.2500,13.3750,0
1994-09-27,13.5000,13.6250,13.3750,13.4375,0
1994-09-28,13.5625,13.6250,13.5000,13.5625,0
1994-09-29,13.5625,13.5625,13.2500,13.3750,0
1994-09-30,13.3125,13.3750,13.1250,13.1875,0
1994-10-03,13.3125,13.3750,13.0000,13.1250,0
1994-10-04,13.1250,13.3750,13.0625,13.1875,0
1994-10-05,13.1250,13.1875,12.9375,13.1875,0
1994-10-06,13.2500,13.3125,13.1250,13.2500,0
1994-10-07,13.1875,13.2500,13.0000,13.1875,0
1994-10-10,13.3125,13.3750,13.2500,13.3125,0
1994-10-11,13.3750,13.5625,13.3125,13.4375,0
1994-10-12,13.5000,13.5000,13.3125,13.3750,0
1994-10-13,13.5000,13.6250,13.4375,13.5625,0
1994-10-14,13.5000,13.5625,13.4375,13.5625,0
1994-10-17,13.5625,14.0000,13.4375,13.8750,0
1994-10-18,13.8750,14.0000,13.7500,13.8125,0
1994-10-19,13.5000,14.0000,13.5000,13.9375,0
1994-10-20,13.8750,13.9375,13.4375,13.7500,0
1994-10-21,13.7500,14.0625,13.6875,14.0000,0
1994-10-24,13.8750,14.0625,13.8125,14.0000,0
1994-10-25,13.9375,14.0000,13.7500,13.9375,0
1994-10-26,13.9375,14.0000,13.7500,13.9375,0
1994-10-27,14.0000,14.2500,13.9375,14.1250,0
1994-10-28,14.1250,14.3125,14.0625,14.2500,0
1994-10-31,14.3125,14.5000,14.2500,14.4375,0
1994-11-01,14.4375,14.7500,14.3750,14.5000,0
1994-11-02,14.5625,14.6875,14.5000,14.6250,0
1994-11-03,14.6250,14.8750,14.5625,14.6875,0
1994-11-04,14.7500,14.8750,14.4375,14.4375,0
1994-11-07,14.5000,14.6875,14.3750,14.6250,0
1994-11-08,14.6875,14.8750,14.6250,14.7500,0
1994-11-09,14.8750,14.8750,14.3125,14.4375,0
1994-11-10,14.5000,14.6250,14.3750,14.3750,0
1994-11-11,14.3750,14.4375,14.1875,14.1875,0
1994-11-14,14.2500,14.6875,14.1875,14.6250,0
1994-11-15,14.5625,14.8750,14.5625,14.6875,0
1994-11-16,14.7500,14.8750,14.6875,14.8750,0
1994-11-17,14.8750,14.9375,14.7500,14.9375,0
1994-11-18,14.8750,14.9375,14.6250,14.7500,0
1994-11-21,14.7500,14.7500,14.5000,14.5625,0
1994-11-22,14.5000,14.6875,14.4375,14.5000,0
1994-11-23,14.4375,14.5000,13.9375,14.2500,0
1994-11-25,14.3125,14.3750,14.1875,14.1875,0
1994-11-28,14.1875,14.3750,14.1875,14.3750,0
1994-11-29,14.3125,14.4375,14.2500,14.3750,0
1994-11-30,14.4375,14.4375,14.1250,14.1875,0
1994-12-01,14.1250,14.2500,13.9375,14.0625,0
1994-12-02,14.0625,14.1875,14.0000,14.1875,0
1994-12-05,14.1875,14.3125,14.1250,14.1875,0
1994-12-06,14.1875,14.2500,14.0000,14.2500,0
1994-12-07,14.0625,14.4375,14.0000,14.3125,0
1994-12-08,14.1875,14.4375,14.0000,14.1875,0
1994-12-09,14.0625,14.1875,13.8750,14.0625,0
1994-12-12,14.0000,14.2500,13.9375,14.2500,0
1994-12-13,14.2500,14.3125,14.0625,14.1875,0
1994-12-14,14.1875,14.4375,14.1250,14.3125,0
1994-12-15,14.1875,14.5000,14.0000,14.4375,0
1994-12-16,14.5625,14.6250,14.3125,14.5000,0
1994-12-19,14.3125,14.4375,14.2500,14.4375,0
1994-12-20,14.3125,14.5000,14.2500,14.4375,0
1994-12-21,14.3750,14.5625,14.3750,14.3750,0
1994-12-22,14.3750,14.5000,14.2500,14.5000,0
1994-12-23,14.5000,14.6250,14.3750,14.4375,0
1994-12-27,14.3750,14.6250,14.3750,14.5625,0
1994-12-28,14.7500,14.8750,14.6250,14.7500,0
1994-12-29,14.7500,14.8750,14.6250,14.8125,0
1994-12-30,14.8125,14.8125,14.5625,14.6250,0
1995-01-03,14.6250,14.6875,14.4375,14.5625,0
1995-01-04,14.6250,14.7500,14.4375,14.5000,0
1995-01-05,14.5625,14.6250,14.5000,14.5625,0
1995-01-06,14.5000,14.5625,14.3750,14.3750,0
1995-01-09,14.5625,14.5625,14.3750,14.5625,0
1995-01-10,14.5625,14.8125,14.5000,14.5625,0
1995-01-11,14.6875,14.7500,14.4375,14.5625,0
1995-01-12,14.5000,14.5625,14.3750,14.4375,0
1995-01-13,14.5625,14.7500,14.4375,14.6250,0
1995-01-16,14.6875,14.8125,14.6250,14.7500,0
1995-01-17,14.6875,14.7500,14.3750,14.5625,0
1995-01-18,14.5625,14.6250,14.4375,14.5000,0
1995-01-19,14.5000,14.5625,14.3125,14.3750,0
1995-01-20,14.5000,14.6250,14.3125,14.5625,0
1995-01-23,14.3750,14.8125,14.3125,14.6875,0
1995-01-24,14.6875,15.0000,14.6875,14.8750,0
1995-01-25,14.8750,14.9375,14.7500,14.8750,0
1995-01-26,14.8750,15.3750,14.8125,15.3750,0
1995-01-27,15.7500,16.3750,15.6250,16.1250,0
1995-01-30,16.0000,16.4375,16.0000,16.3750,0
1995-01-31,16.3750,16.5000,16.1875,16.3125,0
1995-02-01,16.3750,16.3750,15.8750,16.0000,0
1995-02-02,16.0625,16.5625,16.0000,16.5000,0
1995-02-03,16.5000,16.6250,16.2500,16.4375,0
1995-02-06,16.3750,16.5625,16.3125,16.5625,0
1995-02-07,16.4375,16.6875,16.4375,16.6875,0
1995-02-08,16.5000,16.6250,16.3750,16.4375,0
1995-02-09,16.5000,16.5625,16.4375,16.5000,0
1995-02-10,16.5625,16.8125,16.5625,16.7500,0
1995-02-13,16.8125,17.0000,16.6875,16.9375,0
1995-02-14,16.8750,16.9375,16.7500,16.9375,0
1995-02-15,17.0000,17.0000,16.6250,16.7500,0
1995-02-16,16.5000,16.6875,16.4375,16.5625,0
1995-02-17,16.5000,16.5625,16.3125,16.3125,0
1995-02-21,16.3125,16.5625,16.1875,16.5625,0
1995-02-22,16.4375,16.6250,16.3750,16.5000,0
1995-02-23,16.6875,16.8750,16.5000,16.7500,0
1995-02-24,16.8125,16.8125,16.5625,16.7500,0
1995-02-27,16.6875,16.7500,16.5000,16.5625,0
1995-02-28,16.5000,16.6250,16.4375,16.6250,0
1995-03-01,16.5000,16.6250,16.3750,16.5625,0
1995-03-02,16.5625,16.7500,16.5625,16.6875,0
1995-03-03,16.6250,16.6875,16.3750,16.5000,0
1995-03-06,16.4375,16.5625,16.3750,16.4375,0
1995-03-07,16.4375,16.5000,16.3125,16.4375,0
1995-03-08,16.4375,16.5625,16.3750,16.4375,0
1995-03-09,16.5000,16.5625,16.3750,16.5000,0
1995-03-10,16.4375,16.9375,16.3750,16.9375,0
1995-03-13,16.9375,17.1875,16.8125,17.1875,0
1995-03-14,17.5000,17.8750,17.4375,17.5625,0
1995-03-15,17.4375,17.5000,17.1250,17.2500,0
1995-03-16,17.0625,17.4375,16.9375,17.3125,0
1995-03-17,17.3125,17.6875,17.1875,17.5625,0
1995-03-20,17.5625,17.6250,17.3125,17.5000,0
1995-03-21,17.5625,17.7500,17.4375,17.6250,0
1995-03-22,17.5000,17.5625,17.2500,17.5000,0
1995-03-23,17.3750,17.5625,17.3750,17.5000,0
1995-03-24,17.5625,17.8125,17.5625,17.7500,0
1995-03-27,17.7500,17.7500,17.3125,17.3125,0
1995-03-28,17.3750,17.5625,17.2500,17.5625,0
1995-03-29,17.4375,17.6875,17.3125,17.5000,0
1995-03-30,17.5000,17.5625,17.1875,17.3125,0
1995-03-31,17.1875,17.2500,17.0625,17.0625,0
1995-04-03,17.0625,17.1875,16.8750,17.0000,0
1995-04-04,17.0000,17.4375,17.0000,17.4375,0
1995-04-05,17.3750,17.4375,17.2500,17.3125,0
1995-04-06,17.3125,17.5625,17.2500,17.5000,0
1995-04-07,17.6250,17.6250,17.2500,17.5000,0
1995-04-10,17.3750,17.5000,17.1875,17.2500,0
1995-04-11,17.4375,17.5000,17.0625,17.0625,0
1995-04-12,17.1250,17.3125,17.0625,17.2500,0
1995-04-13,17.1875,17.5000,17.1250,17.5000,0
1995-04-17,17.5625,17.7500,17.3750,17.4375,0
1995-04-18,17.4375,17.5000,17.2500,17.2500,0
1995-04-19,17.2500,17.6875,17.2500,17.6250,0
1995-04-20,17.6875,17.6875,17.3125,17.3750,0
1995-04-21,17.4375,17.6875,17.1875,17.6250,0
1995-04-24,17.5000,17.8750,17.3750,17.8750,0
1995-04-25,17.6875,17.8125,17.5000,17.6875,0
1995-04-26,17.6250,17.6875,17.4375,17.6250,0
1995-04-27,17.5625,17.6250,17.2500,17.5625,0
1995-04-28,17.5625,17.6875,17.3750,17.5000,0
1995-05-01,17.5625,17.6875,17.4375,17.6250,0
1995-05-02,17.5625,17.6875,17.4375,17.5625,0
1995-05-03,17.5625,18.2500,17.5625,18.1250,0
1995-05-04,18.0625,18.3125,17.7500,18.0625,0
1995-05-05,18.1250,18.2500,18.0625,18.1875,0
1995-05-08,18.2500,18.3125,18.1250,18.1875,0
1995-05-09,18.3125,18.4375,18.1250,18.3750,0
1995-05-10,18.3750,18.5000,18.0000,18.5000,0
1995-05-11,18.5000,18.6875,18.3750,18.5000,0
1995-05-12,18.4375,18.8125,18.3125,18.4375,0
1995-05-15,18.2500,18.5625,18.1250,18.5000,0
1995-05-16,18.5625,18.5625,18.2500,18.3750,0
1995-05-17,18.3750,18.5625,18.3125,18.5000,0
1995-05-18,18.3750,18.4375,18.0000,18.0625,0
1995-05-19,17.9375,18.1250,17.7500,17.8125,0
1995-05-22,17.9375,18.1250,17.8750,18.1250,0
1995-05-23,18.0000,18.3750,17.8750,18.3750,0
1995-05-24,18.3750,18.5000,18.1250,18.1250,0
1995-05-25,18.1250,18.3750,18.0000,18.2500,0
1995-05-26,18.2500,18.3125,18.1250,18.1250,0
1995-05-30,18.0625,18.5000,18.0625,18.4375,0
1995-05-31,18.4375,19.0000,18.2500,18.9375,0
1995-06-01,18.8750,19.0000,18.5625,18.7500,0
1995-06-02,18.6250,18.8125,18.5000,18.5625,0
1995-06-05,18.4375,18.5625,18.2500,18.3750,0
1995-06-06,18.3750,18.5000,18.1875,18.1875,0
1995-06-07,18.1875,18.3125,18.0625,18.1250,0
1995-06-08,18.2500,18.2500,18.0625,18.1250,0
1995-06-09,18.1250,18.3750,18.0625,18.3125,0
1995-06-12,18.3125,18.5000,18.2500,18.3125,0
1995-06-13,18.3750,18.6875,18.3125,18.5000,0
1995-06-14,18.5625,18.6875,18.4375,18.6250,0
1995-06-15,18.6250,19.0625,18.5625,18.8750,0
1995-06-16,19.0000,19.0000,18.7500,18.8125,0
1995-06-19,18.8125,19.0000,18.6875,19.0000,0
1995-06-20,19.0000,19.0000,18.6875,18.6875,0
1995-06-21,18.8125,19.0000,18.6875,19.0000,0
1995-06-22,19.0000,19.3750,18.9375,19.2500,0
1995-06-23,19.1875,19.2500,19.0000,19.0000,0
1995-06-26,19.1250,19.3125,18.9375,18.9375,0
1995-06-27,19.0000,19.1875,18.8750,19.0000,0
1995-06-28,19.0625,19.3125,19.0000,19.1875,0
1995-06-29,19.1875,19.5000,19.1875,19.3750,0
1995-06-30,19.4375,19.6250,19.4375,19.5625,0
1995-07-03,19.5000,19.6250,19.4375,19.5000,0
1995-07-05,19.5000,19.7500,19.3750,19.3750,0
1995-07-06,19.3125,19.6875,19.0000,19.3125,0
1995-07-07,19.1250,19.1875,18.6875,18.8125,0
1995-07-10,18.8750,19.2500,18.8125,19.0000,0
1995-07-11,19.0000,19.0625,18.7500,18.9375,0
1995-07-12,18.8750,19.1250,18.8125,19.0625,0
1995-07-13,19.1250,19.1875,18.7500,19.0625,0
1995-07-14,18.7500,19.0625,18.7500,18.9375,0
1995-07-17,18.9375,18.9375,18.5625,18.8750,0
1995-07-18,18.8125,18.8750,18.5625,18.7500,0
1995-07-19,18.5000,18.7500,17.9375,18.6875,0
1995-07-20,18.6875,19.0625,18.5000,18.9375,0
1995-07-21,18.9375,19.3125,18.9375,19.3125,0
1995-07-24,19.3125,19.6250,19.2500,19.3125,0
1995-07-25,19.3125,19.5625,18.9375,19.5625,0
1995-07-26,19.5625,19.8125,19.3750,19.5625,0
1995-07-27,19.6250,19.7500,19.4375,19.6250,0
1995-07-28,19.6250,19.6875,19.1875,19.3750,0
1995-07-31,19.3125,19.5000,19.2500,19.3125,0
1995-08-01,19.3125,19.4375,19.2500,19.3750,0
1995-08-02,19.4375,19.5625,18.9375,19.0625,0
1995-08-03,19.0000,19.1250,18.8750,19.0000,0
1995-08-04,19.0625,19.1875,18.9375,18.9375,0
1995-08-07,18.9375,19.1875,18.9375,19.0625,0
1995-08-08,19.1250,19.5000,19.0625,19.5000,0
1995-08-09,19.5000,19.5000,19.1250,19.2500,0
1995-08-10,19.3125,19.4375,19.0625,19.2500,0
1995-08-11,19.2500,19.3125,18.9375,19.1250,0
1995-08-14,19.1250,19.4375,19.0625,19.4375,0
1995-08-15,19.1250,19.1875,18.7500,18.8750,0
1995-08-16,18.6875,18.7500,18.3125,18.5625,0
1995-08-17,18.4375,18.5625,18.2500,18.5000,0
1995-08-18,18.5000,18.7500,18.4375,18.4375,0
1995-08-21,18.3125,18.6250,18.3125,18.4375,0
1995-08-22,18.5000,18.6250,18.4375,18.5000,0
1995-08-23,18.5000,18.5625,18.4375,18.5000,0
1995-08-24,18.5000,18.6250,18.4375,18.5000,0
1995-08-25,18.5000,18.5625,18.2500,18.2500,0
1995-08-28,18.2500,18.3125,18.1250,18.1875,0
1995-08-29,18.0625,18.1875,18.0625,18.1250,0
1995-08-30,18.2500,18.3750,18.1875,18.3125,0
1995-08-31,18.3125,18.4375,18.2500,18.2500,0
1995-09-01,18.1875,18.3750,18.1875,18.3125,0
1995-09-05,18.3125,18.5000,18.3125,18.3750,0
1995-09-06,18.4375,18.6875,18.3750,18.5625,0
1995-09-07,18.5625,18.6250,18.4375,18.5000,0
1995-09-08,18.6250,18.8125,18.5000,18.8125,0
1995-09-11,18.8125,18.8750,18.6250,18.6250,0
1995-09-12,18.6250,18.7500,18.5625,18.6250,0
1995-09-13,18.6875,19.1875,18.6250,19.1875,0
1995-09-14,19.2500,19.8750,19.0625,19.8125,0
1995-09-15,19.9375,20.2500,19.8125,20.0625,0
1995-09-18,19.9375,20.0000,19.6250,19.8750,0
1995-09-19,19.8750,19.8750,19.6875,19.8125,0
1995-09-20,19.8125,19.8750,19.5000,19.8750,0
1995-09-21,19.8125,20.3125,19.7500,20.2500,0
1995-09-22,20.0625,20.4375,20.0000,20.3125,0
1995-09-25,20.4375,20.5625,20.2500,20.5000,0
1995-09-26,20.4375,20.7500,20.3750,20.6875,0
1995-09-27,20.5000,20.5625,20.2500,20.3125,0
1995-09-28,20.2500,20.2500,19.3125,19.3750,0
1995-09-29,19.4375,19.6250,19.0625,19.1250,0
1995-10-02,19.0625,19.1875,18.8750,19.0000,0
1995-10-03,19.0625,19.3750,18.8750,19.3125,0
1995-10-04,19.2500,19.6250,19.1875,19.5000,0
1995-10-05,19.5000,19.5000,19.2500,19.3125,0
1995-10-06,19.3750,19.4375,19.1875,19.3750,0
1995-10-09,19.3125,19.5625,19.1875,19.5000,0
1995-10-10,19.3750,19.5625,19.1875,19.3750,0
1995-10-11,19.5000,19.5625,19.3750,19.5000,0
1995-10-12,19.6875,20.0000,19.6250,20.0000,0
1995-10-13,20.0625,20.2500,19.8750,19.8750,0
1995-10-16,20.0000,20.0625,19.7500,19.8750,0
1995-10-17,19.9375,19.9375,19.5000,19.7500,0
1995-10-18,19.8125,19.9375,19.3125,19.5000,0
1995-10-19,19.5000,20.2500,19.4375,20.2500,0
1995-10-20,20.2500,20.9375,20.1875,20.7500,0
1995-10-23,20.5000,20.7500,20.3750,20.3750,0
1995-10-24,20.5000,20.6250,20.3750,20.5000,0
1995-10-25,20.5625,21.0000,20.5625,21.0000,0
1995-10-26,20.9375,20.9375,20.5000,20.5625,0
1995-10-27,20.5625,20.8750,20.2500,20.8750,0
1995-10-30,20.9375,20.9375,20.4375,20.5000,0
1995-10-31,20.5625,20.8750,20.5000,20.5000,0
1995-11-01,20.5625,20.8750,20.5000,20.5625,0
1995-11-02,20.6250,20.8125,20.4375,20.7500,0
1995-11-03,20.8125,20.8125,20.3750,20.3750,0
1995-11-06,20.5625,20.6875,20.3125,20.6250,0
1995-11-07,20.7500,20.9375,20.5625,20.6250,0
1995-11-08,20.6875,21.0625,20.6875,21.0000,0
1995-11-09,21.0625,21.3750,20.8750,21.0000,0
1995-11-10,20.8125,21.2500,20.8125,21.1875,0
1995-11-13,21.1875,21.5625,21.1250,21.5625,0
1995-11-14,21.5625,21.7500,21.1875,21.1875,0
1995-11-15,21.2500,21.8125,21.2500,21.6875,0
1995-11-16,21.6875,22.0625,21.6875,22.0000,0
1995-11-17,22.0000,22.2500,21.9375,22.1250,0
1995-11-20,22.2500,22.3750,21.8750,21.9375,0
1995-11-21,22.0000,22.5625,21.9375,22.5000,0
1995-11-22,22.5625,22.7500,21.8750,21.9375,0
1995-11-24,21.8750,22.0000,21.8125,21.8125,0
1995-11-27,21.8750,22.0625,21.8750,22.0625,0
1995-11-28,22.1250,22.1250,21.7500,22.1250,0
1995-11-29,22.1875,22.1875,21.9375,22.0625,0
1995-11-30,22.1875,22.5000,21.9375,22.3125,0
1995-12-01,22.3750,22.6250,22.3125,22.4375,0
1995-12-04,22.4375,22.5000,22.1875,22.2500,0
1995-12-05,22.2500,22.7500,22.1875,22.5625,0
1995-12-06,23.1250,23.1875,22.5625,22.6875,0
1995-12-07,22.6875,22.6875,22.3750,22.3750,0
1995-12-08,22.5000,22.6250,21.8750,22.6250,0
1995-12-11,22.6250,23.0625,22.5625,22.8750,0
1995-12-12,22.6875,23.0625,22.6875,23.0625,0
1995-12-13,23.1875,23.6250,23.0625,23.4375,0
1995-12-14,23.7500,24.0000,23.6875,23.7500,0
1995-12-15,23.7500,23.8125,23.3125,23.4375,0
1995-12-18,23.1875,23.3750,22.6875,22.8125,0
1995-12-19,22.3750,22.6250,21.8750,22.3125,0
1995-12-20,22.2500,22.6250,22.0625,22.1250,0
1995-12-21,22.0000,22.6250,21.8750,22.5625,0
1995-12-22,22.5625,22.9375,22.0000,22.3125,0
1995-12-26,22.3750,22.5625,22.3750,22.4375,0
1995-12-27,22.5625,23.1250,22.5625,22.8750,0
1995-12-28,22.9375,22.9375,22.5000,22.5625,0
1995-12-29,22.5625,22.6250,22.3750,22.5625,0
1996-01-02,22.5000,22.9375,22.3125,22.7500,0
1996-01-03,22.8750,22.9375,22.5000,22.7500,0
1996-01-04,22.8125,23.2500,22.3125,22.8750,0
1996-01-05,22.7500,22.7500,22.2500,22.5000,0
1996-01-08,22.4375,22.5625,22.3750,22.5625,0
1996-01-09,22.6250,22.6875,21.9375,22.1875,0
1996-01-10,21.8750,22.2500,21.7500,21.8125,0
1996-01-11,22.0000,22.0625,21.8125,22.0625,0
1996-01-12,22.1250,22.2500,21.2500,22.2500,0
1996-01-15,22.1875,22.3750,22.0000,22.0625,0
1996-01-16,22.1875,22.3750,21.9375,22.3125,0
1996-01-17,22.6875,23.3750,22.6250,23.1875,0
1996-01-18,23.4375,24.8125,23.3750,24.6875,0
1996-01-19,24.2500,24.5000,23.8750,24.2500,0
1996-01-22,24.3750,24.3750,23.8125,24.0625,0
1996-01-23,24.0000,24.4375,23.9375,24.3125,0
1996-01-24,24.3125,24.4375,24.1250,24.3125,0
1996-01-25,24.2500,24.8125,24.0000,24.5000,0
1996-01-26,24.4375,25.3125,24.3125,25.1250,0
1996-01-29,25.0000,25.2500,24.9375,25.1875,0
1996-01-30,25.3125,25.5000,25.0000,25.1250,0
1996-01-31,25.1875,25.1875,24.8125,25.1250,0
1996-02-01,25.0625,25.1250,24.8125,25.0000,0
1996-02-02,25.0625,25.3750,24.8750,25.0000,0
1996-02-05,24.8750,25.5000,24.8750,25.2500,0
1996-02-06,25.4375,25.8125,25.2500,25.8125,0
1996-02-07,26.1250,26.6875,26.0625,26.6250,0
1996-02-08,26.4375,26.8125,26.3750,26.7500,0
1996-02-09,26.6875,26.6875,26.2500,26.3750,0
1996-02-12,26.4375,27.1250,26.4375,27.0625,0
1996-02-13,26.5000,26.5625,26.0000,26.3125,0
1996-02-14,26.0625,26.1250,25.1250,25.2500,0
1996-02-15,25.4375,26.0000,25.3125,25.5000,0
1996-02-16,25.6250,25.6875,25.0000,25.1250,0
1996-02-20,24.8750,25.3125,24.5000,24.8750,0
1996-02-21,24.9375,25.8750,24.9375,25.8125,0
1996-02-22,26.1250,26.4375,26.0625,26.3750,0
1996-02-23,26.4375,26.5625,25.8125,26.0000,0
1996-02-26,25.5000,25.5625,25.0625,25.3750,0
1996-02-27,25.2500,25.3750,24.7500,25.2500,0
1996-02-28,25.6250,25.6875,24.7500,24.8125,0
1996-02-29,24.7500,25.3750,24.7500,25.0000,0
1996-03-01,25.2500,25.3750,25.0625,25.1875,0
1996-03-04,25.5000,25.7500,25.4375,25.6875,0
1996-03-05,25.8125,26.5000,25.6250,26.3750,0
1996-03-06,26.5625,26.8750,26.0000,26.1875,0
1996-03-07,26.2500,26.3750,26.0000,26.3125,0
1996-03-08,25.6250,26.0000,25.0000,25.4375,0
1996-03-11,25.2500,25.6250,25.0000,25.2500,0
1996-03-12,25.2500,25.5000,24.9375,25.3125,0
1996-03-13,25.3125,25.4375,25.1250,25.1875,0
1996-03-14,25.3125,25.4375,25.1250,25.3125,0
1996-03-15,25.4375,25.6875,25.2500,25.6250,0
1996-03-18,26.0000,26.1250,25.8125,26.0625,0
1996-03-19,26.0625,26.2500,25.0000,25.1875,0
1996-03-20,25.3750,25.6250,25.2500,25.4375,0
1996-03-21,25.5000,25.5625,25.0625,25.0625,0
1996-03-22,25.1250,25.5000,25.1250,25.3750,0
1996-03-25,25.3750,25.4375,24.6875,25.1250,0
1996-03-26,24.6250,24.9375,24.3750,24.8750,0
1996-03-27,24.6875,25.1250,24.5625,24.6875,0
1996-03-28,24.6250,24.7500,24.1875,24.6250,0
1996-03-29,24.5000,24.5625,23.6250,24.0000,0
1996-04-01,24.3750,24.8125,24.1875,24.6250,0
1996-04-02,24.5625,24.8750,24.5000,24.6875,0
1996-04-03,24.5625,24.8750,24.1875,24.3750,0
1996-04-04,24.5000,24.6875,24.2500,24.3750,0
1996-04-08,23.7500,23.9375,23.6875,23.9375,0
1996-04-09,24.0625,24.1250,23.4375,23.6250,0
1996-04-10,23.7500,24.0625,23.5000,23.6250,0
1996-04-11,23.7500,23.7500,22.9375,23.2500,0
1996-04-12,23.4375,24.1875,23.1250,24.1875,0
1996-04-15,24.1875,24.4375,24.1875,24.2500,0
1996-04-16,24.2500,24.4375,24.1875,24.3125,0
1996-04-17,24.0625,24.0625,23.3125,23.5000,0
1996-04-18,23.6250,23.9375,23.2500,23.3750,0
1996-04-19,23.3750,23.3750,23.0000,23.2500,0
1996-04-22,23.7500,23.8750,23.5000,23.7500,0
1996-04-23,23.7500,23.9375,23.4375,23.5625,0
1996-04-24,23.7500,23.8125,23.3750,23.5000,0
1996-04-25,23.4375,23.8750,23.3750,23.6875,0
1996-04-26,23.8750,24.1875,23.6250,24.0000,0
1996-04-29,23.8750,24.3125,23.8750,24.1250,0
1996-04-30,24.1250,24.1250,23.8125,23.9375,0
1996-05-01,24.1250,24.4375,24.0625,24.4375,0
1996-05-02,24.4375,24.4375,23.5625,23.6875,0
1996-05-03,23.8125,23.8750,23.1875,23.3125,0
1996-05-06,23.3750,23.9375,23.2500,23.8125,0
1996-05-07,24.0000,24.0625,23.6250,23.6250,0
1996-05-08,23.3750,24.0000,23.0000,23.9375,0
1996-05-09,23.9375,24.1250,23.3750,23.5625,0
1996-05-10,23.6875,23.7500,23.5625,23.6875,0
1996-05-13,23.7500,24.0000,23.6250,23.8750,0
1996-05-14,23.9375,24.0625,23.8125,23.8750,0
1996-05-15,23.9375,24.2500,23.7500,23.8125,0
1996-05-16,23.8750,24.0000,23.6250,23.8750,0
1996-05-17,24.0625,24.1250,23.5625,24.0625,0
1996-05-20,24.1250,24.6875,24.1250,24.3125,0
1996-05-21,24.6250,24.6250,24.1250,24.3750,0
1996-05-22,24.4375,24.8125,24.3750,24.8125,0
1996-05-23,25.0625,25.1875,24.1875,24.5625,0
1996-05-24,24.8750,24.9375,24.3750,24.5000,0
1996-05-28,24.6875,24.7500,24.0000,24.1250,0
1996-05-29,24.6250,24.6875,24.1875,24.3125,0
1996-05-30,24.5000,24.6250,24.3125,24.4375,0
1996-05-31,24.3750,24.5000,23.9375,24.0625,0
1996-06-03,24.0625,24.3750,23.9375,24.3125,0
1996-06-04,24.1875,24.1875,23.9375,24.1875,0
1996-06-05,24.1250,24.3125,23.7500,24.3125,0
1996-06-06,24.5625,24.6250,24.1875,24.1875,0
1996-06-07,24.0000,24.0625,23.7500,24.0000,0
1996-06-10,24.0000,24.1250,23.7500,23.8750,0
1996-06-11,23.9375,24.1250,23.8125,23.8125,0
1996-06-12,23.9375,24.1250,23.8750,24.0625,0
1996-06-13,24.0625,24.0625,23.7500,23.8750,0
1996-06-14,23.9375,23.9375,23.3125,23.5625,0
1996-06-17,23.6250,23.6250,23.1875,23.5000,0
1996-06-18,23.3750,23.4375,22.9375,23.0000,0
1996-06-19,23.2500,23.3750,22.9375,23.0000,0
1996-06-20,23.1250,23.2500,22.6875,23.0000,0
1996-06-21,23.0000,23.1250,22.8750,23.1250,0
1996-06-24,23.5000,23.7500,23.3125,23.5000,0
1996-06-25,23.5625,23.7500,23.5000,23.6875,0
1996-06-26,23.6875,23.7500,23.4375,23.5000,0
1996-06-27,23.6250,23.6875,23.0000,23.2500,0
1996-06-28,23.4375,23.4375,23.1875,23.3750,0
1996-07-01,23.5000,23.8125,23.3750,23.7500,0
1996-07-02,23.7500,23.7500,23.3125,23.4375,0
1996-07-03,23.3750,23.3750,22.9375,23.0625,0
1996-07-05,22.9375,23.0000,22.7500,22.7500,0
1996-07-08,22.5000,22.6250,22.2500,22.2500,0
1996-07-09,22.3750,22.5625,22.3125,22.3750,0
1996-07-10,22.3750,22.3750,21.6250,22.3750,0
1996-07-11,22.2500,22.3125,21.6875,22.2500,0
1996-07-12,22.2500,22.4375,21.8125,22.0625,0
1996-07-15,22.3125,22.3125,21.3125,21.3750,0
1996-07-16,21.2500,21.7500,20.5000,21.6250,0
1996-07-17,21.8125,22.1250,21.5000,22.1250,0
1996-07-18,22.0625,23.2500,21.6875,22.6875,0
1996-07-19,23.3750,23.3750,22.6250,22.6875,0
1996-07-22,22.6250,23.0625,22.5625,22.6875,0
1996-07-23,22.8125,23.0625,22.2500,22.5000,0
1996-07-24,22.1250,22.6875,22.1250,22.6875,0
1996-07-25,22.7500,23.0625,22.7500,23.0000,0
1996-07-26,23.0625,23.2500,23.0000,23.1250,0
1996-07-29,23.1875,23.1875,22.8750,22.9375,0
1996-07-30,23.0625,23.1250,22.9375,23.1250,0
1996-07-31,23.0000,23.3750,23.0000,23.1875,0
1996-08-01,23.1250,23.6250,23.1250,23.5625,0
1996-08-02,23.9375,24.1250,23.3750,23.9375,0
1996-08-05,23.9375,23.9375,23.5625,23.6250,0
1996-08-06,23.6875,23.7500,23.3750,23.7500,0
1996-08-07,23.8750,24.0000,23.7500,24.0000,0
1996-08-08,24.0000,24.0000,23.8125,23.8750,0
1996-08-09,23.9375,24.1250,23.8125,23.8125,0
1996-08-12,23.7500,23.8125,23.6250,23.6875,0
1996-08-13,23.6875,23.7500,23.5000,23.6875,0
1996-08-14,23.6250,23.8750,23.5625,23.7500,0
1996-08-15,23.6875,23.8125,23.5625,23.6875,0
1996-08-16,23.8125,23.9375,23.5625,23.6250,0
1996-08-19,23.9375,23.9375,23.6875,23.8750,0
1996-08-20,23.8750,23.9375,23.5625,23.6875,0
1996-08-21,23.6875,23.6875,23.5625,23.6250,0
1996-08-22,23.6875,23.9375,23.6250,23.8125,0
1996-08-23,23.8125,24.0000,23.7500,23.7500,0
1996-08-26,23.8750,23.9375,23.7188,23.8125,0
1996-08-27,23.8125,23.8750,23.6875,23.7500,0
1996-08-28,23.8125,23.8750,23.6875,23.6875,0
1996-08-29,23.6875,23.6875,23.3750,23.4375,0
1996-08-30,23.3750,23.3750,23.0000,23.1875,0
1996-09-03,23.0000,23.3125,22.7500,23.1875,0
1996-09-04,22.8750,23.1250,22.7500,23.0000,0
1996-09-05,22.8125,23.0000,22.7500,22.9375,0
1996-09-06,22.9375,23.1875,22.8125,23.1250,0
1996-09-09,23.2500,23.7500,23.1875,23.5625,0
1996-09-10,23.6875,23.6875,23.3125,23.5625,0
1996-09-11,23.5625,24.0000,23.5000,23.7500,0
1996-09-12,23.9375,24.0000,23.5625,23.6250,0
1996-09-13,23.8750,24.3750,23.8125,23.8125,0
1996-09-16,24.0625,24.5000,23.8750,24.3750,0
1996-09-17,24.3750,24.3750,23.8750,23.8750,0
1996-09-18,23.8750,23.8750,23.6250,23.8125,0
1996-09-19,23.8750,23.8750,23.6875,23.7500,0
1996-09-20,23.7500,23.8750,23.6875,23.7500,0
1996-09-23,23.6875,23.9375,23.5625,23.8750,0
1996-09-24,23.8750,24.4375,23.8750,24.0625,0
1996-09-25,24.2500,24.2500,23.6250,23.6875,0
1996-09-26,23.6875,23.8125,23.5625,23.7500,0
1996-09-27,23.7500,24.0000,23.6875,23.9375,0
1996-09-30,24.1875,24.3125,23.6875,23.6875,0
1996-10-01,23.7500,23.8125,23.5625,23.7500,0
1996-10-02,23.6875,23.7500,23.3125,23.5000,0
1996-10-03,23.4375,23.4375,23.1875,23.2500,0
1996-10-04,23.3125,23.4375,23.0000,23.1875,0
1996-10-07,23.1875,23.3750,23.1250,23.3125,0
1996-10-08,23.4375,23.5625,23.0625,23.0625,0
1996-10-09,23.0625,23.1250,22.8750,23.0625,0
1996-10-10,22.9375,22.9375,22.7500,22.8125,0
1996-10-11,23.0000,23.1250,22.8125,23.0000,0
1996-10-14,23.1250,23.4375,23.0625,23.3125,0
1996-10-15,23.5625,23.6250,23.1250,23.2500,0
1996-10-16,23.5000,23.5000,22.6875,22.8125,0
1996-10-17,22.9375,23.5625,22.6250,23.1250,0
1996-10-18,23.2500,23.3125,22.6250,23.0625,0
1996-10-21,22.8750,22.9375,21.8750,22.3125,0
1996-10-22,22.3125,22.6250,22.0625,22.3750,0
1996-10-23,22.3750,22.5000,22.0625,22.3750,0
1996-10-24,22.3125,22.5000,22.1250,22.2500,0
1996-10-25,22.0625,22.3750,22.0625,22.3125,0
1996-10-28,22.3750,22.5625,22.0000,22.0000,0
1996-10-29,22.0625,22.3125,22.0000,22.1875,0
1996-10-30,22.3750,22.4375,22.1250,22.2500,0
1996-10-31,22.1250,22.8750,22.0625,22.2500,0
1996-11-01,22.2500,22.8750,22.2500,22.6875,0
1996-11-04,22.8125,23.0000,22.5625,22.5625,0
1996-11-05,22.7500,22.8125,22.5625,22.7500,0
1996-11-06,22.8125,23.4375,22.6875,23.4375,0
1996-11-07,23.2500,23.4375,23.0625,23.4375,0
1996-11-08,23.4375,23.5625,23.3750,23.5000,0
1996-11-11,23.5625,23.6875,23.4375,23.5625,0
1996-11-12,23.5625,23.7500,23.5000,23.5625,0
1996-11-13,23.6875,23.8125,23.5000,23.5625,0
1996-11-14,23.6875,24.2500,23.5000,24.2500,0
1996-11-15,24.4375,24.4375,24.0625,24.1250,0
1996-11-18,24.1875,24.3750,24.0625,24.1875,0
1996-11-19,24.2500,24.5625,24.1875,24.3750,0
1996-11-20,24.5000,24.6875,24.1250,24.2500,0
1996-11-21,24.3750,24.3750,24.1875,24.1875,0
1996-11-22,24.2500,24.3125,23.7500,23.9375,0
1996-11-25,23.8750,24.1875,23.6250,23.7500,0
1996-11-26,23.6250,23.7500,23.3750,23.5000,0
1996-11-27,23.5625,23.6875,23.0625,23.0625,0
1996-11-29,23.3125,23.5000,23.1875,23.3750,0
1996-12-02,23.3125,23.3125,22.9375,23.1250,0
1996-12-03,23.1250,23.1250,22.7500,22.8750,0
1996-12-04,22.9375,23.3125,22.8125,23.1875,0
1996-12-05,23.2500,24.0625,23.1875,24.0625,0
1996-12-06,23.1250,23.6875,23.0000,23.4375,0
1996-12-09,23.5625,24.0625,23.5000,24.0625,0
1996-12-10,24.0000,24.1250,23.5000,23.7500,0
1996-12-11,23.3125,23.5625,23.0625,23.3750,0
1996-12-12,23.2500,23.6250,22.5000,22.8125,0
1996-12-13,22.6250,23.2500,22.5625,23.0000,0
1996-12-16,23.0000,23.1250,22.6875,22.8125,0
1996-12-17,22.6250,22.7500,22.5000,22.7500,0
1996-12-18,22.7500,22.9375,22.6875,22.7500,0
1996-12-19,22.8125,23.0000,22.7500,22.9375,0
1996-12-20,23.3750,23.3750,22.5000,22.7500,0
1996-12-23,22.6875,23.0000,22.6250,23.0000,0
1996-12-24,22.9375,23.3125,22.8125,23.1250,0
1996-12-26,23.0625,23.3125,23.0625,23.3125,0
1996-12-27,23.3125,23.4375,23.1250,23.1250,0
1996-12-30,23.2500,23.3125,23.0000,23.0000,0
1996-12-31,23.0625,23.1250,22.6250,22.6875,0
1997-01-02,22.6250,22.6875,22.3125,22.5625,0
1997-01-03,22.6250,22.6875,22.3750,22.5000,0
1997-01-06,22.4375,22.5625,22.2500,22.4375,0
1997-01-07,22.1250,22.2500,21.8125,22.1250,0
1997-01-08,22.0625,22.1250,21.6875,22.0625,0
1997-01-09,22.2500,22.3750,22.0000,22.0000,0
1997-01-10,21.8750,22.2500,21.6250,21.8750,0
1997-01-13,22.0000,22.1875,21.9375,22.1875,0
1997-01-14,22.1250,22.3125,21.7500,22.1250,0
1997-01-15,22.0625,22.5000,21.8750,22.4375,0
1997-01-16,22.5000,22.7500,22.1250,22.3125,0
1997-01-17,22.4375,23.3750,22.3750,23.2500,0
1997-01-20,23.4375,23.5625,23.1250,23.3750,0
1997-01-21,23.1250,23.1875,22.8125,23.1250,0
1997-01-22,23.1250,23.1875,22.4375,22.6250,0
1997-01-23,22.7500,23.9375,22.6875,23.2500,0
1997-01-24,23.1250,23.3750,22.9375,23.3125,0
1997-01-27,23.2500,23.3125,22.8125,22.8125,0
1997-01-28,23.0625,23.1875,22.8750,23.0000,0
1997-01-29,23.0000,23.0625,22.5625,22.8750,0
1997-01-30,23.0000,23.0625,22.5000,22.5625,0
1997-01-31,22.8125,23.3125,22.6250,22.7500,0
1997-02-03,22.9375,22.9375,22.5625,22.6250,0
1997-02-04,22.7500,22.9375,22.6250,22.9375,0
1997-02-05,22.8125,22.9375,22.5000,22.7500,0
1997-02-06,22.6875,22.8125,22.3125,22.5000,0
1997-02-07,22.6250,22.6875,22.3750,22.6875,0
1997-02-10,22.8125,23.0625,22.7500,23.0000,0
1997-02-11,23.1250,23.2500,22.6250,22.8750,0
1997-02-12,22.9375,23.0625,22.5000,23.0625,0
1997-02-13,23.0625,23.4375,23.0000,23.2500,0
1997-02-14,23.2500,23.3750,23.1250,23.3750,0
1997-02-18,23.2500,23.5000,23.0000,23.4375,0
1997-02-19,23.4375,23.5000,23.0625,23.1250,0
1997-02-20,22.9375,23.0625,22.8125,23.0625,0
1997-02-21,23.0625,23.1250,22.8125,22.8125,0
1997-02-24,22.7500,23.1250,22.6875,23.1250,0
1997-02-25,23.1250,23.8750,22.9375,23.6875,0
1997-02-26,22.3750,22.6250,22.2500,22.4375,0
1997-02-27,22.3750,22.5000,21.6875,21.7500,0
1997-02-28,21.6875,21.8125,21.5625,21.6250,0
1997-03-03,21.4375,21.9375,21.2500,21.6875,0
1997-03-04,22.1250,22.4375,22.0000,22.0625,0
1997-03-05,22.1875,22.5625,22.1250,22.5000,0
1997-03-06,22.3750,22.5000,22.2500,22.3750,0
1997-03-07,22.4375,22.4375,22.2500,22.2500,0
1997-03-10,22.2500,22.4375,22.1875,22.4375,0
1997-03-11,22.5000,22.5625,22.1875,22.1875,0
1997-03-12,22.1250,22.3125,22.0625,22.1875,0
1997-03-13,22.1875,22.2500,21.9375,22.0000,0
1997-03-14,22.0625,22.2500,22.0000,22.0625,0
1997-03-17,22.8125,23.2500,22.6250,23.1250,0
1997-03-18,23.2500,23.6250,23.1250,23.5000,0
1997-03-19,23.5625,23.7500,23.5000,23.6875,0
1997-03-20,23.5625,23.6875,23.3125,23.5625,0
1997-03-21,23.5625,23.7500,23.5000,23.6250,0
1997-03-24,23.5625,23.7500,23.3750,23.7500,0
1997-03-25,23.7500,23.9375,23.3750,23.7500,0
1997-03-26,23.8750,24.2500,23.6875,24.2500,0
1997-03-27,24.2500,24.6875,24.0000,24.1875,0
1997-03-31,24.1250,24.1250,23.5625,23.6250,0
1997-04-01,23.3750,24.2500,23.3750,24.1250,0
1997-04-02,23.9375,24.1250,23.5625,23.7500,0
1997-04-03,23.7500,24.2500,23.7500,24.2500,0
1997-04-04,24.1250,24.2500,23.8750,24.1250,0
1997-04-07,24.1250,24.4375,24.1250,24.3750,0
1997-04-08,24.3125,24.9375,24.2500,24.9375,0
1997-04-09,24.8750,24.9375,24.6875,24.8125,0
1997-04-10,24.6875,24.8750,24.5625,24.5625,0
1997-04-11,24.2500,24.4375,23.9375,23.9375,0
1997-04-14,24.0625,24.3125,23.8750,24.3125,0
1997-04-15,24.4375,24.6250,24.3750,24.5000,0
1997-04-16,24.5000,25.1875,23.9375,25.1875,0
1997-04-17,25.1250,25.5625,24.8750,24.9375,0
1997-04-18,24.9375,25.0625,24.6875,24.8125,0
1997-04-21,24.8125,25.6250,24.7500,25.5625,0
1997-04-22,25.5625,25.9375,25.5000,25.7500,0
1997-04-23,25.8125,25.8750,25.6250,25.7500,0
1997-04-24,25.7500,25.8750,25.6875,25.8125,0
1997-04-25,25.8125,25.8125,25.5000,25.5625,0
1997-04-28,25.5000,25.9375,25.4375,25.8750,0
1997-04-29,26.0625,26.5000,25.9375,26.4375,0
1997-04-30,26.3750,27.0000,26.2500,26.7500,0
1997-05-01,26.7500,26.8125,26.0000,26.3750,0
1997-05-02,26.3750,26.7500,26.3125,26.6250,0
1997-05-05,26.8125,27.3125,26.6875,27.2500,0
1997-05-06,27.1250,27.4375,27.1250,27.2500,0
1997-05-07,27.0000,27.1250,26.7500,26.8750,0
1997-05-08,26.8750,27.3125,26.7500,27.1250,0
1997-05-09,26.6250,27.1875,26.2500,26.5625,0
1997-05-12,26.4375,26.7500,26.1875,26.5000,0
1997-05-13,26.3125,26.4375,26.0000,26.0000,0
1997-05-14,26.1875,26.4375,26.0000,26.1250,0
1997-05-15,26.0625,26.1875,25.9375,26.1250,0
1997-05-16,26.0000,26.3125,26.0000,26.0000,0
1997-05-19,26.0000,26.1875,25.8125,26.0625,0
1997-05-20,25.8750,25.9375,25.5000,25.6250,0
1997-05-21,25.6250,25.7500,25.3125,25.4375,0
1997-05-22,25.5000,25.6250,25.3125,25.4375,0
1997-05-23,25.6875,25.6875,25.4375,25.5625,0
1997-05-27,25.7500,25.9375,25.6250,25.7500,0
1997-05-28,25.6875,25.7500,25.2500,25.2500,0
1997-05-29,25.1875,25.2500,24.8750,24.9375,0
1997-05-30,24.8125,25.1250,24.7500,25.1250,0
1997-06-02,25.0625,25.0625,24.2500,24.3750,0
1997-06-03,24.2500,24.3750,24.0625,24.3125,0
1997-06-04,24.0000,24.1875,23.8750,23.9375,0
1997-06-05,23.8125,24.1875,23.8125,23.8750,0
1997-06-06,23.8750,24.1250,23.8750,24.0000,0
1997-06-09,24.1875,24.3750,24.0000,24.3125,0
1997-06-10,24.3125,24.6250,24.2500,24.4375,0
1997-06-11,24.6250,24.9375,24.5000,24.8750,0
1997-06-12,25.0000,25.0000,24.6250,25.0000,0
1997-06-13,25.1875,25.2500,24.8750,25.1250,0
1997-06-16,25.0000,25.0625,24.7500,24.8750,0
1997-06-17,24.6250,24.8125,24.5000,24.5000,0
1997-06-18,24.4375,24.6875,24.3125,24.5625,0
1997-06-19,24.8750,25.0625,24.7500,24.8750,0
1997-06-20,25.0000,25.1875,24.9375,25.0000,0
1997-06-23,24.8750,24.9375,24.3125,24.3125,0
1997-06-24,24.4375,24.8750,24.4375,24.8125,0
1997-06-25,24.6250,24.8750,24.1875,24.1875,0
1997-06-26,24.0625,24.4375,24.0625,24.4375,0
1997-06-27,24.4062,24.4688,24.1875,24.3125,0
1997-06-30,24.3125,24.4375,24.0625,24.1562,0
1997-07-01,24.1875,24.5938,24.0938,24.3125,0
1997-07-02,24.1250,24.2500,23.6875,24.1875,0
1997-07-03,24.3750,24.4375,24.1250,24.3750,0
1997-07-07,24.4062,24.6875,24.1562,24.2812,0
1997-07-08,24.2500,24.5312,24.2188,24.3750,0
1997-07-09,24.5000,25.0000,24.0000,24.0312,0
1997-07-10,23.8750,24.5625,23.6875,24.4375,0
1997-07-11,24.5000,25.2500,24.4375,24.9688,0
1997-07-14,25.0000,25.2812,25.0000,25.2812,0
1997-07-15,25.2812,25.3125,24.9062,24.9062,0
1997-07-16,25.0000,25.2812,24.9375,24.9688,0
1997-07-17,25.0000,25.6250,24.7500,25.1250,0
1997-07-18,25.0938,25.1250,24.8750,24.9688,0
1997-07-21,25.0000,25.1250,24.8125,25.0625,0
1997-07-22,25.0312,25.4375,25.0312,25.4375,0
1997-07-23,25.8750,26.0312,25.5000,25.9688,0
1997-07-24,25.7500,26.3750,25.5000,26.2500,0
1997-07-25,26.1250,26.7500,26.0312,26.6250,0
1997-07-28,26.6562,27.0625,26.6250,26.8750,0
1997-07-29,26.8750,27.0000,26.5000,26.8438,0
1997-07-30,27.0312,27.3750,26.9375,27.3438,0
1997-07-31,27.2188,27.2500,26.8750,26.8750,0
1997-08-01,26.8750,26.8750,26.2500,26.2812,0
1997-08-04,26.0000,26.5625,26.0000,26.4688,0
1997-08-05,26.2500,26.3438,26.0312,26.0312,0
1997-08-06,26.0312,26.2188,26.0000,26.1875,0
1997-08-07,26.0938,26.4375,26.0312,26.1562,0
1997-08-08,26.0000,26.1250,25.7188,25.7812,0
1997-08-11,25.7500,26.0000,25.5625,25.8125,0
1997-08-12,25.7812,25.8125,25.5312,25.5625,0
1997-08-13,25.5312,25.6875,25.0000,25.2188,0
1997-08-14,25.4375,26.0000,25.2812,25.7188,0
1997-08-15,25.5312,25.6875,24.9062,25.0000,0
1997-08-18,25.0000,25.1250,24.6875,25.0625,0
1997-08-19,25.0938,25.2188,24.5000,24.8750,0
1997-08-20,24.6250,25.1250,24.4062,24.9688,0
1997-08-21,25.0938,25.1875,24.6562,24.8125,0
1997-08-22,24.5000,24.8750,24.3750,24.8750,0
1997-08-25,24.9062,24.9062,24.6250,24.6562,0
1997-08-26,24.3750,24.5625,24.1562,24.2500,0
1997-08-27,24.1562,24.3125,23.8750,24.1250,0
1997-08-28,24.0000,24.0312,23.3438,23.3750,0
1997-08-29,23.0000,23.7500,22.8750,23.6562,0
1997-09-02,23.6562,24.0312,23.3750,23.6250,0
1997-09-03,23.3750,23.6250,23.3438,23.4375,0
1997-09-04,23.5000,23.6562,23.0000,23.1250,0
1997-09-05,23.2500,23.5000,23.1250,23.2500,0
1997-09-08,23.3750,23.6250,23.3438,23.3750,0
1997-09-09,23.3125,23.3438,23.1250,23.1875,0
1997-09-10,23.0938,23.4062,22.9375,23.0625,0
1997-09-11,22.8750,23.5938,22.8750,23.3750,0
1997-09-12,23.6250,23.6250,22.9688,23.3750,0
1997-09-15,23.3438,23.3750,23.0000,23.0312,0
1997-09-16,23.0312,23.5625,23.0312,23.5000,0
1997-09-17,23.6250,23.8125,23.4375,23.5000,0
1997-09-18,23.5938,24.0312,23.5625,23.8750,0
1997-09-19,23.8750,24.0625,23.7500,23.9062,0
1997-09-22,23.9375,24.2500,23.9062,24.1250,0
1997-09-23,24.1250,24.4062,24.0312,24.2812,0
1997-09-24,24.2188,24.5312,24.2188,24.2812,0
1997-09-25,24.0625,24.1875,23.8125,23.9062,0
1997-09-26,23.8438,24.0625,23.6562,23.7812,0
1997-09-29,23.8125,24.0938,23.6875,24.0625,0
1997-09-30,24.0000,24.0625,23.7500,23.8125,0
1997-10-01,23.9375,24.3750,23.8750,24.1875,0
1997-10-02,24.0625,24.2188,23.8750,23.9688,0
1997-10-03,24.0938,24.2812,23.7500,24.0312,0
1997-10-06,24.0000,24.2188,23.8750,23.9375,0
1997-10-07,23.5625,23.9688,23.5625,23.7500,0
1997-10-08,23.8125,23.8125,23.4688,23.6875,0
1997-10-09,23.3125,23.8750,23.2500,23.6875,0
1997-10-10,23.3125,23.5312,23.1250,23.4062,0
1997-10-13,23.5312,23.9062,22.9062,23.0000,0
1997-10-14,23.0625,23.2188,22.9062,23.0625,0
1997-10-15,22.9062,23.0625,22.7812,23.0625,0
1997-10-16,23.1250,23.4062,22.6875,22.6875,0
1997-10-17,22.7500,23.2500,22.3750,23.1250,0
1997-10-20,23.8750,24.0312,23.2812,23.8750,0
1997-10-21,23.8750,24.3750,23.8125,24.3125,0
1997-10-22,24.2188,24.2812,23.9062,24.2500,0
1997-10-23,23.7500,23.9375,23.4688,23.5938,0
1997-10-24,23.7188,23.9688,23.2500,23.5625,0
1997-10-27,23.1875,23.4688,21.8750,22.0312,0
1997-10-28,21.0625,23.1875,21.0625,23.0000,0
1997-10-29,23.0625,23.2500,22.4062,22.8438,0
1997-10-30,22.5000,22.7500,22.2500,22.3125,0
1997-10-31,22.5000,22.6875,22.3125,22.4062,0
1997-11-03,22.5000,22.9688,22.5000,22.8125,0
1997-11-04,22.6562,23.1875,22.6250,23.0312,0
1997-11-05,23.1875,23.5000,22.9375,23.3125,0
1997-11-06,23.0312,23.2188,22.8125,23.0000,0
1997-11-07,22.5312,22.6875,22.2188,22.3750,0
1997-11-10,22.7500,22.8750,22.3438,22.3750,0
1997-11-11,22.5625,22.8438,22.5625,22.8438,0
1997-11-12,22.5938,23.3750,22.5938,23.1875,0
1997-11-13,23.3125,23.6250,23.1875,23.5938,0
1997-11-14,23.5938,23.7188,23.2812,23.4062,0
1997-11-17,23.6875,23.8125,23.5312,23.5625,0
1997-11-18,23.4375,23.6875,23.3750,23.4062,0
1997-11-19,23.3750,24.0625,23.3438,24.0000,0
1997-11-20,24.1250,24.5312,24.1250,24.3125,0
1997-11-21,24.4688,24.5000,24.1562,24.3750,0
1997-11-24,24.1250,24.8125,24.1250,24.5000,0
1997-11-25,24.5312,24.7500,24.4375,24.7500,0
1997-11-26,24.6875,24.7500,24.2500,24.2812,0
1997-11-28,24.3438,24.3750,24.0625,24.2500,0
1997-12-01,24.3750,24.4688,24.1562,24.4375,0
1997-12-02,24.0625,24.4062,24.0625,24.4062,0
1997-12-03,24.3125,24.3438,23.9688,24.1250,0
1997-12-04,24.2500,24.2812,23.7500,23.8125,0
1997-12-05,23.5625,24.0000,23.5312,23.7812,0
1997-12-08,23.6250,23.8125,23.5625,23.7500,0
1997-12-09,23.7188,23.9062,23.5312,23.8125,0
1997-12-10,23.7812,23.8750,23.5000,23.5938,0
1997-12-11,23.4688,23.4688,23.0000,23.0000,0
1997-12-12,23.1250,23.2188,23.0000,23.1875,0
1997-12-15,23.2500,23.3750,23.0000,23.0000,0
1997-12-16,23.0000,23.3750,22.7500,22.8438,0
1997-12-17,22.9062,22.9375,22.6250,22.6875,0
1997-12-18,22.5938,22.7188,22.5000,22.5000,0
1997-12-19,22.5312,23.1875,22.1875,22.9688,0
1997-12-22,22.9375,23.2500,22.9375,23.1875,0
1997-12-23,23.0625,23.2188,22.9688,23.1875,0
1997-12-24,23.2500,23.2500,22.9688,22.9688,0
1997-12-26,22.9688,23.0938,22.5625,22.5938,0
1997-12-29,22.7500,23.1875,22.6875,23.1250,0
1997-12-30,23.1562,23.6562,23.1562,23.6250,0
1997-12-31,23.5312,23.8750,23.2500,23.8750,0
1998-01-02,23.9375,24.0000,23.4375,23.8125,0
1998-01-05,23.8125,23.8125,23.5625,23.7500,0
1998-01-06,23.6562,23.8750,23.5000,23.8125,0
1998-01-07,23.5625,23.7188,23.4375,23.6250,0
1998-01-08,23.5000,23.5625,23.1875,23.1875,0
1998-01-09,23.1562,23.1875,22.6250,22.6875,0
1998-01-12,22.3750,23.3438,22.3125,23.1875,0
1998-01-13,23.2500,23.5625,23.1562,23.5625,0
1998-01-14,23.5312,23.5938,23.1250,23.5312,0
1998-01-15,23.4688,23.6875,23.1875,23.4062,0
1998-01-16,23.6875,23.9688,23.4688,23.7812,0
1998-01-20,23.6250,24.0000,23.5938,24.0000,0
1998-01-21,23.5625,23.8125,23.4062,23.6875,0
1998-01-22,23.5625,23.9375,23.4688,23.9375,0
1998-01-23,23.8438,23.9062,23.2500,23.5312,0
1998-01-26,23.2812,23.5938,23.1250,23.5000,0
1998-01-27,23.4062,23.8750,23.3438,23.6562,0
1998-01-28,23.6562,23.9375,23.3750,23.8125,0
1998-01-29,23.7500,24.3438,23.6875,23.9688,0
1998-01-30,23.9375,23.9688,23.5312,23.5625,0
1998-02-02,23.9375,23.9688,23.7812,23.8125,0
1998-02-03,23.7500,24.2812,23.7188,24.2812,0
1998-02-04,24.2500,24.3438,24.0000,24.2812,0
1998-02-05,24.2500,24.6250,23.9688,24.2500,0
1998-02-06,24.1250,24.6562,24.0938,24.4062,0
1998-02-09,24.2812,24.6562,24.2812,24.5312,0
1998-02-10,24.8125,25.1562,24.6875,25.0000,0
1998-02-11,25.0312,25.1875,24.8125,25.0938,0
1998-02-12,25.1250,25.7188,25.0938,25.5938,0
1998-02-13,25.6875,26.8125,25.6875,26.5000,0
1998-02-17,26.3750,26.5000,25.5312,26.0938,0
1998-02-18,25.9062,26.4375,25.9062,26.2500,0
1998-02-19,26.1250,26.5000,25.9688,26.0000,0
1998-02-20,26.3750,26.5000,26.2500,26.4688,0
1998-02-23,26.5000,26.6250,26.2812,26.4375,0
1998-02-24,26.2812,26.3125,25.8438,25.9375,0
1998-02-25,25.8438,26.1875,25.7500,26.1875,0
1998-02-26,26.2188,27.0000,26.0000,26.9375,0
1998-02-27,27.0625,27.9375,27.0625,27.2812,0
1998-03-02,27.3750,27.4688,26.5938,26.5938,0
1998-03-03,26.5000,27.0000,26.2500,26.7812,0
1998-03-04,26.6562,26.9688,26.3125,26.9375,0
1998-03-05,26.5000,26.7812,26.4688,26.7188,0
1998-03-06,26.7812,27.0938,26.7500,26.9062,0
1998-03-09,26.9375,27.3125,26.7188,27.0625,0
1998-03-10,27.1875,27.5625,27.1875,27.4062,0
1998-03-11,27.4375,27.9375,27.4062,27.9375,0
1998-03-12,27.6562,28.1250,27.6562,27.9688,0
1998-03-13,28.1250,28.2500,27.3125,27.3125,0
1998-03-16,26.5000,26.8125,26.0000,26.5000,0
1998-03-17,26.5312,26.5625,26.2500,26.2500,0
1998-03-18,26.3125,26.6250,26.1562,26.2188,0
1998-03-19,26.1250,26.1875,25.3125,25.7500,0
1998-03-20,25.8750,25.8750,25.5312,25.7500,0
1998-03-23,25.0000,25.9062,25.0000,25.7500,0
1998-03-24,26.2500,26.2500,25.8125,26.2500,0
1998-03-25,26.5000,26.6562,26.2188,26.5000,0
1998-03-26,26.8750,27.6875,26.8750,27.6875,0
1998-03-27,28.8750,29.3125,28.5000,28.6875,0
1998-03-30,29.2500,29.8125,29.0000,29.6875,0
1998-03-31,29.6562,30.1250,29.3125,30.0000,0
1998-04-01,30.0312,31.0625,29.8125,30.7188,0
1998-04-02,30.9375,31.5000,30.7812,31.4375,0
1998-04-03,31.5000,31.9062,31.3438,31.7500,0
1998-04-06,31.7188,31.7500,30.8438,30.9062,0
1998-04-07,30.6875,30.7188,30.2500,30.4375,0
1998-04-08,30.5000,30.9688,30.2500,30.5000,0
1998-04-09,30.5625,31.2500,30.3125,31.0938,0
1998-04-13,31.0000,31.0625,30.8125,30.8750,0
1998-04-14,30.8125,31.0312,30.7500,31.0312,0
1998-04-15,31.0312,31.0312,30.6250,30.9688,0
1998-04-16,30.9375,30.9688,30.3438,30.8125,0
1998-04-17,30.6875,30.9375,30.1875,30.9062,0
1998-04-20,31.1250,31.3125,30.7188,31.2812,0
1998-04-21,31.0000,31.0312,30.6562,31.0000,0
1998-04-22,30.8750,30.9062,30.3438,30.5312,0
1998-04-23,30.0000,30.1875,29.0625,29.1875,0
1998-04-24,29.1875,29.4688,28.8438,29.0625,0
1998-04-27,28.7500,29.5625,28.5312,29.3750,0
1998-04-28,29.3750,29.4375,28.7500,29.0625,0
1998-04-29,29.3750,29.8438,29.0312,29.6562,0
1998-04-30,30.2500,31.0000,30.1562,30.9375,0
1998-05-01,31.2500,31.4375,30.8750,31.2812,0
1998-05-04,31.0000,31.2812,30.9062,31.2812,0
1998-05-05,31.2812,31.2812,30.7812,30.8438,0
1998-05-06,31.0000,31.3438,30.7188,30.7188,0
1998-05-07,30.8438,30.8438,30.5000,30.6875,0
1998-05-08,30.6875,31.1250,30.6562,31.0938,0
1998-05-11,31.1250,31.3750,30.7188,30.7188,0
1998-05-12,30.6562,31.4688,30.6562,31.4688,0
1998-05-13,31.4688,31.8438,31.3125,31.7812,0
1998-05-14,31.6250,32.0625,31.5625,32.0312,0
1998-05-15,32.0000,32.0312,31.8125,31.8438,0
1998-05-18,31.8438,31.8750,31.4688,31.4688,0
1998-05-19,31.5625,31.6875,31.2500,31.4062,0
1998-05-20,31.7500,33.0000,31.7500,32.9375,0
1998-05-21,32.5625,33.1875,32.3438,32.9688,0
1998-05-22,33.0625,33.3438,32.6875,32.8125,0
1998-05-26,32.7500,33.3125,32.7500,32.8750,0
1998-05-27,32.5625,33.0312,32.5312,32.8750,0
1998-05-28,32.7812,33.5312,32.5938,33.4375,0
1998-05-29,33.3125,33.4375,32.7500,32.8125,0
1998-06-01,32.8125,33.6250,32.7812,33.5938,0
1998-06-02,33.5000,33.7500,33.2500,33.5000,0
1998-06-03,33.5000,33.5000,32.8125,32.9375,0
1998-06-04,32.9375,33.4688,32.8750,33.4375,0
1998-06-05,33.5312,33.6875,33.1562,33.5938,0
1998-06-08,33.5938,33.9688,33.4688,33.6562,0
1998-06-09,33.5000,33.5312,33.0000,33.0000,0
1998-06-10,32.9375,33.3438,32.8750,33.0000,0
1998-06-11,32.9062,33.0000,32.0000,32.1250,0
1998-06-12,32.1250,32.4375,31.6875,32.3125,0
1998-06-15,32.1250,32.6250,31.8438,31.8438,0
1998-06-16,32.1250,32.1250,31.8125,32.0625,0
1998-06-17,32.2500,32.8125,32.1875,32.7188,0
1998-06-18,33.3125,34.0000,33.2812,33.9375,0
1998-06-19,34.0938,34.1875,33.6875,34.0312,0
1998-06-22,33.7812,34.0625,33.6562,33.9688,0
1998-06-23,33.9375,33.9375,33.4062,33.7188,0
1998-06-24,33.6875,33.8125,33.3750,33.7500,0
1998-06-25,33.8750,34.0938,33.6562,33.9688,0
1998-06-26,34.0625,34.9688,34.0625,34.4688,0
1998-06-29,34.5000,34.7188,34.4062,34.5938,0
1998-06-30,34.5938,34.6875,34.3750,34.5000,0
1998-07-01,34.7188,35.6250,34.7188,35.6250,0
1998-07-02,35.5312,35.8750,35.3750,35.5000,0
1998-07-06,35.5312,36.8750,35.4062,36.7500,0
1998-07-07,37.0000,37.4688,36.9688,37.0625,0
1998-07-08,36.8750,36.9062,36.1562,36.5000,0
1998-07-09,36.3750,36.4688,35.8125,36.0000,0
1998-07-10,36.2188,36.5312,35.8125,36.5312,0
1998-07-13,37.1250,37.2500,36.7500,36.8125,0
1998-07-14,36.9375,37.0938,36.1875,36.4062,0
1998-07-15,36.1875,36.2188,35.0000,35.5625,0
1998-07-16,35.5625,35.9375,35.1875,35.9375,0
1998-07-17,35.9688,36.8438,35.8438,36.6250,0
1998-07-20,35.5000,35.5938,34.5625,35.2812,0
1998-07-21,35.4062,35.4062,34.6250,34.6250,0
1998-07-22,34.1875,34.4375,33.3750,33.6250,0
1998-07-23,33.5000,34.7188,33.4375,34.1875,0
1998-07-24,34.8125,34.9375,33.5312,33.7812,0
1998-07-27,33.5000,33.9062,33.1562,33.8750,0
1998-07-28,33.5000,33.7188,33.0938,33.5625,0
1998-07-29,33.5625,33.8438,33.2500,33.2500,0
1998-07-30,33.3125,33.6250,33.3125,33.6250,0
1998-07-31,33.5625,33.7812,33.3438,33.4062,0
1998-08-03,32.9375,33.2188,32.3125,32.3125,0
1998-08-04,32.7500,32.7500,31.2500,31.2500,0
1998-08-05,31.3750,31.4375,30.5000,30.8125,0
1998-08-06,30.8125,31.0312,30.6562,30.9062,0
1998-08-07,30.9375,31.3750,30.5000,30.5625,0
1998-08-10,30.8750,32.0000,30.8750,31.7188,0
1998-08-11,31.1250,32.4062,30.7812,32.2500,0
1998-08-12,32.6562,33.1562,32.4062,32.9062,0
1998-08-13,32.5938,33.2812,32.0938,32.6875,0
1998-08-14,32.8125,32.8750,32.3750,32.4375,0
1998-08-17,32.0625,32.6562,31.8750,32.4688,0
1998-08-18,32.5000,33.0625,32.4688,32.8750,0
1998-08-19,32.9375,33.3438,32.8438,33.1250,0
1998-08-20,33.0312,33.2812,32.8438,32.9062,0
1998-08-21,32.7812,33.0000,31.8750,33.0000,0
1998-08-24,33.0000,33.2188,32.5312,32.7188,0
1998-08-25,32.9688,33.3125,32.9062,33.0938,0
1998-08-26,32.5000,32.7812,31.9688,32.1250,0
1998-08-27,31.5625,31.8125,30.8438,31.2188,0
1998-08-28,31.0938,31.7812,30.8438,31.3438,0
1998-08-31,31.3750,31.5625,28.0000,28.1875,0
1998-09-01,28.0000,30.5000,27.7500,30.0000,0
1998-09-02,29.8750,30.1875,29.1875,29.4062,0
1998-09-03,28.6875,29.5000,28.5312,28.9688,0
1998-09-04,29.0938,29.2188,28.6875,29.0625,0
1998-09-08,30.5000,32.2500,30.4375,32.2188,0
1998-09-09,31.8750,32.0938,30.7500,31.0312,0
1998-09-10,30.0000,30.3750,28.9688,29.8750,0
1998-09-11,29.6250,30.1875,29.3125,29.5938,0
1998-09-14,30.2500,30.4688,29.2188,29.3438,0
1998-09-15,29.3125,29.3750,28.8125,29.0938,0
1998-09-16,29.4375,29.6250,28.7188,29.4688,0
1998-09-17,28.6562,28.8750,28.0312,28.1562,0
1998-09-18,28.2500,28.7812,28.1250,28.3750,0
1998-09-21,27.9375,28.5000,26.7500,28.1875,0
1998-09-22,28.7500,28.8125,27.9062,28.2500,0
1998-09-23,28.5000,28.8750,27.5000,28.2500,0
1998-09-24,28.2500,29.2500,28.0000,28.4062,0
1998-09-25,28.0000,29.1875,28.0000,28.6250,0
1998-09-28,30.1250,30.3438,29.5938,29.9375,0
1998-09-29,30.0625,30.5938,29.8750,30.1875,0
1998-09-30,30.0625,30.2188,29.6875,29.8438,0
1998-10-01,29.3750,29.9688,29.3438,29.9375,0
1998-10-02,29.0312,29.3125,28.3750,29.0000,0
1998-10-05,29.2500,29.3750,28.0938,28.6250,0
1998-10-06,29.1250,29.2500,28.6562,29.1250,0
1998-10-07,29.2188,30.6875,28.8438,30.5312,0
1998-10-08,30.3125,31.2812,30.0000,31.0312,0
1998-10-09,31.0625,31.2188,30.5312,30.6250,0
1998-10-12,31.0000,31.7500,31.0000,31.4688,0
1998-10-13,31.4688,32.1875,31.0312,32.1250,0
1998-10-14,32.1250,32.3750,31.6250,31.8438,0
1998-10-15,31.8125,33.6875,31.5938,33.5312,0
1998-10-16,33.6562,34.3438,33.6250,34.0938,0
1998-10-19,33.9375,34.3438,33.3125,33.5625,0
1998-10-20,33.2500,33.5938,32.5000,32.5625,0
1998-10-21,32.4375,32.9688,32.2500,32.6562,0
1998-10-22,32.3125,32.4688,32.0625,32.2188,0
1998-10-23,32.1875,32.3750,31.6875,32.2500,0
1998-10-26,32.2500,32.7812,31.8125,32.0625,0
1998-10-27,32.3125,33.0625,32.3125,32.6875,0
1998-10-28,32.8125,33.8125,32.5625,33.6250,0
1998-10-29,33.8750,34.0625,33.5625,33.8125,0
1998-10-30,34.1875,34.1875,33.1562,33.5312,0
1998-11-02,33.9375,34.0312,33.5312,33.8125,0
1998-11-03,33.5000,33.6250,32.7500,32.8750,0
1998-11-04,33.3750,34.3125,33.1562,34.0938,0
1998-11-05,33.7500,34.0000,33.0625,33.9062,0
1998-11-06,34.1875,34.8125,34.0000,34.5000,0
1998-11-09,34.6250,34.6250,33.4062,33.5312,0
1998-11-10,34.0000,35.8750,33.8750,35.5938,0
1998-11-11,35.8750,36.0000,34.5938,34.7500,0
1998-11-12,34.8750,36.0625,34.8750,35.3438,0
1998-11-13,35.3125,35.6875,35.1250,35.6875,0
1998-11-16,35.5312,36.1250,35.4375,36.0938,0
1998-11-17,35.6875,35.7188,34.6250,34.6875,0
1998-11-18,34.6250,35.1250,34.5938,34.6875,0
1998-11-19,34.9375,35.6875,34.9375,35.5312,0
1998-11-20,36.2500,36.2500,35.1875,35.5625,0
1998-11-23,35.4688,36.2188,35.3750,36.2188,0
1998-11-24,36.2500,36.8125,35.7812,36.0000,0
1998-11-25,36.0625,36.5938,35.5625,36.0938,0
1998-11-27,35.8125,36.1250,35.4375,36.0938,0
1998-11-30,35.7500,36.0000,35.0312,35.0312,0
1998-12-01,35.0000,35.6875,34.8125,35.3438,0
1998-12-02,34.7500,35.2188,34.7188,35.2188,0
1998-12-03,34.8125,35.1875,34.3750,34.5938,0
1998-12-04,34.8750,35.1875,34.7812,35.0000,0
1998-12-07,34.8438,35.0938,34.8125,35.0000,0
1998-12-08,34.8750,36.0938,34.6250,35.7812,0
1998-12-09,35.6875,35.7188,34.7500,35.1562,0
1998-12-10,34.6875,35.0625,33.7500,33.8750,0
1998-12-11,33.9062,34.2500,33.5625,34.1250,0
1998-12-14,33.8125,34.1250,33.1250,33.3750,0
1998-12-15,33.5625,33.8438,33.0312,33.8438,0
1998-12-16,34.1250,35.4375,33.9062,35.0625,0
1998-12-17,35.0625,36.3125,35.0625,35.9688,0
1998-12-18,36.8750,37.6250,36.5000,37.5938,0
1998-12-21,37.7500,39.7500,37.5312,38.7500,0
1998-12-22,38.6250,38.7500,38.2500,38.4375,0
1998-12-23,38.5625,38.6875,37.7812,38.4375,0
1998-12-24,38.1875,38.4375,38.1250,38.1562,0
1998-12-28,38.3750,38.6875,37.5625,37.6562,0
1998-12-29,37.9375,38.6250,37.8438,38.5000,0
1998-12-30,38.5000,39.3750,38.2500,39.1562,0
1998-12-31,39.1250,39.1250,37.6250,38.4062,0
1999-01-04,38.6875,39.3125,38.2188,38.4688,0
1999-01-05,38.5938,38.9375,38.1250,38.3125,0
1999-01-06,38.7500,39.2188,38.5938,38.9062,0
1999-01-07,38.4375,39.3125,38.3750,38.9375,0
1999-01-08,38.8125,40.3750,38.7500,40.2500,0
1999-01-11,39.5625,40.0000,38.8750,38.9375,0
1999-01-12,39.0625,39.1250,37.6562,37.6562,0
1999-01-13,37.1875,38.7500,35.9375,38.5000,0
1999-01-14,38.0000,38.3125,37.5312,38.0312,0
1999-01-15,38.4375,39.1875,38.0938,38.7500,0
1999-01-19,38.7500,39.7812,38.1562,39.5938,0
1999-01-20,39.5000,39.6875,38.7500,38.8750,0
1999-01-21,38.9375,39.0938,37.8750,38.3438,0
1999-01-22,38.0625,39.0625,37.8125,38.0000,0
1999-01-25,37.7500,38.2188,37.6719,37.9375,0
1999-01-26,38.2188,40.3125,38.1250,39.4688,0
1999-01-27,39.5938,39.9688,39.2500,39.2500,0
1999-01-28,39.2500,39.7500,39.0000,39.0625,0
1999-01-29,39.1250,39.9062,38.7812,39.4062,0
1999-02-01,39.3750,39.8438,39.1250,39.6875,0
1999-02-02,39.5000,39.5625,39.0312,39.5312,0
1999-02-03,39.5000,40.7500,39.5000,40.6875,0
1999-02-04,41.0000,41.0000,40.1250,40.3750,0
1999-02-05,40.5000,40.7188,39.9375,40.1562,0
1999-02-08,40.1562,40.7500,39.9375,40.4375,0
1999-02-09,40.0000,40.6875,40.0000,40.1250,0
1999-02-10,40.1250,40.1875,39.6562,39.9375,0
1999-02-11,39.8125,41.0000,39.5938,41.0000,0
1999-02-12,40.8125,41.0000,40.3125,40.6562,0
1999-02-16,40.6250,41.0625,40.5938,40.9062,0
1999-02-17,40.5625,40.7500,40.0938,40.2500,0
1999-02-18,40.6250,41.4688,40.5625,41.4688,0
1999-02-19,41.5000,42.8125,41.4688,42.7812,0
1999-02-22,42.5625,42.9375,42.0938,42.8125,0
1999-02-23,42.9375,43.2812,42.5938,42.8438,0
1999-02-24,43.0000,43.3750,42.5000,42.5000,0
1999-02-25,42.1875,42.2188,41.6562,42.0312,0
1999-02-26,42.1562,42.6875,41.7812,42.5000,0
1999-03-01,42.6250,43.5000,42.3125,43.2812,0
1999-03-02,43.2812,45.0000,43.0312,44.9375,0
1999-03-03,44.4375,44.9375,44.0000,44.4375,0
1999-03-04,44.6875,45.1250,44.2500,45.0625,0
1999-03-05,45.5000,47.3750,45.3750,47.1562,0
1999-03-08,46.3750,46.5625,45.0625,45.2500,0
1999-03-09,44.6875,44.9375,43.2500,43.5000,0
1999-03-10,43.2500,43.8750,42.7500,43.7500,0
1999-03-11,44.0625,45.1250,43.9375,44.6875,0
1999-03-12,44.7500,45.1250,43.5000,43.5000,0
1999-03-15,43.1875,44.9375,43.1875,44.1875,0
1999-03-16,44.0000,44.6250,43.9375,43.9375,0
1999-03-17,44.3125,44.6250,43.5000,43.5625,0
1999-03-18,43.6250,44.5000,43.5000,43.7500,0
1999-03-19,44.8750,44.9375,43.6250,43.6250,0
1999-03-22,43.5625,44.1875,42.5625,42.6250,0
1999-03-23,42.0000,42.6250,41.6875,42.3750,0
1999-03-24,42.2500,43.4375,42.0625,43.0000,0
1999-03-25,43.6250,44.9375,43.1250,44.1875,0
1999-03-26,44.9375,45.2500,44.0625,44.3750,0
1999-03-29,44.8750,45.6875,44.6875,45.5000,0
1999-03-30,45.7500,45.7500,44.4375,45.0000,0
1999-03-31,45.3750,45.4375,44.6875,45.3125,0
1999-04-01,45.2500,46.0000,44.8125,45.6250,0
1999-04-05,46.0000,46.8750,46.0000,46.3750,0
1999-04-06,46.3750,46.6875,45.6875,46.0625,0
1999-04-07,46.0625,46.8750,45.9375,46.7500,0
1999-04-08,46.5625,47.0625,45.8125,46.8750,0
1999-04-09,46.4375,46.6250,45.3125,45.8125,0
1999-04-12,45.3750,46.4375,45.0000,45.8750,0
1999-04-13,45.8750,46.8750,45.6875,46.5000,0
1999-04-14,46.5000,46.7500,45.0625,45.1875,0
1999-04-15,44.6875,45.1250,44.1875,44.2500,0
1999-04-16,44.5000,44.8750,43.7500,44.4375,0
1999-04-19,44.6250,44.8125,42.5000,43.0000,0
1999-04-20,43.0000,44.5000,42.1875,44.1250,0
1999-04-21,44.0625,45.3750,43.6250,45.3750,0
1999-04-22,45.5625,45.9375,43.8750,44.6875,0
1999-04-23,44.5000,44.8125,43.8750,44.1250,0
1999-04-26,44.0000,44.6250,43.1250,43.4375,0
1999-04-27,43.4375,43.6875,43.0625,43.2500,0
1999-04-28,43.5000,43.7500,42.4375,42.5000,0
1999-04-29,42.6875,43.1250,41.5625,41.8750,0
1999-04-30,41.6875,42.5625,41.5000,42.3750,0
1999-05-03,42.3125,42.7500,41.8750,42.2500,0
1999-05-04,41.2500,41.5000,40.5625,40.8125,0
1999-05-05,40.8125,41.0000,40.5000,40.6250,0
1999-05-06,40.5625,40.9375,40.3125,40.8125,0
1999-05-07,40.5625,40.8750,39.6875,40.0000,0
1999-05-10,40.1875,40.2500,39.1875,39.5000,0
1999-05-11,40.0000,41.9375,39.7500,41.8125,0
1999-05-12,41.8750,42.0625,40.7500,41.7500,0
1999-05-13,41.5625,41.5625,40.7500,40.8750,0
1999-05-14,40.2500,40.7500,40.2500,40.3750,0
1999-05-17,39.9375,40.0000,39.3750,39.6875,0
1999-05-18,39.6250,40.7500,39.4375,40.6875,0
1999-05-19,40.7500,40.8750,39.5625,40.4375,0
1999-05-20,40.0000,40.7500,40.0000,40.0625,0
1999-05-21,40.0000,40.4375,39.6875,39.8750,0
1999-05-24,39.7500,40.0625,38.6875,38.7500,0
1999-05-25,38.2500,39.2500,38.1250,38.2500,0
1999-05-26,39.2500,39.3125,38.2500,38.5000,0
1999-05-27,38.5000,39.0625,37.7500,37.9375,0
1999-05-28,38.3750,38.7500,38.0000,38.5000,0
1999-06-01,38.8750,38.9375,38.0000,38.6250,0
1999-06-02,38.6250,39.0000,37.7500,38.2500,0
1999-06-03,38.1250,39.6875,38.1250,39.5000,0
1999-06-04,39.5625,41.0000,39.2500,41.0000,0
1999-06-07,40.8750,41.6250,39.9375,40.0000,0
1999-06-08,39.9375,40.8125,39.8125,40.7500,0
1999-06-09,41.5000,41.5625,40.5625,41.0000,0
1999-06-10,41.0000,41.9375,40.0625,41.8750,0
1999-06-11,40.8750,42.0000,40.7500,41.6250,0
1999-06-14,41.6875,42.0625,41.1875,41.2500,0
1999-06-15,41.3750,42.1250,41.3750,41.6250,0
1999-06-16,41.6875,42.7500,41.6875,42.1250,0
1999-06-17,41.9375,42.8750,41.9375,42.6875,0
1999-06-18,42.8125,42.8750,41.8750,42.0000,0
1999-06-21,42.0000,42.0625,41.4375,41.5000,0
1999-06-22,41.6250,42.0625,41.0000,41.2500,0
1999-06-23,40.6875,40.8750,40.2500,40.7500,0
1999-06-24,40.5625,40.6250,39.7500,40.0000,0
1999-06-25,40.0000,40.3750,39.5625,39.6250,0
1999-06-28,39.8750,40.3125,39.7500,40.2500,0
1999-06-29,40.5000,41.5625,40.4375,41.4375,0
1999-06-30,41.1250,41.3125,40.5000,41.1250,0
1999-07-01,41.1250,41.6875,40.5625,41.6875,0
1999-07-02,41.3750,41.8125,40.7500,41.0625,0
1999-07-06,40.3125,40.9375,40.3125,40.6875,0
1999-07-07,40.9375,41.0625,40.0000,41.0625,0
1999-07-08,40.3750,40.8750,39.8750,40.6250,0
1999-07-09,41.2500,44.7500,41.1875,44.5625,0
1999-07-12,43.8750,44.1875,43.5000,43.9375,0
1999-07-13,43.2500,45.2500,43.1250,44.7500,0
1999-07-14,44.5000,44.6875,43.5625,44.1250,0
1999-07-15,44.3750,44.7500,43.6250,43.6875,0
1999-07-16,43.7500,44.1250,43.5000,44.1250,0
1999-07-19,44.0000,44.0000,43.3125,43.4375,0
1999-07-20,43.0625,43.4375,42.3750,42.8125,0
1999-07-21,42.6250,43.1250,42.3125,43.0000,0
1999-07-22,42.9375,43.3125,42.0625,42.2500,0
1999-07-23,42.0625,42.5625,41.5625,42.0000,0
1999-07-26,41.5000,42.6250,41.4375,42.6250,0
1999-07-27,42.6250,42.9375,42.1250,42.1875,0
1999-07-28,43.0000,43.4375,41.7500,42.0000,0
1999-07-29,41.5000,41.9375,41.3125,41.6875,0
1999-07-30,41.5000,42.0000,41.3125,41.6875,0
1999-08-02,41.5000,42.8125,41.4375,42.7500,0
1999-08-03,42.5000,42.8125,41.8125,42.3750,0
1999-08-04,42.3125,42.3750,41.7500,42.0000,0
1999-08-05,42.0000,42.3750,41.5000,41.6875,0
1999-08-06,41.4375,41.6250,40.1250,40.3125,0
1999-08-09,40.5625,41.2500,40.0625,40.8750,0
1999-08-10,40.6875,40.8125,39.6875,39.7500,0
1999-08-11,39.6875,40.1250,39.1250,39.3750,0
1999-08-12,39.3750,39.4375,38.9375,39.1250,0
1999-08-13,39.3750,40.6875,39.2500,40.0000,0
1999-08-16,40.0000,41.5000,40.0000,40.8750,0
1999-08-17,40.9375,41.7500,40.4375,41.6250,0
1999-08-18,41.1875,42.4375,40.8125,42.0625,0
1999-08-19,40.8125,41.6875,40.8125,41.1875,0
1999-08-20,40.9375,41.3750,40.7500,41.3750,0
1999-08-23,41.1250,41.6875,41.0625,41.3125,0
1999-08-24,40.8750,42.2500,40.8750,41.0625,0
1999-08-25,41.3125,42.9375,41.0625,42.7500,0
1999-08-26,42.0625,42.8125,41.8750,42.0000,0
1999-08-27,42.2500,43.0625,42.1875,42.3750,0
1999-08-30,42.3750,42.9375,42.0625,42.0625,0
1999-08-31,42.1250,42.3750,40.9375,41.3750,0
1999-09-01,41.0000,41.1250,40.0625,40.2500,0
1999-09-02,39.8750,40.6875,39.7500,40.5000,0
1999-09-03,41.3750,42.0625,41.0625,41.8125,0
1999-09-07,41.8750,42.3750,41.7500,42.2500,0
1999-09-08,41.7500,42.5625,41.4375,42.3750,0
1999-09-09,42.2500,42.8125,42.0000,42.5000,0
1999-09-10,42.5625,43.6875,42.1875,43.3750,0
1999-09-13,43.3750,44.3750,43.1875,44.3750,0
1999-09-14,44.1875,44.1875,43.6875,44.0625,0
1999-09-15,44.0625,44.3125,43.4375,43.4375,0
1999-09-16,43.4375,43.7500,42.3125,42.8125,0
1999-09-17,43.5000,43.5000,42.7500,42.8125,0
1999-09-20,42.5625,42.8125,42.1875,42.6250,0
1999-09-21,42.4375,43.1250,42.3750,42.7500,0
1999-09-22,42.6250,43.9375,42.5625,43.5000,0
1999-09-23,43.8125,44.0625,43.1250,43.1875,0
1999-09-24,43.0000,43.6250,42.6875,43.0000,0
1999-09-27,43.2500,43.6875,42.8125,43.0000,0
1999-09-28,42.7500,43.5000,42.6250,43.0625,0
1999-09-29,43.5000,43.5625,42.5000,42.5000,0
1999-09-30,43.0000,43.2500,42.6875,43.2500,0
1999-10-01,43.0625,43.6250,42.7500,43.5000,0
1999-10-04,43.6875,45.2500,43.6875,44.5000,0
1999-10-05,44.3125,44.4375,43.0000,43.4375,0
1999-10-06,43.5000,43.6875,42.6250,43.1250,0
1999-10-07,42.6875,43.6875,42.6875,42.9375,0
1999-10-08,42.2500,43.9375,42.1875,43.2500,0
1999-10-11,43.3750,44.1875,43.1875,43.4375,0
1999-10-12,43.3125,43.4375,42.8750,42.9375,0
1999-10-13,42.8125,43.1875,42.2500,42.4375,0
1999-10-14,42.0000,42.4375,41.5000,41.6250,0
1999-10-15,41.6250,42.3125,40.9375,41.5625,0
1999-10-18,41.4375,42.1875,41.0625,42.0000,0
1999-10-19,42.4375,43.6250,42.0000,43.3125,0
1999-10-20,43.7500,44.4375,43.0625,44.1250,0
1999-10-21,44.2500,44.5000,41.9375,42.3125,0
1999-10-22,42.5000,42.6250,39.9375,40.3125,0
1999-10-25,40.1250,40.1250,38.3125,39.1250,0
1999-10-26,39.5000,40.0625,39.4375,39.5000,0
1999-10-27,39.3125,39.5000,38.7500,39.5000,0
1999-10-28,39.9375,40.8125,39.8125,40.8125,0
1999-10-29,41.3125,41.8750,41.0625,41.2500,0
1999-11-01,41.7500,42.0000,41.2500,41.6875,0
1999-11-02,42.0625,42.1250,41.0625,41.2500,0
1999-11-03,41.2500,43.4375,41.0625,41.9375,0
1999-11-04,43.6875,45.2500,43.4375,45.1875,0
1999-11-05,45.6875,46.6250,45.6250,46.5000,0
1999-11-08,45.8750,47.0625,45.7500,47.0000,0
1999-11-09,47.0000,47.1250,45.8125,46.3750,0
1999-11-10,45.6875,46.2500,45.5000,46.0625,0
1999-11-11,46.2500,47.3125,46.0000,47.0000,0
1999-11-12,47.6875,49.5625,47.4375,48.3750,0
1999-11-15,47.5625,48.1250,46.4375,46.8750,0
1999-11-16,46.5000,47.1250,46.1875,46.1875,0
1999-11-17,46.0625,46.3125,45.8125,46.1250,0
1999-11-18,46.0000,48.0000,45.8125,47.0000,0
1999-11-19,46.0000,47.4375,45.6250,47.3750,0
1999-11-22,46.8125,47.1250,46.6250,46.9062,0
1999-11-23,47.0625,47.0625,46.4375,46.6250,0
1999-11-24,46.0625,46.3750,45.3750,45.3750,0
1999-11-26,45.4375,45.4375,44.5625,44.5625,0
1999-11-29,44.7500,45.6875,44.5625,45.5000,0
1999-11-30,45.5000,46.3750,45.0000,45.7500,0
1999-12-01,45.1250,46.7500,45.0000,46.0156,0
1999-12-02,46.0625,46.0625,44.8750,45.1875,0
1999-12-03,45.6250,46.0625,45.2500,45.8750,0
1999-12-06,45.3125,46.2500,45.2500,46.0625,0
1999-12-07,45.6875,45.7500,44.5000,44.6875,0
1999-12-08,44.8125,45.3125,44.3750,44.5625,0
1999-12-09,44.7500,45.2500,44.3750,44.6406,0
1999-12-10,43.2500,43.6875,42.6875,43.2500,0
1999-12-13,43.1250,43.2500,42.0000,42.0000,0
1999-12-14,42.0000,42.0625,41.2500,41.2500,0
1999-12-15,41.6875,42.3750,41.5625,41.8125,0
1999-12-16,41.9375,42.0000,41.3125,41.8125,0
1999-12-17,42.4375,42.4375,41.1875,41.2500,0
1999-12-20,41.8750,42.9375,41.6250,42.2969,0
1999-12-21,41.6250,42.1875,40.9375,41.6250,0
1999-12-22,41.5000,41.6875,41.0000,41.0625,0
1999-12-23,41.1250,41.1250,39.5625,40.5000,0
1999-12-27,40.9375,42.0000,40.8125,40.8125,0
1999-12-28,41.5000,41.5625,40.2500,40.6250,0
1999-12-29,40.3750,40.5625,40.0000,40.1875,0
1999-12-30,39.8125,40.2500,39.6250,39.8125,0
1999-12-31,39.9375,40.5000,38.8125,40.3125,0
2000-01-03,39.9375,40.0625,38.9375,39.6250,0
2000-01-04,39.3125,39.5625,38.3750,38.8125,0
2000-01-05,38.8125,40.3750,38.8125,39.4375,0
2000-01-06,39.1250,39.3750,38.6875,38.8750,0
2000-01-07,39.0000,40.0000,38.8750,39.8750,0
2000-01-10,40.0000,41.0000,39.7500,40.0625,0
2000-01-11,40.1250,41.5000,40.1250,41.0000,0
2000-01-12,40.9375,43.0625,40.6250,42.7500,0
2000-01-13,42.6875,43.6250,41.8750,42.3125,0
2000-01-14,42.8125,42.8125,41.8750,42.6094,0
2000-01-18,42.3750,42.5000,41.1875,41.5000,0
2000-01-19,41.0000,42.6250,41.0000,42.3750,0
2000-01-20,42.5625,42.5625,41.0000,42.5625,0
2000-01-21,41.6250,41.8750,40.4375,41.0625,0
2000-01-24,41.2500,41.4375,39.5000,39.5000,0
2000-01-25,39.7500,40.2500,39.1875,39.8125,0
2000-01-26,39.6250,39.6250,34.6875,35.7500,0
2000-01-27,36.0000,37.9375,35.8750,37.6250,0
2000-01-28,37.1250,37.4375,36.3750,36.7500,0
2000-01-31,37.2500,38.0000,37.1250,37.3750,0
2000-02-01,37.4375,37.5625,36.5000,36.6250,0
2000-02-02,36.6250,36.7500,35.3750,35.5000,0
2000-02-03,35.5625,36.1875,34.4375,35.0000,0
2000-02-04,35.8750,35.8750,34.6250,35.1250,0
2000-02-07,35.2500,35.6250,34.0000,34.9375,0
2000-02-08,36.0000,37.6250,35.5000,36.3125,0
2000-02-09,36.6875,36.6875,35.3750,35.8750,0
2000-02-10,35.5000,36.2500,35.1250,35.5000,0
2000-02-11,35.0625,35.4375,34.8125,34.9375,0
2000-02-14,35.3125,35.3125,33.3125,33.8750,0
2000-02-15,33.7500,34.1250,33.4375,33.7500,0
2000-02-16,33.7500,34.4375,33.2500,33.3750,0
2000-02-17,33.5625,34.0625,33.3750,33.7500,0
2000-02-18,33.5625,33.6875,32.3125,32.5000,0
2000-02-22,32.2500,33.1875,32.1875,32.3125,0
2000-02-23,32.4375,33.3750,32.3750,32.6250,0
2000-02-24,32.1250,32.3750,31.0000,31.3750,0
2000-02-25,31.5000,31.8125,30.7500,31.0000,0
2000-02-28,31.2500,31.6875,30.6250,31.1250,0
2000-02-29,31.7500,32.4375,31.5625,31.7500,0
2000-03-01,31.8750,31.9375,31.1250,31.2500,0
2000-03-02,31.1250,31.4375,30.7500,30.8750,0
2000-03-03,31.0000,32.3125,30.5625,32.3125,0
2000-03-06,32.5000,32.5000,31.1250,31.5625,0
2000-03-07,31.5000,31.5625,29.8125,29.8750,0
2000-03-08,30.3750,31.2500,30.0000,30.7500,0
2000-03-09,30.6250,32.0000,30.0000,32.0000,0
2000-03-10,31.4375,32.3750,31.0000,31.7500,0
2000-03-13,32.0000,32.4375,31.3125,32.4375,0
2000-03-14,32.4375,32.5000,30.0625,30.5000,0
2000-03-15,30.6875,32.8750,30.4375,32.5000,0
2000-03-16,33.3750,34.3750,32.7500,34.0625,0
2000-03-17,35.0000,35.1875,33.7500,33.8125,0
2000-03-20,34.2500,34.8750,34.1250,34.5625,0
2000-03-21,34.7500,35.5000,34.5000,35.2500,0
2000-03-22,35.2500,35.7500,35.0000,35.2500,0
2000-03-23,34.0000,35.9375,33.9375,35.1875,0
2000-03-24,35.1250,35.9375,34.6875,34.8125,0
2000-03-27,34.1875,35.1875,34.1250,34.7500,0
2000-03-28,34.0000,35.3750,34.0000,35.1250,0
2000-03-29,34.8750,37.0625,34.8125,36.8125,0
2000-03-30,36.8125,38.2500,36.8125,37.6250,0
2000-03-31,37.8750,37.9375,36.8125,37.3750,0
2000-04-03,37.8125,38.6250,37.5625,38.5000,0
2000-04-04,38.6875,39.3125,37.6875,38.5312,0
2000-04-05,38.0000,38.6250,37.2500,38.5625,0
2000-04-06,37.7500,38.0625,36.8750,37.0000,0
2000-04-07,36.3750,37.3125,36.1250,37.0000,0
2000-04-10,36.8750,36.9375,35.8750,36.3750,0
2000-04-11,36.1250,37.7500,35.8750,37.6875,0
2000-04-12,37.2500,38.1875,36.3125,36.3125,0
2000-04-13,36.0000,36.0000,34.1250,34.1250,0
2000-04-14,33.5625,34.8125,33.0000,33.5625,0
2000-04-17,33.5000,34.1250,33.0625,33.6875,0
2000-04-18,33.7500,33.8125,31.9375,32.5000,0
2000-04-19,32.9375,33.1875,32.5000,33.0625,0
2000-04-20,34.0000,36.0000,33.7500,35.8125,0
2000-04-24,35.2500,39.0000,35.1250,39.0000,0
2000-04-25,38.9375,39.4375,38.1875,38.7500,0
2000-04-26,38.3750,39.3750,38.3750,38.8750,0
2000-04-27,38.1250,39.1250,38.0625,38.8125,0
2000-04-28,38.5625,38.7500,37.5625,38.0625,0
2000-05-01,38.0000,39.3125,38.0000,38.8750,0
2000-05-02,38.3750,39.6250,38.3125,39.1875,0
2000-05-03,38.2500,38.6875,37.0625,37.3125,0
2000-05-04,36.6250,36.6875,35.5625,35.7500,0
2000-05-05,35.5000,36.1875,35.0000,35.6875,0
2000-05-08,35.7500,36.1250,35.1875,35.8125,0
2000-05-09,36.2500,37.1875,36.1875,37.0000,0
2000-05-10,37.1875,38.8125,37.1250,38.6250,0
2000-05-11,38.5000,38.8125,38.1250,38.1875,0
2000-05-12,38.2500,38.2500,37.2500,37.5625,0
2000-05-15,37.4375,38.5625,37.3750,38.1875,0
2000-05-16,38.8125,39.2500,38.4375,39.1875,0
2000-05-17,38.6875,39.3125,38.3125,39.0625,0
2000-05-18,38.8125,39.0625,38.5625,38.6250,0
2000-05-19,37.8125,38.7500,37.6250,37.8125,0
2000-05-22,37.8750,39.1250,37.8125,38.8750,0
2000-05-23,38.3750,39.2500,37.7500,39.1250,0
2000-05-24,39.1250,39.9375,38.1250,38.7500,0
2000-05-25,38.0000,38.5625,37.1250,37.3125,0
2000-05-26,37.2500,37.9375,37.1875,37.7500,0
2000-05-30,37.0000,37.0625,35.9375,36.5625,0
2000-05-31,36.0000,36.5625,35.3125,35.8125,0
2000-06-01,35.5625,35.8125,35.2500,35.6250,0
2000-06-02,36.1250,36.3125,35.1875,36.1250,0
2000-06-05,36.0000,36.0000,35.2500,35.5000,0
2000-06-06,35.1250,35.6250,34.8750,35.1250,0
2000-06-07,35.1250,35.3125,34.3125,34.8750,0
2000-06-08,34.5000,35.7500,34.5000,35.4375,0
2000-06-09,35.5000,36.0000,31.6250,33.8750,0
2000-06-12,33.2500,33.3125,32.0000,32.6250,0
2000-06-13,32.2500,33.1875,32.0625,32.3750,0
2000-06-14,32.0000,33.0000,31.6250,31.7500,0
2000-06-15,31.7500,32.3125,31.6250,32.1250,0
2000-06-16,32.5000,32.5625,31.3125,31.3125,0
2000-06-19,31.8750,32.0625,31.0625,31.5000,0
2000-06-20,31.6875,31.7500,31.0000,31.5000,0
2000-06-21,31.2500,31.7500,31.0625,31.3125,0
2000-06-22,31.2500,31.5625,31.1250,31.4375,0
2000-06-23,31.6875,33.1875,31.5000,32.6250,0
2000-06-26,32.9375,33.6250,32.8750,33.4375,0
2000-06-27,33.2500,33.5000,32.6250,32.6875,0
2000-06-28,32.5000,32.8125,32.0000,32.2188,0
2000-06-29,31.9375,31.9375,31.0625,31.2500,0
2000-06-30,31.5000,33.0469,31.4375,32.9375,0
2000-07-03,33.1875,33.3750,32.2500,32.5000,0
2000-07-05,32.5000,32.5625,31.6250,31.8125,0
2000-07-06,32.0625,32.5625,32.0625,32.1875,0
2000-07-07,32.2500,33.5000,32.0000,32.5000,0
2000-07-10,33.3750,33.4375,32.1875,32.2500,0
2000-07-11,32.8750,33.0625,32.2500,32.5625,0
2000-07-12,32.6250,32.6250,32.0000,32.0000,0
2000-07-13,32.4375,32.4375,31.0000,31.5000,0
2000-07-14,31.3125,31.5625,31.1250,31.3750,0
2000-07-17,31.5000,31.5625,31.1250,31.3125,0
2000-07-18,31.3125,31.6250,31.0000,31.3125,0
2000-07-19,31.3125,31.4375,31.0000,31.3750,0
2000-07-20,31.5000,32.0000,31.3125,31.6875,0
2000-07-21,31.8750,31.8750,30.5625,30.8750,0
2000-07-24,30.8750,31.1875,30.1250,30.2500,0
2000-07-25,31.0000,31.3750,30.0625,31.3125,0
2000-07-26,32.0000,33.2500,31.6875,31.6875,0
2000-07-27,33.0000,33.7500,32.0625,32.1875,0
2000-07-28,32.3125,32.8125,32.0000,32.0000,0
2000-07-31,32.4375,32.6250,31.4375,31.6875,0
2000-08-01,31.8750,32.6250,31.8125,32.6250,0
2000-08-02,32.5625,33.5625,32.5625,33.4375,0
2000-08-03,33.6250,33.9375,33.1875,33.2500,0
2000-08-04,33.1250,33.6875,33.0000,33.3750,0
2000-08-07,33.5625,34.2500,33.5000,33.6875,0
2000-08-08,34.0000,34.1250,33.0625,33.5000,0
2000-08-09,32.8125,33.1875,32.2500,32.6875,0
2000-08-10,32.9375,33.0625,32.6250,32.8125,0
2000-08-11,32.9375,33.6250,32.8750,33.4375,0
2000-08-14,33.4375,33.4375,33.0000,33.3125,0
2000-08-15,33.4375,33.6250,32.2500,32.4375,0
2000-08-16,32.4375,32.5625,32.0625,32.3750,0
2000-08-17,32.1250,32.3750,31.0000,31.2500,0
2000-08-18,31.1250,31.9375,31.0000,31.5625,0
2000-08-21,31.8125,31.9375,31.2500,31.5625,0
2000-08-22,31.6875,31.8750,31.1875,31.3125,0
2000-08-23,31.3125,31.7500,30.9375,31.1875,0
2000-08-24,31.1875,31.3125,30.0000,30.3750,0
2000-08-25,30.5000,30.5625,29.8750,30.3750,0
2000-08-28,30.0000,30.4375,30.0000,30.3750,0
2000-08-29,30.6875,31.0000,30.1875,30.4375,0
2000-08-30,30.4375,30.4375,29.9375,30.3750,0
2000-08-31,30.1250,30.3750,29.6250,29.8906,0
2000-09-01,29.6875,30.0625,29.3125,29.5625,0
2000-09-05,29.5625,29.8125,29.3750,29.6875,0
2000-09-06,29.5625,30.3125,29.5625,30.1250,0
2000-09-07,30.2500,30.3750,29.0625,29.5000,0
2000-09-08,29.3125,29.5625,28.2500,28.7500,0
2000-09-11,28.7500,28.8125,28.0625,28.3750,0
2000-09-12,28.1875,29.5625,27.8125,29.0000,0
2000-09-13,29.4375,29.5000,27.0000,27.1875,0
2000-09-14,27.7500,27.7500,26.3750,27.2500,0
2000-09-15,28.8125,28.8125,27.0625,28.0000,0
2000-09-18,27.9375,28.5625,27.4375,28.5000,0
2000-09-19,28.5000,28.6250,27.5625,27.8750,0
2000-09-20,27.8750,27.9375,27.0000,27.6875,0
2000-09-21,27.8125,28.2500,27.0000,27.0000,0
2000-09-22,28.6875,29.2812,28.1875,28.6875,0
2000-09-25,29.2500,29.4375,28.9375,29.4375,0
2000-09-26,29.5000,30.1250,29.4375,29.8750,0
2000-09-27,29.6250,29.9375,29.5000,29.8750,0
2000-09-28,29.9375,30.2500,29.8125,29.8750,0
2000-09-29,30.1875,30.3750,29.7500,30.1875,0
2000-10-02,30.4375,30.4375,30.0000,30.0625,0
2000-10-03,30.1250,30.5000,29.9375,30.2500,0
2000-10-04,30.3125,30.5000,29.8750,30.0000,0
2000-10-05,30.2500,30.4375,29.6875,30.1250,0
2000-10-06,29.8750,30.3125,29.4375,29.8750,0
2000-10-09,30.0000,30.1250,29.5000,30.0625,0
2000-10-10,30.3125,30.3750,29.9375,29.9375,0
2000-10-11,30.0000,30.4375,29.9375,30.0000,0
2000-10-12,29.7500,29.8125,27.9375,28.3750,0
2000-10-13,28.3125,29.1875,28.0000,28.8750,0
2000-10-16,29.4375,29.4375,28.8125,29.0000,0
2000-10-17,28.3750,28.5000,27.6250,28.0000,0
2000-10-18,28.3750,28.5000,27.8125,28.0625,0
2000-10-19,28.8750,28.8750,27.5625,27.8750,0
2000-10-20,28.5000,28.6250,28.1250,28.2500,0
2000-10-23,28.9375,29.1875,28.8125,29.1250,0
2000-10-24,29.3125,29.6250,28.8125,29.1250,0
2000-10-25,28.8750,29.2500,28.8125,29.0000,0
2000-10-26,28.6875,29.1875,28.6250,28.9375,0
2000-10-27,28.6875,29.7500,28.6875,29.7500,0
2000-10-30,29.6875,31.3125,29.4375,31.1875,0
2000-10-31,31.3750,31.5000,30.6875,31.0000,0
2000-11-01,30.7500,31.6875,30.6250,31.6250,0
2000-11-02,31.4375,32.0000,31.3125,31.9375,0
2000-11-03,31.9375,32.6250,31.6875,32.3750,0
2000-11-06,32.0000,32.2500,31.6875,32.0000,0
2000-11-07,31.8125,32.3125,31.5625,31.7500,0
2000-11-08,31.5625,31.7500,31.2500,31.6250,0
2000-11-09,31.5000,31.8750,31.1875,31.7500,0
2000-11-10,31.3750,33.2500,31.3125,33.0625,0
2000-11-13,32.2500,33.3125,32.1875,33.0625,0
2000-11-14,33.0625,33.5000,32.8125,33.4375,0
2000-11-15,33.3125,33.7500,33.2500,33.3125,0
2000-11-16,33.4375,33.4375,32.6875,32.6875,0
2000-11-17,32.5000,33.4375,32.5000,33.4375,0
2000-11-20,32.5000,33.8750,32.5000,33.5000,0
2000-11-21,33.5625,34.0000,33.1875,33.9375,0
2000-11-22,33.3125,34.4375,33.3125,34.2500,0
2000-11-24,33.4375,34.0000,33.4375,33.6875,0
2000-11-27,33.1250,33.3750,31.5000,31.9375,0
2000-11-28,31.6250,32.0625,30.8750,31.2500,0
2000-11-29,31.3125,33.2500,31.2500,32.5000,0
2000-11-30,32.6250,32.9375,31.5000,31.8750,0
2000-12-01,32.1250,32.1250,30.6250,30.9375,0
2000-12-04,30.5000,31.6250,30.4375,31.4375,0
2000-12-05,31.2500,31.2500,30.1250,30.5000,0
2000-12-06,30.1875,30.5000,29.0625,29.6250,0
2000-12-07,29.5000,30.6250,29.3125,30.2500,0
2000-12-08,30.0000,30.1250,28.7500,29.5000,0
2000-12-11,29.2500,30.1250,29.0000,29.9375,0
2000-12-12,30.5000,31.1875,30.3750,30.8750,0
2000-12-13,31.1250,31.5000,30.5625,31.1250,0
2000-12-14,31.0000,31.7500,30.7500,31.5625,0
2000-12-15,31.5000,32.2500,31.4375,31.5000,0
2000-12-18,31.8750,32.5625,31.6875,32.3125,0
2000-12-19,32.5000,33.1875,32.3750,32.8750,0
2000-12-20,32.3750,32.7500,31.3750,31.3750,0
2000-12-21,31.9375,32.6875,31.8125,32.6875,0
2000-12-22,32.5000,33.0625,31.9375,32.6875,0
2000-12-26,32.6250,32.7500,32.0625,32.5000,0
2000-12-27,32.3125,33.1250,32.1250,33.1250,0
2000-12-28,32.8125,34.0000,32.4375,33.8750,0
2000-12-29,33.8125,34.5000,33.5625,34.0000,0
2001-01-02,33.8125,33.8125,33.0000,33.5000,0
2001-01-03,33.5625,34.6875,33.3750,33.6875,0
2001-01-04,33.2500,33.8750,32.8750,33.0000,0
2001-01-05,32.7500,33.0000,32.5625,32.9375,0
2001-01-08,32.8750,33.3125,32.7500,33.0000,0
2001-01-09,32.5625,33.2500,32.5625,33.0625,0
2001-01-10,32.8750,33.3125,32.3125,33.1875,0
2001-01-11,33.3125,33.3125,32.6250,32.6875,0
2001-01-12,32.9375,33.9375,32.5625,33.6250,0
2001-01-16,32.7500,34.1250,32.1250,34.1250,0
2001-01-17,33.8750,35.0625,33.6250,34.6875,0
2001-01-18,34.1250,34.3125,33.6250,33.6250,0
2001-01-19,33.4375,33.5000,32.6875,32.8125,0
2001-01-22,32.6250,33.7500,32.6250,33.5000,0
2001-01-23,33.5000,33.5000,32.6250,32.8750,0
2001-01-24,31.8750,32.1250,30.3125,30.8125,0
2001-01-25,30.8125,31.1250,28.2500,29.5625,0
2001-01-26,29.5000,29.9375,28.8125,29.0000,0
2001-01-29,29.2000,29.7100,28.0000,29.5200,0
2001-01-30,29.5000,29.5400,29.1200,29.4500,0
2001-01-31,29.2500,29.4900,28.9500,29.3500,0
2001-02-01,29.5000,29.7500,28.9600,29.0300,0
2001-02-02,29.0600,29.5100,28.9600,29.4300,0
2001-02-05,29.2500,29.5300,29.1500,29.3600,0
2001-02-06,29.2700,30.5000,29.2600,30.0300,0
2001-02-07,30.0100,30.2400,29.1900,29.2700,0
2001-02-08,29.4200,29.6700,28.9500,29.3400,0
2001-02-09,29.3300,30.1000,29.2800,29.7600,0
2001-02-12,29.7600,30.2500,29.6500,29.8300,0
2001-02-13,29.9000,30.3500,29.7200,30.0000,0
2001-02-14,31.0000,31.0000,29.1400,29.2500,0
2001-02-15,29.2900,30.1700,29.2500,30.0800,0
2001-02-16,30.0000,30.4500,29.8500,30.2200,0
2001-02-20,30.0700,30.8400,30.0700,30.4400,0
2001-02-21,30.2400,30.8500,29.6100,29.6800,0
2001-02-22,29.6500,30.3500,29.6000,30.0600,0
2001-02-23,30.1000,30.4900,29.9500,30.1200,0
2001-02-26,30.0500,30.2000,29.7500,29.8800,0
2001-02-27,30.0300,30.1700,29.7100,30.0500,0
2001-02-28,30.0000,30.0000,29.0000,29.4000,0
2001-03-01,29.0400,29.4800,28.9900,29.2100,0
2001-03-02,29.2100,29.2100,28.6000,28.8500,0
2001-03-05,28.6000,28.6800,28.4600,28.5600,0
2001-03-06,28.1000,28.9100,27.8500,28.8500,0
2001-03-07,28.8500,28.9600,28.1100,28.4000,0
2001-03-08,28.2000,29.3000,28.1700,29.3000,0
2001-03-09,29.3000,29.3500,28.6200,28.9500,0
2001-03-12,28.6500,28.6500,27.9300,28.0600,0
2001-03-13,27.7500,28.0300,27.1400,27.8000,0
2001-03-14,26.3000,28.1000,26.2900,27.5500,0
2001-03-15,27.3000,27.3100,26.5400,27.2400,0
2001-03-16,26.8000,27.4500,26.1100,26.5000,0
2001-03-19,26.2400,26.7000,26.2100,26.3800,0
2001-03-20,26.4000,26.4800,25.6900,25.7700,0
2001-03-21,25.6000,26.0900,25.3300,25.6500,0
2001-03-22,25.1500,25.4800,24.8800,25.1100,0
2001-03-23,25.2500,25.3400,24.7500,25.0000,0
2001-03-26,25.0000,25.4900,24.7500,25.3000,0
2001-03-27,25.3000,25.6000,25.0600,25.3300,0
2001-03-28,25.2800,25.5100,25.0000,25.2800,0
2001-03-29,25.2500,26.9800,25.0900,26.4900,0
2001-03-30,25.6500,26.6000,25.5200,26.5500,0
2001-04-02,26.3000,27.2500,26.3000,26.6400,0
2001-04-03,26.5500,26.5700,25.6200,25.7900,0
2001-04-04,25.9500,26.0900,25.3900,26.0900,0
2001-04-05,26.3300,26.5400,25.7200,26.0000,0
2001-04-06,26.2200,26.2500,25.7500,26.2500,0
2001-04-09,25.9500,26.9400,25.9400,26.6900,0
2001-04-10,26.7400,27.3700,26.6000,27.0000,0
2001-04-11,26.8400,27.2500,26.5600,26.7300,0
2001-04-12,26.4400,27.0300,26.4300,26.8900,0
2001-04-16,26.9500,27.2900,26.7700,27.2200,0
2001-04-17,27.0200,27.3000,26.9000,27.1700,0
2001-04-18,26.9500,27.9500,26.8600,27.4900,0
2001-04-19,27.4900,27.9000,26.7000,27.4700,0
2001-04-20,27.2500,27.4700,26.7100,27.0900,0
2001-04-23,27.0700,27.2500,26.8000,26.9600,0
2001-04-24,27.2100,27.2600,26.7800,26.8400,0
2001-04-25,27.0200,27.0400,26.6200,27.0000,0
2001-04-26,26.8600,27.1900,26.6900,27.0200,0
2001-04-27,27.2500,27.4700,26.7600,27.1100,0
2001-04-30,27.4000,27.6800,26.9000,27.5000,0
2001-05-01,27.2500,27.9500,27.1200,27.7800,0
2001-05-02,27.7900,27.7900,27.2500,27.5500,0
2001-05-03,27.5600,27.5600,26.7500,26.9000,0
2001-05-04,26.4300,26.8600,26.4100,26.8200,0
2001-05-07,26.9700,27.0100,26.6500,26.7700,0
2001-05-08,26.7800,26.9500,26.5000,26.5500,0
2001-05-09,26.3000,27.2000,26.2500,27.2000,0
2001-05-10,27.2000,27.2100,26.9100,26.9100,0
2001-05-11,27.1100,27.7800,27.0500,27.7400,0
2001-05-14,27.5000,27.9000,27.3600,27.7500,0
2001-05-15,27.7500,28.1100,27.4500,27.5000,0
2001-05-16,27.6000,27.9800,27.4000,27.7000,0
2001-05-17,27.5000,28.7500,27.5000,28.5000,0
2001-05-18,28.5500,29.9000,28.5200,29.8000,0
2001-05-21,29.7700,29.9700,29.0200,29.8600,0
2001-05-22,30.7000,30.9600,30.2000,30.5000,0
2001-05-23,30.1500,30.3500,29.8500,30.2400,0
2001-05-24,30.1500,30.7600,30.1200,30.7600,0
2001-05-25,30.4800,30.5900,30.2700,30.5100,0
2001-05-29,30.5200,30.7900,30.3100,30.7500,0
2001-05-30,30.5000,30.8100,30.2600,30.6900,0
2001-05-31,30.0800,30.6700,29.8400,30.2800,0
2001-06-01,30.2800,30.3400,29.5200,29.7100,0
2001-06-04,29.5500,29.6000,29.0800,29.2300,0
2001-06-05,29.2600,29.7500,29.0000,29.4100,0
2001-06-06,30.1000,30.4500,29.6100,29.7000,0
2001-06-07,29.5700,30.0600,29.5200,29.8900,0
2001-06-08,29.6600,30.0000,28.9100,29.4500,0
2001-06-11,29.4500,29.9900,29.2500,29.9100,0
2001-06-12,29.6700,30.0500,29.4800,29.8100,0
2001-06-13,29.9200,30.2900,29.8500,30.0000,0
2001-06-14,30.0000,30.4000,29.8000,29.9600,0
2001-06-15,29.3400,29.8800,28.4200,28.6700,0
2001-06-18,28.4200,28.5500,28.1400,28.5000,0
2001-06-19,28.5000,28.8000,27.9800,28.2000,0
2001-06-20,28.0000,28.5100,27.8000,28.2200,0
2001-06-21,28.0000,28.6600,28.0000,28.6400,0
2001-06-22,28.4000,28.4300,27.8100,28.1200,0
2001-06-25,27.9700,28.1900,27.6600,27.8000,0
2001-06-26,27.9600,27.9800,27.0000,27.5400,0
2001-06-27,27.4200,27.7500,27.1500,27.5100,0
2001-06-28,27.5600,27.9900,27.5300,27.6800,0
2001-06-29,27.7900,27.7900,27.0000,27.0600,0
2001-07-02,27.2000,27.5400,27.2000,27.4000,0
2001-07-03,27.5800,27.5900,26.9200,27.2400,0
2001-07-05,27.3200,27.3900,27.0300,27.0600,0
2001-07-06,27.0300,27.0600,26.0500,26.5500,0
2001-07-09,26.5300,26.7200,26.3000,26.5700,0
2001-07-10,26.8600,27.3200,26.6500,26.9000,0
2001-07-11,26.2000,27.0400,26.1900,26.6400,0
2001-07-12,26.6300,27.2300,26.2000,27.0000,0
2001-07-13,26.8300,27.6900,26.8300,27.6500,0
2001-07-16,27.3000,27.8900,27.3000,27.6300,0
2001-07-17,27.6000,27.8900,27.3200,27.7200,0
2001-07-18,27.7000,27.8800,27.5700,27.7000,0
2001-07-19,27.8800,27.9400,27.5100,27.6700,0
2001-07-20,27.5000,27.7500,27.4500,27.5200,0
2001-07-23,27.9700,28.6800,27.6900,27.7700,0
2001-07-24,28.2400,28.5900,27.9900,28.3900,0
2001-07-25,28.5300,29.4400,28.4500,29.3000,0
2001-07-26,28.9700,29.1000,28.7100,28.9300,0
2001-07-27,28.7000,28.9200,28.6000,28.6400,0
2001-07-30,28.6000,29.0500,28.4500,28.9000,0
2001-07-31,29.1300,29.5000,29.0100,29.1400,0
2001-08-01,29.2900,29.5000,29.1600,29.3800,0
2001-08-02,29.2500,29.4800,28.9000,29.1500,0
2001-08-03,29.0000,29.1300,28.8000,29.0100,0
2001-08-06,28.9000,29.0800,28.6000,28.8000,0
2001-08-07,28.6300,28.9600,28.5600,28.8000,0
2001-08-08,28.6100,28.9000,28.2900,28.4200,0
2001-08-09,28.3200,28.5000,28.0000,28.2900,0
2001-08-10,28.0500,28.2200,27.6900,28.0900,0
2001-08-13,28.0100,28.4900,27.9100,28.0200,0
2001-08-14,28.1700,28.1700,27.7700,27.9900,0
2001-08-15,28.0600,28.7000,28.0500,28.4900,0
2001-08-16,28.6500,29.8000,28.6000,29.7000,0
2001-08-17,29.5000,30.0700,29.3600,30.0000,0
2001-08-20,30.0000,30.0900,29.8000,30.0500,0
2001-08-21,30.0000,30.4700,29.9000,30.0000,0
2001-08-22,30.0000,30.4500,29.9800,30.2500,0
2001-08-23,30.1200,30.9500,30.1000,30.8400,0
2001-08-24,30.7000,31.0000,30.2100,30.4900,0
2001-08-27,30.2700,30.4700,30.1000,30.2700,0
2001-08-28,30.0000,30.1000,29.7200,29.8900,0
2001-08-29,29.7000,30.0800,29.6500,30.0000,0
2001-08-30,29.8100,30.1000,29.7600,30.0200,0
2001-08-31,30.0500,30.2000,29.9000,30.0300,0
2001-09-04,30.2300,30.8700,30.0400,30.7800,0
2001-09-05,30.7500,30.8500,30.3200,30.7500,0
2001-09-06,30.7300,30.7500,30.3100,30.4000,0
2001-09-07,30.2200,30.3200,29.8600,29.9600,0
2001-09-10,30.0000,30.2100,28.6000,28.9200,0
2001-09-17,27.7000,28.8000,27.4700,28.3800,0
2001-09-18,28.3800,28.4400,27.5900,28.0100,0
2001-09-19,28.5700,29.1000,28.0000,28.5000,0
2001-09-20,28.0200,28.0900,27.1600,27.3700,0
2001-09-21,26.7000,27.5000,26.1500,27.0800,0
2001-09-24,27.1000,27.3500,26.5000,26.7200,0
2001-09-25,26.7000,27.2900,26.0000,26.3400,0
2001-09-26,26.7500,26.8800,26.0600,26.2500,0
2001-09-27,26.9500,27.0000,26.4300,27.0000,0
2001-09-28,27.5000,27.6000,26.6500,27.1400,0
2001-10-01,27.4800,27.4800,26.6900,27.3300,0
2001-10-02,27.4800,27.6500,27.2700,27.6200,0
2001-10-03,27.6900,28.7100,27.5200,28.6500,0
2001-10-04,28.9200,28.9300,28.5200,28.9300,0
2001-10-05,29.0000,29.0400,28.4200,28.8900,0
2001-10-08,28.8300,28.8400,28.2600,28.3600,0
2001-10-09,28.0900,28.8700,28.0500,28.7900,0
2001-10-10,29.0000,29.5100,28.9300,29.4500,0
2001-10-11,29.4500,30.1000,29.3700,30.0500,0
2001-10-12,29.5500,29.9700,28.9600,29.4900,0
2001-10-15,29.7400,29.9700,29.3700,29.5100,0
2001-10-16,29.6000,29.8400,29.4500,29.7000,0
2001-10-17,29.9100,30.0000,29.3200,29.4000,0
2001-10-18,29.3200,29.3900,28.7500,29.2400,0
2001-10-19,28.5000,28.6100,28.0100,28.5800,0
2001-10-22,28.0200,28.7000,28.0200,28.4000,0
2001-10-23,28.3000,28.4000,27.5500,27.6600,0
2001-10-24,27.8000,28.1100,27.6000,27.9900,0
2001-10-25,27.7500,28.3800,27.3800,28.3500,0
2001-10-26,28.0000,29.0100,28.0000,28.9500,0
2001-10-29,28.5500,28.9000,27.2800,27.2800,0
2001-10-30,26.7000,26.9000,25.0000,25.9900,0
2001-10-31,25.9500,26.3700,25.8500,26.0700,0
2001-11-01,26.1000,26.4500,25.8200,26.2000,0
2001-11-02,26.5000,26.9800,26.3600,26.7900,0
2001-11-05,26.8400,27.0000,26.4200,26.7800,0
2001-11-06,26.7200,27.1500,26.6600,27.0000,0
2001-11-07,27.0800,27.2600,26.7600,27.0200,0
2001-11-08,27.0000,27.1300,25.8800,26.3000,0
2001-11-09,26.1700,26.7500,25.9900,26.5800,0
2001-11-12,26.7800,26.9500,26.1200,26.7600,0
2001-11-13,27.1400,27.5400,27.0100,27.4600,0
2001-11-14,27.2100,27.6800,27.2100,27.5400,0
2001-11-15,27.7400,28.3600,27.5800,28.3600,0
2001-11-16,28.5000,28.5000,28.0000,28.0100,0
2001-11-19,28.0100,28.2500,27.4500,27.8600,0
2001-11-20,27.4300,27.6200,27.1700,27.2200,0
2001-11-21,27.0500,27.2100,26.9100,27.1800,0
2001-11-23,27.3800,27.6000,27.3000,27.5200,0
2001-11-26,27.3200,27.7500,27.2600,27.4000,0
2001-11-27,27.2200,27.2300,26.9000,27.0200,0
2001-11-28,27.0100,27.1000,26.5000,26.7600,0
2001-11-29,26.6000,26.9500,26.5600,26.7900,0
2001-11-30,26.8900,27.0300,26.5900,26.8400,0
2001-12-03,27.0200,27.3600,26.6000,26.7200,0
2001-12-04,26.9600,26.9600,26.6000,26.8700,0
2001-12-05,26.9000,27.5000,26.6600,27.4800,0
2001-12-06,27.3500,27.7200,27.3100,27.6200,0
2001-12-07,27.6700,27.6700,26.8100,26.9000,0
2001-12-10,27.0500,27.4900,26.8600,27.0200,0
2001-12-11,26.5000,26.7600,26.4000,26.5000,0
2001-12-12,26.7000,26.7500,25.4500,25.6400,0
2001-12-13,25.2500,25.8200,25.1500,25.6400,0
2001-12-14,26.1000,27.0800,26.0500,26.8000,0
2001-12-17,26.8300,26.9000,26.0600,26.0600,0
2001-12-18,26.3800,26.6600,26.1300,26.4000,0
2001-12-19,26.1300,26.4800,26.1200,26.1700,0
2001-12-20,26.1500,26.3400,25.6500,25.6500,0
2001-12-21,25.9500,26.1200,25.7000,25.9000,0
2001-12-24,25.9500,26.0600,25.8400,25.8500,0
2001-12-26,25.7500,26.3400,25.7200,26.1000,0
2001-12-27,26.3600,26.9000,26.0500,26.7300,0
2001-12-28,26.9000,26.9300,26.5200,26.6000,0
2001-12-31,26.4100,26.9000,26.4100,26.4700,0
2002-01-02,26.4700,26.6400,26.2400,26.4900,0
2002-01-03,26.5200,26.9600,26.5200,26.7900,0
2002-01-04,26.9800,27.0500,26.8000,26.9900,0
2002-01-07,27.0000,27.4700,26.8200,27.2000,0
2002-01-08,27.3500,27.4800,27.0000,27.3600,0
2002-01-09,27.2200,27.4500,26.8100,26.8800,0
2002-01-10,26.8800,27.2800,26.7500,26.8100,0
2002-01-11,26.8800,27.0000,26.3400,26.3400,0
2002-01-14,26.5200,26.6000,26.0200,26.0200,0
2002-01-15,26.5500,26.7000,26.0200,26.2000,0
2002-01-16,26.3800,26.4900,26.0600,26.0600,0
2002-01-17,26.3300,26.5400,26.1000,26.4800,0
2002-01-18,26.4500,26.8500,26.2500,26.4300,0
2002-01-22,26.5300,27.0500,26.5200,26.8000,0
2002-01-23,27.1200,27.4000,26.8700,27.4000,0
2002-01-24,27.4400,27.4500,26.3000,26.4700,0
2002-01-25,26.2200,26.4300,25.3800,25.6200,0
2002-01-28,25.5200,26.3800,25.5100,26.3800,0
2002-01-29,26.2800,27.0000,25.8600,26.2600,0
2002-01-30,26.2000,27.0000,26.1000,26.9900,0
2002-01-31,27.0000,27.2000,26.7700,27.1800,0
2002-02-01,26.8800,27.0500,26.6300,26.6300,0
2002-02-04,26.7700,27.1500,26.6000,26.6000,0
2002-02-05,26.7000,27.2900,26.5600,27.2000,0
2002-02-06,27.2700,27.3500,26.9400,27.1900,0
2002-02-07,27.2500,27.4500,27.0400,27.0600,0
2002-02-08,27.0100,27.2000,26.3700,26.7200,0
2002-02-11,26.5600,27.1400,26.5100,27.0000,0
2002-02-12,26.9000,26.9500,26.6600,26.8500,0
2002-02-13,26.8500,27.0800,26.7000,26.9300,0
2002-02-14,26.9000,27.0500,26.7600,26.8600,0
2002-02-15,26.9300,27.2800,26.7500,26.7500,0
2002-02-19,26.4800,26.7600,26.1000,26.2000,0
2002-02-20,26.2500,26.9800,26.2000,26.9700,0
2002-02-21,26.9800,27.2400,26.5000,26.5200,0
2002-02-22,26.5000,27.0600,26.3900,26.9500,0
2002-02-25,26.9500,27.0600,26.7700,26.8200,0
2002-02-26,26.8100,26.9700,26.4500,26.5000,0
2002-02-27,26.4900,26.6300,26.0200,26.3800,0
2002-02-28,26.5300,26.6500,26.1000,26.1000,0
2002-03-01,26.3500,26.4300,26.0700,26.1700,0
2002-03-04,26.3000,27.1000,26.2500,26.8500,0
2002-03-05,27.0300,27.8000,26.8800,27.6200,0
2002-03-06,27.8400,28.6000,27.7800,28.0600,0
2002-03-07,28.0000,28.0000,27.6200,27.7400,0
2002-03-08,27.8000,28.2000,27.7400,27.9100,0
2002-03-11,27.8300,28.1200,27.7700,27.9000,0
2002-03-12,27.7000,28.5400,27.6500,28.3500,0
2002-03-13,28.2300,28.9500,27.3300,27.9000,0
2002-03-14,28.2200,28.4300,27.9900,28.1500,0
2002-03-15,28.4500,28.9400,28.3000,28.7200,0
2002-03-18,28.7000,28.7900,28.2700,28.4400,0
2002-03-19,28.3200,28.8100,28.3200,28.8000,0
2002-03-20,28.4200,29.0000,28.4100,28.7500,0
2002-03-21,28.7200,29.0600,28.5200,28.7000,0
2002-03-22,28.0000,28.5300,27.6500,27.6500,0
2002-03-25,27.1500,27.5400,27.0500,27.2200,0
2002-03-26,27.1400,27.6900,27.1200,27.4900,0
2002-03-27,27.4000,28.1000,27.2800,27.9400,0
2002-03-28,27.9500,28.2800,27.7200,27.7500,0
2002-04-01,27.5500,27.6200,27.1000,27.2500,0
2002-04-02,27.0000,27.7300,27.0000,27.5000,0
2002-04-03,27.4500,27.7700,27.2100,27.4900,0
2002-04-04,27.7000,27.8300,27.5000,27.7900,0
2002-04-05,27.5600,28.5000,27.5600,28.3500,0
2002-04-08,28.0000,28.6000,28.0000,28.4900,0
2002-04-09,28.5800,28.9700,28.0200,28.1500,0
2002-04-10,28.1500,28.2400,27.6600,27.9500,0
2002-04-11,28.0500,28.2400,27.5200,27.7100,0
2002-04-12,28.2000,28.2000,27.6000,27.8000,0
2002-04-15,27.5000,27.7500,27.1500,27.4000,0
2002-04-16,27.5800,27.6900,27.4200,27.5000,0
2002-04-17,27.3500,27.5000,27.0700,27.1600,0
2002-04-18,28.3500,28.9000,28.2100,28.6200,0
2002-04-19,28.7300,28.7900,28.3000,28.6000,0
2002-04-22,28.5000,28.8900,28.4100,28.5000,0
2002-04-23,28.7500,29.2000,28.5000,28.7700,0
2002-04-24,28.7500,28.8000,28.5000,28.5000,0
2002-04-25,28.0300,28.8000,28.0200,28.3300,0
2002-04-26,28.4700,28.4800,28.0900,28.2300,0
2002-04-29,28.0100,28.6400,28.0000,28.2100,0
2002-04-30,28.0700,28.6300,28.0200,28.4000,0
2002-05-01,28.4000,28.5900,28.0600,28.4800,0
2002-05-02,28.4900,28.7200,28.3600,28.5000,0
2002-05-03,28.6800,29.4000,28.6100,29.2900,0
2002-05-06,29.3500,29.7500,29.1000,29.1000,0
2002-05-07,29.3500,29.7800,29.0200,29.2100,0
2002-05-08,29.3200,29.3900,28.7100,28.8800,0
2002-05-09,28.7100,29.5000,28.7100,29.2800,0
2002-05-10,29.4300,29.9700,29.4000,29.8100,0
2002-05-13,29.9700,30.5200,29.9200,30.4100,0
2002-05-14,30.4900,30.5800,29.8400,29.9800,0
2002-05-15,30.0000,30.1900,29.9200,30.0600,0
2002-05-16,30.0600,30.2600,29.7100,29.9700,0
2002-05-17,29.9500,30.0700,29.5000,30.0100,0
2002-05-20,29.8000,30.1500,29.6100,30.1300,0
2002-05-21,30.3400,30.4000,30.0600,30.4000,0
2002-05-22,30.2000,30.6800,30.1000,30.6500,0
2002-05-23,30.5500,30.7200,30.0500,30.4000,0
2002-05-24,30.4000,30.5400,30.1000,30.2600,0
2002-05-28,30.1500,30.4000,30.1100,30.1500,0
2002-05-29,30.3900,30.4000,29.8200,30.0100,0
2002-05-30,29.9400,30.2500,29.7100,29.7700,0
2002-05-31,29.9500,30.1100,29.6700,29.9400,0
2002-06-03,30.0000,30.0900,29.5000,29.5000,0
2002-06-04,29.4700,29.6100,29.1500,29.2800,0
2002-06-05,29.3000,30.0500,29.2500,29.9900,0
2002-06-06,29.9900,30.2500,29.8100,30.0000,0
2002-06-07,29.7700,30.0700,29.6600,29.9300,0
2002-06-10,30.1600,30.4400,30.0100,30.3100,0
2002-06-11,30.2400,30.4400,29.7100,29.8000,0
2002-06-12,29.7500,30.1500,29.5500,29.7500,0
2002-06-13,29.7000,29.9400,29.4300,29.8100,0
2002-06-14,29.6200,29.7000,28.5500,29.1200,0
2002-06-17,29.7800,29.9200,29.4000,29.8200,0
2002-06-18,29.8400,30.0000,29.5400,29.8000,0
2002-06-19,29.8900,30.2800,29.6900,29.9800,0
2002-06-20,29.9500,30.0200,29.4200,29.5200,0
2002-06-21,29.1000,29.6500,28.8500,29.0000,0
2002-06-24,29.0300,29.4600,28.7600,29.1600,0
2002-06-25,29.0300,29.4300,28.8600,29.0500,0
2002-06-26,28.6500,28.8900,27.8700,28.7800,0
2002-06-27,28.7300,28.8600,28.2200,28.6700,0
2002-06-28,28.7700,28.8200,28.1500,28.4500,0
2002-07-01,28.4600,28.6200,28.0200,28.1000,0
2002-07-02,28.1000,28.2400,27.6100,27.7100,0
2002-07-03,27.8000,28.0900,27.0800,27.4300,0
2002-07-05,27.9300,27.9300,27.5800,27.8400,0
2002-07-08,27.7500,27.9800,27.5100,27.9000,0
2002-07-09,27.9600,28.1400,27.4500,27.8000,0
2002-07-10,28.0000,28.5000,27.9200,28.0900,0
2002-07-11,27.9500,28.1900,27.3100,27.3900,0
2002-07-12,27.3500,27.4200,26.8500,27.1200,0
2002-07-15,27.0000,27.0800,25.9400,26.5500,0
2002-07-16,26.1800,26.5000,25.9500,26.0500,0
2002-07-17,26.2600,26.5000,25.3700,25.7000,0
2002-07-18,25.6200,25.9000,25.1100,25.1100,0
2002-07-19,25.0000,25.0000,24.1000,24.1700,0
2002-07-22,23.5000,24.4100,22.8000,23.3000,0
2002-07-23,23.4200,24.4200,23.4000,23.8400,0
2002-07-24,23.0000,24.4800,22.7600,23.7700,0
2002-07-25,23.6300,24.1600,21.7500,21.8500,0
2002-07-26,22.1200,23.5000,21.9100,23.4900,0
2002-07-29,24.4500,24.8800,23.9600,24.6800,0
2002-07-30,24.5700,25.2900,24.3500,24.5000,0
2002-07-31,24.7400,24.9900,24.3000,24.7500,0
2002-08-01,24.6500,25.3400,24.3000,24.3400,0
2002-08-02,24.1100,24.3400,23.3300,23.8000,0
2002-08-05,23.5800,24.1900,23.5800,23.8400,0
2002-08-06,23.8400,24.1100,22.9600,22.9800,0
2002-08-07,23.4300,23.6300,22.7300,23.3600,0
2002-08-08,23.5000,23.7000,22.0700,22.5000,0
2002-08-09,22.0300,22.8800,21.9900,22.7600,0
2002-08-12,22.6500,23.2900,22.2600,22.9200,0
2002-08-13,22.9200,23.2300,22.5700,22.6600,0
2002-08-14,22.4700,23.2500,22.3100,23.0000,0
2002-08-15,23.1200,24.1600,23.0000,24.1600,0
2002-08-16,24.3500,24.3500,23.7200,23.8000,0
2002-08-19,23.7000,24.6900,23.5400,24.6100,0
2002-08-20,24.6200,24.6200,24.0500,24.3700,0
2002-08-21,24.5000,24.7600,24.2500,24.5200,0
2002-08-22,24.6800,24.7000,23.9700,24.4000,0
2002-08-23,24.1500,24.6100,24.0000,24.1500,0
2002-08-26,24.3500,24.3800,23.3500,23.9600,0
2002-08-27,24.0000,24.2000,23.6000,23.8500,0
2002-08-28,23.5200,24.0700,23.4700,23.5700,0
2002-08-29,23.5800,24.1100,23.2600,23.8100,0
2002-08-30,23.8300,24.1000,23.5700,23.7600,0
2002-09-03,23.5700,23.5900,22.9300,23.0300,0
2002-09-04,23.0200,23.0300,22.0000,22.2400,0
2002-09-05,21.8500,22.1900,20.8100,21.9700,0
2002-09-06,21.9500,22.2000,20.9700,21.3600,0
2002-09-09,20.9500,21.6900,20.9100,21.4500,0
2002-09-10,21.5900,21.8000,20.8400,21.3000,0
2002-09-11,21.4500,21.5800,21.2900,21.3400,0
2002-09-12,20.7200,20.7200,19.8900,20.3100,0
2002-09-13,20.1000,20.6800,20.0100,20.5300,0
2002-09-16,21.2000,21.9400,20.9500,21.6900,0
2002-09-17,21.2000,21.2000,18.9000,18.9100,0
2002-09-18,18.6000,18.7000,17.9000,18.1600,0
2002-09-19,17.8100,18.4000,17.8000,17.8500,0
2002-09-20,18.0000,18.2400,17.8000,17.9500,0
2002-09-23,17.8500,18.4100,17.8000,18.1600,0
2002-09-24,17.9600,18.0800,17.7000,17.9000,0
2002-09-25,18.0000,18.4000,17.8500,18.1000,0
2002-09-26,18.0800,18.6000,18.0400,18.4500,0
2002-09-27,18.2700,18.8500,18.2000,18.3700,0
2002-09-30,17.9000,18.0300,17.4200,17.6600,0
2002-10-01,17.8400,18.4800,17.6400,18.2800,0
2002-10-02,18.0400,18.8800,18.0000,18.1900,0
2002-10-03,18.1400,18.4600,17.7400,17.7900,0
2002-10-04,17.9500,18.0400,17.2600,17.5000,0
2002-10-07,17.2500,17.6900,17.2100,17.4500,0
2002-10-08,17.5000,17.8500,17.2000,17.5600,0
2002-10-09,17.3500,17.5600,16.4000,16.5600,0
2002-10-10,16.2200,17.3100,15.7500,17.1700,0
2002-10-11,17.4200,18.2500,17.2500,17.9700,0
2002-10-14,17.8200,18.0000,17.6500,17.9700,0
2002-10-15,18.1600,18.5500,17.5900,18.0600,0
2002-10-16,17.5500,17.7700,17.3100,17.5000,0
2002-10-17,17.5800,17.8300,17.0900,17.8300,0
2002-10-18,17.4700,17.6300,17.2600,17.4800,0
2002-10-21,17.5900,18.4500,17.4900,18.3000,0
2002-10-22,18.9500,19.9500,18.6600,18.9500,0
2002-10-23,18.6500,19.3700,18.5200,19.2500,0
2002-10-24,19.2800,19.3100,18.5700,18.7100,0
2002-10-25,18.4300,18.7400,18.2800,18.5000,0
2002-10-28,18.8200,18.8400,18.2500,18.3200,0
2002-10-29,18.1700,18.5500,17.9000,18.4200,0
2002-10-30,18.3600,18.3700,17.8600,18.2000,0
2002-10-31,18.1000,18.4000,17.9000,18.1100,0
2002-11-01,18.0200,18.3800,17.9800,18.1300,0
2002-11-04,18.3200,18.7600,18.2000,18.4300,0
2002-11-05,18.5000,18.9300,18.4000,18.9300,0
2002-11-06,18.8300,19.2200,18.6900,19.0600,0
2002-11-07,19.0000,19.7000,18.8000,19.3100,0
2002-11-08,17.5000,17.9100,16.5000,17.7900,0
2002-11-11,17.3500,17.4800,17.0800,17.0900,0
2002-11-12,17.0000,17.2500,16.2500,17.0900,0
2002-11-13,16.6600,17.1800,16.5200,17.1500,0
2002-11-14,17.1500,17.3800,16.9600,17.3000,0
2002-11-15,17.3000,17.4900,17.1000,17.3800,0
2002-11-18,17.5300,17.9100,17.3800,17.7500,0
2002-11-19,17.7000,18.0100,17.5400,17.8400,0
2002-11-20,17.7800,18.2000,17.7500,18.0500,0
2002-11-21,18.0500,18.8700,18.0500,18.7000,0
2002-11-22,18.5300,19.0500,18.5200,18.6400,0
2002-11-25,18.4800,18.6800,18.0300,18.2300,0
2002-11-26,17.9700,18.4000,17.9400,18.2200,0
2002-11-27,18.1900,18.6400,18.1600,18.5000,0
2002-11-29,18.3800,18.6400,18.2300,18.5000,0
2002-12-02,18.6300,18.8500,18.4400,18.7400,0
2002-12-03,18.7000,18.7100,18.1400,18.2400,0
2002-12-04,18.0200,18.6500,17.6000,18.3700,0
2002-12-05,18.1700,19.1700,17.7800,18.7800,0
2002-12-06,18.3300,18.5200,17.8900,17.9700,0
2002-12-09,17.8500,17.9600,17.1800,17.4000,0
2002-12-10,17.4100,17.4700,17.1800,17.3500,0
2002-12-11,17.1000,17.3400,16.9300,17.2000,0
2002-12-12,17.2000,17.5300,17.2000,17.4000,0
2002-12-13,17.1600,17.6900,17.1200,17.3400,0
2002-12-16,17.5000,17.5500,17.1400,17.3800,0
2002-12-17,16.5500,16.6800,15.5800,15.9900,0
2002-12-18,15.7200,16.0800,15.7000,15.9600,0
2002-12-19,15.7300,15.8900,15.5100,15.6400,0
2002-12-20,15.5000,15.8600,15.4700,15.7500,0
2002-12-23,15.2000,15.5500,15.1700,15.5500,0
2002-12-24,15.3700,15.5700,15.3200,15.4800,0
2002-12-26,15.5000,15.6600,15.4600,15.5800,0
2002-12-27,15.4900,15.6700,15.4700,15.5000,0
2002-12-30,15.6300,15.7500,15.4000,15.7500,0
2002-12-31,15.7000,16.0800,15.6100,16.0800,0
2003-01-02,16.1700,16.5900,15.9500,16.5500,0
2003-01-03,16.5000,16.5500,16.0300,16.1200,0
2003-01-06,16.2500,16.6700,16.1700,16.6500,0
2003-01-07,16.6500,16.6800,16.3500,16.6700,0
2003-01-08,16.5300,16.9200,16.4600,16.8400,0
2003-01-09,16.7900,17.1000,16.7500,16.8700,0
2003-01-10,16.7300,17.2500,16.6500,17.2400,0
2003-01-13,17.3500,17.3800,17.0500,17.3300,0
2003-01-14,17.1500,17.2400,16.8500,16.9600,0
2003-01-15,16.7200,16.8500,16.4300,16.6900,0
2003-01-16,16.7200,16.8900,15.6500,15.8500,0
2003-01-17,15.8500,15.8600,15.2100,15.4500,0
2003-01-21,15.6200,15.6500,15.3100,15.3400,0
2003-01-22,15.3300,15.9400,15.2000,15.3600,0
2003-01-23,14.9300,15.2800,14.6500,15.0000,0
2003-01-24,15.2800,15.3100,14.7800,14.9000,0
2003-01-27,14.6400,14.9900,14.6400,14.7000,0
2003-01-28,14.7000,14.7800,14.5000,14.6700,0
2003-01-29,14.6800,14.6800,14.2500,14.3800,0
2003-01-30,14.4500,14.5600,14.2000,14.4600,0
2003-01-31,14.2500,14.3900,13.9100,14.2400,0
2003-02-03,14.0700,14.6200,14.0700,14.5200,0
2003-02-04,14.2800,14.3900,14.0500,14.3000,0
2003-02-05,14.3000,14.4800,14.0500,14.0600,0
2003-02-06,13.9600,14.1200,13.6800,13.6800,0
2003-02-07,13.7800,13.9700,13.4800,13.5500,0
2003-02-10,13.6400,13.7600,13.5600,13.7000,0
2003-02-11,13.8200,14.1800,13.8100,13.9000,0
2003-02-12,13.8100,14.0500,13.6700,13.8300,0
2003-02-13,13.6500,13.7200,13.4100,13.5700,0
2003-02-14,13.3200,13.6400,13.1600,13.6200,0
2003-02-18,13.2800,13.5200,13.2600,13.4500,0
2003-02-19,13.4900,13.6200,13.4100,13.5000,0
2003-02-20,13.7500,13.7500,13.3000,13.3800,0
2003-02-21,13.2600,13.6900,13.2200,13.5800,0
2003-02-24,13.6000,13.6100,13.1600,13.2700,0
2003-02-25,13.3000,13.3000,12.9300,13.1500,0
2003-02-26,13.0500,13.1700,12.7700,12.8100,0
2003-02-27,12.8700,13.2600,12.8000,13.2500,0
2003-02-28,13.3500,13.6900,13.2700,13.6100,0
2003-03-03,13.8500,13.8500,13.1900,13.1900,0
2003-03-04,13.0100,13.1000,12.9100,12.9100,0
2003-03-05,12.9700,13.0500,12.7500,12.7700,0
2003-03-06,12.5200,12.8500,12.5100,12.6100,0
2003-03-07,12.4600,12.9000,12.4400,12.8200,0
2003-03-10,12.7500,12.8100,12.4100,12.5000,0
2003-03-11,12.4200,12.7000,12.4200,12.4700,0
2003-03-12,12.4500,12.5500,12.1200,12.3800,0
2003-03-13,12.6000,12.8400,12.5200,12.8000,0
2003-03-14,12.8000,13.5400,12.7600,13.5400,0
2003-03-17,13.5400,13.7100,13.2400,13.7000,0
2003-03-18,13.9000,14.4000,13.7500,14.3100,0
2003-03-19,14.2200,14.6800,14.1200,14.5700,0
2003-03-20,14.5700,14.5700,13.9700,14.3800,0
2003-03-21,14.4100,14.7300,14.2000,14.6500,0
2003-03-24,14.3200,14.4000,13.9400,14.0300,0
2003-03-25,14.0300,14.3000,13.8000,14.1600,0
2003-03-26,14.2500,14.3800,14.0800,14.2300,0
2003-03-27,14.1500,14.6800,14.1200,14.5000,0
2003-03-28,14.5000,15.2000,14.3500,14.8400,0
2003-03-31,14.5500,14.6300,14.3200,14.4600,0
2003-04-01,14.6000,14.6300,14.0100,14.0500,0
2003-04-02,14.1000,14.5000,14.1000,14.3200,0
2003-04-03,14.4300,14.4400,13.8800,14.0800,0
2003-04-04,14.1500,14.5500,14.1500,14.5500,0
2003-04-07,14.9000,15.8600,14.7500,15.8000,0
2003-04-08,15.9500,16.0500,15.6200,15.8400,0
2003-04-09,15.9200,15.9200,15.3700,15.5000,0
2003-04-10,15.6500,15.8000,15.3200,15.8000,0
2003-04-11,15.7900,15.9400,15.5800,15.7800,0
2003-04-14,15.6900,15.8900,15.4500,15.7000,0
2003-04-15,15.7500,15.9000,15.6200,15.8500,0
2003-04-16,15.7700,15.8500,15.5300,15.7500,0
2003-04-17,15.7500,16.0000,15.0200,16.0000,0
2003-04-21,16.0500,16.1900,15.8000,16.0100,0
2003-04-22,15.8500,16.0900,15.8000,16.0500,0
2003-04-23,16.0500,16.0600,15.8300,15.8500,0
2003-04-24,15.8000,16.0000,15.7400,15.9200,0
2003-04-25,15.9200,16.0000,15.7900,15.8100,0
2003-04-28,16.4500,16.9500,16.1500,16.9300,0
2003-04-29,17.2200,17.4000,17.0500,17.2800,0
2003-04-30,17.1100,17.2700,16.8700,17.1000,0
2003-05-01,17.0500,17.2000,16.7100,17.1600,0
2003-05-02,17.2200,17.6800,17.0700,17.5900,0
2003-05-05,17.6800,17.6800,17.2500,17.4900,0
2003-05-06,17.5300,18.0300,17.4900,17.8800,0
2003-05-07,17.6400,17.8200,17.2500,17.3900,0
2003-05-08,17.0500,17.3800,16.9300,17.2500,0
2003-05-09,17.5000,17.6000,17.3600,17.5800,0
2003-05-12,17.5900,18.3000,17.4400,18.2900,0
2003-05-13,18.2900,18.4300,17.9900,18.2700,0
2003-05-14,18.4000,18.5600,18.0500,18.5600,0
2003-05-15,18.5000,18.8100,18.4400,18.6000,0
2003-05-16,18.7000,18.7300,18.4400,18.5200,0
2003-05-19,18.4300,18.4300,18.1000,18.1600,0
2003-05-20,18.1500,18.5000,16.5800,16.9500,0
2003-05-21,17.4800,17.5000,16.9100,17.3000,0
2003-05-22,17.4700,17.8100,17.3300,17.5000,0
2003-05-23,17.5000,17.8500,17.3900,17.8000,0
2003-05-27,17.8100,18.0100,17.6000,17.7700,0
2003-05-28,17.9100,18.4500,17.8600,18.2600,0
2003-05-29,18.1600,18.6200,18.1600,18.3400,0
2003-05-30,18.3400,18.8300,18.3200,18.7300,0
2003-06-02,18.9200,19.4000,18.7300,18.9000,0
2003-06-03,18.9000,19.1800,18.7200,19.1700,0
2003-06-04,19.1300,19.2300,18.9500,18.9900,0
2003-06-05,18.9900,19.3800,18.8000,19.2800,0
2003-06-06,19.9500,21.3300,19.9000,21.0600,0
2003-06-09,20.5800,20.9300,20.4000,20.8700,0
2003-06-10,20.8300,21.6800,20.4900,21.6700,0
2003-06-11,21.6500,21.9400,21.2200,21.6400,0
2003-06-12,21.6500,21.8100,21.1700,21.6200,0
2003-06-13,21.5000,21.7600,21.3100,21.4600,0
2003-06-16,21.4200,22.2000,21.4100,22.2000,0
2003-06-17,22.2000,22.3200,21.9200,22.2000,0
2003-06-18,22.2000,22.2000,21.9500,22.0500,0
2003-06-19,21.6700,21.9900,21.2500,21.5600,0
2003-06-20,21.9300,22.0800,21.5600,22.0200,0
2003-06-23,22.0100,22.4300,21.7800,22.3700,0
2003-06-24,22.5000,22.7400,22.3000,22.5300,0
2003-06-25,22.5500,22.6000,22.1000,22.2400,0
2003-06-26,22.2000,22.4500,21.9500,22.4500,0
2003-06-27,22.3500,22.9500,22.1700,22.3700,0
2003-06-30,22.3700,22.5200,21.9000,22.0600,0
2003-07-01,21.8000,22.0700,21.4100,21.9400,0
2003-07-02,21.8000,22.7800,21.7000,22.7200,0
2003-07-03,22.5000,23.0000,22.4000,22.6200,0
2003-07-07,22.6000,23.2400,22.4700,22.9000,0
2003-07-08,22.7700,22.9600,22.6800,22.8000,0
2003-07-09,22.7500,23.0300,22.4600,22.8500,0
2003-07-10,22.8500,22.8500,22.1200,22.2600,0
2003-07-11,22.2600,22.8500,22.1600,22.5800,0
2003-07-14,22.8400,22.9200,21.8600,21.9200,0
2003-07-15,22.2000,22.2000,20.8800,21.0800,0
2003-07-16,21.1000,21.1700,20.7000,21.1200,0
2003-07-17,21.0000,21.0600,20.4000,20.4900,0
2003-07-18,20.9000,21.5100,20.8300,21.3900,0
2003-07-21,21.3900,21.3900,20.8100,20.8700,0
2003-07-22,20.8100,21.2500,20.7900,21.0800,0
2003-07-23,21.2200,21.3800,20.9400,21.2100,0
2003-07-24,21.3500,21.6400,21.0600,21.0800,0
2003-07-25,21.0800,21.4900,20.8100,21.4400,0
2003-07-28,21.2800,21.4000,20.9500,21.2600,0
2003-07-29,21.7600,22.4000,21.1000,22.1500,0
2003-07-30,21.9700,22.5100,21.9300,22.4000,0
2003-07-31,22.7000,23.1900,22.6500,23.0100,0
2003-08-01,23.0100,23.0700,22.6700,22.9700,0
2003-08-04,22.7800,22.8500,22.2000,22.5800,0
2003-08-05,22.5800,22.5800,21.9200,22.0000,0
2003-08-06,21.7000,21.9400,21.5700,21.8200,0
2003-08-07,22.0000,22.2300,21.8800,22.0600,0
2003-08-08,22.9800,23.9000,22.9000,23.8900,0
2003-08-11,23.7000,23.9800,23.2900,23.7600,0
2003-08-12,23.5600,23.9400,23.5400,23.7900,0
2003-08-13,23.8000,23.8500,23.0300,23.1700,0
2003-08-14,22.9000,23.0400,22.4300,22.9500,0
2003-08-15,23.0000,23.0000,22.7500,22.9800,0
2003-08-18,23.0000,23.0000,22.6500,22.7200,0
2003-08-19,22.7400,22.9500,22.5500,22.8800,0
2003-08-20,22.8000,23.0500,22.7300,23.0000,0
2003-08-21,23.0000,23.0800,22.4500,22.5000,0
2003-08-22,22.5600,22.6300,21.6500,21.9500,0
2003-08-25,21.9200,22.2500,21.8000,22.2000,0
2003-08-26,22.0700,22.3600,21.8900,22.3000,0
2003-08-27,22.4000,22.7800,22.4000,22.5600,0
2003-08-28,22.6000,22.7100,22.2900,22.3500,0
2003-08-29,22.1600,22.6000,22.0600,22.4200,0
2003-09-02,22.4500,22.7100,22.1100,22.5000,0
2003-09-03,22.5000,22.7000,22.3900,22.6900,0
2003-09-04,22.8600,23.5000,22.8100,23.3900,0
2003-09-05,23.3900,23.5400,23.0500,23.3000,0
2003-09-08,23.3100,23.4900,23.2200,23.3500,0
2003-09-09,24.2500,24.2500,23.5400,23.5900,0
2003-09-10,23.5000,23.6200,23.1400,23.2000,0
2003-09-11,23.4400,23.8300,23.4000,23.7000,0
2003-09-12,23.5400,23.6000,23.2600,23.4800,0
2003-09-15,23.4500,23.6500,23.4300,23.4900,0
2003-09-16,23.6500,23.8000,23.6500,23.7500,0
2003-09-17,23.7000,23.9000,23.6500,23.7500,0
2003-09-18,23.6600,23.9700,23.6600,23.9100,0
2003-09-19,23.9400,24.0200,23.6500,23.9200,0
2003-09-22,23.8000,23.8800,23.5900,23.6300,0
2003-09-23,23.8700,24.0600,23.8000,23.9000,0
2003-09-24,23.9700,24.3700,23.8700,23.9300,0
2003-09-25,23.9200,23.9600,23.3000,23.3600,0
2003-09-26,23.0500,23.8400,22.9200,23.6000,0
2003-09-29,23.5000,23.7500,23.3000,23.7300,0
2003-09-30,23.7300,23.9100,23.2600,23.5400,0
2003-10-01,23.7500,24.3000,23.7200,24.2100,0
2003-10-02,24.3700,24.7500,24.2600,24.2800,0
2003-10-03,24.2800,24.7700,24.0800,24.2600,0
2003-10-06,24.1500,24.2200,23.9800,24.1000,0
2003-10-07,24.6800,24.8700,24.3400,24.7200,0
2003-10-08,24.9400,24.9400,24.0600,24.1500,0
2003-10-09,24.4500,24.5900,24.1000,24.2100,0
2003-10-10,24.4000,24.5000,23.9100,24.2900,0
2003-10-13,24.3600,24.4900,24.2400,24.4800,0
2003-10-14,24.3000,24.4600,24.2100,24.3900,0
2003-10-15,24.4900,24.5000,23.8700,23.9200,0
2003-10-16,24.0700,24.1900,23.8000,24.0000,0
2003-10-17,24.0500,24.1700,23.8200,24.1500,0
2003-10-20,24.1000,24.2100,24.0500,24.1800,0
2003-10-21,24.0200,24.1500,23.5200,23.7400,0
2003-10-22,23.9000,24.2200,23.5900,23.9000,0
2003-10-23,23.6000,24.1500,23.6000,24.0000,0
2003-10-24,23.8000,24.1900,23.6200,24.1900,0
2003-10-27,24.1700,24.4900,24.1000,24.2500,0
2003-10-28,24.5000,24.6000,24.0100,24.6000,0
2003-10-29,24.6400,24.6400,24.2600,24.6100,0
2003-10-30,24.6100,24.7600,24.5000,24.7300,0
2003-10-31,24.7900,25.0800,24.7400,25.0000,0
2003-11-03,25.3700,25.6600,25.2200,25.3900,0
2003-11-04,25.5000,26.2000,25.3000,26.1100,0
2003-11-05,26.1100,26.6000,25.8000,26.1500,0
2003-11-06,26.1500,26.2000,25.7800,25.9800,0
2003-11-07,26.7300,26.7800,25.9900,26.0100,0
2003-11-10,26.0900,26.3800,25.9000,26.0000,0
2003-11-11,26.0100,26.1100,25.8100,26.1000,0
2003-11-12,25.9500,26.4800,25.9200,26.2400,0
2003-11-13,26.2400,26.2900,25.9700,26.0700,0
2003-11-14,26.0000,26.0900,25.5100,25.6800,0
2003-11-17,25.6700,25.7700,24.7400,25.0000,0
2003-11-18,25.0500,25.2700,24.6600,24.7000,0
2003-11-19,24.7000,24.7200,24.4600,24.6500,0
2003-11-20,24.6600,24.9200,24.5600,24.6800,0
2003-11-21,24.9700,25.2600,24.8900,24.9700,0
2003-11-24,25.2000,25.7500,25.1800,25.6400,0
2003-11-25,25.6100,25.8900,25.4000,25.7600,0
2003-11-26,25.5500,25.7300,25.2500,25.3900,0
2003-11-28,25.2200,25.8900,25.2200,25.6300,0
2003-12-01,25.9500,26.4500,25.9000,26.3500,0
2003-12-02,26.4700,26.5200,26.3500,26.4800,0
2003-12-03,26.5800,26.8500,26.3500,26.4600,0
2003-12-04,26.4600,27.0100,26.2000,26.5600,0
2003-12-05,26.3100,26.4500,25.9300,25.9900,0
2003-12-08,26.2000,26.3600,25.4600,25.6200,0
2003-12-09,25.8100,25.8500,25.3700,25.4200,0
2003-12-10,25.3000,25.5500,25.2600,25.5500,0
2003-12-11,25.5400,26.0200,25.5400,25.8000,0
2003-12-12,25.8600,25.9600,25.5100,25.7800,0
2003-12-15,26.1000,26.1200,25.3800,25.4200,0
2003-12-16,25.3600,25.5500,24.8400,24.8800,0
2003-12-17,24.7500,24.9400,24.4000,24.5000,0
2003-12-18,24.6500,24.9500,24.5800,24.8100,0
2003-12-19,25.0000,25.0200,23.5900,24.3000,0
2003-12-22,24.1100,25.1900,24.1100,25.1600,0
2003-12-23,25.2000,25.3400,25.1100,25.2800,0
2003-12-24,23.3500,24.1300,23.1000,23.9600,0
2003-12-26,24.0000,24.2500,23.9200,24.0900,0
2003-12-29,24.5500,24.6600,24.1200,24.6000,0
2003-12-30,24.3800,24.8700,24.3500,24.7800,0
2003-12-31,24.8400,24.8900,24.6100,24.8300,0
2004-01-02,24.9500,25.0300,24.6600,24.7900,0
2004-01-05,24.9800,25.1000,24.8000,25.0300,0
2004-01-06,24.9800,25.4800,24.9600,25.3300,0
2004-01-07,25.3400,25.4500,25.1300,25.4100,0
2004-01-08,25.3300,25.5600,25.1700,25.5000,0
2004-01-09,25.2800,25.5500,25.1500,25.1500,0
2004-01-12,25.0300,25.1500,24.7100,25.1100,0
2004-01-13,25.0200,25.1200,24.5400,24.6400,0
2004-01-14,24.8000,25.0900,24.7700,25.0700,0
2004-01-15,25.1500,25.4800,24.7500,25.1500,0
2004-01-16,25.1000,25.3500,25.0000,25.3100,0
2004-01-20,25.4200,25.5000,24.9600,25.1700,0
2004-01-21,25.3200,25.6300,25.2200,25.5200,0
2004-01-22,25.3800,25.6700,25.3200,25.3900,0
2004-01-23,25.3400,25.5000,24.8800,25.2500,0
2004-01-26,25.2800,25.4500,24.9000,25.2800,0
2004-01-27,25.5200,25.6500,25.4000,25.4500,0
2004-01-28,25.5500,25.6000,24.7400,24.8600,0
2004-01-29,25.3000,25.5700,25.1400,25.5000,0
2004-01-30,25.4000,25.8500,25.3800,25.7400,0
2004-02-02,25.8200,26.2500,25.7200,25.9900,0
2004-02-03,25.8600,26.2300,25.8600,26.1500,0
2004-02-04,26.3500,26.5100,26.2800,26.4100,0
2004-02-05,26.2300,26.7500,26.2000,26.7000,0
2004-02-06,27.2000,27.2700,26.6700,27.1600,0
2004-02-09,26.9300,27.2200,26.7900,26.9100,0
2004-02-10,26.7800,27.0200,26.6700,26.7800,0
2004-02-11,26.7700,27.0500,26.7200,27.0500,0
2004-02-12,26.9300,27.0300,26.6500,26.6800,0
2004-02-13,26.6100,26.7900,26.4500,26.6300,0
2004-02-17,26.7900,27.0500,26.7400,27.0000,0
2004-02-18,27.0000,27.1400,26.9100,27.0500,0
2004-02-19,27.1700,27.5000,27.1400,27.2500,0
2004-02-20,27.2300,27.3700,26.9500,27.1600,0
2004-02-23,27.1400,27.9500,27.1300,27.7700,0
2004-02-24,27.7800,27.8800,27.5300,27.6300,0
2004-02-25,27.7700,28.0500,27.6100,27.9400,0
2004-02-26,27.7800,28.3900,27.7600,28.3000,0
2004-02-27,27.3100,28.7600,27.3100,28.3000,0
2004-03-01,28.4000,28.5800,28.3700,28.4100,0
2004-03-02,28.3200,28.5500,28.3200,28.4200,0
2004-03-03,28.3800,29.0100,28.3800,28.8900,0
2004-03-04,28.8500,29.1700,28.7500,28.8400,0
2004-03-05,28.2500,29.9800,28.2500,29.8500,0
2004-03-08,29.8500,29.9800,29.3000,29.3100,0
2004-03-09,29.3900,29.9000,28.9500,28.9800,0
2004-03-10,29.0300,29.6400,28.9000,28.9100,0
2004-03-11,28.8000,29.3600,28.5900,28.7000,0
2004-03-12,28.9600,29.0900,28.6500,29.0100,0
2004-03-15,28.8100,28.8100,28.3600,28.4500,0
2004-03-16,28.8300,29.0200,28.4900,28.6600,0
2004-03-17,28.7300,28.8400,28.5000,28.7000,0
2004-03-18,28.4800,28.5700,27.7800,28.0200,0
2004-03-19,28.0200,28.4000,27.9000,28.1000,0
2004-03-22,27.6500,28.7100,27.6500,28.3500,0
2004-03-23,28.3500,28.3600,27.5400,27.7600,0
2004-03-24,27.6400,28.0600,27.5700,27.7000,0
2004-03-25,27.8500,28.5000,27.8000,28.4500,0
2004-03-26,28.2000,28.3200,27.8200,27.8700,0
2004-03-29,28.0200,28.6200,28.0200,28.4700,0
2004-03-30,28.3500,28.8000,28.2800,28.6600,0
2004-03-31,28.7000,28.7500,28.4400,28.5700,0
2004-04-01,28.7500,29.0200,28.6600,28.9100,0
2004-04-02,28.5600,29.2500,28.5600,28.9400,0
2004-04-05,28.7900,29.4300,28.7700,29.3600,0
2004-04-06,29.1200,29.1900,28.9300,29.0100,0
2004-04-07,28.9100,29.3300,28.7400,28.9000,0
2004-04-08,29.0200,29.2000,28.4200,28.6700,0
2004-04-12,28.8200,29.1600,28.7800,29.0200,0
2004-04-13,29.0400,29.2200,28.2600,28.2700,0
2004-04-14,27.3100,27.8500,26.4000,27.0000,0
2004-04-15,26.9900,27.0500,26.5200,26.9300,0
2004-04-16,27.2000,27.6600,27.0400,27.4600,0
2004-04-19,26.4500,27.1400,26.4500,26.7500,0
2004-04-20,27.0500,27.2300,26.5500,26.5500,0
2004-04-21,26.7500,27.0000,26.5500,26.9500,0
2004-04-22,27.0000,27.5800,26.9500,27.4000,0
2004-04-23,27.3500,27.5500,27.1500,27.3400,0
2004-04-26,27.4600,27.5500,27.0200,27.3200,0
2004-04-27,27.4800,27.8000,27.0500,27.2000,0
2004-04-28,27.7700,27.9800,27.4200,27.6100,0
2004-04-29,27.7900,27.8000,27.1200,27.1800,0
2004-04-30,27.5600,27.6600,27.2000,27.2300,0
2004-05-03,27.4300,27.8800,27.2500,27.7600,0
2004-05-04,27.8800,27.8800,27.3300,27.6100,0
2004-05-05,27.4800,27.8800,27.3500,27.8100,0
2004-05-06,27.5200,27.6200,27.0200,27.2700,0
2004-05-07,26.9800,27.2900,26.6500,26.7100,0
2004-05-10,26.7200,27.3200,26.5100,26.6400,0
2004-05-11,26.5800,26.7000,26.2300,26.4500,0
2004-05-12,26.2700,26.8300,25.7100,26.0700,0
2004-05-13,26.1400,26.2500,25.8000,26.0900,0
2004-05-14,26.0900,26.4800,25.9000,26.1700,0
2004-05-17,25.7500,26.0500,25.5000,25.8700,0
2004-05-18,25.9300,26.0000,25.6300,25.7900,0
2004-05-19,26.0100,26.0300,25.6200,25.7500,0
2004-05-20,25.7000,25.9200,25.0500,25.3100,0
2004-05-21,25.3300,25.5400,25.3300,25.4500,0
2004-05-24,25.4000,25.5700,25.1800,25.3500,0
2004-05-25,25.2000,25.5700,25.1900,25.4500,0
2004-05-26,25.5400,25.8800,25.5000,25.7500,0
2004-05-27,25.9500,26.4500,25.8700,26.2700,0
2004-05-28,26.3600,26.5100,26.1500,26.4000,0
2004-06-01,26.2100,26.6400,26.1500,26.4700,0
2004-06-02,26.2000,26.4500,26.2000,26.4300,0
2004-06-03,26.4300,27.0300,26.4100,26.5200,0
2004-06-04,26.8600,27.2000,26.6600,26.8600,0
2004-06-07,26.9700,27.0000,26.5100,26.6100,0
2004-06-08,26.6900,26.9400,26.6200,26.8400,0
2004-06-09,26.8900,26.9400,26.5200,26.5800,0
2004-06-10,26.7400,27.0500,26.6500,27.0500,0
2004-06-14,26.8300,27.2100,26.8100,27.0000,0
2004-06-15,27.0000,27.1000,26.5600,26.6800,0
2004-06-16,26.7400,26.8000,26.6000,26.7100,0
2004-06-17,26.6100,26.8300,26.5300,26.7200,0
2004-06-18,26.7200,26.9300,26.5900,26.9200,0
2004-06-21,26.8000,26.9700,26.6800,26.8600,0
2004-06-22,26.7200,26.9900,26.7000,26.9000,0
2004-06-23,26.9000,27.1500,26.7600,27.1100,0
2004-06-24,27.0000,27.3800,26.9800,27.0800,0
2004-06-25,27.0400,27.1600,26.9900,26.9900,0
2004-06-28,26.8000,27.0000,26.4000,26.5800,0
2004-06-29,26.6000,26.6300,26.3800,26.4100,0
2004-06-30,26.4200,26.4400,25.8000,26.0000,0
2004-07-01,26.0900,26.4600,26.0900,26.3100,0
2004-07-02,26.3000,26.4800,26.0400,26.1200,0
2004-07-06,26.0000,26.1700,25.7400,26.1300,0
2004-07-07,26.0500,26.6100,26.0400,26.4200,0
2004-07-08,26.3000,26.5900,26.2800,26.5000,0
2004-07-09,26.4200,26.6200,26.4200,26.5100,0
2004-07-12,26.4200,26.8500,26.4200,26.8200,0
2004-07-13,26.8300,26.9800,26.5600,26.6800,0
2004-07-14,27.1000,27.9900,27.0200,27.7900,0
2004-07-15,27.8000,28.0700,27.7600,27.9100,0
2004-07-16,28.0000,28.0000,27.6400,27.8100,0
2004-07-19,27.7600,28.2000,27.7600,27.9300,0
2004-07-20,28.0300,28.2500,27.9600,28.1600,0
2004-07-21,28.2000,28.2100,27.6000,27.6600,0
2004-07-22,27.7000,27.8800,27.3100,27.5700,0
2004-07-23,27.3700,27.5900,26.9800,27.0800,0
2004-07-26,27.2100,27.3500,26.9800,26.9800,0
2004-07-27,26.9000,27.6300,26.9000,27.4900,0
2004-07-28,27.2500,27.4200,26.9600,27.3100,0
2004-07-29,27.2900,27.3900,27.0500,27.2400,0
2004-07-30,27.2500,27.5200,27.2000,27.5000,0
2004-08-02,27.3200,27.5900,27.3200,27.4600,0
2004-08-03,27.5000,27.5900,27.0800,27.2500,0
2004-08-04,27.0800,27.2000,26.5800,27.1600,0
2004-08-05,27.1500,27.3000,26.7900,26.8800,0
2004-08-06,26.5800,26.7800,26.2400,26.3400,0
2004-08-09,26.2800,26.6600,26.1300,26.1600,0
2004-08-10,26.3800,26.7500,26.1700,26.7400,0
2004-08-11,26.6800,26.6900,26.1500,26.3500,0
2004-08-12,26.1800,26.3700,25.8200,25.8500,0
2004-08-13,25.8500,26.0500,25.6900,25.8100,0
2004-08-16,25.7000,25.9500,25.6400,25.7500,0
2004-08-17,25.8000,26.4400,25.7000,26.3700,0
2004-08-18,26.3700,26.7400,26.2700,26.4800,0
2004-08-19,26.4600,26.7400,26.4000,26.6000,0
2004-08-20,26.4600,27.0700,26.4600,27.0700,0
2004-08-23,27.0700,27.1800,26.6400,26.6400,0
2004-08-24,26.6000,27.0400,26.6000,26.8700,0
2004-08-25,26.8400,27.0000,26.5600,26.9500,0
2004-08-26,27.0000,27.2900,26.9500,27.1000,0
2004-08-27,27.0700,27.2800,26.9800,27.1700,0
2004-08-30,27.0500,27.3600,27.0000,27.0000,0
2004-08-31,27.0000,27.0900,26.6600,27.0200,0
2004-09-01,27.0300,27.2400,26.8600,27.1900,0
2004-09-02,27.1800,27.5300,27.0100,27.4900,0
2004-09-03,27.4000,27.9000,27.4000,27.7600,0
2004-09-07,27.7400,27.7700,27.1000,27.3800,0
2004-09-08,27.8500,27.9800,27.4800,27.5000,0
2004-09-09,27.7500,27.9200,27.3700,27.4400,0
2004-09-10,27.2300,27.3000,26.9800,27.0500,0
2004-09-13,26.8900,27.1700,26.8900,27.1700,0
2004-09-14,27.2000,27.7100,27.0400,27.6000,0
2004-09-15,27.6000,27.6700,27.4200,27.5300,0
2004-09-16,27.4500,27.7400,27.4500,27.5900,0
2004-09-17,27.7500,27.7800,27.5600,27.6700,0
2004-09-20,27.6300,27.9800,27.4200,27.4700,0
2004-09-21,27.5000,27.8400,27.4300,27.7700,0
2004-09-22,27.5600,27.5700,26.9500,27.0100,0
2004-09-23,27.1000,27.4800,27.0700,27.1400,0
2004-09-24,27.2200,27.7300,27.2200,27.6000,0
2004-09-27,27.4500,28.0600,27.4200,27.9400,0
2004-09-28,27.7800,28.0300,27.7300,27.9600,0
2004-09-29,27.7500,27.9600,27.6500,27.8900,0
2004-09-30,27.7900,28.1300,27.7100,28.0300,0
2004-10-01,28.0000,28.2500,27.9200,28.1400,0
2004-10-04,28.1400,28.2600,27.9000,28.0000,0
2004-10-05,27.9600,27.9900,27.7700,27.9400,0
2004-10-06,27.9000,27.9100,27.4600,27.8400,0
2004-10-07,28.1600,28.4500,27.8800,27.9300,0
2004-10-08,27.9400,28.1800,27.9000,27.9400,0
2004-10-11,27.9300,28.0300,27.5900,27.6800,0
2004-10-12,27.4800,27.6800,27.3100,27.5500,0
2004-10-13,28.3000,28.8800,28.0500,28.8600,0
2004-10-14,28.6500,29.1900,28.6500,29.0800,0
2004-10-15,29.2400,29.4900,28.9600,28.9900,0
2004-10-18,28.8300,29.4800,28.8000,29.2000,0
2004-10-19,29.2100,29.4900,28.8100,29.0000,0
2004-10-20,28.7400,28.8400,28.3500,28.8000,0
2004-10-21,28.8000,28.9900,28.2700,28.5200,0
2004-10-22,28.4700,28.7500,28.4200,28.5200,0
2004-10-25,28.3400,28.5500,28.1000,28.3800,0
2004-10-26,28.4000,28.8800,28.2000,28.8700,0
2004-10-27,28.6700,29.2000,28.6100,29.1900,0
2004-10-28,28.9600,29.1000,28.8600,29.0300,0
2004-10-29,28.8300,29.1500,28.6800,29.1500,0
2004-11-01,29.0500,29.6000,29.0000,29.5800,0
2004-11-02,29.5000,29.7300,29.0500,29.1900,0
2004-11-03,29.1700,29.4400,28.7700,29.3100,0
2004-11-04,29.3200,29.6900,29.3000,29.6300,0
2004-11-05,29.7400,30.2500,29.6500,30.0600,0
2004-11-08,30.4000,31.0000,30.0400,30.2000,0
2004-11-09,30.0800,30.2900,29.9300,30.1800,0
2004-11-10,29.9600,30.2700,29.8100,30.0200,0
2004-11-11,30.1000,30.4200,29.9300,30.2800,0
2004-11-12,30.3800,30.5000,30.1000,30.5000,0
2004-11-15,30.3300,30.5400,30.2400,30.4200,0
2004-11-16,30.4700,30.4700,30.1100,30.1100,0
2004-11-17,30.3200,30.5300,30.1100,30.4000,0
2004-11-18,30.2500,30.5700,29.6500,29.9500,0
2004-11-19,29.6500,29.7500,29.0000,29.3000,0
2004-11-22,29.4400,29.5700,29.0200,29.3800,0
2004-11-23,29.2700,30.1200,29.2600,30.1000,0
2004-11-24,30.2000,30.8300,30.2000,30.4000,0
2004-11-26,30.3300,30.7300,30.3100,30.5700,0
2004-11-29,30.7100,30.8500,30.0100,30.7500,0
2004-11-30,30.6000,30.8400,30.5000,30.7400,0
2004-12-01,30.9000,31.3600,30.8600,31.2100,0
2004-12-02,31.3200,31.5800,31.1400,31.4200,0
2004-12-03,31.4200,31.4200,31.1200,31.2800,0
2004-12-06,31.2100,31.2100,30.9600,31.0800,0
2004-12-07,31.0800,31.3700,30.9100,31.2200,0
2004-12-08,31.2200,31.7500,31.2100,31.5000,0
2004-12-09,31.2000,31.8500,31.1400,31.7800,0
2004-12-10,31.8800,31.8800,31.4000,31.6500,0
2004-12-13,31.8400,31.9800,31.7300,31.9800,0
2004-12-14,31.9800,32.0300,31.8200,31.9100,0
2004-12-15,31.8500,32.5000,31.8400,32.4400,0
2004-12-16,32.4400,32.7500,32.3100,32.6600,0
2004-12-17,32.6700,32.9400,32.4400,32.5400,0
2004-12-20,32.5500,32.7900,32.1900,32.3900,0
2004-12-21,32.5700,32.7400,32.4000,32.5900,0
2004-12-22,32.6700,32.9600,32.3000,32.5200,0
2004-12-23,32.5500,32.7400,32.1200,32.3300,0
2004-12-27,32.4000,32.5200,32.1200,32.1500,0
2004-12-28,32.2800,32.5100,32.2200,32.4600,0
2004-12-29,32.4700,32.5900,32.2200,32.5300,0
2004-12-30,32.5000,32.6900,32.3400,32.3800,0
2004-12-31,32.4000,32.4500,32.0500,32.0600,0
2005-01-03,31.6000,32.2300,31.5400,31.8200,0
2005-01-04,31.7400,32.3100,31.7400,32.0800,0
2005-01-05,32.0800,32.2700,31.8300,31.8300,0
2005-01-06,31.8400,32.2100,31.8000,32.0800,0
2005-01-07,32.0300,32.1800,31.7300,31.8700,0
2005-01-10,31.6700,31.8600,31.5200,31.6700,0
2005-01-11,31.4300,31.6700,31.0500,31.1000,0
2005-01-12,31.2200,31.3500,30.9600,31.3400,0
2005-01-13,31.2400,31.3100,30.8400,30.8900,0
2005-01-14,30.8400,31.3600,30.8100,31.3100,0
2005-01-18,31.2000,31.6900,31.0800,31.6000,0
2005-01-19,31.7000,32.0000,31.5600,31.6200,0
2005-01-20,31.5700,31.7700,31.1300,31.4500,0
2005-01-21,31.4500,31.6000,31.1300,31.2500,0
2005-01-24,31.5800,31.8900,31.4300,31.7400,0
2005-01-25,31.9900,32.0900,31.9000,31.9400,0
2005-01-26,31.9300,32.2500,31.8700,31.9900,0
2005-01-27,32.0000,32.3900,31.9400,32.1200,0
2005-01-28,31.8500,32.2400,31.2000,32.0000,0
2005-01-31,32.1000,32.5000,32.1000,32.3900,0
2005-02-01,32.0500,32.1900,31.9100,31.9800,0
2005-02-02,31.8800,32.0200,31.5600,31.7700,0
2005-02-03,31.6000,32.1000,31.4000,32.0600,0
2005-02-04,31.8200,32.6000,31.8000,32.5700,0
2005-02-07,32.3800,32.8500,32.3800,32.7800,0
2005-02-08,32.7200,32.8500,32.3800,32.4200,0
2005-02-09,32.4000,32.4800,31.9600,31.9700,0
2005-02-10,32.1000,32.2100,31.8600,32.1000,0
2005-02-11,31.9000,32.4900,31.7900,32.2500,0
2005-02-14,32.2500,32.7000,32.2100,32.6100,0
2005-02-15,32.6000,33.1800,32.6000,33.1600,0
2005-02-16,32.9000,32.9800,32.4200,32.6000,0
2005-02-17,32.4900,32.5000,32.2100,32.2900,0
2005-02-18,32.1500,32.5000,32.0700,32.3300,0
2005-02-22,32.3100,32.4500,31.9500,31.9500,0
2005-02-23,32.0500,32.4900,32.0200,32.4400,0
2005-02-24,32.4400,32.7100,32.2500,32.6500,0
2005-02-25,32.4500,32.9800,32.3200,32.9800,0
2005-02-28,32.9800,33.2500,32.8500,33.0800,0
2005-03-01,33.0200,33.4200,33.0200,33.3300,0
2005-03-02,33.0400,33.8200,33.0400,33.2800,0
2005-03-03,33.2800,33.6000,33.0000,33.4100,0
2005-03-04,33.6000,34.2300,33.5000,33.9600,0
2005-03-07,34.3000,34.5600,34.1700,34.2100,0
2005-03-08,34.0000,34.0000,32.9200,33.4800,0
2005-03-09,32.6500,32.9900,32.3300,32.5300,0
2005-03-10,32.6400,32.7900,32.5100,32.7500,0
2005-03-11,32.7500,32.9200,32.5100,32.5900,0
2005-03-14,32.5400,33.0000,32.5400,32.9600,0
2005-03-15,33.0100,33.0700,32.2900,32.4300,0
2005-03-16,32.3000,32.4800,32.0500,32.3200,0
2005-03-17,32.3000,32.3200,31.6800,31.8000,0
2005-03-18,31.8300,31.9500,31.3000,31.9000,0
2005-03-21,31.7500,31.8700,31.5200,31.6800,0
2005-03-22,31.6800,31.9100,31.4300,31.4500,0
2005-03-23,31.5500,31.7800,31.3800,31.4500,0
2005-03-24,31.5600,31.7900,31.4500,31.5800,0
2005-03-28,31.4100,31.7600,31.4000,31.5300,0
2005-03-29,31.3400,31.4200,30.9600,31.0200,0
2005-03-30,30.9800,31.6800,30.9800,31.6500,0
2005-03-31,31.6000,31.6000,31.0900,31.1400,0
2005-04-01,31.2000,31.5200,30.8800,31.0000,0
2005-04-04,31.0700,31.1400,30.6500,30.9900,0
2005-04-05,30.8700,31.2900,30.8100,31.2100,0
2005-04-06,31.1300,31.7000,31.0000,31.4900,0
2005-04-07,31.3900,31.5900,31.1500,31.4700,0
2005-04-08,31.4800,31.7800,31.1100,31.1400,0
2005-04-11,30.9800,31.0400,30.5200,30.8000,0
2005-04-12,30.6000,31.0500,30.3100,30.9000,0
2005-04-13,31.4200,31.9100,31.2000,31.2200,0
2005-04-14,31.3300,31.3400,30.7400,30.7600,0
2005-04-15,30.6200,30.6900,30.1500,30.3000,0
2005-04-18,30.1500,30.2200,29.3700,30.1000,0
2005-04-19,30.1000,30.2500,29.8800,30.1800,0
2005-04-20,30.0900,30.2800,29.7000,29.9400,0
2005-04-21,30.2700,30.5000,29.5100,29.8500,0
2005-04-22,30.5000,30.6500,29.7500,30.0600,0
2005-04-25,29.9600,30.4700,29.7000,30.2800,0
2005-04-26,30.1500,30.2700,29.9300,30.0000,0
2005-04-27,29.8600,30.4000,29.7900,30.1600,0
2005-04-28,29.8500,30.1500,29.6100,29.6100,0
2005-04-29,29.6100,29.7900,29.1100,29.3100,0
2005-05-02,29.1200,29.6000,29.1200,29.5700,0
2005-05-03,29.7200,30.0000,29.6000,29.8000,0
2005-05-04,29.7900,30.2600,29.7300,30.1300,0
2005-05-05,30.1900,30.2800,29.7600,29.9400,0
2005-05-06,29.9600,30.0500,29.3700,29.3800,0
2005-05-09,29.7000,30.1500,29.6000,30.1200,0
2005-05-10,29.9500,30.3200,29.8000,30.1000,0
2005-05-11,30.0100,30.1500,29.7000,29.8500,0
2005-05-12,29.9900,30.0900,29.7700,29.7800,0
2005-05-13,29.6400,29.8300,29.5000,29.6500,0
2005-05-16,29.7000,30.0000,29.6000,29.8800,0
2005-05-17,29.8900,30.0600,29.6500,29.9700,0
2005-05-18,30.1500,30.6600,30.0800,30.5800,0
2005-05-19,30.8200,31.0300,30.6500,30.9700,0
2005-05-20,30.9000,31.1400,30.7300,30.9400,0
2005-05-23,30.8500,31.5000,30.8500,31.3200,0
2005-05-24,31.1900,31.2900,30.6600,30.8700,0
2005-05-25,30.8700,31.0000,30.7700,30.8900,0
2005-05-26,31.0000,31.4900,30.9600,31.4800,0
2005-05-27,31.4000,31.4000,31.1700,31.2600,0
2005-05-31,31.1600,31.1600,30.9300,30.9400,0
2005-06-01,30.8400,31.1500,30.6900,31.0200,0
2005-06-02,30.8900,31.2100,30.8000,31.1200,0
2005-06-03,31.0400,31.0800,30.4700,30.5100,0
2005-06-06,30.4100,30.4500,30.2000,30.4100,0
2005-06-07,30.3500,30.4900,29.3200,29.5700,0
2005-06-08,29.5700,29.6600,29.1800,29.2300,0
2005-06-09,29.2300,29.2700,28.7500,28.9800,0
2005-06-10,29.1000,29.5400,28.9800,29.5300,0
2005-06-13,29.0900,29.4500,28.9100,29.1100,0
2005-06-14,29.1500,29.5600,29.1500,29.3000,0
2005-06-15,29.3000,29.3800,28.8000,28.9500,0
2005-06-16,29.0100,29.1900,28.9300,29.1300,0
2005-06-17,29.4000,29.4000,28.9800,29.0000,0
2005-06-20,28.8500,29.1600,28.8000,29.0600,0
2005-06-21,28.9600,29.1800,28.8400,29.0400,0
2005-06-22,29.2600,29.2900,28.9600,29.0200,0
2005-06-23,28.9500,29.1000,28.5600,28.5700,0
2005-06-24,28.5700,28.6800,28.2200,28.2800,0
2005-06-27,28.2000,28.4600,28.1300,28.1600,0
2005-06-28,28.1600,28.4800,28.1200,28.2400,0
2005-06-29,28.3000,28.4400,27.8800,27.9100,0
2005-06-30,28.0500,28.2000,27.7400,27.7500,0
2005-07-01,27.8100,28.1300,27.7200,27.9400,0
2005-07-05,27.8200,28.0900,27.7100,27.9700,0
2005-07-06,27.9700,27.9900,27.6100,27.7000,0
2005-07-07,27.5400,28.0600,27.3600,28.0000,0
2005-07-08,28.0000,28.8700,27.7800,28.6500,0
2005-07-11,28.8800,29.0600,28.7500,28.9700,0
2005-07-12,29.2200,29.2500,29.0000,29.1600,0
2005-07-13,29.1700,29.6200,29.1600,29.5900,0
2005-07-14,29.6100,29.9400,29.5400,29.6000,0
2005-07-15,29.9200,31.0700,29.6000,30.9900,0
2005-07-18,30.8200,30.9700,30.5900,30.9000,0
2005-07-19,30.8900,30.9600,30.7400,30.8500,0
2005-07-20,30.6800,30.9900,30.5900,30.9000,0
2005-07-21,30.5000,31.2500,30.2700,30.7800,0
2005-07-22,30.5500,30.9700,30.5100,30.9400,0
2005-07-25,30.6400,30.8000,30.4900,30.6200,0
2005-07-26,30.6300,30.7700,30.3000,30.3600,0
2005-07-27,30.3500,30.4300,29.9700,30.0800,0
2005-07-28,30.1000,30.4400,30.1000,30.2800,0
2005-07-29,30.5000,31.1800,30.5000,31.1700,0
2005-08-01,30.2500,31.3300,30.2500,31.1800,0
2005-08-02,31.3200,31.5800,31.2200,31.4800,0
2005-08-03,31.3100,31.7400,31.2000,31.6200,0
2005-08-04,31.5500,31.6500,31.0900,31.2000,0
2005-08-05,31.1000,31.5000,31.1000,31.3000,0
2005-08-08,31.7600,32.3800,31.7500,32.1400,0
2005-08-09,32.2900,32.4500,32.0400,32.4400,0
2005-08-10,32.4600,32.9700,32.2500,32.7000,0
2005-08-11,32.9500,34.7000,32.8500,34.6900,0
2005-08-12,33.7400,33.9600,33.0700,33.2500,0
2005-08-15,32.6300,33.6400,32.6200,33.6000,0
2005-08-16,33.5000,33.7200,33.0400,33.1700,0
2005-08-17,33.0200,34.1800,32.9800,33.8700,0
2005-08-18,33.6000,33.6400,33.0500,33.3900,0
2005-08-19,33.2600,33.5500,33.2200,33.3800,0
2005-08-22,33.3700,33.4500,33.0500,33.2900,0
2005-08-23,33.1900,33.2300,32.8500,33.0400,0
2005-08-24,33.0000,33.2600,32.7600,32.9800,0
2005-08-25,32.9000,33.4900,32.9000,33.3000,0
2005-08-26,33.0900,33.6000,32.9800,33.4800,0
2005-08-29,33.1500,33.4500,32.7700,33.1700,0
2005-08-30,33.1000,33.1000,32.2100,32.4000,0
2005-08-31,32.5600,32.7500,32.0300,32.4500,0
2005-09-01,32.3000,32.3700,31.5300,31.5500,0
2005-09-02,31.8200,32.0100,31.7200,31.9000,0
2005-09-06,32.5300,32.9200,32.3900,32.6600,0
2005-09-07,33.0500,33.8700,33.0100,33.7000,0
2005-09-08,33.4700,33.6600,33.1800,33.3700,0
2005-09-09,33.3800,34.4200,33.2900,34.1400,0
2005-09-12,33.9100,34.1700,33.7100,33.8000,0
2005-09-13,33.7500,33.8800,33.1200,33.1200,0
2005-09-14,33.3000,33.3100,32.3100,32.3600,0
2005-09-15,32.3600,33.5000,32.3600,33.4500,0
2005-09-16,33.7300,35.0300,33.5500,34.2400,0
2005-09-19,33.7700,34.0300,33.4700,33.5000,0
2005-09-20,33.5000,33.8600,32.5000,32.6200,0
2005-09-21,32.4900,32.6200,31.3100,31.4200,0
2005-09-22,31.4200,33.1500,31.3300,33.0900,0
2005-09-23,33.0000,33.5900,32.5500,32.6400,0
2005-09-26,32.9500,33.7600,32.9500,33.2600,0
2005-09-27,33.2000,33.3000,32.9800,33.0100,0
2005-09-28,33.4500,33.9500,33.1000,33.1000,0
2005-09-29,33.0600,33.5700,33.0000,33.4800,0
2005-09-30,33.4900,33.6500,33.1200,33.4900,0
2005-10-03,33.4000,33.9900,33.4000,33.8700,0
2005-10-04,33.4500,33.5500,32.8200,32.8800,0
2005-10-05,32.7500,33.1400,32.6200,32.8500,0
2005-10-06,32.8600,33.1800,32.5000,32.7300,0
2005-10-07,32.7600,32.7700,32.0900,32.2200,0
2005-10-10,32.4700,32.4700,32.1800,32.3400,0
2005-10-11,33.0500,33.3900,32.3200,32.3400,0
2005-10-12,32.2500,32.5000,31.6200,31.6700,0
2005-10-13,32.3700,32.7100,31.7700,32.0500,0
2005-10-14,32.1500,32.3600,32.0100,32.3200,0
2005-10-17,32.3200,32.7100,32.3200,32.7000,0
2005-10-18,32.8000,32.8700,32.3000,32.4700,0
2005-10-19,32.7000,34.0200,32.4600,33.6900,0
2005-10-20,33.4500,33.4600,32.0100,32.4000,0
2005-10-21,31.8200,32.8900,31.8200,32.4800,0
2005-10-24,32.6500,33.1400,32.3700,33.1200,0
2005-10-25,33.0500,33.4100,32.6500,33.0000,0
2005-10-26,33.0000,33.0400,32.3100,32.3100,0
2005-10-27,32.3000,32.3800,31.4800,31.5500,0
2005-10-28,31.8400,32.2900,31.5500,32.2900,0
2005-10-31,32.2900,32.7800,31.5500,31.6000,0
2005-11-01,32.7300,32.7300,31.6100,31.7700,0
2005-11-02,32.2000,32.4600,31.9300,32.2600,0
2005-11-03,32.4500,33.3200,32.3500,33.2300,0
2005-11-04,33.2800,33.4800,33.0300,33.4300,0
2005-11-07,33.2500,33.8100,33.0900,33.7000,0
2005-11-08,33.7000,34.0500,33.3300,34.0000,0
2005-11-09,34.0000,34.1800,33.2800,33.3300,0
2005-11-10,32.9500,33.2800,32.7100,33.2300,0
2005-11-11,33.3500,33.8900,33.0300,33.8000,0
2005-11-14,33.8000,34.2500,33.7500,33.9300,0
2005-11-15,33.8200,34.0500,33.1600,33.3100,0
2005-11-16,33.3600,33.6000,32.7300,32.8000,0
2005-11-17,33.0800,33.3600,32.8800,33.1900,0
2005-11-18,33.5500,33.5500,32.9400,33.0900,0
2005-11-21,33.0200,33.1700,32.8200,33.0700,0
2005-11-22,33.0200,33.0800,32.8000,32.9900,0
2005-11-23,33.0400,33.8800,33.0100,33.7100,0
2005-11-25,33.7700,33.7800,33.4600,33.4600,0
2005-11-28,33.6300,34.1000,33.5200,33.9500,0
2005-11-29,34.2400,34.5800,33.8800,33.9300,0
2005-11-30,34.1400,34.7600,33.8400,33.8500,0
2005-12-01,34.2300,35.3800,34.0600,35.3300,0
2005-12-02,35.0500,35.2500,34.7500,34.9100,0
2005-12-05,34.7400,34.9100,34.4000,34.5700,0
2005-12-06,34.8300,35.2600,34.7800,35.1600,0
2005-12-07,35.0000,35.2700,34.8100,35.2600,0
2005-12-08,35.1200,35.3600,34.7000,34.8200,0
2005-12-09,35.1000,35.2200,34.1000,34.8400,0
2005-12-12,34.8400,34.8400,34.3400,34.4700,0
2005-12-13,34.3500,35.5400,34.3500,35.2700,0
2005-12-14,35.1700,35.6500,35.1100,35.5000,0
2005-12-15,35.5000,35.6900,34.8500,34.9800,0
2005-12-16,34.9900,35.1200,34.6900,34.7500,0
2005-12-19,34.6600,34.9300,34.0700,34.1000,0
2005-12-20,34.0000,34.3500,33.8000,34.1500,0
2005-12-21,34.2000,34.7500,34.2000,34.4400,0
2005-12-22,34.5000,34.6800,34.1100,34.5800,0
2005-12-23,34.7000,34.7000,34.3300,34.5500,0
2005-12-27,34.5700,34.7200,34.0100,34.1000,0
2005-12-28,34.1000,34.3900,34.0300,34.1900,0
2005-12-29,34.0500,34.2900,34.0100,34.1400,0
2005-12-30,34.1000,34.2900,33.5800,33.7200,0
2006-01-03,34.2900,34.2900,33.2000,33.5200,0
2006-01-04,33.4300,33.8500,33.4200,33.8200,0
2006-01-05,33.8200,34.2000,33.7300,33.8600,0
2006-01-06,34.2300,34.3000,33.8100,34.0600,0
2006-01-09,34.0000,34.7400,33.9900,34.7100,0
2006-01-10,34.6100,34.8500,34.5400,34.7400,0
2006-01-11,34.8200,35.3600,34.8000,35.3400,0
2006-01-12,35.2500,35.3200,34.7400,34.7900,0
2006-01-13,34.6500,34.7400,34.3500,34.4700,0
2006-01-17,34.7200,35.1600,34.5200,34.5900,0
2006-01-18,34.5800,35.4400,34.4100,34.9900,0
2006-01-19,35.3000,35.3700,35.0000,35.2000,0
2006-01-20,35.2000,35.9100,35.0900,35.8600,0
2006-01-23,35.8600,36.0900,35.2700,35.7100,0
2006-01-24,35.9400,36.3100,35.6700,35.8500,0
2006-01-25,36.0000,36.1400,34.5500,35.1600,0
2006-01-26,35.5000,35.7000,34.7500,34.9400,0
2006-01-27,34.9400,35.2400,34.9200,35.0500,0
2006-01-30,34.9000,35.0700,34.8300,35.0200,0
2006-01-31,35.0400,35.2500,34.9000,35.0100,0
2006-02-01,35.0100,35.7100,34.9900,35.6700,0
2006-02-02,35.3300,35.8100,35.1700,35.4500,0
2006-02-03,35.4500,36.0800,35.4400,35.9700,0
2006-02-06,36.0000,36.4400,35.9000,36.1300,0
2006-02-07,36.3000,36.5100,36.0600,36.1900,0
2006-02-08,36.6000,36.7500,36.2600,36.3600,0
2006-02-09,36.3100,36.4900,36.2200,36.3000,0
2006-02-10,36.2700,36.4600,36.1100,36.3300,0
2006-02-13,36.4100,36.5900,36.1600,36.3600,0
2006-02-14,36.3600,36.5500,36.0700,36.3700,0
2006-02-15,36.2600,36.2700,35.7500,36.0100,0
2006-02-16,35.9900,36.3900,35.8600,36.3700,0
2006-02-17,36.3700,36.4400,36.0100,36.0600,0
2006-02-21,35.8800,36.0000,35.3500,35.6600,0
2006-02-22,35.7500,36.0800,35.7200,35.9500,0
2006-02-23,35.7500,35.9900,35.5000,35.5900,0
2006-02-24,35.4900,35.5200,35.1900,35.3400,0
2006-02-27,35.3000,35.5300,35.1100,35.2500,0
2006-02-28,35.3000,35.4700,34.8900,34.9100,0
2006-03-01,35.0000,35.1800,34.4300,34.9300,0
2006-03-02,34.9300,34.9900,34.6900,34.9400,0
2006-03-03,34.7500,35.0600,34.6400,34.8500,0
2006-03-06,34.6100,34.9600,34.5700,34.6700,0
2006-03-07,34.5500,34.7800,34.4300,34.6400,0
2006-03-08,34.6700,34.9000,34.6500,34.6800,0
2006-03-09,34.6200,34.7300,34.3900,34.5300,0
2006-03-10,34.6000,35.0100,34.5400,34.6500,0
2006-03-13,34.5300,34.7000,34.1100,34.3200,0
2006-03-14,34.1700,34.4100,34.1200,34.2600,0
2006-03-15,34.2100,34.8300,34.1900,34.7700,0
2006-03-16,34.7000,35.1400,34.7000,35.0600,0
2006-03-17,35.2400,35.2500,35.0000,35.1000,0
2006-03-20,34.9400,35.0700,34.6700,34.7300,0
2006-03-21,34.6700,35.1400,34.6700,34.9000,0
2006-03-22,35.0300,35.1300,34.6200,34.8000,0
2006-03-23,34.8100,34.8100,34.3600,34.5400,0
2006-03-24,34.5400,34.8600,34.4000,34.7000,0
2006-03-27,34.4200,34.6500,34.3700,34.5500,0
2006-03-28,34.3600,34.7700,34.2800,34.3100,0
2006-03-29,34.2000,34.6500,34.1600,34.6000,0
2006-03-30,34.4100,34.8000,34.1800,34.5500,0
2006-03-31,34.4100,34.6300,34.2600,34.3600,0
2006-04-03,34.4500,34.9100,34.4300,34.7300,0
2006-04-04,34.8800,34.9100,34.5700,34.6600,0
2006-04-05,34.5800,34.8900,34.4300,34.8100,0
2006-04-06,34.4700,34.9100,34.4700,34.6000,0
2006-04-07,34.6300,34.9900,34.4800,34.8800,0
2006-04-10,35.0000,35.4500,34.9500,35.3500,0
2006-04-11,35.3900,35.5700,35.1900,35.5500,0
2006-04-12,35.3700,35.4100,34.9700,35.1900,0
2006-04-13,35.4900,35.4900,34.7000,34.8500,0
2006-04-17,34.7800,34.8300,34.0500,34.3200,0
2006-04-18,34.3200,34.6800,34.1100,34.4800,0
2006-04-19,34.3300,34.8500,34.3300,34.5500,0
2006-04-20,34.5500,35.1100,34.5500,35.0800,0
2006-04-21,34.8800,35.0000,34.3600,34.6000,0
2006-04-24,34.3500,34.4500,34.0800,34.2600,0
2006-04-25,34.0600,34.1700,33.8100,33.8500,0
2006-04-26,33.9000,34.1300,33.7100,34.1100,0
2006-04-27,33.8500,34.6500,33.8500,34.6200,0
2006-04-28,34.6000,34.7200,34.3000,34.5700,0
2006-05-01,34.6400,34.7500,34.3100,34.3700,0
2006-05-02,34.4000,34.5300,34.2200,34.4100,0
2006-05-03,34.4800,34.8800,34.3200,34.8600,0
2006-05-04,34.8500,35.0800,34.8000,34.8500,0
2006-05-05,34.8800,35.2500,34.8500,35.2100,0
2006-05-08,35.2100,35.3900,35.2000,35.3900,0
2006-05-09,35.7000,35.9300,35.5700,35.8300,0
2006-05-10,35.7600,35.9900,35.6900,35.9600,0
2006-05-11,35.9500,35.9600,35.2200,35.3500,0
2006-05-12,35.3700,35.5200,34.8700,34.8800,0
2006-05-15,34.8800,35.0000,34.6100,34.9700,0
2006-05-16,35.0500,35.1200,34.6700,34.7000,0
2006-05-17,34.5300,34.7600,34.4300,34.5600,0
2006-05-18,34.8300,34.9700,34.4100,34.4400,0
2006-05-19,34.6500,34.7200,33.9700,34.1500,0
2006-05-22,34.0800,34.1400,33.5100,34.0300,0
2006-05-23,34.0300,34.1300,33.5300,33.5300,0
2006-05-24,33.6300,33.6800,32.7900,32.9500,0
2006-05-25,33.1400,33.2800,32.8800,33.2600,0
2006-05-26,33.3500,33.3500,32.8800,32.9200,0
2006-05-30,32.8000,33.0800,32.6200,32.7200,0
2006-05-31,32.7800,33.2800,32.7200,33.1700,0
2006-06-01,32.9700,33.7400,32.9600,33.6800,0
2006-06-02,33.5500,33.7800,33.2500,33.5100,0
2006-06-05,33.5100,33.5600,33.0800,33.1500,0
2006-06-06,33.2500,33.5500,32.8100,33.3100,0
2006-06-07,33.5000,33.7700,33.3000,33.3200,0
2006-06-08,33.5700,33.7400,32.9800,33.6900,0
2006-06-09,33.6500,33.8800,33.3800,33.3800,0
2006-06-12,33.5000,33.6200,32.8300,32.9300,0
2006-06-13,33.4700,33.4700,31.7300,31.9400,0
2006-06-14,32.0000,32.9600,31.9700,32.8500,0
2006-06-15,32.9100,33.5300,32.6400,33.3500,0
2006-06-16,33.3100,33.3500,32.9400,33.1400,0
2006-06-19,33.1100,33.2500,32.7600,32.8500,0
2006-06-20,33.0000,33.1100,32.7000,32.9600,0
2006-06-21,32.8500,33.5400,32.8500,33.4000,0
2006-06-22,33.2000,33.4000,32.4800,32.5500,0
2006-06-23,32.5500,33.0100,32.5000,32.6000,0
2006-06-26,32.6000,32.8000,32.4300,32.6600,0
2006-06-27,32.5000,32.7900,32.4900,32.5100,0
2006-06-28,32.5000,32.5900,31.9100,31.9700,0
2006-06-29,32.4000,33.6900,32.4000,33.5600,0
2006-06-30,33.8100,34.6000,33.5700,33.6000,0
2006-07-03,33.7000,34.0000,33.5700,33.9700,0
2006-07-05,33.4500,33.8800,33.3000,33.7600,0
2006-07-06,33.7200,33.8400,33.4300,33.6900,0
2006-07-07,33.5200,33.7100,33.0900,33.1800,0
2006-07-10,33.5000,33.8900,33.3900,33.6800,0
2006-07-11,33.7900,34.3300,33.3000,34.2800,0
2006-07-12,34.3800,34.4500,33.6600,33.8100,0
2006-07-13,33.5500,33.6800,33.0800,33.1700,0
2006-07-14,32.9600,33.1300,32.7500,33.0400,0
2006-07-17,34.0000,34.9600,33.7900,34.7200,0
2006-07-18,35.0000,35.1600,34.5700,34.8100,0
2006-07-19,34.8100,35.2000,34.7000,35.0900,0
2006-07-20,34.9100,35.0000,34.5200,34.6700,0
2006-07-21,34.7200,34.7500,34.4500,34.7000,0
2006-07-24,34.6900,34.9600,34.5700,34.8400,0
2006-07-25,35.0000,35.3400,34.6500,34.7600,0
2006-07-26,34.4900,34.7700,34.3900,34.4500,0
2006-07-27,34.7000,34.9500,34.4500,34.7300,0
2006-07-28,34.8000,35.4000,34.6200,35.2900,0
2006-07-31,35.3700,35.5000,35.1300,35.3900,0
2006-08-01,35.2000,35.2300,34.8500,35.0800,0
2006-08-02,35.5000,35.7000,34.9800,35.5900,0
2006-08-03,35.3500,36.0000,35.1500,35.8400,0
2006-08-04,35.9800,36.0600,35.2300,35.4100,0
2006-08-07,35.2500,35.5600,35.2100,35.5300,0
2006-08-08,35.5300,35.6800,34.9500,35.1600,0
2006-08-09,35.5000,35.5200,34.2600,34.3600,0
2006-08-10,34.2300,35.0800,34.2200,34.8700,0
2006-08-11,34.8700,34.9600,34.5000,34.6900,0
2006-08-14,35.0500,35.1000,34.6600,34.7200,0
2006-08-15,35.1800,35.5700,34.9300,35.5000,0
2006-08-16,35.5900,35.9900,35.4300,35.9700,0
2006-08-17,36.0000,36.2500,35.9200,36.2400,0
2006-08-18,36.2400,36.2400,35.9100,36.1800,0
2006-08-21,36.1000,36.1000,35.6200,35.7100,0
2006-08-22,35.7100,36.0100,35.4300,35.6000,0
2006-08-23,35.5600,35.7400,35.2600,35.5900,0
2006-08-24,35.5900,35.8800,35.1600,35.8800,0
2006-08-25,35.6200,35.6900,35.1600,35.2300,0
2006-08-28,35.1500,35.9300,35.1400,35.8100,0
2006-08-29,35.8100,36.1500,35.7300,36.0800,0
2006-08-30,36.1700,36.2000,35.8000,36.1500,0
2006-08-31,36.1600,36.1900,35.7700,35.9000,0
2006-09-01,36.2500,36.8000,36.0100,36.7600,0
2006-09-05,36.5500,36.7600,36.4200,36.6500,0
2006-09-06,36.3500,36.5800,36.1700,36.2200,0
2006-09-07,36.1200,36.6100,36.0500,36.5200,0
2006-09-08,36.6900,37.5100,36.3500,37.5000,0
2006-09-11,37.6000,37.7500,37.1000,37.1200,0
2006-09-12,37.4000,38.2900,37.3500,38.2000,0
2006-09-13,37.8000,38.0900,37.8000,37.8400,0
2006-09-14,37.6500,37.8300,37.0300,37.3300,0
2006-09-15,37.5500,37.8300,37.2700,37.7300,0
2006-09-18,37.7300,37.7500,37.3000,37.4200,0
2006-09-19,37.5300,37.7000,37.3300,37.5800,0
2006-09-20,37.7800,37.9300,37.6200,37.7800,0
2006-09-21,37.8800,38.4200,37.8000,38.3400,0
2006-09-22,38.2900,38.5300,38.0700,38.2100,0
2006-09-25,38.2000,38.9600,38.0800,38.8500,0
2006-09-26,38.6100,39.0900,38.5500,39.0600,0
2006-09-27,39.4300,40.0600,39.4300,39.8200,0
2006-09-28,39.7600,39.9300,39.2300,39.5900,0
2006-09-29,39.5500,39.8800,39.1100,39.1200,0
2006-10-02,39.1200,39.7700,38.9500,39.5100,0
2006-10-03,39.6200,40.0500,39.6200,39.6800,0
2006-10-04,39.8300,40.0900,39.7000,40.0000,0
2006-10-05,39.9600,40.0500,39.6700,39.8000,0
2006-10-06,39.9600,40.2800,39.4800,40.1100,0
2006-10-09,40.1500,40.7000,40.0000,40.5700,0
2006-10-10,40.5000,40.8800,40.4500,40.8400,0
2006-10-11,40.6100,41.2800,40.6000,41.2500,0
2006-10-12,41.9000,42.4600,41.8000,42.2300,0
2006-10-13,41.9000,42.2200,41.8500,42.1100,0
2006-10-16,41.9300,42.2700,41.7100,42.1200,0
2006-10-17,41.8400,41.9700,41.4600,41.6000,0
2006-10-18,41.9900,42.0900,41.2300,41.4700,0
2006-10-19,41.4300,41.4700,40.0000,40.7700,0
2006-10-20,41.1000,41.4700,40.7800,41.4700,0
2006-10-23,41.3700,42.3600,41.3500,42.1400,0
2006-10-24,41.9000,42.4600,41.8400,42.2500,0
2006-10-25,42.2400,42.4800,41.6900,42.0000,0
2006-10-26,41.9200,42.1500,41.6100,42.1100,0
2006-10-27,41.8200,41.9300,41.4100,41.4700,0
2006-10-30,41.4800,41.9600,41.2200,41.9200,0
2006-10-31,42.1800,42.2400,41.6000,41.9200,0
2006-11-01,42.1500,42.1500,41.7600,41.8600,0
2006-11-02,41.7300,42.1000,41.6200,42.0500,0
2006-11-03,42.0500,42.1000,41.2100,41.2400,0
2006-11-06,41.5500,41.9000,41.2400,41.8300,0
2006-11-07,41.8300,42.0800,41.6600,41.6700,0
2006-11-08,41.6200,42.2500,41.3500,42.0300,0
2006-11-09,42.0300,42.1200,41.8600,42.0900,0
2006-11-10,42.1000,42.2200,41.9700,41.9700,0
2006-11-13,41.2000,41.6000,40.8500,41.5100,0
2006-11-14,41.6000,41.6400,40.8800,41.2700,0
2006-11-15,41.1800,41.7000,40.9900,41.1000,0
2006-11-16,41.3000,41.7900,41.0600,41.6700,0
2006-11-17,41.6700,41.8200,41.2800,41.8200,0
2006-11-20,41.7800,42.0000,41.6500,41.8900,0
2006-11-21,41.9800,42.2500,41.9100,42.0600,0
2006-11-22,42.0600,42.2500,41.7500,42.1500,0
2006-11-24,41.8700,42.2600,41.6700,41.8800,0
2006-11-27,42.0000,42.0700,41.0500,41.1000,0
2006-11-28,41.0000,41.4700,40.7900,41.4000,0
2006-11-29,41.5500,41.9400,41.4700,41.8500,0
2006-11-30,41.9400,42.1200,41.5500,41.9700,0
2006-12-01,42.1800,42.2600,41.7000,42.0800,0
2006-12-04,42.0500,42.6700,42.0000,42.5000,0
2006-12-05,42.7400,43.4300,42.5100,42.7500,0
2006-12-06,42.9500,43.0000,42.5400,42.9600,0
2006-12-07,43.0000,43.4300,42.9600,43.2800,0
2006-12-08,43.5200,43.8900,43.2500,43.7600,0
2006-12-11,43.5000,43.7900,43.3700,43.5800,0
2006-12-12,43.4900,43.5800,42.8100,43.0400,0
2006-12-13,43.2000,43.6800,43.1500,43.5900,0
2006-12-14,43.5100,43.9400,43.3800,43.6900,0
2006-12-15,43.6900,43.9500,43.1200,43.4100,0
2006-12-18,43.3400,43.7500,43.2500,43.4800,0
2006-12-19,43.4800,44.0000,43.2400,43.9900,0
2006-12-20,44.0000,44.2400,43.7400,43.8600,0
2006-12-21,44.0000,44.2000,43.7300,43.8700,0
2006-12-22,43.8700,43.9800,43.5200,43.5700,0
2006-12-26,43.6600,43.9200,43.5000,43.8100,0
2006-12-27,43.9500,44.3600,43.8200,44.3300,0
2006-12-28,44.3400,44.6300,44.0200,44.3600,0
2006-12-29,44.1700,44.6800,44.1000,44.3300,0
2007-01-03,43.6500,44.3800,43.5000,43.8700,0
2007-01-04,43.7500,43.8600,42.8700,43.5400,0
2007-01-05,43.4000,43.8200,43.3400,43.5400,0
2007-01-08,43.5000,43.8500,43.2500,43.7100,0
2007-01-09,43.8600,44.1500,43.5900,43.7900,0
2007-01-10,43.7800,44.2900,43.4600,44.2600,0
2007-01-11,44.2200,44.6000,44.1100,44.5100,0
2007-01-12,44.6700,44.6800,44.0900,44.2200,0
2007-01-16,44.3600,44.6500,44.1700,44.5700,0
2007-01-17,44.5700,45.0600,44.3900,44.8600,0
2007-01-18,44.8700,44.9900,44.5200,44.5900,0
2007-01-19,44.6700,44.9000,44.3000,44.8100,0
2007-01-22,44.8000,44.8000,44.2000,44.3500,0
2007-01-23,44.5500,45.0000,44.4000,44.8500,0
2007-01-24,44.4500,44.4800,44.0400,44.1600,0
2007-01-25,43.9800,44.1400,42.8600,43.0000,0
2007-01-26,43.0200,43.0900,42.5400,42.9300,0
2007-01-29,42.7800,43.6500,42.7500,43.2300,0
2007-01-30,43.4800,43.8500,43.4800,43.7700,0
2007-01-31,43.7700,44.4400,43.6500,44.3500,0
2007-02-01,44.2600,44.5200,44.2000,44.4800,0
2007-02-02,44.4800,44.7400,44.4200,44.5400,0
2007-02-05,44.4600,44.7100,44.3000,44.5300,0
2007-02-06,44.7000,44.8600,44.4300,44.7700,0
2007-02-07,44.7500,44.8800,44.4600,44.7200,0
2007-02-08,44.7300,44.8400,44.1400,44.3500,0
2007-02-09,44.4700,44.9000,44.4200,44.5600,0
2007-02-12,44.5000,44.9000,44.4000,44.7300,0
2007-02-13,44.8500,44.9700,44.7100,44.9000,0
2007-02-14,44.9500,45.0500,44.7100,45.0200,0
2007-02-15,44.9000,45.2400,44.8400,44.9800,0
2007-02-16,45.0000,45.3800,44.8600,45.3200,0
2007-02-20,45.1700,45.9000,45.0500,45.8000,0
2007-02-21,45.7400,46.1200,45.7400,45.9700,0
2007-02-22,45.8500,46.0900,45.8100,46.0500,0
2007-02-23,46.0500,46.2100,45.8300,46.0100,0
2007-02-26,46.0000,46.1500,45.7600,45.8000,0
2007-02-27,45.5400,45.7500,44.0000,44.4600,0
2007-02-28,44.5600,44.5600,43.3800,43.6900,0
2007-03-01,43.4900,44.4400,42.9400,44.1000,0
2007-03-02,44.1000,44.4700,43.6300,43.6700,0
2007-03-05,43.4600,43.7300,42.8500,42.9100,0
2007-03-06,43.1700,43.2500,42.3100,43.1000,0
2007-03-07,42.9200,43.2600,42.6500,43.1000,0
2007-03-08,44.0000,44.1600,43.4000,43.6400,0
2007-03-09,43.8000,44.4900,43.7800,44.1500,0
2007-03-12,44.1000,44.8900,44.0900,44.6700,0
2007-03-13,44.6200,44.6300,43.4300,43.4800,0
2007-03-14,43.5700,43.8700,43.0600,43.6500,0
2007-03-15,43.5000,43.7500,43.4000,43.4700,0
2007-03-16,42.5000,43.7300,42.5000,43.4800,0
2007-03-19,43.6500,44.2400,43.6500,43.8700,0
2007-03-20,43.9500,44.3500,43.7400,44.3100,0
2007-03-21,44.2700,44.7000,43.8200,44.6100,0
2007-03-22,44.5500,44.6700,44.3700,44.4900,0
2007-03-23,45.0000,45.1400,44.3400,45.0500,0
2007-03-26,45.4900,45.4900,44.6500,45.1200,0
2007-03-27,44.8700,45.1900,44.8200,45.0400,0
2007-03-28,44.8500,45.0400,44.4600,44.8300,0
2007-03-29,45.2900,45.3000,44.6600,44.8700,0
2007-03-30,44.9500,45.2700,44.7100,45.0500,0
2007-04-02,44.2800,45.1400,44.2600,44.8200,0
2007-04-03,45.0000,45.3500,44.9400,45.2600,0
2007-04-04,45.0400,45.4900,45.0400,45.2300,0
2007-04-05,45.2400,45.8100,45.1300,45.7800,0
2007-04-09,45.9500,46.6300,45.8100,46.4900,0
2007-04-10,46.2700,46.4200,46.0600,46.3100,0
2007-04-11,46.3100,46.7400,46.2400,46.4400,0
2007-04-12,46.4900,47.0000,46.1500,46.6300,0
2007-04-13,47.2000,47.9200,46.8700,47.6400,0
2007-04-16,47.6600,48.1000,47.4200,48.1000,0
2007-04-17,48.0500,49.1300,48.0500,49.0100,0
2007-04-18,48.7300,48.9600,48.5700,48.8800,0
2007-04-19,49.0000,49.0000,48.3200,48.7800,0
2007-04-20,49.6300,49.7000,47.6700,48.3600,0
2007-04-23,48.4000,48.8000,48.2300,48.6400,0
2007-04-24,48.4400,48.6600,48.1300,48.4700,0
2007-04-25,48.7100,48.9500,48.3200,48.6300,0
2007-04-26,48.7800,49.4100,48.7300,49.2300,0
2007-04-27,48.8000,49.1000,48.7000,48.9500,0
2007-04-30,48.8500,48.9000,48.2600,48.2800,0
2007-05-01,48.2100,49.2000,48.2100,49.1400,0
2007-05-02,49.3300,50.0600,49.2500,50.0200,0
2007-05-03,50.0000,50.0200,49.5800,49.9100,0
2007-05-04,49.9700,50.0100,49.5500,49.9200,0
2007-05-07,49.9200,50.0000,49.4200,49.5000,0
2007-05-08,49.4500,49.8500,49.3000,49.3200,0
2007-05-09,49.3900,49.9500,49.2500,49.8400,0
2007-05-10,49.7100,50.1200,49.6300,50.0000,0
2007-05-11,49.8000,50.7600,49.5800,50.6500,0
2007-05-14,50.6000,50.8500,50.4800,50.6300,0
2007-05-15,50.7600,51.8800,50.6300,51.2700,0
2007-05-16,51.2900,52.0900,50.7400,51.9700,0
2007-05-17,51.6000,52.2700,51.5100,52.2600,0
2007-05-18,52.4200,52.4200,51.8200,52.3300,0
2007-05-21,52.3300,52.3300,51.9900,52.2700,0
2007-05-22,52.1300,52.5800,51.9500,52.5000,0
2007-05-23,52.3500,52.5000,51.3500,51.5700,0
2007-05-24,51.7900,52.0700,50.7400,50.9600,0
2007-05-25,50.9400,51.2900,50.7300,50.9000,0
2007-05-29,50.9200,50.9200,50.1400,50.6100,0
2007-05-30,50.4300,50.5200,49.7900,50.2300,0
2007-05-31,50.6500,50.8300,50.3000,50.5500,0
2007-06-01,50.5600,51.2300,50.5500,50.9500,0
2007-06-04,50.9500,51.2100,50.4500,51.1000,0
2007-06-05,51.1000,51.2000,50.4300,50.8500,0
2007-06-06,50.8500,50.8800,50.4700,50.6400,0
2007-06-07,50.6800,51.4800,50.2100,50.2100,0
2007-06-08,50.9900,51.4800,50.5600,51.4100,0
2007-06-11,51.4700,51.6200,50.9800,51.2500,0
2007-06-12,51.4200,52.1000,51.3500,51.4800,0
2007-06-13,51.4000,52.2200,51.2500,52.1900,0
2007-06-14,52.1000,52.5300,51.7700,52.2500,0
2007-06-15,52.4900,52.6000,52.1300,52.1700,0
2007-06-18,52.0700,52.5100,51.6900,52.4000,0
2007-06-19,52.2500,52.8800,52.1900,52.4800,0
2007-06-20,52.4100,52.4700,51.3000,51.3300,0
2007-06-21,51.3200,51.3700,50.6400,51.0700,0
2007-06-22,50.9600,51.0900,50.0200,50.4200,0
2007-06-25,50.6000,51.8500,50.1900,51.3000,0
2007-06-26,51.5000,51.9400,51.2000,51.7500,0
2007-06-27,51.5500,51.6600,51.1900,51.3400,0
2007-06-28,51.3600,51.4700,50.7900,50.8500,0
2007-06-29,51.2200,51.3700,50.4700,50.7600,0
2007-07-02,51.1900,51.4000,50.8100,51.3800,0
2007-07-03,51.4400,52.0600,51.3400,51.4000,0
2007-07-05,51.4000,51.8700,51.1000,51.2100,0
2007-07-06,51.3500,51.6200,51.0000,51.4300,0
2007-07-09,51.4400,51.4500,50.8100,51.1400,0
2007-07-10,50.8800,51.1100,50.2500,50.3400,0
2007-07-11,50.2300,50.8800,50.2300,50.7200,0
2007-07-12,51.0000,51.6600,50.5000,51.6500,0
2007-07-13,51.7300,52.5000,51.4000,51.9100,0
2007-07-16,52.5700,52.5700,51.8200,52.1000,0
2007-07-17,52.0200,52.4000,52.0000,52.1600,0
2007-07-18,52.2300,52.8400,51.9200,52.2000,0
2007-07-19,52.6900,52.7300,52.1600,52.6700,0
2007-07-20,52.7300,53.2200,51.9500,52.0900,0
2007-07-23,52.6500,52.8700,51.8900,52.5000,0
2007-07-24,51.7000,52.7800,51.4900,51.5500,0
2007-07-25,51.6100,52.0000,50.7900,50.9600,0
2007-07-26,50.6500,51.0400,48.8600,49.5000,0
2007-07-27,49.2000,49.5300,48.4700,48.7600,0
2007-07-30,48.8100,48.9200,48.0500,48.3900,0
2007-07-31,48.4500,48.9000,47.8600,47.8700,0
2007-08-01,47.6800,48.3700,47.5000,48.2700,0
2007-08-02,48.0800,49.2800,48.0700,48.9900,0
2007-08-03,49.0400,49.4100,48.4600,48.5200,0
2007-08-06,48.2700,49.5300,48.2600,49.4600,0
2007-08-07,49.0000,50.3000,49.0000,49.7300,0
2007-08-08,49.7600,51.0000,48.3200,50.2900,0
2007-08-09,49.5000,51.8800,49.0100,49.9300,0
2007-08-10,49.6500,49.9300,48.5900,49.4100,0
2007-08-13,49.6900,49.9900,48.6000,48.7100,0
2007-08-14,48.6100,48.7100,47.3800,48.0000,0
2007-08-15,48.2000,48.7500,47.5000,47.5600,0
2007-08-16,46.8500,48.3500,46.6400,48.0700,0
2007-08-17,49.1600,49.2000,47.3300,47.5700,0
2007-08-20,47.7300,48.7200,47.6600,48.2900,0
2007-08-21,48.5200,48.8400,48.0600,48.4700,0
2007-08-22,48.6200,49.4500,48.5600,49.3600,0
2007-08-23,49.6700,50.0300,49.5000,49.8500,0
2007-08-24,49.8900,50.4600,49.6300,50.1200,0
2007-08-27,50.0000,50.5600,49.3900,49.4700,0
2007-08-28,49.5900,49.5900,48.5000,48.6400,0
2007-08-29,48.7000,49.3100,48.1700,49.1900,0
2007-08-30,48.7700,49.2100,48.6300,48.8300,0
2007-08-31,49.2800,49.5400,49.1200,49.2500,0
2007-09-04,49.1300,49.7900,49.0700,49.6600,0
2007-09-05,49.3700,50.0000,48.9800,49.2400,0
2007-09-06,49.2000,49.8700,48.8100,49.7600,0
2007-09-07,49.5000,49.5800,49.0000,49.2400,0
2007-09-10,49.4900,50.6200,49.4900,50.1500,0
2007-09-11,51.0100,52.5400,50.9300,51.7600,0
2007-09-12,51.8800,51.9500,51.1600,51.2000,0
2007-09-13,52.6900,54.6800,52.6600,54.3000,0
2007-09-14,53.9000,55.5100,53.1100,55.4500,0
2007-09-17,55.3000,55.4400,54.1400,54.6400,0
2007-09-18,54.9700,55.1900,54.6100,55.0200,0
2007-09-19,54.8500,55.7300,54.7500,55.4100,0
2007-09-20,55.4000,55.6300,54.7900,54.8700,0
2007-09-21,55.4800,55.4800,54.7000,54.8000,0
2007-09-24,54.8800,55.4000,54.7100,54.9600,0
2007-09-25,54.8000,54.9000,53.8900,54.1500,0
2007-09-26,54.3500,54.9200,54.2000,54.8000,0
2007-09-27,54.8300,54.9500,54.0600,54.5600,0
2007-09-28,54.4600,54.9000,54.1100,54.4700,0
2007-10-01,54.7500,56.2200,54.6700,56.0100,0
2007-10-02,56.3600,56.4400,55.6800,55.9500,0
2007-10-03,55.9500,56.2400,55.5400,56.1100,0
2007-10-04,56.2200,56.3900,55.8500,56.0400,0
2007-10-05,56.0700,56.5600,55.9300,56.3700,0
2007-10-08,56.1100,56.9500,56.0200,56.8700,0
2007-10-09,57.0200,57.4600,56.7000,57.3800,0
2007-10-10,57.1700,57.5300,56.2800,57.0300,0
2007-10-11,57.3100,57.4200,55.9500,56.2500,0
2007-10-12,56.8500,57.3600,56.1800,57.0200,0
2007-10-15,57.2900,57.3500,55.9300,56.1900,0
2007-10-16,56.2500,57.0500,56.0400,56.8100,0
2007-10-17,57.2200,57.2900,56.4500,56.9600,0
2007-10-18,56.8900,57.1000,56.6700,56.7900,0
2007-10-19,56.3500,57.0700,56.3200,56.4200,0
2007-10-22,56.0300,56.2600,55.6100,56.0200,0
2007-10-23,56.2000,56.9700,55.6900,56.9700,0
2007-10-24,56.8800,57.2500,56.2300,57.1500,0
2007-10-25,57.1500,58.2800,56.9400,58.0700,0
2007-10-26,58.1300,58.5600,57.6000,58.4700,0
2007-10-29,58.4200,59.5300,58.4200,59.1800,0
2007-10-30,58.8300,59.5100,58.6200,59.1800,0
2007-10-31,59.2300,59.8500,58.8300,59.7500,0
2007-11-01,59.3500,59.7100,58.8400,59.0000,0
2007-11-02,59.2000,59.4500,58.5000,59.0200,0
2007-11-05,59.0000,59.8900,58.7600,59.6700,0
2007-11-06,59.7100,59.9200,59.3900,59.7400,0
2007-11-07,59.5700,59.8600,58.2500,58.3800,0
2007-11-08,59.2100,59.5900,58.8100,59.3700,0
2007-11-09,59.0000,59.2700,58.1000,58.3100,0
2007-11-12,59.2500,59.2500,58.5100,58.5400,0
2007-11-13,58.5000,58.5000,56.7700,57.1000,0
2007-11-14,57.5600,57.7000,56.5800,56.7000,0
2007-11-15,56.5900,57.3000,56.2400,57.1800,0
2007-11-16,57.4900,58.3400,57.4900,58.1300,0
2007-11-19,57.8800,58.9500,57.8800,58.6000,0
2007-11-20,58.6000,58.8100,57.9000,58.4800,0
2007-11-21,58.1100,58.4000,57.3200,57.3300,0
2007-11-23,57.8200,58.0000,57.3000,57.7200,0
2007-11-26,57.8400,57.8400,56.7500,56.8200,0
2007-11-27,57.0000,57.7800,56.8900,57.4600,0
2007-11-28,57.6000,58.2000,57.4200,57.9700,0
2007-11-29,57.6700,58.4000,57.5700,58.3500,0
2007-11-30,59.0000,59.6000,58.2000,58.4700,0
2007-12-03,58.4500,60.3500,58.1000,59.8300,0
2007-12-04,59.5900,60.4700,59.4500,60.0300,0
2007-12-05,59.4400,59.8600,59.0600,59.5100,0
2007-12-06,59.8100,60.3900,59.0800,60.2800,0
2007-12-07,60.4500,60.7700,59.9400,60.1600,0
2007-12-10,61.0000,62.1400,60.7000,61.9000,0
2007-12-11,61.8500,63.4900,61.7500,63.1300,0
2007-12-12,63.6000,63.6900,61.1000,61.6600,0
2007-12-13,61.4800,62.2500,61.1000,61.5100,0
2007-12-14,61.2100,62.0000,61.1100,61.1600,0
2007-12-17,61.0000,61.0000,59.7100,59.7600,0
2007-12-18,60.3000,60.4900,59.5300,59.8300,0
2007-12-19,59.9600,60.1000,58.7500,58.8500,0
2007-12-20,59.1600,59.1600,58.2300,58.7900,0
2007-12-21,59.2000,60.2500,59.0000,60.0300,0
2007-12-24,60.1600,60.4900,60.0000,60.3100,0
2007-12-26,60.0100,60.5000,59.8100,59.8800,0
2007-12-27,59.6400,59.9200,59.1600,59.1900,0
2007-12-28,59.7600,59.7900,59.1700,59.5000,0
2007-12-31,59.7200,59.9400,58.8300,58.9100,0
2008-01-02,59.4800,59.4800,57.8900,58.1000,0
2008-01-03,58.4000,58.8000,57.7400,57.9300,0
2008-01-04,57.3300,57.4700,56.4300,57.0500,0
2008-01-07,57.3600,58.2500,56.8700,58.0300,0
2008-01-08,58.4400,58.6400,56.9600,57.0800,0
2008-01-09,57.0600,57.5300,56.1000,57.4700,0
2008-01-10,57.6900,58.4900,56.9600,58.1700,0
2008-01-11,56.9000,56.9000,53.3200,54.3200,0
2008-01-14,54.8900,55.3100,53.7200,54.9600,0
2008-01-15,54.3900,55.1900,53.4400,53.7600,0
2008-01-16,53.4100,53.8300,52.2200,52.4100,0
2008-01-17,52.6700,53.0400,51.9200,51.9800,0
2008-01-18,52.4500,53.2900,52.2600,52.4000,0
2008-01-22,49.3700,52.6200,49.3700,52.4500,0
2008-01-23,51.6400,53.0500,50.8900,53.0100,0
2008-01-24,53.8000,54.1900,52.9900,54.0000,0
2008-01-25,54.4600,54.7500,53.9900,54.1000,0
2008-01-28,51.1000,51.4300,49.3600,51.0700,0
2008-01-29,51.4300,51.4300,50.0700,50.7500,0
2008-01-30,50.8400,51.7800,50.8000,51.0100,0
2008-01-31,50.2500,53.5800,50.1100,53.5800,0
2008-02-01,53.6700,54.3700,52.8500,54.2200,0
2008-02-04,54.2300,54.2900,53.3000,53.8800,0
2008-02-05,53.3700,54.5000,52.8800,53.8400,0
2008-02-06,54.1900,54.1900,53.5300,53.7300,0
2008-02-07,53.3700,54.8600,53.3000,54.4600,0
2008-02-08,54.9000,56.4100,54.8100,55.6400,0
2008-02-11,55.7300,56.3400,55.1900,55.9800,0
2008-02-12,56.3500,56.8200,55.9200,56.3700,0
2008-02-13,57.0700,57.0700,55.8500,56.6400,0
2008-02-14,56.7700,56.7700,55.5000,55.5800,0
2008-02-15,55.3500,55.4700,54.8400,55.3000,0
2008-02-19,55.8200,55.9900,55.5000,55.6700,0
2008-02-20,55.2700,56.4000,55.0100,56.2000,0
2008-02-21,56.2800,56.3500,55.1200,55.2300,0
2008-02-22,55.3500,55.6900,54.3900,55.6900,0
2008-02-25,55.6100,56.1600,55.1200,56.0500,0
2008-02-26,55.6800,56.8200,55.6800,56.4500,0
2008-02-27,56.2200,57.0000,55.1000,55.3300,0
2008-02-28,55.0000,55.1000,54.3000,54.6200,0
2008-02-29,54.3000,54.7600,53.9400,54.1100,0
2008-03-03,53.9800,54.7400,52.6700,53.1600,0
2008-03-04,52.9000,53.6300,52.6200,53.6300,0
2008-03-05,53.8300,54.1700,53.2700,53.9400,0
2008-03-06,53.6400,54.2000,53.0000,53.0400,0
2008-03-07,52.5500,52.7800,52.0000,52.2700,0
2008-03-10,54.6500,54.7300,52.9300,53.8000,0
2008-03-11,54.8000,54.8000,53.4500,54.2500,0
2008-03-12,54.4700,54.6300,53.6000,53.7000,0
2008-03-13,53.4000,55.1200,53.4000,54.8900,0
2008-03-14,55.1800,55.1800,53.7500,54.7800,0
2008-03-17,53.3700,54.8000,53.0100,54.2800,0
2008-03-18,54.8500,55.4800,54.0100,54.8500,0
2008-03-19,55.0100,55.4900,53.5900,53.6600,0
2008-03-20,53.9500,54.7600,53.7000,54.4200,0
2008-03-24,54.5800,56.0000,54.4000,55.7700,0
2008-03-25,55.6700,56.5100,55.3600,56.2000,0
2008-03-26,55.8300,56.3000,55.2000,55.6000,0
2008-03-27,55.8300,56.2200,55.4200,55.4500,0
2008-03-28,55.6900,55.9400,55.2300,55.4800,0
2008-03-31,55.5600,56.0000,55.5600,55.7700,0
2008-04-01,56.0400,57.0500,56.0000,56.9100,0
2008-04-02,57.0500,57.2400,56.3700,56.6600,0
2008-04-03,56.4400,56.8500,55.7700,56.2400,0
2008-04-04,56.2200,56.3300,55.4000,55.7200,0
2008-04-07,56.0200,56.2400,55.4500,55.6500,0
2008-04-08,55.4200,56.0300,55.4000,55.8700,0
2008-04-09,55.7900,56.1000,55.3900,55.7400,0
2008-04-10,55.5900,56.2100,55.5900,55.8500,0
2008-04-11,55.4100,55.8500,55.1400,55.4000,0
2008-04-14,55.4900,55.8100,55.2300,55.5400,0
2008-04-15,55.7900,56.1400,55.6700,55.9600,0
2008-04-16,56.3100,57.2000,55.7000,57.1800,0
2008-04-17,57.1100,57.4200,56.8600,57.3300,0
2008-04-18,57.5600,58.4700,57.5500,58.3000,0
2008-04-21,58.5900,58.6800,58.0500,58.6700,0
2008-04-22,57.9400,58.7700,57.4200,58.3500,0
2008-04-23,58.4100,59.4400,58.1000,58.6900,0
2008-04-24,58.6500,59.8800,58.2900,59.5800,0
2008-04-25,59.7500,59.9800,59.2600,59.6700,0
2008-04-28,59.7500,59.9900,59.2000,59.5900,0
2008-04-29,59.1500,60.5000,59.1500,60.2000,0
2008-04-30,60.0000,60.6000,59.5400,59.5800,0
2008-05-01,59.5400,60.9300,59.3500,60.9200,0
2008-05-02,60.9000,61.2400,60.8000,60.9500,0
2008-05-05,60.9600,60.9900,60.3000,60.8700,0
2008-05-06,60.6100,60.7000,60.0900,60.4900,0
2008-05-07,60.4000,60.6900,59.2500,59.3800,0
2008-05-08,59.7300,59.8000,58.7900,59.7700,0
2008-05-09,59.0600,59.5800,59.0600,59.2400,0
2008-05-12,59.3000,61.0400,59.3000,60.8700,0
2008-05-13,60.9000,61.7600,60.7600,61.1700,0
2008-05-14,61.3500,61.5000,60.2700,60.4400,0
2008-05-15,60.4000,60.8800,59.6600,60.8600,0
2008-05-16,60.8700,60.9500,60.2700,60.5300,0
2008-05-19,60.7600,60.8700,60.4000,60.4500,0
2008-05-20,60.2800,60.4500,59.1400,59.6800,0
2008-05-21,59.7700,59.9600,58.4100,58.7800,0
2008-05-22,58.7500,59.2600,58.4200,58.5300,0
2008-05-23,58.3700,58.3700,57.3100,57.7300,0
2008-05-27,57.8700,58.4600,57.5500,58.1100,0
2008-05-28,58.3700,59.0500,58.3500,58.6900,0
2008-05-29,58.7000,59.8400,58.6200,59.4800,0
2008-05-30,59.5400,59.6400,58.8000,59.3200,0
2008-06-02,59.1200,59.1900,58.0700,58.5500,0
2008-06-03,58.7000,58.9100,57.2100,57.5600,0
2008-06-04,57.4300,58.6200,57.4300,57.9800,0
2008-06-05,57.9600,58.5000,57.7700,58.0500,0
2008-06-06,57.7000,57.8200,56.8400,56.9500,0
2008-06-09,58.3700,59.5600,58.0000,59.3100,0
2008-06-10,59.0100,60.4100,59.0100,59.7700,0
2008-06-11,59.7700,59.7700,58.6400,58.7500,0
2008-06-12,58.9800,59.8500,58.9200,59.3400,0
2008-06-13,59.6100,60.3300,59.4000,59.9500,0
2008-06-16,59.4400,60.3000,59.3900,59.9400,0
2008-06-17,60.2700,60.3300,59.0700,59.2100,0
2008-06-18,58.9500,59.4000,58.0500,58.2100,0
2008-06-19,58.0700,58.9700,57.8700,58.5900,0
2008-06-20,58.2600,58.5000,57.3500,57.4000,0
2008-06-23,57.7500,58.0500,56.9400,57.0100,0
2008-06-24,57.5500,57.8100,56.0800,57.0200,0
2008-06-25,57.3400,58.3900,56.7800,58.0500,0
2008-06-26,57.4800,58.1000,56.4100,56.4500,0
2008-06-27,56.6300,57.1900,55.1700,56.5000,0
2008-06-30,56.7000,57.4300,55.5200,56.2200,0
2008-07-01,55.8700,57.3500,55.7000,57.2900,0
2008-07-02,57.4000,58.4300,57.1800,57.4300,0
2008-07-03,57.6000,57.8800,56.2600,57.1900,0
2008-07-07,57.4200,58.0100,56.6400,57.3600,0
2008-07-08,57.7000,58.6600,57.3300,58.5200,0
2008-07-09,58.7000,59.5000,58.2800,59.2500,0
2008-07-10,59.1400,59.3000,58.1400,58.4400,0
2008-07-11,57.8800,58.3600,57.1900,57.3200,0
2008-07-14,57.9100,58.5000,57.5100,58.0900,0
2008-07-15,57.5200,59.4600,57.3300,58.5600,0
2008-07-16,58.5200,60.3400,58.2000,60.1600,0
2008-07-17,59.8000,60.9800,59.0100,60.3700,0
2008-07-18,60.4100,61.0000,59.9100,60.4400,0
2008-07-21,60.3600,60.9000,59.1900,59.7500,0
2008-07-22,59.5000,60.6000,59.5000,60.1200,0
2008-07-23,61.2000,61.2100,58.5200,59.6600,0
2008-07-24,58.7000,59.2500,58.0000,58.3700,0
2008-07-25,58.5900,59.9900,58.3500,58.6500,0
2008-07-28,58.7000,59.0800,57.7000,57.7900,0
2008-07-29,58.3000,60.0000,57.9700,59.7000,0
2008-07-30,60.0500,60.7800,59.9000,60.4500,0
2008-07-31,60.2000,60.9800,59.6900,59.7900,0
2008-08-01,59.8300,60.5100,59.4400,59.7700,0
2008-08-04,59.8400,60.9600,59.7700,60.5500,0
2008-08-05,60.7900,62.4100,60.6800,62.3300,0
2008-08-06,61.9000,62.4200,61.4200,62.1400,0
2008-08-07,61.9000,63.0600,61.3100,61.8600,0
2008-08-08,62.3900,66.2400,61.5500,65.6700,0
2008-08-11,65.0400,67.0000,64.7700,65.9500,0
2008-08-12,65.2100,65.4300,63.6200,63.9400,0
2008-08-13,64.0100,64.0900,61.9400,62.7800,0
2008-08-14,62.6500,64.2900,62.0000,63.6000,0
2008-08-15,64.1300,64.3500,63.2300,63.6300,0
2008-08-18,63.8900,64.2300,63.0400,63.2900,0
2008-08-19,63.0000,63.0200,62.2500,62.4600,0
2008-08-20,62.6400,62.6700,61.9600,62.4300,0
2008-08-21,61.9300,62.8500,61.9000,62.3100,0
2008-08-22,62.6900,63.9000,62.6900,63.4200,0
2008-08-25,63.2100,63.2100,61.9000,62.0800,0
2008-08-26,62.0700,62.2700,61.2100,62.1300,0
2008-08-27,62.5900,62.5900,61.3700,62.0800,0
2008-08-28,62.3400,62.9500,61.7100,62.8900,0
2008-08-29,62.7600,62.9400,61.8100,62.0000,0
2008-09-02,62.3900,64.2900,62.3900,62.9100,0
2008-09-03,63.1300,63.1500,61.2000,61.7200,0
2008-09-04,61.5100,61.5400,59.9600,60.0200,0
2008-09-05,59.7900,60.4700,59.5600,60.3000,0
2008-09-08,61.2600,62.5000,60.9300,62.4200,0
2008-09-09,63.0000,64.6500,62.9900,63.1900,0
2008-09-10,63.3800,63.7700,62.5900,63.2000,0
2008-09-11,62.5600,64.6400,62.2600,64.5600,0
2008-09-12,64.1200,64.8700,63.5700,64.0600,0
2008-09-15,63.7300,64.8700,63.0800,63.7200,0
2008-09-16,63.4900,65.0800,63.1100,64.2900,0
2008-09-17,63.8700,64.8200,62.3900,62.5200,0
2008-09-18,63.3800,64.2300,62.0900,63.9600,0
2008-09-19,64.6600,65.4700,63.6000,63.9800,0
2008-09-22,63.5800,64.7600,62.2200,62.5700,0
2008-09-23,62.6300,64.5000,61.3100,61.7800,0
2008-09-24,62.0000,62.6500,60.7000,61.4300,0
2008-09-25,61.7900,62.7000,61.7900,62.2700,0
2008-09-26,62.0500,63.3400,62.0500,63.2000,0
2008-09-29,63.0900,63.4800,59.8600,60.1600,0
2008-09-30,61.2900,61.7300,59.8800,61.7000,0
2008-10-01,61.1800,64.0200,60.8600,63.6600,0
2008-10-02,63.6400,63.9000,61.1700,61.8800,0
2008-10-03,62.9000,62.9600,60.0200,60.2300,0
2008-10-06,58.9900,59.8400,55.4500,57.1500,0
2008-10-07,58.9400,58.9400,52.7300,54.9700,0
2008-10-08,53.2600,55.8300,53.2500,53.4100,0
2008-10-09,55.0000,55.7100,52.0800,52.0800,0
2008-10-10,50.0400,57.7800,45.7900,53.3500,0
2008-10-13,55.3200,57.6200,54.7500,57.2500,0
2008-10-14,59.3200,59.8400,54.6400,56.0200,0
2008-10-15,54.9800,56.0800,51.3200,51.5500,0
2008-10-16,52.0200,55.2700,50.8000,54.4600,0
2008-10-17,53.5000,56.1300,52.6000,53.8000,0
2008-10-20,54.8700,56.8600,54.2800,56.8400,0
2008-10-21,56.4000,57.9200,54.7600,55.1300,0
2008-10-22,55.1600,56.1800,53.6000,54.1800,0
2008-10-23,55.3900,56.3100,52.5700,55.5800,0
2008-10-24,52.4100,54.5500,51.7000,53.0600,0
2008-10-27,53.4700,54.3100,51.6400,51.7600,0
2008-10-28,52.7600,56.7300,52.2300,56.6200,0
2008-10-29,56.6200,59.9400,56.0100,57.1800,0
2008-10-30,58.9600,59.5000,56.8500,57.8700,0
2008-10-31,57.8800,58.2900,56.4400,57.9300,0
2008-11-03,58.4100,58.9300,56.5900,57.0300,0
2008-11-04,57.7700,58.2400,56.3900,57.7800,0
2008-11-05,57.5200,58.0600,55.7500,56.0000,0
2008-11-06,55.5000,56.8500,53.4400,54.1700,0
2008-11-07,53.9300,55.8500,53.9300,55.4700,0
2008-11-10,57.1500,58.1000,55.9000,56.4800,0
2008-11-11,56.3900,57.0100,55.6200,56.2900,0
2008-11-12,55.4100,56.2500,53.7500,54.0200,0
2008-11-13,54.1500,56.3000,52.0000,56.2500,0
2008-11-14,55.3300,58.3000,54.6300,56.1300,0
2008-11-17,55.9000,57.1100,55.5000,55.6100,0
2008-11-18,55.0200,57.2300,54.8000,56.5100,0
2008-11-19,56.2500,57.9400,55.2600,55.4400,0
2008-11-20,54.7300,56.3000,52.5800,52.9100,0
2008-11-21,53.6800,55.2100,51.1500,55.1500,0
2008-11-24,55.5400,56.5000,55.0000,55.5100,0
2008-11-25,56.5000,57.1100,54.8300,56.8100,0
2008-11-26,55.6600,58.0500,55.3000,57.9000,0
2008-11-28,57.6300,58.9800,57.0600,58.7500,0
2008-12-01,58.0700,58.7400,55.9900,56.1700,0
2008-12-02,56.8700,57.7500,55.4400,57.0500,0
2008-12-03,56.7600,59.8300,56.5000,59.5500,0
2008-12-04,59.2400,62.0800,58.7700,60.8400,0
2008-12-05,60.1000,62.8600,58.5500,62.7200,0
2008-12-08,63.3500,63.9900,60.4000,60.9200,0
2008-12-09,60.6200,60.9700,59.0300,59.6800,0
2008-12-10,60.2200,61.9300,59.7600,61.6600,0
2008-12-11,61.1000,62.4500,60.6200,60.8700,0
2008-12-12,59.6200,61.1800,59.5200,60.5900,0
2008-12-15,60.6900,61.2300,60.0000,60.6900,0
2008-12-16,61.1400,63.0000,60.9100,62.9200,0
2008-12-17,62.6100,63.5900,62.1800,62.6300,0
2008-12-18,63.0200,63.0200,60.9000,61.2900,0
2008-12-19,61.7800,62.1700,60.1600,60.3200,0
2008-12-22,60.3200,61.4000,60.0700,61.4000,0
2008-12-23,61.5800,62.1800,60.5100,60.6500,0
2008-12-24,61.2300,61.6600,60.7500,61.2800,0
2008-12-26,61.5000,61.5700,60.8300,61.0600,0
2008-12-29,60.9900,61.3700,59.7900,60.3800,0
2008-12-30,60.8700,61.7500,60.4000,61.7400,0
2008-12-31,61.6400,62.3900,61.3200,62.1900,0
2009-01-02,62.3800,64.1300,62.2000,63.7500,0
2009-01-05,63.2600,63.8400,62.8900,63.5600,0
2009-01-06,63.9900,64.4600,61.8300,62.1400,0
2009-01-07,61.9300,62.5700,60.8400,61.2400,0
2009-01-08,60.8300,60.8300,59.7000,60.5200,0
2009-01-09,60.7100,60.9500,59.8500,60.0700,0
2009-01-12,60.1000,61.2300,59.7500,60.1600,0
2009-01-13,60.3100,60.8000,58.8200,59.3200,0
2009-01-14,58.5100,58.6200,56.4100,57.3300,0
2009-01-15,57.2000,58.5900,56.5500,57.9800,0
2009-01-16,58.7400,59.9800,58.5400,59.6700,0
2009-01-20,59.5900,59.8000,56.9100,57.0700,0
2009-01-21,57.9800,58.9400,57.1600,58.7000,0
2009-01-22,58.0700,59.4700,57.6900,58.7200,0
2009-01-23,57.2400,58.7200,56.7500,58.0200,0
2009-01-26,57.2300,58.6700,56.4500,58.4000,0
2009-01-27,58.8000,59.2200,58.3000,58.5200,0
2009-01-28,59.7000,59.7000,58.3100,59.2000,0
2009-01-29,58.7800,59.0600,58.0200,58.1400,0
2009-01-30,58.5000,58.7300,57.3700,58.0200,0
2009-02-02,57.6200,58.4400,57.4500,57.9000,0
2009-02-03,58.2900,59.1500,57.1900,58.8800,0
2009-02-04,59.1700,59.7700,57.5000,57.8600,0
2009-02-05,57.5000,58.5800,57.0700,58.3600,0
2009-02-06,58.1200,59.3300,58.1200,58.4600,0
2009-02-09,59.0300,59.4300,58.0500,59.0200,0
2009-02-10,59.0000,59.0200,56.8800,57.2800,0
2009-02-11,57.4900,57.8500,56.6300,57.0800,0
2009-02-12,56.7900,57.0500,55.6300,56.9600,0
2009-02-13,57.0600,57.5900,56.6900,56.8100,0
2009-02-17,55.9000,56.4100,55.2600,55.6800,0
2009-02-18,56.0000,56.5600,55.5500,56.4100,0
2009-02-19,55.9200,57.1100,55.3100,55.3100,0
2009-02-20,54.8800,55.2300,54.0500,54.5700,0
2009-02-23,54.7500,55.3900,53.6900,53.8700,0
2009-02-24,54.2200,54.9400,53.9200,54.7600,0
2009-02-25,54.4000,55.1500,53.9200,54.2900,0
2009-02-26,54.5200,54.6900,52.0600,52.2000,0
2009-02-27,51.5700,52.9200,51.5000,52.2500,0
2009-03-02,51.8000,52.6300,51.2800,51.8500,0
2009-03-03,52.1400,53.5700,52.1400,52.4300,0
2009-03-04,53.1000,53.7000,52.2900,53.1500,0
2009-03-05,52.3600,52.5000,50.4400,50.8600,0
2009-03-06,51.2400,52.1900,50.9000,52.1200,0
2009-03-09,51.6900,53.4600,51.3100,52.3200,0
2009-03-10,52.8300,53.5000,52.0700,52.6000,0
2009-03-11,52.5100,52.9400,50.6900,51.0300,0
2009-03-12,51.3900,52.4300,50.5100,52.1700,0
2009-03-13,52.6700,52.9700,51.8700,52.3800,0
2009-03-16,52.6500,52.9300,51.5500,51.6900,0
2009-03-17,51.7000,53.7000,51.3600,53.6400,0
2009-03-18,53.4400,55.5500,53.4200,55.4200,0
2009-03-19,55.5800,55.8400,54.3000,54.7100,0
2009-03-20,54.4800,55.2300,52.9400,53.2000,0
2009-03-23,53.9700,55.1700,53.1000,55.1600,0
2009-03-24,55.0000,55.0000,53.3800,53.5600,0
2009-03-25,54.0600,55.0400,53.2500,55.0100,0
2009-03-26,55.4900,56.0900,54.7800,56.0600,0
2009-03-27,55.4600,55.9000,54.8400,55.0100,0
2009-03-30,54.0000,54.1700,53.0300,53.9200,0
2009-03-31,54.3000,55.3500,54.2700,54.5700,0
2009-04-01,54.3000,55.3300,53.8700,55.2400,0
2009-04-02,55.9400,57.0600,55.6300,56.3500,0
2009-04-03,56.2000,56.6400,55.5600,56.6400,0
2009-04-06,56.4700,56.6100,55.6000,55.9400,0
2009-04-07,55.6400,55.7700,54.6000,55.4000,0
2009-04-08,55.4600,55.8300,55.0500,55.5600,0
2009-04-09,56.2900,57.2700,56.1600,56.6700,0
2009-04-13,56.3400,56.6600,55.9000,56.1100,0
2009-04-14,55.8000,55.9000,54.5200,54.8200,0
2009-04-15,54.0500,54.1800,53.0300,53.9500,0
2009-04-16,54.1500,54.8500,53.8000,54.7000,0
2009-04-17,55.0900,56.4100,54.8000,56.0900,0
2009-04-20,55.5100,55.7900,55.1400,55.3300,0
2009-04-21,55.5500,56.1500,54.9500,55.6300,0
2009-04-22,55.7800,56.5100,54.2000,54.2500,0
2009-04-23,54.7500,55.5000,54.0100,55.3000,0
2009-04-24,55.1700,55.4500,54.0500,54.3100,0
2009-04-27,53.9000,54.8900,53.7700,54.4900,0
2009-04-28,54.0500,55.3300,54.0000,54.5300,0
2009-04-29,55.0900,55.1800,54.2000,54.4100,0
2009-04-30,54.7100,55.2400,53.1000,53.2900,0
2009-05-01,53.2100,53.2100,51.7600,52.4000,0
2009-05-04,52.8900,53.9700,52.5000,52.7700,0
2009-05-05,53.0000,53.6500,52.9700,53.1600,0
2009-05-06,53.5500,54.6000,53.3900,53.6900,0
2009-05-07,54.0200,54.3700,52.9400,53.3900,0
2009-05-08,55.1000,55.4500,54.5100,54.9200,0
2009-05-11,54.8300,54.8300,54.0400,54.4000,0
2009-05-12,54.7400,54.8100,53.2500,53.9700,0
2009-05-13,53.5200,53.9200,53.1400,53.4900,0
2009-05-14,53.3600,54.1200,53.2400,53.5700,0
2009-05-15,53.4700,54.5400,53.0400,53.4600,0
2009-05-18,53.5100,54.2700,53.0400,54.2000,0
2009-05-19,54.3400,54.4600,53.7200,53.8700,0
2009-05-20,55.1800,57.0000,55.0200,56.2500,0
2009-05-21,55.6800,56.2500,55.2200,55.6900,0
2009-05-22,55.9200,57.6900,55.6900,57.0800,0
2009-05-26,56.9700,58.9200,56.7800,58.8400,0
2009-05-27,58.6800,58.9500,57.7700,57.8200,0
2009-05-28,57.8900,58.6000,57.4000,58.1300,0
2009-05-29,58.2800,59.0300,57.6900,58.9900,0
2009-06-01,59.1800,59.9900,58.9200,59.8500,0
2009-06-02,59.5700,60.7700,59.4800,60.3800,0
2009-06-03,59.8500,61.0100,59.7500,60.9900,0
2009-06-04,60.6500,60.6500,59.8000,60.2400,0
2009-06-05,60.4000,60.4900,59.3500,59.8700,0
2009-06-08,58.5800,59.1800,57.7500,58.7200,0
2009-06-09,59.0200,59.5500,58.7500,59.0800,0
2009-06-10,59.6000,59.6200,57.8700,58.3600,0
2009-06-11,58.3200,58.7100,57.6300,57.6700,0
2009-06-12,57.7200,58.4800,57.5000,58.3600,0
2009-06-15,58.1000,58.1500,57.2400,57.7800,0
2009-06-16,57.9100,57.9100,56.8200,57.0700,0
2009-06-17,57.2100,58.1200,57.2100,57.3700,0
2009-06-18,57.5500,58.8200,57.2100,58.1600,0
2009-06-19,58.4100,58.8300,58.0000,58.1700,0
2009-06-22,57.8000,58.0200,57.1300,57.2000,0
2009-06-23,57.5400,57.6100,56.6400,56.7600,0
2009-06-24,57.0700,57.1000,56.0400,56.3000,0
2009-06-25,56.2100,57.7000,56.1500,57.4600,0
2009-06-26,57.3900,57.4000,56.7500,57.0000,0
2009-06-29,57.1900,57.3500,56.6000,57.2300,0
2009-06-30,57.3000,58.1400,57.2100,57.4900,0
2009-07-01,57.6500,58.5500,57.6500,58.2200,0
2009-07-02,57.6900,57.8300,57.2500,57.4500,0
2009-07-06,57.0800,58.2400,56.8000,57.9900,0
2009-07-07,58.0000,58.0000,56.7500,56.8000,0
2009-07-08,57.1000,57.1900,56.4400,57.0400,0
2009-07-09,57.2500,57.2900,56.2800,56.7700,0
2009-07-10,56.5600,57.7200,56.5600,57.0500,0
2009-07-13,57.0700,57.5300,56.5600,57.2700,0
2009-07-14,57.2400,57.5200,56.8600,57.4600,0
2009-07-15,57.4800,57.4900,56.7100,57.0800,0
2009-07-16,57.1900,57.3300,56.9200,57.2200,0
2009-07-17,57.3400,58.0500,57.2600,57.8400,0
2009-07-20,58.2200,58.5000,57.9800,58.2800,0
2009-07-21,58.5200,58.6700,57.9100,58.6300,0
2009-07-22,58.5300,59.5900,58.4800,58.8200,0
2009-07-23,56.9900,57.1900,55.6200,56.0900,0
2009-07-24,56.3900,56.4700,55.7500,56.0800,0
2009-07-27,56.2200,56.3100,55.7000,55.9700,0
2009-07-28,55.9000,56.7000,55.8000,56.4700,0
2009-07-29,56.2500,56.9600,56.2000,56.4100,0
2009-07-30,56.6100,56.6900,55.5500,55.5900,0
2009-07-31,55.5000,55.7900,54.9200,55.0600,0
2009-08-03,55.1100,55.3900,54.6800,55.1300,0
2009-08-04,55.3200,55.4900,54.9100,55.0100,0
2009-08-05,55.1300,55.2400,54.8000,55.0900,0
2009-08-06,55.2000,55.2500,54.6700,54.8400,0
2009-08-07,55.0800,55.4000,54.7900,55.2000,0
2009-08-10,55.8000,56.4900,55.7500,56.2700,0
2009-08-11,56.0600,56.3700,55.8500,56.0200,0
2009-08-12,55.9100,56.6300,55.7600,56.2600,0
2009-08-13,56.4500,56.6500,55.5600,55.7800,0
2009-08-14,55.6900,55.8000,54.8300,55.2700,0
2009-08-17,54.7700,55.2400,54.5000,54.5000,0
2009-08-18,54.5700,55.2700,54.4300,55.2600,0
2009-08-19,55.2100,55.9900,55.1100,55.6500,0
2009-08-20,55.7600,56.2500,55.6500,56.1400,0
2009-08-21,56.5000,56.6200,56.0500,56.2700,0
2009-08-24,56.3800,56.3800,55.7000,55.9100,0
2009-08-25,56.1800,56.7500,56.1500,56.4500,0
2009-08-26,56.4700,57.2200,56.3000,57.0000,0
2009-08-27,57.0600,57.1800,56.5900,57.1600,0
2009-08-28,57.0200,57.0500,55.7600,56.0700,0
2009-08-31,55.7500,56.2400,55.6500,56.2400,0
2009-09-01,56.0500,56.4000,55.4600,55.6400,0
2009-09-02,55.6400,55.7000,54.6900,55.3700,0
2009-09-03,55.5500,55.6000,55.0600,55.5700,0
2009-09-04,55.6000,56.2400,55.4000,56.1400,0
2009-09-08,56.4000,56.6200,56.0000,56.2200,0
2009-09-09,55.1200,55.5200,54.6900,55.0900,0
2009-09-10,55.2500,55.3900,54.7500,54.8500,0
2009-09-11,55.1100,55.1200,54.2300,54.3900,0
2009-09-14,54.1000,54.3400,53.8800,54.2300,0
2009-09-15,54.5900,55.2900,54.1700,54.9800,0
2009-09-16,55.2900,56.6400,55.0000,56.4700,0
2009-09-17,56.4100,56.7300,56.0500,56.4600,0
2009-09-18,56.6000,57.0000,56.3000,57.0000,0
2009-09-21,56.5400,56.7500,55.8300,56.1400,0
2009-09-22,56.5000,56.5000,55.5800,55.8100,0
2009-09-23,55.8800,56.2700,55.5000,55.5400,0
2009-09-24,55.6800,56.3900,55.5400,56.1200,0
2009-09-25,56.4800,57.4600,56.4200,56.9500,0
2009-09-28,57.2400,57.6700,57.0800,57.1700,0
2009-09-29,57.1800,57.6600,57.0500,57.1700,0
2009-09-30,56.9600,57.3300,56.2200,57.0700,0
2009-10-01,56.9900,57.1400,56.4600,56.7400,0
2009-10-02,56.2700,57.1800,56.0900,56.7100,0
2009-10-05,56.9000,57.0000,56.2900,56.6100,0
2009-10-06,56.7200,57.6400,56.7200,57.4400,0
2009-10-07,57.2300,57.5600,56.7200,57.1400,0
2009-10-08,57.4700,57.6200,56.8100,56.8700,0
2009-10-09,56.5400,56.7700,56.0300,56.7000,0
2009-10-12,56.9300,57.5400,56.5700,56.6800,0
2009-10-13,56.7100,57.3000,56.6800,57.0500,0
2009-10-14,57.4000,57.9300,57.3900,57.5000,0
2009-10-15,57.2700,58.2500,57.2700,58.2000,0
2009-10-16,58.0800,59.2300,58.0600,58.7800,0
2009-10-19,58.9700,59.4500,58.8200,59.2800,0
2009-10-20,59.6000,59.6500,58.6200,58.9200,0
2009-10-21,58.8000,59.1100,58.0000,58.3300,0
2009-10-22,59.8700,60.6000,59.0900,59.5000,0
2009-10-23,59.5000,59.6100,59.0200,59.4300,0
2009-10-26,59.5100,59.9600,59.1200,59.2000,0
2009-10-27,59.2200,59.2800,58.4400,59.0200,0
2009-10-28,58.6500,59.3200,58.6000,58.6400,0
2009-10-29,58.9800,59.2200,58.6000,59.1400,0
2009-10-30,59.0900,59.5000,58.5600,58.6100,0
2009-11-02,58.8400,59.5400,58.6000,59.1600,0
2009-11-03,58.8200,59.5400,58.8200,59.2400,0
2009-11-04,59.5000,60.8500,59.2000,60.2900,0
2009-11-05,60.4600,61.5000,60.2900,61.4800,0
2009-11-06,61.0500,62.1800,61.0300,61.7200,0
2009-11-09,62.2700,62.8800,62.1300,62.6400,0
2009-11-10,62.4900,62.7600,61.9800,62.2800,0
2009-11-11,62.6800,63.1000,62.4500,62.8300,0
2009-11-12,62.7200,62.8100,61.9900,62.1700,0
2009-11-13,62.2300,63.8000,62.1700,63.5800,0
2009-11-16,63.9200,64.7500,63.7100,64.5300,0
2009-11-17,64.3400,64.4800,63.4500,63.5700,0
2009-11-18,63.6100,63.9800,63.2200,63.9800,0
2009-11-19,63.9400,63.9400,63.0500,63.4100,0
2009-11-20,63.3600,64.1900,63.2500,63.9700,0
2009-11-23,64.3000,64.3000,63.6800,63.9900,0
2009-11-24,64.0100,64.2900,63.2700,64.2200,0
2009-11-25,64.4100,64.6000,64.2700,64.4500,0
2009-11-27,62.9800,63.8600,62.9800,63.6000,0
2009-11-30,63.7600,63.7600,63.0300,63.2500,0
2009-12-01,63.6400,64.0500,63.5100,63.5400,0
2009-12-02,63.5000,63.8500,62.4900,62.5000,0
2009-12-03,62.6300,62.8500,61.9500,61.9700,0
2009-12-04,62.4600,62.7000,61.1400,61.5900,0
2009-12-07,61.6600,62.2600,61.2900,61.9300,0
2009-12-08,60.4500,60.9000,60.0400,60.6100,0
2009-12-09,60.7300,61.0300,60.3300,60.6000,0
2009-12-10,60.9800,61.3500,60.6900,61.0500,0
2009-12-11,61.3700,61.9100,61.1900,61.6600,0
2009-12-14,62.2500,62.4000,61.8200,62.1400,0
2009-12-15,62.2400,62.4300,61.8900,62.0000,0
2009-12-16,62.3200,62.7400,61.9300,62.4200,0
2009-12-17,62.2400,62.4800,61.9200,61.9200,0
2009-12-18,61.9900,62.4300,61.9700,62.1700,0
2009-12-21,62.2400,63.0800,62.1400,62.6600,0
2009-12-22,62.6800,63.0900,62.6600,62.9700,0
2009-12-23,62.9700,63.6800,62.5700,63.3600,0
2009-12-24,63.3400,63.7100,63.2500,63.4200,0
2009-12-28,63.4300,63.7000,63.1500,63.6100,0
2009-12-29,63.6800,63.9200,63.5600,63.5900,0
2009-12-30,63.4500,63.6500,62.8100,62.8900,0
2009-12-31,62.9700,63.0700,62.3900,62.4400,0
2010-01-04,62.6300,63.0700,62.3100,62.7800,0
2010-01-05,62.6600,62.7500,62.1900,62.3000,0
2010-01-06,62.2000,62.4100,61.0600,61.4500,0
2010-01-07,61.2500,62.3400,61.1100,61.9000,0
2010-01-08,62.2700,62.4100,61.6000,61.8400,0
2010-01-11,62.0200,62.4300,61.8500,62.3200,0
2010-01-12,62.0300,62.6600,62.0000,62.6600,0
2010-01-13,62.8600,63.2900,62.5600,62.5900,0
2010-01-14,62.5600,62.7300,62.0900,62.6500,0
2010-01-15,62.6700,62.9800,62.0500,62.2800,0
2010-01-19,62.9000,63.8200,62.7700,63.4800,0
2010-01-20,63.4900,63.6000,62.7500,63.0100,0
2010-01-21,62.9700,63.6000,62.8000,63.2000,0
2010-01-22,63.2300,64.7800,62.8100,63.3900,0
2010-01-25,63.3400,63.6000,62.9200,63.0900,0
2010-01-26,62.7500,64.0000,62.7500,63.8100,0
2010-01-27,63.6700,64.0000,63.3000,63.7300,0
2010-01-28,63.8500,63.8700,62.7500,62.8300,0
2010-01-29,62.8200,63.2200,62.3900,62.4300,0
2010-02-01,62.8300,63.9700,62.8300,63.8900,0
2010-02-02,63.8700,64.0500,63.3500,64.0300,0
2010-02-03,64.6300,65.7500,64.6100,65.2100,0
2010-02-04,65.1900,65.2700,64.0200,64.0600,0
2010-02-05,64.0700,64.3400,62.6300,63.3700,0
2010-02-08,63.4800,63.8000,62.9200,62.9200,0
2010-02-09,63.1500,63.8500,62.7700,63.5700,0
2010-02-10,63.5400,63.8300,62.9700,63.2500,0
2010-02-11,63.2500,63.8400,62.5400,63.7900,0
2010-02-12,63.2100,63.8900,63.1900,63.5900,0
2010-02-16,63.5000,64.1800,63.2800,64.0100,0
2010-02-17,64.2100,64.3500,63.7700,64.2600,0
2010-02-18,64.1100,64.6200,64.0000,64.4800,0
2010-02-19,64.4600,64.8900,64.3000,64.7400,0
2010-02-22,64.9300,64.9300,64.6300,64.7700,0
2010-02-23,64.7800,65.0500,64.7000,64.8700,0
2010-02-24,64.9600,65.5500,64.7700,65.2600,0
2010-02-25,64.2900,64.6400,63.7600,64.3800,0
2010-02-26,64.4600,64.7300,63.8500,63.8500,0
2010-03-01,63.9800,64.1400,63.6700,63.9800,0
2010-03-02,64.4200,64.4200,63.9100,64.0700,0
2010-03-03,64.2500,64.3400,63.4500,63.6300,0
2010-03-04,63.7900,63.7900,63.3000,63.4300,0
2010-03-05,63.7200,63.7600,63.2500,63.6700,0
2010-03-08,64.4100,65.5400,64.2300,65.1200,0
2010-03-09,64.9900,65.5000,64.8400,65.1000,0
2010-03-10,65.0200,65.2400,64.7300,64.9400,0
2010-03-11,64.8000,65.2100,64.6700,65.2100,0
2010-03-12,65.4600,65.9800,65.3600,65.5300,0
2010-03-15,65.7000,66.1900,65.6900,65.9300,0
2010-03-16,66.2200,66.2400,65.8000,66.0700,0
2010-03-17,66.2300,66.4400,65.8700,66.3800,0
2010-03-18,66.4700,66.7400,66.3600,66.6800,0
2010-03-19,66.5300,66.9100,66.0000,66.5300,0
2010-03-22,66.0700,67.2500,65.9000,67.0100,0
2010-03-23,67.1400,67.3500,66.8300,67.3500,0
2010-03-24,66.9900,67.1900,66.5800,66.8000,0
2010-03-25,67.1300,67.4400,66.8400,66.9000,0
2010-03-26,67.0900,67.4500,66.9300,67.2600,0
2010-03-29,67.4600,67.4800,66.5900,67.0700,0
2010-03-30,67.1100,67.4900,66.9200,67.2400,0
2010-03-31,67.1500,67.3900,66.6300,66.7200,0
2010-04-01,67.0600,67.7100,67.0600,67.5800,0
2010-04-05,67.7600,68.2000,67.7600,68.0300,0
2010-04-06,67.7700,67.9600,67.6500,67.8100,0
2010-04-07,67.8000,68.1300,67.2600,67.7000,0
2010-04-08,67.9000,69.0300,67.8700,68.7600,0
2010-04-09,68.6600,68.7700,68.1400,68.6800,0
2010-04-12,68.7700,68.8500,68.3700,68.5300,0
2010-04-13,68.6800,69.0500,68.3100,68.9200,0
2010-04-14,69.1800,69.5300,69.0500,69.4200,0
2010-04-15,69.3100,69.4900,68.9700,69.1600,0
2010-04-16,69.1100,69.2800,68.3300,69.0300,0
2010-04-19,69.0000,69.9700,68.9900,69.9200,0
2010-04-20,69.9800,70.5900,69.9500,70.3400,0
2010-04-21,70.6200,71.1900,70.0500,70.3600,0
2010-04-22,70.2500,71.4700,70.1200,71.0300,0
2010-04-23,71.2200,71.3500,70.7500,71.1500,0
2010-04-26,71.3000,71.4200,70.7300,71.0200,0
2010-04-27,70.7100,71.3300,70.4000,70.5300,0
2010-04-28,70.4800,70.7300,69.7600,70.3400,0
2010-04-29,70.5800,71.7000,70.5800,71.5200,0
2010-04-30,71.5300,71.7100,70.3900,70.5900,0
2010-05-03,70.8800,71.8400,70.6500,71.4200,0
2010-05-04,71.1500,71.3000,70.3000,70.6400,0
2010-05-05,70.4000,71.0600,70.1300,70.6600,0
2010-05-06,70.4500,71.4900,67.4900,69.4200,0
2010-05-07,69.0200,69.3200,67.4200,68.0100,0
2010-05-10,70.0700,71.0500,69.7500,70.5800,0
2010-05-11,70.1700,71.1000,70.1300,70.4800,0
2010-05-12,70.7300,70.9400,70.1500,70.6700,0
2010-05-13,70.7100,71.3000,70.4500,70.5000,0
2010-05-14,70.2800,70.4500,69.1000,69.5900,0
2010-05-17,69.8200,70.2500,69.3500,70.1400,0
2010-05-18,70.5300,70.8100,69.8400,70.0200,0
2010-05-19,69.6600,69.9500,68.9000,69.4000,0
2010-05-20,68.5400,69.3600,67.6300,67.6600,0
2010-05-21,67.0700,68.0400,65.5500,67.8600,0
2010-05-24,67.8400,68.5100,67.2600,67.6600,0
2010-05-25,66.5900,67.8400,66.2000,67.8400,0
2010-05-26,67.8900,68.0600,66.0000,66.0100,0
2010-05-27,66.4100,67.2000,66.0200,67.2000,0
2010-05-28,67.2400,67.6300,66.7500,66.8700,0
2010-06-01,66.2300,67.3100,66.0400,66.3600,0
2010-06-02,66.5300,67.8000,66.2000,67.7700,0
2010-06-03,67.8000,68.2500,67.4400,67.8500,0
2010-06-04,66.8200,68.0900,66.5200,66.7000,0
2010-06-07,66.6400,67.8200,66.2500,66.7500,0
2010-06-08,67.1600,68.4500,65.8100,68.3800,0
2010-06-09,68.6800,68.9000,68.0400,68.2600,0
2010-06-10,68.9800,69.4100,68.7100,69.3700,0
2010-06-11,68.8600,69.5500,68.7500,69.5400,0
2010-06-14,69.9500,69.9800,69.3000,69.3000,0
2010-06-15,69.9400,70.4900,69.8500,70.4000,0
2010-06-16,70.0600,70.5000,70.0100,70.2900,0
2010-06-17,70.5500,70.5800,69.3800,70.0500,0
2010-06-18,70.2500,70.4300,69.8100,69.8800,0
2010-06-21,70.2700,70.5000,69.7700,69.9200,0
2010-06-22,70.0100,70.3700,68.5500,68.6400,0
2010-06-23,68.8200,69.3000,68.4700,68.6300,0
2010-06-24,68.4300,68.5400,67.6100,67.7300,0
2010-06-25,67.7100,68.2900,67.3700,67.4200,0
2010-06-28,67.5800,67.8900,67.2500,67.3300,0
2010-06-29,66.6100,66.7900,66.0900,66.4600,0
