Date,Open,High,Low,Close,Volume
1970-06-01,4.4158,4.5333,4.4158,4.4484,0
1970-06-02,4.4484,4.4941,4.4288,4.4941,0
1970-06-03,4.4941,4.5595,4.4941,4.5529,0
1970-06-04,4.5529,4.6117,4.4550,4.4876,0
1970-06-05,4.4876,4.4941,4.4158,4.4615,0
1970-06-08,4.4615,4.4941,4.4027,4.4027,0
1970-06-09,4.3962,4.3962,4.3439,4.3635,0
1970-06-10,4.3570,4.3570,4.2655,4.2916,0
1970-06-11,4.2916,4.3243,4.2133,4.2329,0
1970-06-12,4.2329,4.2329,4.1675,4.2067,0
1970-06-15,4.2916,4.2916,4.1806,4.2329,0
1970-06-16,4.2329,4.3308,4.2263,4.3308,0
1970-06-17,4.3243,4.3243,4.2786,4.2982,0
1970-06-18,4.2982,4.3504,4.2329,4.2721,0
1970-06-19,4.2721,4.2916,4.1806,4.2851,0
1970-06-22,4.2721,4.2721,4.2133,4.2459,0
1970-06-23,4.2459,4.2459,4.1806,4.1871,0
1970-06-24,4.1871,4.2002,4.1545,4.1545,0
1970-06-25,4.1479,4.1479,3.9912,4.0630,0
1970-06-26,4.0630,4.0761,4.0238,4.0500,0
1970-06-29,4.0173,4.0173,3.9324,3.9716,0
1970-06-30,3.9716,4.0238,3.9454,3.9454,0
1970-07-01,3.9454,3.9520,3.8409,3.8409,0
1970-07-02,3.8409,3.8997,3.8148,3.8540,0
1970-07-06,3.8409,3.8409,3.7429,3.7495,0
1970-07-07,3.7495,3.7691,3.7103,3.7364,0
1970-07-08,3.7625,3.9193,3.7625,3.9193,0
1970-07-09,3.9193,4.0826,3.9193,3.9389,0
1970-07-10,3.9389,3.9520,3.9062,3.9062,0
1970-07-13,3.9062,3.9128,3.8605,3.8605,0
1970-07-14,3.8671,3.9062,3.8671,3.9062,0
1970-07-15,3.9062,3.9585,3.9062,3.9585,0
1970-07-16,3.9977,4.0957,3.9977,4.0696,0
1970-07-17,4.0892,4.1675,4.0892,4.1675,0
1970-07-20,4.1675,4.1741,4.1087,4.1349,0
1970-07-21,4.1349,4.1675,4.1153,4.1675,0
1970-07-22,4.1675,4.2263,4.1283,4.1871,0
1970-07-23,4.1871,4.2525,4.1675,4.2525,0
1970-07-24,4.2525,4.2525,4.1806,4.2329,0
1970-07-27,4.2263,4.2263,4.2002,4.2067,0
1970-07-28,4.2067,4.2198,4.1806,4.2067,0
1970-07-29,4.2067,4.2394,4.1937,4.2067,0
1970-07-30,4.2067,4.2198,4.1871,4.2198,0
1970-07-31,4.2198,4.2329,4.1937,4.2198,0
1970-08-03,4.2198,4.2459,4.1937,4.2198,0
1970-08-04,4.2133,4.2133,4.1741,4.2067,0
1970-08-05,4.2067,4.2198,4.1871,4.2133,0
1970-08-06,4.2133,4.2982,4.2002,4.2982,0
1970-08-07,4.2982,4.4092,4.2851,4.3439,0
1970-08-10,4.3439,4.3635,4.3047,4.3243,0
1970-08-11,4.3243,4.3308,4.2459,4.3047,0
1970-08-12,4.3047,4.3047,4.2394,4.2459,0
1970-08-13,4.2459,4.2459,4.1675,4.1741,0
1970-08-14,4.1741,4.1741,4.0826,4.0826,0
1970-08-17,4.0826,4.1022,4.0761,4.0957,0
1970-08-18,4.1153,4.1741,4.1153,4.1349,0
1970-08-19,4.1414,4.2002,4.1414,4.1871,0
1970-08-20,4.1871,4.2590,4.1806,4.2590,0
1970-08-21,4.2590,4.4158,4.2133,4.4158,0
1970-08-24,4.4158,4.5725,4.4092,4.5072,0
1970-08-25,4.5072,4.5595,4.4746,4.5464,0
1970-08-26,4.5464,4.5921,4.5399,4.5464,0
1970-08-27,4.5464,4.6117,4.5464,4.5856,0
1970-08-28,4.5856,4.6836,4.5856,4.6183,0
1970-08-31,4.6183,4.6444,4.5333,4.5921,0
1970-09-01,4.5921,4.5921,4.4419,4.4550,0
1970-09-02,4.4550,4.4550,4.4027,4.4419,0
1970-09-03,4.4419,4.5268,4.4027,4.4419,0
1970-09-04,4.4419,4.4615,4.4158,4.4288,0
1970-09-08,4.4288,4.4550,4.3962,4.4092,0
1970-09-09,4.4092,4.4811,4.4027,4.4811,0
1970-09-10,4.4811,4.4941,4.4027,4.4746,0
1970-09-11,4.4746,4.5203,4.4484,4.4484,0
1970-09-14,4.4484,4.4941,4.4288,4.4615,0
1970-09-15,4.4615,4.4811,4.4223,4.4811,0
1970-09-16,4.4811,4.5203,4.4550,4.4876,0
1970-09-17,4.4876,4.5072,4.4680,4.4941,0
1970-09-18,4.4941,4.5137,4.4746,4.5072,0
1970-09-21,4.5072,4.5856,4.4811,4.4941,0
1970-09-22,4.4941,4.5007,4.4615,4.4811,0
1970-09-23,4.4941,4.5856,4.4941,4.5595,0
1970-09-24,4.5856,4.7489,4.5856,4.7032,0
1970-09-25,4.7032,4.7032,4.5987,4.6052,0
1970-09-28,4.6052,4.6509,4.5856,4.5987,0
1970-09-29,4.5987,4.5987,4.5595,4.5725,0
1970-09-30,4.5725,4.6183,4.5660,4.6183,0
1970-10-01,4.6183,4.6444,4.5333,4.5464,0
1970-10-02,4.5464,4.5856,4.5333,4.5660,0
1970-10-05,4.5660,4.6379,4.5529,4.6379,0
1970-10-06,4.6379,4.6901,4.6379,4.6836,0
1970-10-07,4.6836,4.7228,4.6575,4.6901,0
1970-10-08,4.6901,4.7162,4.6509,4.6640,0
1970-10-09,4.6640,4.6705,4.5987,4.5987,0
1970-10-12,4.5987,4.6248,4.5529,4.5856,0
1970-10-13,4.5856,4.5856,4.5464,4.5725,0
1970-10-14,4.5725,4.6705,4.5725,4.6509,0
1970-10-15,4.6509,4.7032,4.6313,4.6966,0
1970-10-16,4.6966,4.6966,4.6509,4.6575,0
1970-10-19,4.6575,4.6770,4.6313,4.6640,0
1970-10-20,4.6444,4.6444,4.5987,4.6183,0
1970-10-21,4.6183,4.6705,4.6117,4.6509,0
1970-10-22,4.6509,4.6575,4.6248,4.6575,0
1970-10-23,4.6575,4.6836,4.6313,4.6640,0
1970-10-26,4.6640,4.6901,4.6379,4.6575,0
1970-10-27,4.6575,4.6640,4.5987,4.6183,0
1970-10-28,4.6183,4.6183,4.5333,4.5987,0
1970-10-29,4.6052,4.6509,4.6052,4.6052,0
1970-10-30,4.6183,4.6509,4.6183,4.6248,0
1970-11-02,4.6248,4.6509,4.6117,4.6379,0
1970-11-03,4.6379,4.6444,4.6117,4.6183,0
1970-11-04,4.6248,4.6770,4.6248,4.6379,0
1970-11-05,4.6509,4.6966,4.6509,4.6640,0
1970-11-06,4.6640,4.6770,4.6313,4.6770,0
1970-11-09,4.6770,4.7293,4.6640,4.7293,0
1970-11-10,4.7293,4.7293,4.5072,4.5595,0
1970-11-11,4.5595,4.6183,4.5399,4.5399,0
1970-11-12,4.5399,4.5529,4.4941,4.4941,0
1970-11-13,4.4941,4.5399,4.4746,4.5072,0
1970-11-16,4.5072,4.5137,4.4615,4.4811,0
1970-11-17,4.4811,4.5137,4.4680,4.4680,0
1970-11-18,4.4680,4.4876,4.4354,4.4811,0
1970-11-19,4.4811,4.4876,4.4550,4.4680,0
1970-11-20,4.4680,4.5072,4.4550,4.5072,0
1970-11-23,4.5072,4.5987,4.5072,4.5921,0
1970-11-24,4.5921,4.6117,4.5595,4.5987,0
1970-11-25,4.6248,4.7032,4.6248,4.7032,0
1970-11-27,4.7032,4.7424,4.6509,4.7424,0
1970-11-30,4.7162,4.7162,4.6836,4.6966,0
1970-12-01,4.6966,4.7228,4.6509,4.6966,0
1970-12-02,4.6966,4.7554,4.6313,4.7489,0
1970-12-03,4.7750,4.8534,4.7750,4.7881,0
1970-12-04,4.7881,4.8600,4.7816,4.8338,0
1970-12-07,4.8338,4.9057,4.8338,4.9057,0
1970-12-08,4.9122,4.9645,4.9122,4.9122,0
1970-12-09,4.9122,4.9514,4.8861,4.9122,0
1970-12-10,4.9122,4.9775,4.8991,4.9710,0
1970-12-11,4.9710,5.0886,4.9645,5.0690,0
1970-12-14,5.0690,5.0820,5.0233,5.0429,0
1970-12-15,5.0429,5.0690,5.0167,5.0429,0
1970-12-16,5.0429,5.0690,5.0102,5.0494,0
1970-12-17,5.0494,5.0624,5.0363,5.0494,0
1970-12-18,5.0494,5.0690,5.0429,5.0690,0
1970-12-21,5.0690,5.0690,4.9645,4.9645,0
1970-12-22,4.9645,5.0167,4.9645,5.0037,0
1970-12-23,5.0037,5.0167,4.9775,4.9775,0
1970-12-24,4.9775,5.0102,4.9514,4.9906,0
1970-12-28,4.9906,5.0167,4.9710,5.0102,0
1970-12-29,5.0233,5.0886,5.0233,5.0886,0
1970-12-30,5.0886,5.1474,5.0886,5.1474,0
1970-12-31,5.1474,5.1735,5.1212,5.1735,0
1971-01-04,5.1343,5.1343,5.0624,5.0624,0
1971-01-05,5.0624,5.1016,4.9710,5.1016,0
1971-01-06,5.1016,5.1343,5.0820,5.0951,0
1971-01-07,5.0951,5.1212,5.0820,5.0820,0
1971-01-08,5.0820,5.1212,5.0494,5.0624,0
1971-01-11,5.0494,5.0494,4.9775,5.0102,0
1971-01-12,5.0102,5.0167,5.0102,5.0167,0
1971-01-13,5.0167,5.0494,5.0167,5.0233,0
1971-01-14,5.0233,5.0298,5.0037,5.0298,0
1971-01-15,5.0298,5.0429,5.0037,5.0363,0
1971-01-18,5.0363,5.0494,5.0167,5.0167,0
1971-01-19,5.0167,5.0363,5.0102,5.0363,0
1971-01-20,5.0363,5.0559,5.0233,5.0429,0
1971-01-21,5.0429,5.0755,5.0363,5.0690,0
1971-01-22,5.0690,5.1212,5.0690,5.1147,0
1971-01-25,5.1147,5.1474,5.1147,5.1474,0
1971-01-26,5.1474,5.1735,5.1278,5.1604,0
1971-01-27,5.1604,5.1735,5.0886,5.1408,0
1971-01-28,5.1408,5.1670,5.1212,5.1278,0
1971-01-29,5.1408,5.1735,5.1408,5.1735,0
1971-02-01,5.1931,5.2258,5.1931,5.2062,0
1971-02-02,5.2062,5.2192,5.1735,5.1800,0
1971-02-03,5.1800,5.3237,5.1800,5.3237,0
1971-02-04,5.3237,5.3433,5.2453,5.2780,0
1971-02-05,5.2780,5.2911,5.2453,5.2453,0
1971-02-08,5.2453,5.3041,5.2258,5.3041,0
1971-02-09,5.3041,5.3303,5.2845,5.3107,0
1971-02-10,5.3107,5.3303,5.2584,5.3172,0
1971-02-11,5.3172,5.3564,5.2780,5.3564,0
1971-02-12,5.3564,5.4087,5.3499,5.4087,0
1971-02-16,5.4087,5.4478,5.4021,5.4348,0
1971-02-17,5.4348,5.4413,5.3956,5.4282,0
1971-02-18,5.4282,5.4348,5.3825,5.4152,0
1971-02-19,5.4152,5.4282,5.3695,5.4217,0
1971-02-22,5.3956,5.3956,5.2845,5.3041,0
1971-02-23,5.2976,5.2976,5.2453,5.2845,0
1971-02-24,5.2845,5.3172,5.2519,5.3172,0
1971-02-25,5.3172,5.3695,5.2519,5.3564,0
1971-02-26,5.3564,5.4282,5.3303,5.4217,0
1971-03-01,5.4217,5.4348,5.3825,5.4348,0
1971-03-02,5.4348,5.4609,5.4152,5.4609,0
1971-03-03,5.4609,5.4740,5.4217,5.4413,0
1971-03-04,5.4413,5.4805,5.4348,5.4544,0
1971-03-05,5.4544,5.4805,5.4544,5.4740,0
1971-03-08,5.4740,5.5001,5.4544,5.4936,0
1971-03-09,5.4936,5.5785,5.4870,5.5524,0
1971-03-10,5.5654,5.5916,5.5654,5.5916,0
1971-03-11,5.5916,5.6177,5.5654,5.6177,0
1971-03-12,5.6177,5.6830,5.5654,5.6830,0
1971-03-15,5.6830,5.8920,5.6830,5.8920,0
1971-03-16,5.8920,5.9574,5.8659,5.9443,0
1971-03-17,5.9182,5.9182,5.8790,5.9051,0
1971-03-18,5.9051,5.9966,5.9051,5.9704,0
1971-03-19,5.9966,6.0423,5.9966,6.0423,0
1971-03-22,6.0227,6.0227,5.9312,5.9574,0
1971-03-23,5.9574,5.9770,5.8528,5.8659,0
1971-03-24,5.8267,5.8267,5.7418,5.7549,0
1971-03-25,5.7549,5.8528,5.7353,5.8463,0
1971-03-26,5.8463,5.9051,5.8202,5.8528,0
1971-03-29,5.8528,5.8920,5.8137,5.8463,0
1971-03-30,5.8463,5.8724,5.8071,5.8594,0
1971-03-31,5.8659,5.9508,5.8659,5.8920,0
1971-04-01,5.8920,5.9443,5.8659,5.9443,0
1971-04-02,5.9443,5.9835,5.9247,5.9574,0
1971-04-05,5.9574,5.9574,5.8724,5.8986,0
1971-04-06,5.8986,5.9966,5.8724,5.9900,0
1971-04-07,5.9900,6.0161,5.9574,5.9835,0
1971-04-08,5.9835,5.9966,5.9051,5.9247,0
1971-04-12,5.9247,5.9574,5.9182,5.9182,0
1971-04-13,5.9182,5.9443,5.8724,5.9182,0
1971-04-14,5.9182,5.9966,5.9051,5.9966,0
1971-04-15,5.9770,5.9770,5.8659,5.8659,0
1971-04-16,5.8659,5.9378,5.8528,5.9247,0
1971-04-19,5.9247,6.0423,5.9247,6.0357,0
1971-04-20,6.0357,6.0488,6.0161,6.0357,0
1971-04-21,6.0488,6.1795,6.0488,6.1141,0
1971-04-22,6.1141,6.1337,6.0096,6.0423,0
1971-04-23,6.0096,6.0096,5.9704,6.0031,0
1971-04-26,6.0096,6.0488,6.0096,6.0488,0
1971-04-27,6.1076,6.1599,6.1076,6.1141,0
1971-04-28,6.1141,6.2056,6.0880,6.0880,0
1971-04-29,6.0880,6.1076,6.0096,6.0227,0
1971-04-30,6.0227,6.0488,5.9574,5.9835,0
1971-05-03,5.9835,6.0031,5.9182,5.9704,0
1971-05-04,5.9574,5.9574,5.8659,5.9247,0
1971-05-05,5.9182,5.9182,5.8528,5.8920,0
1971-05-06,5.9116,5.9574,5.9116,5.9443,0
1971-05-07,5.9247,5.9247,5.8528,5.8594,0
1971-05-10,5.8528,5.8528,5.7941,5.8202,0
1971-05-11,5.8202,5.9247,5.7941,5.8920,0
1971-05-12,5.8920,5.9182,5.8790,5.8790,0
1971-05-13,5.8790,5.9182,5.8790,5.9182,0
1971-05-14,5.9182,5.9508,5.8790,5.8790,0
1971-05-17,5.8790,5.8855,5.8398,5.8528,0
1971-05-18,5.8528,5.9770,5.8528,5.9378,0
1971-05-19,5.9378,5.9966,5.9182,5.9966,0
1971-05-20,5.9966,6.0096,5.9574,5.9770,0
1971-05-21,5.9770,6.0161,5.9574,6.0161,0
1971-05-24,5.9966,5.9966,5.7483,5.8071,0
1971-05-25,5.8071,5.9835,5.7614,5.9704,0
1971-05-26,5.9704,5.9704,5.9051,5.9247,0
1971-05-27,5.9247,5.9835,5.8724,5.9574,0
1971-05-28,5.9574,5.9966,5.9574,5.9574,0
1971-06-01,5.9574,5.9770,5.9182,5.9182,0
1971-06-02,5.9312,6.0096,5.9312,6.0031,0
1971-06-03,6.0031,6.0096,5.9770,5.9835,0
1971-06-04,5.9835,6.0031,5.9443,5.9966,0
1971-06-07,5.9966,6.0031,5.9704,5.9966,0
1971-06-08,5.9966,6.0031,5.9574,5.9966,0
1971-06-09,5.9966,5.9966,5.9182,5.9574,0
1971-06-10,5.9574,6.0031,5.9378,5.9900,0
1971-06-11,5.9900,6.0161,5.9835,6.0096,0
1971-06-14,6.0031,6.0031,5.9704,5.9966,0
1971-06-15,5.9966,6.0619,5.9835,6.0488,0
1971-06-16,6.0488,6.1076,6.0161,6.0945,0
1971-06-17,6.0945,6.1599,6.0880,6.1599,0
1971-06-18,6.1599,6.2448,6.1599,6.1664,0
1971-06-21,6.1664,6.1664,6.0227,6.0423,0
1971-06-22,6.0227,6.0227,5.9639,5.9900,0
1971-06-23,5.9900,6.0227,5.9574,6.0227,0
1971-06-24,6.0227,6.0423,5.9900,6.0292,0
1971-06-25,6.0292,6.0423,6.0096,6.0096,0
1971-06-28,6.0292,6.1272,6.0292,6.1272,0
1971-06-29,6.1533,6.3232,6.1533,6.3101,0
1971-06-30,6.3101,6.4734,6.3101,6.3624,0
1971-07-01,6.3297,6.3297,6.2840,6.3232,0
1971-07-02,6.2970,6.2970,6.2186,6.2186,0
1971-07-06,6.2121,6.2121,6.1141,6.1729,0
1971-07-07,6.1729,6.1860,6.1533,6.1533,0
1971-07-08,6.1533,6.1860,6.1141,6.1141,0
1971-07-09,6.1272,6.1860,6.1272,6.1729,0
1971-07-12,6.1729,6.2121,6.1664,6.2121,0
1971-07-13,6.2121,6.2186,6.1599,6.2056,0
1971-07-14,6.2056,6.2317,6.1729,6.2317,0
1971-07-15,6.2317,6.2317,6.1272,6.1272,0
1971-07-16,6.1468,6.2121,6.1468,6.1664,0
1971-07-19,6.1664,6.2056,6.1141,6.1599,0
1971-07-20,6.1599,6.2186,6.1141,6.2186,0
1971-07-21,6.2186,6.2186,6.1795,6.1795,0
1971-07-22,6.1795,6.2186,6.1795,6.1795,0
1971-07-23,6.1795,6.2121,6.1729,6.2121,0
1971-07-26,6.2121,6.2121,6.1729,6.1860,0
1971-07-27,6.1795,6.1795,6.1141,6.1141,0
1971-07-28,6.0815,6.0815,5.9770,5.9770,0
1971-07-29,5.9770,6.0619,5.9704,6.0357,0
1971-07-30,6.0357,6.0553,5.9966,6.0227,0
1971-08-02,6.0227,6.0553,5.9900,6.0292,0
1971-08-03,6.0227,6.0227,5.8659,5.8855,0
1971-08-04,5.8855,5.9247,5.8463,5.8528,0
1971-08-05,5.8528,5.9051,5.7875,5.8986,0
1971-08-06,5.8986,5.9247,5.8790,5.9116,0
1971-08-09,5.9182,6.0227,5.9182,5.9574,0
1971-08-10,5.9574,6.0227,5.9378,6.0031,0
1971-08-11,6.0031,6.1141,5.9835,6.1141,0
1971-08-12,6.1141,6.1533,6.0945,6.1272,0
1971-08-13,6.1337,6.1860,6.1337,6.1795,0
1971-08-16,6.3232,6.4669,6.3232,6.4015,0
1971-08-17,6.3950,6.3950,6.2840,6.3101,0
1971-08-18,6.3101,6.3493,6.2774,6.2905,0
1971-08-19,6.2905,6.3166,6.2709,6.3101,0
1971-08-20,6.3101,6.3362,6.2970,6.3232,0
1971-08-23,6.3428,6.4277,6.3428,6.4015,0
1971-08-24,6.4015,6.4277,6.3819,6.4146,0
1971-08-25,6.4146,6.4277,6.3493,6.3689,0
1971-08-26,6.3689,6.3754,6.3101,6.3558,0
1971-08-27,6.3558,6.3624,6.3232,6.3232,0
1971-08-30,6.3232,6.3232,6.2448,6.2644,0
1971-08-31,6.2644,6.3101,6.2056,6.2382,0
1971-09-01,6.2382,6.2513,6.2186,6.2186,0
1971-09-02,6.2252,6.2513,6.2252,6.2448,0
1971-09-03,6.2578,6.3232,6.2578,6.3232,0
1971-09-07,6.3232,6.3624,6.3101,6.3101,0
1971-09-08,6.3101,6.3428,6.3101,6.3101,0
1971-09-09,6.3101,6.3558,6.2905,6.2905,0
1971-09-10,6.2905,6.3101,6.2513,6.2709,0
1971-09-13,6.2709,6.3558,6.2644,6.3166,0
1971-09-14,6.3166,6.3232,6.2774,6.2905,0
1971-09-15,6.2905,6.3166,6.2774,6.2970,0
1971-09-16,6.2970,6.3036,6.2448,6.2905,0
1971-09-17,6.2905,6.3166,6.2382,6.2513,0
1971-09-20,6.2513,6.2709,6.2317,6.2709,0
1971-09-21,6.2709,6.2709,6.2317,6.2513,0
1971-09-22,6.2513,6.2709,6.2513,6.2644,0
1971-09-23,6.2644,6.3362,6.2513,6.3036,0
1971-09-24,6.3101,6.3950,6.3101,6.3754,0
1971-09-27,6.3754,6.3885,6.3493,6.3754,0
1971-09-28,6.3754,6.3950,6.3558,6.3754,0
1971-09-29,6.3754,6.3885,6.3558,6.3754,0
1971-09-30,6.3754,6.4211,6.3558,6.3950,0
1971-10-01,6.3950,6.5322,6.3624,6.5191,0
1971-10-04,6.5191,6.6040,6.5191,6.5518,0
1971-10-05,6.5518,6.5714,6.5126,6.5714,0
1971-10-06,6.5714,6.5714,6.5322,6.5387,0
1971-10-07,6.5387,6.5583,6.4734,6.4734,0
1971-10-08,6.4734,6.4865,6.4473,6.4734,0
1971-10-11,6.4734,6.4734,6.4407,6.4538,0
1971-10-12,6.4538,6.5257,6.4407,6.5061,0
1971-10-13,6.5061,6.5583,6.4930,6.5126,0
1971-10-14,6.5126,6.5322,6.4603,6.4603,0
1971-10-15,6.4603,6.4799,6.4538,6.4734,0
1971-10-18,6.4734,6.4865,6.3885,6.4081,0
1971-10-19,6.3689,6.3689,6.1925,6.2970,0
1971-10-20,6.2970,6.3689,6.2186,6.2448,0
1971-10-21,6.2448,6.3036,6.2186,6.2709,0
1971-10-22,6.3166,6.4146,6.3166,6.3428,0
1971-10-25,6.3428,6.3689,6.2709,6.3689,0
1971-10-26,6.3689,6.4277,6.3362,6.3754,0
1971-10-27,6.3624,6.3624,6.3036,6.3036,0
1971-10-28,6.2840,6.2840,6.1990,6.1990,0
1971-10-29,6.1990,6.2709,6.1795,6.2709,0
1971-11-01,6.2709,6.2905,6.1403,6.1599,0
1971-11-02,6.1599,6.2578,6.0684,6.2578,0
1971-11-03,6.2970,6.4865,6.2970,6.4865,0
1971-11-04,6.4865,6.5126,6.3754,6.3754,0
1971-11-05,6.3754,6.4146,6.3101,6.4146,0
1971-11-08,6.4146,6.4277,6.3754,6.4277,0
1971-11-09,6.4407,6.4865,6.4407,6.4407,0
1971-11-10,6.4407,6.4603,6.3885,6.3885,0
1971-11-11,6.3754,6.3754,6.2252,6.2252,0
1971-11-12,6.2252,6.2709,6.1729,6.2317,0
1971-11-15,6.2317,6.2709,6.2121,6.2709,0
1971-11-16,6.2709,6.4277,6.2578,6.4015,0
1971-11-17,6.4015,6.4538,6.3558,6.4342,0
1971-11-18,6.4342,6.4799,6.3232,6.3362,0
1971-11-19,6.3232,6.3232,6.2578,6.2970,0
1971-11-22,6.2970,6.3101,6.2056,6.2121,0
1971-11-23,6.2121,6.2578,6.1533,6.2578,0
1971-11-24,6.2578,6.3232,6.1664,6.1664,0
1971-11-26,6.1664,6.2644,6.1599,6.2644,0
1971-11-29,6.2840,6.3362,6.2840,6.3036,0
1971-11-30,6.3036,6.3819,6.2709,6.3754,0
1971-12-01,6.4015,6.5191,6.4015,6.5191,0
1971-12-02,6.5191,6.5649,6.4799,6.5322,0
1971-12-03,6.5322,6.6563,6.5322,6.6367,0
1971-12-06,6.6367,6.6628,6.5975,6.6302,0
1971-12-07,6.6302,6.6302,6.5453,6.6106,0
1971-12-08,6.5975,6.5975,6.5518,6.5714,0
1971-12-09,6.5714,6.6171,6.5518,6.5844,0
1971-12-10,6.5844,6.5975,6.5649,6.5844,0
1971-12-13,6.5844,6.5844,6.5257,6.5257,0
1971-12-14,6.5453,6.5583,6.5453,6.5518,0
1971-12-15,6.5518,6.5975,6.5518,6.5844,0
1971-12-16,6.6432,6.8915,6.6432,6.8523,0
1971-12-17,6.8523,6.9176,6.7935,6.9176,0
1971-12-20,6.9894,7.0548,6.9894,6.9960,0
1971-12-21,6.9960,7.0286,6.9764,6.9764,0
1971-12-22,6.9503,6.9503,6.8588,6.8653,0
1971-12-23,6.8653,6.8719,6.7935,6.8065,0
1971-12-27,6.8523,6.8915,6.8523,6.8523,0
1971-12-28,6.8653,6.9111,6.8653,6.9111,0
1971-12-29,6.9111,6.9176,6.8915,6.9111,0
1971-12-30,6.9111,6.9372,6.8849,6.9111,0
1971-12-31,6.9307,7.0548,6.9307,7.0548,0
1972-01-03,7.0548,7.0809,6.9633,6.9633,0
1972-01-04,6.9633,7.0025,6.9568,6.9764,0
1972-01-05,6.9764,6.9960,6.9241,6.9568,0
1972-01-06,6.9568,6.9764,6.9176,6.9764,0
1972-01-07,6.9764,7.0090,6.9503,6.9764,0
1972-01-10,6.9764,6.9894,6.9241,6.9307,0
1972-01-11,6.9307,6.9698,6.8980,6.9176,0
1972-01-12,6.9176,6.9372,6.8719,6.8980,0
1972-01-13,6.8784,6.8784,6.8065,6.8196,0
1972-01-14,6.8196,6.8457,6.7543,6.7608,0
1972-01-17,6.7608,6.8784,6.7543,6.8653,0
1972-01-18,6.8653,6.8980,6.8588,6.8915,0
1972-01-19,6.8915,6.9045,6.8457,6.8849,0
1972-01-20,6.8849,6.9372,6.8588,6.8588,0
1972-01-21,6.8588,6.8915,6.8327,6.8915,0
1972-01-24,6.8915,6.8915,6.8327,6.8457,0
1972-01-25,6.8327,6.8327,6.7739,6.8327,0
1972-01-26,6.8327,6.8392,6.7935,6.8392,0
1972-01-27,6.8392,6.9633,6.8261,6.9372,0
1972-01-28,6.9633,7.0221,6.9633,7.0156,0
1972-01-31,7.0156,7.0417,7.0025,7.0156,0
1972-02-01,7.0286,7.1266,7.0286,7.0874,0
1972-02-02,7.1266,7.2507,7.1266,7.2311,0
1972-02-03,7.2311,7.2834,7.2246,7.2507,0
1972-02-04,7.2507,7.2638,7.2115,7.2638,0
1972-02-07,7.2638,7.2638,7.2246,7.2246,0
1972-02-08,7.2246,7.2769,7.2246,7.2311,0
1972-02-09,7.2311,7.2311,7.1593,7.2050,0
1972-02-10,7.2050,7.2638,7.2050,7.2311,0
1972-02-11,7.2311,7.2311,7.1723,7.1854,0
1972-02-14,7.1854,7.2050,7.1201,7.1593,0
1972-02-15,7.1593,7.1854,7.1201,7.1527,0
1972-02-16,7.1789,7.2115,7.1789,7.2050,0
1972-02-17,7.2050,7.2507,7.1919,7.2311,0
1972-02-18,7.2246,7.2246,7.1723,7.1985,0
1972-02-22,7.2050,7.2311,7.2050,7.2246,0
1972-02-23,7.2246,7.3030,7.2246,7.3030,0
1972-02-24,7.3030,7.3291,7.2965,7.3291,0
1972-02-25,7.3291,7.3683,7.3291,7.3683,0
1972-02-28,7.3683,7.3879,7.2899,7.3161,0
1972-02-29,7.3161,7.3552,7.2965,7.3552,0
1972-03-01,7.3552,7.3879,7.3487,7.3618,0
1972-03-02,7.3618,7.3683,7.3030,7.3161,0
1972-03-03,7.3291,7.3814,7.3291,7.3748,0
1972-03-06,7.3748,7.4075,7.3683,7.4075,0
1972-03-07,7.4140,7.4598,7.4140,7.4598,0
1972-03-08,7.4598,7.4794,7.4532,7.4794,0
1972-03-09,7.4990,7.5643,7.4990,7.4990,0
1972-03-10,7.5251,7.5643,7.5251,7.5643,0
1972-03-13,7.5643,7.5708,7.4598,7.4794,0
1972-03-14,7.4794,7.5251,7.4532,7.5055,0
1972-03-15,7.5120,7.5512,7.5120,7.5316,0
1972-03-16,7.5316,7.5577,7.4924,7.5447,0
1972-03-17,7.5447,7.7015,7.5251,7.7015,0
1972-03-20,7.7015,7.7276,7.7015,7.7210,0
1972-03-21,7.7145,7.7145,7.5708,7.6688,0
1972-03-22,7.6688,7.7080,7.6557,7.6949,0
1972-03-23,7.6949,7.8125,7.6949,7.7994,0
1972-03-24,7.7994,7.8190,7.7015,7.7668,0
1972-03-27,7.7668,7.8060,7.7080,7.7537,0
1972-03-28,7.7537,7.8190,7.7537,7.7602,0
1972-03-29,7.7602,7.7929,7.7276,7.7406,0
1972-03-30,7.7341,7.7341,7.6819,7.7015,0
1972-04-03,7.7341,7.7733,7.7341,7.7341,0
1972-04-04,7.7145,7.7145,7.6035,7.6688,0
1972-04-05,7.6753,7.7210,7.6753,7.6949,0
1972-04-06,7.6949,7.6949,7.6427,7.6557,0
1972-04-07,7.6557,7.7015,7.6165,7.6557,0
1972-04-10,7.6557,7.6819,7.6035,7.6035,0
1972-04-11,7.6035,7.6296,7.5773,7.6296,0
1972-04-12,7.6296,7.7602,7.6296,7.7276,0
1972-04-13,7.7276,7.7537,7.7080,7.7341,0
1972-04-14,7.7341,7.7472,7.7210,7.7276,0
1972-04-17,7.7276,7.7406,7.6100,7.6100,0
1972-04-18,7.6100,7.6688,7.6035,7.6361,0
1972-04-19,7.6361,7.6884,7.6296,7.6753,0
1972-04-20,7.5904,7.5904,7.3944,7.4728,0
1972-04-21,7.4728,7.4728,7.3291,7.3683,0
1972-04-24,7.4075,7.4598,7.4075,7.4467,0
1972-04-25,7.4467,7.5186,7.3814,7.4859,0
1972-04-26,7.4859,7.5055,7.3618,7.3683,0
1972-04-27,7.3683,7.3683,7.3030,7.3487,0
1972-04-28,7.3487,7.4140,7.3161,7.3683,0
1972-05-01,7.3683,7.3879,7.2769,7.3095,0
1972-05-02,7.3095,7.3291,7.2703,7.2703,0
1972-05-03,7.2703,7.3748,7.2638,7.3422,0
1972-05-04,7.3291,7.3291,7.2115,7.3161,0
1972-05-05,7.3422,7.4206,7.3422,7.4206,0
1972-05-08,7.4206,7.4467,7.3944,7.4206,0
1972-05-09,7.4206,7.4402,7.2769,7.3095,0
1972-05-10,7.3161,7.4075,7.3161,7.3814,0
1972-05-11,7.3814,7.4794,7.3814,7.4467,0
1972-05-12,7.4467,7.6100,7.4075,7.5447,0
1972-05-15,7.6231,7.7276,7.6231,7.7276,0
1972-05-16,7.7341,7.7994,7.7341,7.7733,0
1972-05-17,7.7733,7.7798,7.6688,7.7276,0
1972-05-18,7.7276,7.8648,7.7145,7.8648,0
1972-05-19,7.8778,7.9431,7.8778,7.9235,0
1972-05-22,7.9235,8.0477,7.9235,8.0019,0
1972-05-23,8.0019,8.1260,8.0019,8.1260,0
1972-05-24,8.1391,8.2828,8.1391,8.2567,0
1972-05-25,8.2567,8.2959,8.2044,8.2044,0
1972-05-26,8.2044,8.2044,8.1130,8.1391,0
1972-05-30,8.1391,8.1652,8.0477,8.0477,0
1972-05-31,8.0477,8.0673,7.9431,8.0150,0
1972-06-01,8.0150,8.0738,7.9758,8.0085,0
1972-06-02,8.0346,8.1195,8.0346,8.0411,0
1972-06-05,8.0411,8.0607,7.9954,7.9954,0
1972-06-06,7.9954,7.9954,7.9170,7.9627,0
1972-06-07,7.9170,7.9170,7.8517,7.8909,0
1972-06-08,7.8909,7.9366,7.8256,7.8386,0
1972-06-09,7.8386,7.8648,7.7668,7.7668,0
1972-06-12,7.7668,7.8190,7.7145,7.7341,0
1972-06-13,7.7341,7.7864,7.6949,7.7864,0
1972-06-14,7.8256,7.9040,7.8256,7.9040,0
1972-06-15,7.9170,8.0607,7.9170,8.0477,0
1972-06-16,8.0346,8.0346,7.9562,8.0346,0
1972-06-19,8.0346,8.0346,7.9040,7.9431,0
1972-06-20,7.9431,7.9431,7.8125,7.9040,0
1972-06-21,7.9301,8.1914,7.9301,8.1914,0
1972-06-22,8.1914,8.3873,8.0477,8.3873,0
1972-06-23,8.3873,8.4135,8.2828,8.3481,0
1972-06-26,8.2828,8.2828,8.0999,8.2044,0
1972-06-27,8.2044,8.2698,8.1391,8.2044,0
1972-06-28,8.1783,8.1783,8.0738,8.0999,0
1972-06-29,8.0999,8.1260,8.0085,8.0085,0
1972-06-30,8.0085,8.0738,7.9693,7.9693,0
1972-07-03,7.9954,8.0738,7.9954,8.0346,0
1972-07-05,8.1391,8.4135,8.1391,8.3220,0
1972-07-06,8.4135,8.7139,8.4135,8.4396,0
1972-07-07,8.4788,8.5702,8.4788,8.5049,0
1972-07-10,8.5049,8.5441,8.4788,8.5441,0
1972-07-11,8.5180,8.5180,8.3089,8.3089,0
1972-07-12,8.3089,8.4527,8.2567,8.2567,0
1972-07-13,8.2567,8.3743,8.0477,8.1783,0
1972-07-14,8.2828,8.4657,8.2828,8.4657,0
1972-07-17,8.4657,8.5572,8.3873,8.3873,0
1972-07-18,8.3873,8.3873,8.2044,8.2828,0
1972-07-19,8.3873,8.5180,8.3873,8.4788,0
1972-07-20,8.4657,8.4657,8.1652,8.2306,0
1972-07-21,8.2306,8.3612,8.0999,8.3351,0
1972-07-24,8.3873,8.5702,8.3873,8.5180,0
1972-07-25,8.5180,8.5180,8.4004,8.4918,0
1972-07-26,8.5310,8.6094,8.5310,8.6094,0
1972-07-27,8.6094,8.6225,8.5180,8.5702,0
1972-07-28,8.5702,8.5702,8.4657,8.5180,0
1972-07-31,8.5310,8.6486,8.5310,8.6225,0
1972-08-01,8.6225,8.7139,8.5702,8.7009,0
1972-08-02,8.7009,8.7793,8.6617,8.7401,0
1972-08-03,8.7401,8.8315,8.7270,8.7923,0
1972-08-04,8.7923,8.8054,8.6225,8.7270,0
1972-08-07,8.7270,8.7662,8.6747,8.7139,0
1972-08-08,8.7139,8.7662,8.6878,8.7531,0
1972-08-09,8.7531,8.7662,8.7009,8.7270,0
1972-08-10,8.7270,8.7662,8.5833,8.6747,0
1972-08-11,8.7009,8.8315,8.7009,8.7531,0
1972-08-14,8.7531,8.9360,8.7531,8.8707,0
1972-08-15,8.8707,8.9360,8.7793,8.7793,0
1972-08-16,8.8315,8.9622,8.8315,8.8577,0
1972-08-17,8.8577,8.8707,8.7793,8.8315,0
1972-08-18,8.8446,8.8838,8.8446,8.8838,0
1972-08-21,8.8707,8.8707,8.6747,8.7662,0
1972-08-22,8.7662,8.8315,8.6747,8.6747,0
1972-08-23,8.6617,8.6617,8.4527,8.5441,0
1972-08-24,8.5441,8.6486,8.1783,8.2306,0
1972-08-25,8.2306,8.2567,8.1652,8.1914,0
1972-08-28,8.1914,8.2044,8.0999,8.1522,0
1972-08-29,8.1522,8.2306,8.1260,8.1652,0
1972-08-30,8.1783,8.2828,8.1783,8.2306,0
1972-08-31,8.2306,8.3481,8.2306,8.3481,0
1972-09-01,8.3612,8.4918,8.3612,8.4918,0
1972-09-05,8.4918,8.5180,8.3612,8.3873,0
1972-09-06,8.3873,8.4396,8.3612,8.3743,0
1972-09-07,8.3743,8.4004,8.2959,8.3220,0
1972-09-08,8.3220,8.3351,8.2306,8.2828,0
1972-09-11,8.2828,8.2828,7.9954,8.0215,0
1972-09-12,8.0215,8.1260,7.8648,7.9431,0
1972-09-13,7.9431,8.0999,7.9301,8.0999,0
1972-09-14,8.0999,8.2828,8.0738,8.2698,0
1972-09-15,8.2698,8.3612,8.2436,8.3481,0
1972-09-18,8.2828,8.2828,8.1522,8.2306,0
1972-09-19,8.2044,8.2044,8.0738,8.1260,0
1972-09-20,8.1260,8.1522,8.0869,8.1130,0
1972-09-21,8.1130,8.1391,8.0738,8.0738,0
1972-09-22,8.0738,8.1260,8.0477,8.0999,0
1972-09-25,8.0869,8.0869,7.8909,7.8909,0
1972-09-26,7.9431,8.0085,7.9431,7.9693,0
1972-09-27,8.0085,8.2567,8.0085,8.2567,0
1972-09-28,8.2567,8.3481,8.2175,8.3351,0
1972-09-29,8.3351,8.3612,8.2698,8.3481,0
1972-10-02,8.3481,8.3612,8.2175,8.2175,0
1972-10-03,8.2175,8.3612,8.1783,8.3612,0
1972-10-04,8.3612,8.4657,8.2828,8.2959,0
1972-10-05,8.2959,8.3089,8.1783,8.2828,0
1972-10-06,8.2828,8.2828,8.1260,8.2828,0
1972-10-09,8.2828,8.3351,8.1652,8.1783,0
1972-10-10,8.1783,8.2306,8.0607,8.1260,0
1972-10-11,8.1260,8.2567,8.1130,8.2044,0
1972-10-12,8.2044,8.2044,8.0738,8.1260,0
1972-10-13,8.1260,8.2306,8.0738,8.0999,0
1972-10-16,8.0999,8.0999,7.9562,7.9823,0
1972-10-17,7.9823,8.0607,7.9562,8.0477,0
1972-10-18,8.0477,8.1260,7.9823,7.9954,0
1972-10-19,7.9954,8.0477,7.9301,8.0085,0
1972-10-20,8.0085,8.1130,7.9823,8.0477,0
1972-10-23,8.1130,8.2044,8.1130,8.1783,0
1972-10-24,8.1783,8.2698,8.1522,8.2698,0
1972-10-25,8.3351,8.4396,8.3351,8.4396,0
1972-10-26,8.4918,8.5964,8.4918,8.5572,0
1972-10-27,8.5572,8.5572,8.4004,8.4396,0
1972-10-30,8.4396,8.5180,8.3481,8.5180,0
1972-10-31,8.5180,8.6878,8.5049,8.6747,0
1972-11-01,8.6747,8.7793,8.6617,8.7531,0
1972-11-02,8.7531,8.8707,8.7531,8.8446,0
1972-11-03,8.8577,8.9230,8.8577,8.9230,0
1972-11-06,8.9230,9.0275,8.8838,9.0144,0
1972-11-08,9.0144,9.1059,8.7270,8.7401,0
1972-11-09,8.7401,8.8838,8.5702,8.5702,0
1972-11-10,8.5702,8.7139,8.5310,8.5702,0
1972-11-13,8.5702,8.6747,8.5049,8.5441,0
1972-11-14,8.5702,8.6747,8.5702,8.6486,0
1972-11-15,8.6486,8.6617,8.4918,8.5180,0
1972-11-16,8.5180,8.5964,8.5180,8.5310,0
1972-11-17,8.5702,8.6617,8.5702,8.6486,0
1972-11-20,8.6486,8.7662,8.6486,8.6617,0
1972-11-21,8.6747,8.7401,8.6747,8.7009,0
1972-11-22,8.7009,8.7793,8.7009,8.7531,0
1972-11-24,8.8054,9.0406,8.8054,8.9883,0
1972-11-27,8.9622,8.9622,8.8315,8.8446,0
1972-11-28,8.8446,8.8968,8.8185,8.8707,0
1972-11-29,8.8707,8.8838,8.7270,8.7923,0
1972-11-30,8.7923,8.8707,8.7662,8.8707,0
1972-12-01,8.8707,8.9360,8.8315,8.8577,0
1972-12-04,8.8577,8.8838,8.8315,8.8446,0
1972-12-05,8.8446,8.9099,8.7270,8.7270,0
1972-12-06,8.7270,8.7270,8.5702,8.6225,0
1972-12-07,8.6617,8.7662,8.6617,8.7662,0
1972-12-08,8.7662,8.7793,8.7009,8.7009,0
1972-12-11,8.7009,8.8577,8.7009,8.7923,0
1972-12-12,8.7923,8.8707,8.7923,8.8054,0
1972-12-13,8.8054,8.9230,8.8054,8.8968,0
1972-12-14,8.9099,8.9883,8.9099,8.9230,0
1972-12-15,8.9230,8.9622,8.8315,8.8838,0
1972-12-18,8.8838,8.8838,8.7531,8.8315,0
1972-12-19,8.8315,8.8838,8.8185,8.8707,0
1972-12-20,8.8577,8.8577,8.7662,8.8315,0
1972-12-21,8.8315,8.9099,8.5702,8.5702,0
1972-12-22,8.5833,8.7662,8.5833,8.7401,0
1972-12-26,8.7531,8.8838,8.7531,8.8707,0
1972-12-27,8.8707,8.8838,8.8054,8.8577,0
1972-12-29,8.8577,8.9883,8.8315,8.9491,0
1973-01-02,8.9491,9.0014,8.9099,8.9622,0
1973-01-03,8.9622,8.9883,8.9099,8.9230,0
1973-01-04,8.9230,8.9622,8.8315,8.9360,0
1973-01-05,8.9360,9.1189,8.9099,9.0144,0
1973-01-08,9.0144,9.1059,8.9883,9.0144,0
1973-01-09,9.0144,9.0275,8.9099,9.0275,0
1973-01-10,9.0275,9.1320,8.9752,8.9752,0
1973-01-11,9.0536,9.2365,9.0536,9.1973,0
1973-01-12,9.1973,9.2888,9.1059,9.1059,0
1973-01-15,9.1059,9.2757,9.0536,9.0667,0
1973-01-16,9.0667,9.1712,8.8968,8.9230,0
1973-01-17,8.9230,9.0275,8.9099,9.0275,0
1973-01-18,9.0275,9.1451,9.0144,9.0536,0
1973-01-19,9.0275,9.0275,8.9622,8.9883,0
1973-01-22,9.0014,9.1320,9.0014,9.0797,0
1973-01-23,9.0797,9.2496,8.9360,9.1059,0
1973-01-24,9.1059,9.1451,8.9883,9.0667,0
1973-01-26,9.0406,9.0406,8.8446,8.8838,0
1973-01-29,8.8838,8.8968,8.8054,8.8446,0
1973-01-30,8.8446,8.8707,8.7793,8.7793,0
1973-01-31,8.7793,8.8054,8.7662,8.8054,0
1973-02-01,8.8054,8.8054,8.5702,8.5964,0
1973-02-02,8.5964,8.6486,8.4396,8.5049,0
1973-02-05,8.5049,8.5572,8.4657,8.5441,0
1973-02-06,8.5441,8.7531,8.5441,8.7531,0
1973-02-07,8.7531,8.7793,8.6225,8.7009,0
1973-02-08,8.7009,8.7662,8.6225,8.7139,0
1973-02-09,8.7139,8.8577,8.6486,8.6617,0
1973-02-12,8.7401,8.8315,8.7401,8.7662,0
1973-02-13,8.7662,8.8707,8.6878,8.7662,0
1973-02-14,8.7662,8.8185,8.6747,8.6878,0
1973-02-15,8.6878,8.7401,8.5833,8.6747,0
1973-02-16,8.7139,8.7793,8.7139,8.7793,0
1973-02-20,8.7793,8.8707,8.7531,8.8185,0
1973-02-21,8.8185,8.8185,8.7139,8.8054,0
1973-02-22,8.7401,8.7401,8.5702,8.6225,0
1973-02-23,8.6225,8.6617,8.5310,8.5310,0
1973-02-26,8.5310,8.5702,8.4788,8.5702,0
1973-02-27,8.5702,8.6617,8.4657,8.5180,0
1973-02-28,8.5180,8.5180,8.3873,8.4657,0
1973-03-01,8.4657,8.5049,8.3351,8.3351,0
1973-03-02,8.3351,8.4788,8.2698,8.4788,0
1973-03-05,8.4788,8.5702,8.4788,8.5702,0
1973-03-06,8.6878,8.8315,8.6878,8.7793,0
1973-03-07,8.7793,8.9360,8.7009,8.9360,0
1973-03-08,8.9360,8.9883,8.8838,8.8838,0
1973-03-09,8.8315,8.8315,8.7270,8.7401,0
1973-03-12,8.7401,8.7923,8.7009,8.7793,0
1973-03-13,8.8054,8.9230,8.8054,8.9230,0
1973-03-14,8.9230,9.0406,8.9099,9.0144,0
1973-03-15,9.0144,9.0275,8.9491,8.9883,0
1973-03-16,8.9883,8.9883,8.9099,8.9622,0
1973-03-19,8.9099,8.9099,8.7662,8.8315,0
1973-03-20,8.8315,8.8577,8.7531,8.8577,0
1973-03-21,8.8446,8.8446,8.6486,8.6617,0
1973-03-22,8.6617,8.6747,8.5310,8.5702,0
1973-03-23,8.5702,8.6878,8.3089,8.4135,0
1973-03-26,8.4135,8.4918,8.3089,8.4527,0
1973-03-27,8.5310,8.8838,8.5310,8.8577,0
1973-03-28,8.8577,8.9360,8.7793,8.8446,0
1973-03-29,8.8446,8.9360,8.8185,8.9360,0
1973-03-30,8.9360,8.9360,8.8054,8.8315,0
1973-04-02,8.8315,8.8315,8.6747,8.7270,0
1973-04-03,8.6617,8.6617,8.5310,8.6356,0
1973-04-04,8.6356,8.6486,8.4788,8.5572,0
1973-04-05,8.4918,8.4918,8.3612,8.4918,0
1973-04-06,8.4918,8.5049,8.2959,8.4657,0
1973-04-09,8.4657,8.8054,8.4135,8.8054,0
1973-04-10,8.8054,8.9360,8.8054,8.8577,0
1973-04-11,8.8577,8.9099,8.8446,8.9099,0
1973-04-12,8.8968,8.8968,8.8185,8.8185,0
1973-04-13,8.8185,8.8577,8.7270,8.8446,0
1973-04-16,8.8446,8.8968,8.8315,8.8446,0
1973-04-17,8.8315,8.8315,8.6486,8.6747,0
1973-04-18,8.6747,8.7009,8.5833,8.5964,0
1973-04-19,8.5964,8.7139,8.5441,8.6747,0
1973-04-23,8.6617,8.6617,8.4788,8.6356,0
1973-04-24,8.5572,8.5572,8.2828,8.2828,0
1973-04-25,8.2567,8.2567,8.1522,8.1522,0
1973-04-26,8.1522,8.3743,8.1130,8.3743,0
1973-04-27,8.3743,8.4004,8.1391,8.1783,0
1973-04-30,8.1783,8.1914,8.0999,8.1652,0
1973-05-01,8.1652,8.2044,7.9693,8.1391,0
1973-05-02,8.1391,8.2436,8.1130,8.1783,0
1973-05-03,8.1783,8.4527,8.0999,8.3351,0
1973-05-04,8.3743,8.5572,8.3743,8.4918,0
1973-05-07,8.4918,8.5049,8.3612,8.3873,0
1973-05-08,8.3873,8.7793,8.3743,8.7793,0
1973-05-09,8.7923,8.9622,8.7923,8.8054,0
1973-05-10,8.8054,8.8054,8.6747,8.6747,0
1973-05-11,8.6747,8.7009,8.6094,8.6617,0
1973-05-14,8.6617,8.6617,8.2959,8.3351,0
1973-05-15,8.3351,8.6225,8.1260,8.5441,0
1973-05-16,8.5441,8.6486,8.4918,8.5049,0
1973-05-17,8.4918,8.4918,8.3351,8.3612,0
1973-05-18,8.3612,8.4135,8.1783,8.2567,0
1973-05-21,8.2306,8.2306,8.0999,8.1522,0
1973-05-22,8.2044,8.4657,8.2044,8.4004,0
1973-05-23,8.4004,8.5964,8.2959,8.5441,0
1973-05-24,8.5441,8.9099,8.5180,8.9099,0
1973-05-25,8.9099,8.9752,8.8446,8.8838,0
1973-05-29,8.8707,8.8707,8.7401,8.8185,0
1973-05-30,8.7531,8.7531,8.6617,8.6747,0
1973-05-31,8.6747,8.8315,8.6356,8.6486,0
1973-06-01,8.6486,8.6617,8.5310,8.6486,0
1973-06-04,8.5964,8.5964,8.5049,8.5180,0
1973-06-05,8.5180,8.7662,8.5180,8.6747,0
1973-06-06,8.6747,8.8315,8.5964,8.6225,0
1973-06-07,8.6486,8.8054,8.6486,8.7923,0
1973-06-08,8.7923,8.8185,8.7401,8.8185,0
1973-06-11,8.8185,8.8185,8.7923,8.8185,0
1973-06-12,8.8185,8.8315,8.7531,8.7793,0
1973-06-13,8.7793,8.8315,8.7793,8.7923,0
1973-06-14,8.7923,8.8315,8.7401,8.7531,0
1973-06-15,8.7531,8.7793,8.6617,8.7531,0
1973-06-18,8.7139,8.7139,8.5833,8.5833,0
1973-06-19,8.5833,8.6878,8.5833,8.6747,0
1973-06-20,8.6747,8.7270,8.6486,8.6486,0
1973-06-21,8.6486,8.6878,8.5310,8.5702,0
1973-06-22,8.5702,8.7270,8.5441,8.6486,0
1973-06-25,8.6486,8.6878,8.5310,8.5572,0
1973-06-26,8.5833,8.8054,8.5833,8.7793,0
1973-06-27,8.7793,8.7793,8.6747,8.7662,0
1973-06-28,8.7662,8.8054,8.7009,8.7270,0
1973-06-29,8.7270,8.7531,8.6878,8.7531,0
1973-07-02,8.7531,8.7662,8.6878,8.6878,0
1973-07-03,8.6878,8.7139,8.5572,8.5833,0
1973-07-05,8.5572,8.5572,8.3612,8.3612,0
1973-07-06,8.3612,8.3612,8.2436,8.2698,0
1973-07-09,8.2828,8.4004,8.2828,8.4004,0
1973-07-10,8.4396,8.5441,8.4396,8.5180,0
1973-07-11,8.5702,8.6617,8.5702,8.6225,0
1973-07-12,8.6225,8.7401,8.5310,8.7009,0
1973-07-13,8.7009,8.7139,8.5702,8.5702,0
1973-07-16,8.5702,8.6617,8.5441,8.6617,0
1973-07-17,8.7139,8.7793,8.7139,8.7531,0
1973-07-18,8.7531,8.8054,8.7270,8.7793,0
1973-07-19,8.7793,8.7793,8.7139,8.7662,0
1973-07-20,8.7401,8.7401,8.6356,8.7009,0
1973-07-23,8.7401,8.8054,8.7401,8.7793,0
1973-07-24,8.7793,8.8577,8.7531,8.8315,0
1973-07-25,8.8315,8.9099,8.8315,8.9099,0
1973-07-26,8.9099,8.9491,8.8838,8.8838,0
1973-07-27,8.9099,8.9622,8.9099,8.9622,0
1973-07-30,8.9622,8.9752,8.8315,8.8577,0
1973-07-31,8.9360,8.9883,8.9360,8.9360,0
1973-08-01,8.9360,8.9752,8.9230,8.9622,0
1973-08-02,8.9491,8.9491,8.8707,8.9491,0
1973-08-03,8.9491,8.9752,8.9230,8.9622,0
1973-08-06,8.9622,9.0275,8.9622,9.0144,0
1973-08-07,9.0275,9.1451,9.0275,9.0928,0
1973-08-08,9.0928,9.1059,9.0144,9.0406,0
1973-08-09,9.0406,9.0928,9.0275,9.0406,0
1973-08-10,9.0406,9.0667,9.0014,9.0406,0
1973-08-13,9.0144,9.0144,8.8577,8.9099,0
1973-08-14,8.9099,8.9230,8.7793,8.7793,0
1973-08-15,8.7793,8.8968,8.7401,8.8577,0
1973-08-16,8.8577,8.8577,8.7270,8.7270,0
1973-08-17,8.7270,8.7662,8.6747,8.7009,0
1973-08-20,8.6617,8.6617,8.6094,8.6486,0
1973-08-21,8.6356,8.6356,8.5572,8.6094,0
1973-08-22,8.6094,8.7401,8.5702,8.7401,0
1973-08-23,8.7401,8.8315,8.7139,8.8054,0
1973-08-24,8.8054,8.8577,8.7009,8.8577,0
1973-08-27,8.8577,9.0144,8.8315,8.9752,0
1973-08-28,8.9491,8.9491,8.8054,8.8707,0
1973-08-29,8.8838,8.9883,8.8838,8.9491,0
1973-08-30,8.9491,8.9491,8.8446,8.8838,0
1973-08-31,8.8838,9.0144,8.8838,8.9883,0
1973-09-04,8.9752,8.9752,8.7793,8.8315,0
1973-09-05,8.8315,8.8577,8.6486,8.6486,0
1973-09-06,8.6486,8.7009,8.5702,8.5702,0
1973-09-07,8.5702,8.5964,8.4657,8.5310,0
1973-09-10,8.5310,8.5702,8.4918,8.5049,0
1973-09-11,8.5049,8.6225,8.4135,8.6094,0
1973-09-12,8.6094,8.6225,8.4135,8.6094,0
1973-09-13,8.6094,8.7662,8.5310,8.7662,0
1973-09-14,8.7662,8.8838,8.7139,8.8185,0
1973-09-17,8.8838,9.0014,8.8838,8.9752,0
1973-09-18,8.9752,9.0797,8.9622,8.9883,0
1973-09-19,8.9883,9.0406,8.9622,8.9622,0
1973-09-20,8.9622,9.0144,8.8446,8.8577,0
1973-09-21,8.8707,9.0406,8.8707,9.0275,0
1973-09-24,9.0275,9.1189,8.9491,9.0667,0
1973-09-25,9.0928,9.2365,9.0928,9.2365,0
1973-09-26,9.2365,9.4717,9.2365,9.4586,0
1973-09-27,9.4586,9.5762,9.4064,9.4064,0
1973-09-28,9.3802,9.3802,9.3149,9.3541,0
1973-10-01,9.3541,9.3802,9.2496,9.2496,0
1973-10-02,9.2235,9.2235,9.1189,9.1581,0
1973-10-03,9.1451,9.1451,8.9883,9.0275,0
1973-10-04,9.0144,9.0144,8.7793,8.9099,0
1973-10-05,8.9099,9.1973,8.8185,9.1973,0
1973-10-08,9.1712,9.1712,9.0667,9.1581,0
1973-10-09,9.1581,9.1712,9.0928,9.1451,0
1973-10-10,9.1451,9.1451,9.0144,9.0275,0
1973-10-11,9.0275,9.1843,8.9883,9.1843,0
1973-10-12,9.1973,9.3933,9.1973,9.3018,0
1973-10-15,9.2757,9.2757,9.1451,9.2496,0
1973-10-16,9.2496,9.2496,9.1189,9.2496,0
1973-10-17,9.2626,9.3933,9.2626,9.3541,0
1973-10-18,9.3541,9.4325,9.3541,9.3541,0
1973-10-19,9.3541,9.4064,9.3018,9.3802,0
1973-10-22,9.2496,9.2496,9.1451,9.1581,0
1973-10-23,9.1581,9.2496,9.0014,9.2235,0
1973-10-24,9.2235,9.3018,9.2235,9.2888,0
1973-10-25,9.2888,9.3933,9.2496,9.3280,0
1973-10-26,9.3280,9.4194,9.3280,9.4064,0
1973-10-29,9.4064,9.5109,9.3802,9.3802,0
1973-10-30,9.3541,9.3541,9.2235,9.2496,0
1973-10-31,9.2235,9.2235,9.0406,9.0406,0
1973-11-01,9.0406,9.2496,9.0014,9.2104,0
1973-11-02,9.2104,9.3018,9.1973,9.2888,0
1973-11-05,9.1451,9.1451,8.8838,8.9360,0
1973-11-06,8.9360,9.0536,8.9099,8.9883,0
1973-11-07,8.9883,8.9883,8.8707,8.8707,0
1973-11-08,8.8707,8.9360,8.8707,8.9099,0
1973-11-09,8.9099,8.9360,8.8707,8.8707,0
1973-11-12,8.8707,8.8838,8.6878,8.7923,0
1973-11-13,8.7923,8.9099,8.7401,8.8838,0
1973-11-14,8.8838,8.9230,8.7662,8.8054,0
1973-11-15,8.8054,8.9360,8.7139,8.8838,0
1973-11-16,8.8838,9.0928,8.8446,9.0406,0
1973-11-19,8.9622,8.9622,8.7531,8.7531,0
1973-11-20,8.6747,8.6747,8.4918,8.4918,0
1973-11-21,8.5049,8.7139,8.5049,8.6225,0
1973-11-23,8.6225,8.6225,8.5702,8.5702,0
1973-11-26,8.4396,8.4396,8.2828,8.3612,0
1973-11-27,8.3612,8.4527,8.2828,8.4004,0
1973-11-28,8.4004,8.4265,8.2698,8.3873,0
1973-11-29,8.3873,8.4527,8.3351,8.3481,0
1973-11-30,8.2436,8.2436,8.1522,8.1652,0
1973-12-03,8.1522,8.1522,7.8909,7.9562,0
1973-12-04,7.9562,8.0215,7.8778,7.9431,0
1973-12-05,7.9170,7.9170,7.8125,7.9040,0
1973-12-06,7.9040,8.1260,7.8778,8.1260,0
1973-12-07,8.1260,8.2306,8.1130,8.2044,0
1973-12-10,8.2044,8.3089,8.1783,8.2828,0
1973-12-11,8.2828,8.3481,8.1652,8.2044,0
1973-12-12,8.0999,8.0999,7.9040,7.9040,0
1973-12-13,7.9040,7.9431,7.7472,7.8125,0
1973-12-14,7.8125,7.9954,7.7341,7.9170,0
1973-12-17,7.9170,7.9301,7.8386,7.9170,0
1973-12-18,7.9170,7.9562,7.8386,7.8648,0
1973-12-19,7.8648,7.9954,7.7994,7.7994,0
1973-12-20,7.7994,7.9170,7.6427,7.6427,0
1973-12-21,7.6427,7.6819,7.4990,7.5251,0
1973-12-24,7.5251,7.5512,7.3161,7.4206,0
1973-12-26,7.5773,7.6949,7.5773,7.6949,0
1973-12-27,7.7080,8.0215,7.7080,8.0215,0
1973-12-28,8.0477,8.2567,8.0477,8.2175,0
1973-12-31,8.2175,8.2436,8.0999,8.1522,0
1974-01-02,8.1522,8.2436,8.0999,8.2306,0
1974-01-03,8.2306,8.4135,8.1391,8.2828,0
1974-01-04,8.2828,8.3089,8.0607,8.1522,0
1974-01-07,8.0607,8.0607,7.8648,7.8778,0
1974-01-08,7.8648,7.8648,7.7341,7.7341,0
1974-01-09,7.7080,7.7080,7.4990,7.6819,0
1974-01-10,7.6819,7.7341,7.5512,7.5904,0
1974-01-11,7.5904,7.7341,7.5381,7.7341,0
1974-01-14,7.7341,7.7994,7.6819,7.7341,0
1974-01-15,7.7341,7.8648,7.6819,7.7602,0
1974-01-16,7.7602,7.9954,7.7602,7.9954,0
1974-01-17,7.9954,8.0346,7.7341,7.9562,0
1974-01-18,7.9562,7.9693,7.7602,7.7864,0
1974-01-21,7.7210,7.7210,7.6035,7.7080,0
1974-01-22,7.7341,8.0215,7.7341,8.0215,0
1974-01-23,8.0215,8.2959,8.0215,8.0477,0
1974-01-24,8.0477,8.0999,7.9562,8.0999,0
1974-01-25,8.0999,8.0999,7.9823,7.9954,0
1974-01-28,7.9954,7.9954,7.7733,7.8517,0
1974-01-29,7.8517,7.9431,7.8386,7.9040,0
1974-01-30,7.9301,8.1130,7.9301,7.9301,0
1974-01-31,7.9301,8.0346,7.9301,7.9431,0
1974-02-01,7.9431,7.9431,7.7341,7.8125,0
1974-02-04,7.7602,7.7602,7.6819,7.6819,0
1974-02-05,7.6819,7.7602,7.6688,7.7341,0
1974-02-06,7.7341,7.7472,7.6949,7.7472,0
1974-02-07,7.7472,7.7864,7.6688,7.7341,0
1974-02-08,7.7341,7.7602,7.5773,7.6296,0
1974-02-11,7.6165,7.6165,7.3814,7.4598,0
1974-02-12,7.4598,7.5251,7.3161,7.4598,0
1974-02-13,7.4598,7.5381,7.3944,7.4467,0
1974-02-14,7.4206,7.4206,7.2115,7.2115,0
1974-02-15,7.2115,7.4598,7.1593,7.3161,0
1974-02-19,7.3161,7.4598,7.2769,7.3161,0
1974-02-20,7.3161,7.5512,7.2769,7.4728,0
1974-02-21,7.4990,7.6949,7.4990,7.6819,0
1974-02-22,7.7864,7.9823,7.7864,7.8909,0
1974-02-25,7.8909,7.9431,7.7733,7.8778,0
1974-02-26,7.8648,7.8648,7.7472,7.8648,0
1974-02-27,7.8909,8.1391,7.8909,8.0346,0
1974-02-28,8.0346,8.0869,7.8909,8.0215,0
1974-03-01,8.0215,8.0738,7.8909,7.8909,0
1974-03-04,7.8909,7.9431,7.8386,7.8517,0
1974-03-05,7.8909,8.0999,7.8909,7.9693,0
1974-03-06,7.9693,8.0607,7.9693,8.0477,0
1974-03-07,8.0477,8.0738,7.9562,8.0085,0
1974-03-08,7.9562,7.9562,7.7864,7.8648,0
1974-03-11,7.8648,7.9431,7.7733,7.9431,0
1974-03-12,7.9431,7.9823,7.8517,7.9431,0
1974-03-13,7.9562,8.0607,7.9562,8.0477,0
1974-03-14,8.0477,8.2698,8.0215,8.2567,0
1974-03-15,8.2567,8.2567,8.1652,8.2044,0
1974-03-18,8.2044,8.2567,8.0738,8.0999,0
1974-03-19,8.0999,8.1652,8.0738,8.0869,0
1974-03-20,8.0869,8.0869,8.0346,8.0477,0
1974-03-21,8.0477,8.0999,7.9823,8.0085,0
1974-03-22,8.0085,8.0477,7.9693,8.0215,0
1974-03-25,8.0215,8.0738,7.9562,8.0477,0
1974-03-26,8.0477,8.1783,8.0215,8.1391,0
1974-03-27,8.1391,8.2044,7.9431,7.9431,0
1974-03-28,7.9431,7.9431,7.8125,7.8125,0
1974-03-29,7.8125,7.8386,7.7080,7.7602,0
1974-04-01,7.7602,7.8648,7.7080,7.7210,0
1974-04-02,7.7210,7.7864,7.6949,7.7341,0
1974-04-03,7.7602,7.8648,7.7602,7.8517,0
1974-04-04,7.8517,7.8909,7.8125,7.8778,0
1974-04-05,7.8778,7.8778,7.7994,7.8125,0
1974-04-08,7.7994,7.7994,7.6949,7.6949,0
1974-04-09,7.7210,7.8256,7.7210,7.7602,0
1974-04-10,7.7602,7.8386,7.6819,7.7210,0
1974-04-11,7.7210,7.7864,7.6819,7.7864,0
1974-04-15,7.7864,7.8125,7.7472,7.7472,0
1974-04-16,7.7472,7.8517,7.7341,7.8125,0
1974-04-17,7.8256,7.9693,7.8256,7.8648,0
1974-04-18,7.8648,7.9431,7.8648,7.9301,0
1974-04-19,7.9301,7.9301,7.8517,7.8909,0
1974-04-22,7.8909,7.9170,7.8125,7.8778,0
1974-04-23,7.8778,7.8909,7.7864,7.8386,0
1974-04-24,7.8386,7.8386,7.6557,7.6688,0
1974-04-25,7.6296,7.6296,7.4206,7.4467,0
1974-04-26,7.4467,7.4990,7.3552,7.4467,0
1974-04-29,7.4206,7.4206,7.3291,7.4075,0
1974-04-30,7.4075,7.4728,7.3683,7.4728,0
1974-05-01,7.4728,7.5251,7.3683,7.5251,0
1974-05-02,7.5251,7.5904,7.4859,7.4859,0
1974-05-03,7.4728,7.4728,7.3161,7.3814,0
1974-05-06,7.3683,7.3683,7.3161,7.3291,0
1974-05-07,7.3552,7.4598,7.3552,7.3552,0
1974-05-08,7.3552,7.4728,7.2899,7.4728,0
1974-05-09,7.4859,7.6819,7.4859,7.6688,0
1974-05-10,7.6688,7.7602,7.4728,7.5251,0
1974-05-13,7.5251,7.6165,7.4336,7.5643,0
1974-05-14,7.5381,7.5381,7.4728,7.4990,0
1974-05-15,7.4990,7.5512,7.4467,7.5251,0
1974-05-16,7.5251,7.5381,7.3683,7.3683,0
1974-05-17,7.3683,7.4206,7.2899,7.3161,0
1974-05-20,7.3161,7.3683,7.2246,7.2377,0
1974-05-21,7.2377,7.3161,7.2115,7.2638,0
1974-05-22,7.2638,7.3161,7.2246,7.2638,0
1974-05-23,7.2638,7.3683,7.2246,7.3161,0
1974-05-24,7.3683,7.4728,7.3683,7.4728,0
1974-05-28,7.4728,7.4859,7.3683,7.3683,0
1974-05-29,7.3683,7.3683,7.3161,7.3291,0
1974-05-30,7.3291,7.4728,7.2377,7.4336,0
1974-05-31,7.4336,7.4990,7.3422,7.3814,0
1974-06-03,7.3814,7.5512,7.3814,7.5512,0
1974-06-04,7.5773,7.9431,7.5773,7.8648,0
1974-06-05,7.8648,7.9431,7.7994,7.9040,0
1974-06-06,7.9040,7.9431,7.8517,7.8648,0
1974-06-07,7.9170,8.0085,7.9170,7.9693,0
1974-06-10,7.9693,8.1260,7.8778,8.1260,0
1974-06-11,8.1260,8.1914,8.0477,8.0999,0
1974-06-12,8.0999,8.1130,7.9954,8.1130,0
1974-06-13,8.1130,8.2175,8.0738,8.0869,0
1974-06-14,8.0869,8.0999,8.0477,8.0738,0
1974-06-17,8.0738,8.1260,8.0215,8.0346,0
1974-06-18,8.0346,8.0607,8.0085,8.0477,0
1974-06-19,8.0477,8.0607,7.9693,7.9693,0
1974-06-20,7.9562,7.9562,7.8125,7.8125,0
1974-06-21,7.7864,7.7864,7.6949,7.6949,0
1974-06-24,7.6949,7.8386,7.6296,7.8386,0
1974-06-25,7.8386,7.9040,7.8256,7.8648,0
1974-06-26,7.8386,7.8386,7.7080,7.7210,0
1974-06-27,7.7210,7.7341,7.6688,7.6949,0
1974-06-28,7.6949,7.7080,7.6296,7.6819,0
1974-07-01,7.6819,7.7080,7.5512,7.5643,0
1974-07-02,7.5381,7.5381,7.3291,7.3291,0
1974-07-03,7.3291,7.4467,7.3161,7.3552,0
1974-07-05,7.3552,7.3683,7.2769,7.3030,0
1974-07-08,7.2769,7.2769,7.1070,7.1332,0
1974-07-09,7.1854,7.4206,7.1854,7.3291,0
1974-07-10,7.3291,7.4206,7.2507,7.2507,0
1974-07-11,7.2507,7.3161,7.1593,7.2638,0
1974-07-12,7.3683,7.5643,7.3683,7.5512,0
1974-07-15,7.5512,7.6949,7.5512,7.6688,0
1974-07-16,7.6165,7.6165,7.5120,7.5120,0
1974-07-17,7.4728,7.4728,7.3552,7.4728,0
1974-07-18,7.4728,7.5512,7.2899,7.2899,0
1974-07-19,7.2899,7.3683,7.0025,7.0548,0
1974-07-22,7.0548,7.2899,6.9241,7.2899,0
1974-07-23,7.3814,7.4990,7.3814,7.3814,0
1974-07-24,7.3422,7.3422,7.2507,7.3161,0
1974-07-25,7.3161,7.3291,7.1201,7.1462,0
1974-07-26,7.1070,7.1070,7.0286,7.0809,0
1974-07-29,7.0025,7.0025,6.7935,6.8719,0
1974-07-30,6.8719,6.9372,6.7804,6.9111,0
1974-07-31,6.9111,6.9111,6.7935,6.7935,0
1974-08-01,6.7935,6.8588,6.7543,6.8457,0
1974-08-02,6.8196,6.8196,6.7543,6.8065,0
1974-08-05,6.8065,6.9503,6.7935,6.8719,0
1974-08-06,6.9241,7.2507,6.9241,6.9503,0
1974-08-07,6.9503,7.0809,6.9241,7.0548,0
1974-08-08,7.0548,7.1593,7.0286,7.0417,0
1974-08-09,7.0417,7.0678,6.9372,7.0286,0
1974-08-12,7.0025,7.0025,6.8588,6.9503,0
1974-08-13,6.9503,6.9764,6.6628,6.7020,0
1974-08-14,6.6890,6.6890,6.5583,6.5844,0
1974-08-15,6.5844,6.6628,6.5191,6.5322,0
1974-08-16,6.5322,6.5322,6.4277,6.4930,0
1974-08-19,6.4146,6.4146,6.2840,6.2840,0
1974-08-20,6.2840,6.4277,6.1925,6.2840,0
1974-08-21,6.2840,6.4015,6.2840,6.2970,0
1974-08-22,6.2709,6.2709,6.1011,6.2186,0
1974-08-23,6.2186,6.2970,6.0096,6.0619,0
1974-08-26,6.0619,6.2448,6.0096,6.1664,0
1974-08-27,6.1403,6.1403,5.9868,6.1011,0
1974-08-28,6.1011,6.1925,6.0619,6.0619,0
1974-08-29,6.0619,6.1141,6.0096,6.0880,0
1974-08-30,6.0880,6.3232,6.0880,6.2709,0
1974-09-03,6.2709,6.2970,5.8790,5.9182,0
1974-09-04,5.7745,5.7745,5.5916,5.7745,0
1974-09-05,5.7745,6.1141,5.7222,6.1141,0
1974-09-06,6.0880,6.0880,5.9704,5.9835,0
1974-09-09,5.9312,5.9312,5.8006,5.8006,0
1974-09-10,5.8006,5.9051,5.7614,5.8006,0
1974-09-11,5.8006,5.9051,5.8006,5.8528,0
1974-09-12,5.8398,5.8398,5.7483,5.7614,0
1974-09-13,5.7483,5.7483,5.4870,5.5393,0
1974-09-16,5.5393,5.5785,5.3956,5.4087,0
1974-09-17,5.4087,5.5916,5.4087,5.4870,0
1974-09-18,5.4870,5.5785,5.3825,5.5393,0
1974-09-19,5.6177,5.8006,5.6177,5.8006,0
1974-09-20,5.8006,5.8267,5.6569,5.8006,0
1974-09-23,5.8006,5.8006,5.5785,5.6046,0
1974-09-24,5.4870,5.4870,5.3825,5.4609,0
1974-09-25,5.4609,5.6177,5.4348,5.4609,0
1974-09-26,5.4478,5.4478,5.3695,5.4087,0
1974-09-27,5.4087,5.4087,5.2519,5.2780,0
1974-09-30,5.2258,5.2258,5.0167,5.1212,0
1974-10-01,5.1212,5.1212,4.8861,5.0167,0
1974-10-02,5.0167,5.1212,4.9906,5.0820,0
1974-10-03,5.0690,5.0690,4.9645,4.9645,0
1974-10-04,4.9645,4.9645,4.8730,4.9514,0
1974-10-07,4.9645,5.1474,4.9645,5.1212,0
1974-10-08,5.1212,5.2519,4.9906,5.1735,0
1974-10-09,5.1735,5.4609,5.0167,5.4609,0
1974-10-10,5.5393,5.7614,5.5393,5.6830,0
1974-10-11,5.6961,6.1664,5.6961,6.1141,0
1974-10-14,6.1141,6.3232,6.1141,6.1272,0
1974-10-15,6.1272,6.1403,5.9051,5.9312,0
1974-10-16,5.9312,6.1011,5.8528,6.0096,0
1974-10-17,6.0096,6.1925,5.9704,6.1141,0
1974-10-18,6.1141,6.2709,6.0619,6.0880,0
1974-10-21,6.0880,6.2448,5.9835,6.2448,0
1974-10-22,6.2448,6.3101,6.1664,6.2186,0
1974-10-23,6.1925,6.1925,6.0488,6.0619,0
1974-10-24,6.0096,6.0096,5.8790,6.0096,0
1974-10-25,6.0096,6.1272,5.9312,5.9312,0
1974-10-28,5.9312,5.9574,5.8267,5.8790,0
1974-10-29,5.9966,6.2056,5.9966,6.1403,0
1974-10-30,6.1403,6.4799,6.1141,6.4015,0
1974-10-31,6.4015,6.6106,6.4015,6.4407,0
1974-11-01,6.4407,6.4538,6.2186,6.2970,0
1974-11-04,6.2709,6.2709,6.1403,6.2056,0
1974-11-05,6.2056,6.3624,6.1664,6.3624,0
1974-11-06,6.3624,6.5191,6.2056,6.2709,0
1974-11-07,6.2709,6.2709,6.1141,6.2709,0
1974-11-08,6.2578,6.2578,6.0619,6.0749,0
1974-11-11,6.0749,6.1664,6.0096,6.0096,0
1974-11-12,6.0096,6.0096,5.9051,5.9312,0
1974-11-13,5.9312,6.0096,5.8659,5.9574,0
1974-11-14,5.9574,6.0880,5.9312,5.9574,0
1974-11-15,5.9312,5.9312,5.7222,5.7614,0
1974-11-18,5.6438,5.6438,5.5001,5.5001,0
1974-11-19,5.4217,5.4217,5.2519,5.2780,0
1974-11-20,5.2780,5.3695,5.2388,5.2780,0
1974-11-21,5.2780,5.5262,5.2780,5.5262,0
1974-11-22,5.5262,5.6699,5.5132,5.5393,0
1974-11-25,5.5393,5.5916,5.4087,5.4740,0
1974-11-26,5.4740,5.6307,5.3825,5.5393,0
1974-11-27,5.5393,5.6438,5.4087,5.4478,0
1974-11-29,5.4478,5.5132,5.3956,5.5132,0
1974-12-02,5.5001,5.5001,5.1996,5.1996,0
1974-12-03,5.1996,5.1996,5.0559,5.0559,0
1974-12-04,5.0559,5.1212,4.9775,4.9775,0
1974-12-05,4.9775,5.0167,4.7816,4.8077,0
1974-12-06,4.8077,4.8338,4.6640,4.7816,0
1974-12-09,4.7816,4.9906,4.7162,4.9645,0
1974-12-10,4.9645,5.1996,4.9514,5.0820,0
1974-12-11,5.1735,5.3825,5.1735,5.3041,0
1974-12-12,5.3041,5.4609,5.2519,5.3303,0
1974-12-13,5.3303,5.3695,5.2388,5.2388,0
1974-12-16,5.2388,5.2519,5.1212,5.2127,0
1974-12-17,5.2127,5.3695,5.1996,5.3303,0
1974-12-18,5.3303,5.4609,5.2911,5.3825,0
1974-12-19,5.3825,5.4087,5.2258,5.2519,0
1974-12-20,5.1343,5.1343,4.9645,5.0167,0
1974-12-23,4.9645,4.9645,4.8338,4.8730,0
1974-12-24,4.9122,4.9645,4.9122,4.9383,0
1974-12-26,4.9645,5.0559,4.9645,4.9906,0
1974-12-27,4.9645,4.9645,4.8991,4.9122,0
1974-12-30,4.9122,4.9514,4.8600,4.9122,0
1974-12-31,4.9122,4.9383,4.8077,4.8208,0
1975-01-02,4.7816,4.7816,4.6248,4.6901,0
1975-01-03,4.6901,4.7293,4.6248,4.6248,0
1975-01-06,4.6248,4.7424,4.5856,4.5856,0
1975-01-07,4.5856,4.6248,4.5203,4.6248,0
1975-01-08,4.6248,4.6640,4.5595,4.6117,0
1975-01-09,4.6117,4.6509,4.5595,4.6509,0
1975-01-10,4.7293,4.8469,4.7293,4.7816,0
1975-01-13,4.7816,4.9383,4.7554,4.8338,0
1975-01-14,4.8338,4.9122,4.8077,4.8600,0
1975-01-15,4.8600,4.8600,4.7816,4.8600,0
1975-01-16,4.8600,4.8861,4.8338,4.8600,0
1975-01-17,4.8600,4.9122,4.8077,4.8077,0
1975-01-20,4.8077,4.8469,4.7554,4.8469,0
1975-01-21,4.8469,4.9383,4.7554,4.7554,0
1975-01-22,4.7554,4.7946,4.7554,4.7816,0
1975-01-23,4.7816,4.7816,4.6248,4.6379,0
1975-01-24,4.6379,4.6379,4.4941,4.5333,0
1975-01-27,4.5725,4.7816,4.5725,4.7816,0
1975-01-28,4.7816,4.9253,4.7685,4.7816,0
1975-01-29,4.7816,4.8600,4.6509,4.8469,0
1975-01-30,4.8469,4.9122,4.7032,4.7162,0
1975-01-31,4.7162,4.8338,4.7032,4.8077,0
1975-02-03,4.8600,5.0429,4.8600,5.0429,0
1975-02-04,5.0429,5.1474,4.9253,5.0951,0
1975-02-05,5.0951,5.1996,5.0298,5.1866,0
1975-02-06,5.1996,5.4217,5.1996,5.1996,0
1975-02-07,5.1996,5.2258,5.1474,5.1996,0
1975-02-10,5.1996,5.2388,5.1212,5.1866,0
1975-02-11,5.1866,5.1866,5.0690,5.1212,0
1975-02-12,5.0429,5.0429,4.8600,4.9906,0
1975-02-13,4.9906,5.1996,4.9906,5.0690,0
1975-02-14,5.0690,5.0820,4.9906,5.0298,0
1975-02-18,5.0298,5.0298,4.9253,4.9775,0
1975-02-19,4.9775,5.0167,4.9383,5.0037,0
1975-02-20,5.0298,5.1866,5.0298,5.1866,0
1975-02-21,5.2780,5.5524,5.2780,5.5132,0
1975-02-24,5.5132,5.6961,5.4870,5.5916,0
1975-02-25,5.5262,5.5262,5.2780,5.2780,0
1975-02-26,5.2780,5.4609,5.2780,5.4087,0
1975-02-27,5.4217,5.5132,5.4217,5.4740,0
1975-02-28,5.4740,5.6830,5.4609,5.6438,0
1975-03-03,5.6830,5.8528,5.6830,5.8398,0
1975-03-04,5.9051,6.1011,5.9051,5.9574,0
1975-03-05,5.9443,5.9443,5.7483,5.7483,0
1975-03-06,5.7483,5.9051,5.7091,5.8659,0
1975-03-07,5.8659,5.9443,5.8528,5.9312,0
1975-03-10,5.8790,5.8790,5.7614,5.8528,0
1975-03-11,5.8528,5.8528,5.7091,5.7222,0
1975-03-12,5.6961,5.6961,5.5393,5.5524,0
1975-03-13,5.5001,5.5001,5.3956,5.4217,0
1975-03-14,5.4217,5.4870,5.3564,5.4478,0
1975-03-17,5.4609,5.7483,5.4609,5.6961,0
1975-03-18,5.6961,5.7614,5.6307,5.6307,0
1975-03-19,5.6307,5.6307,5.5132,5.5132,0
1975-03-20,5.5132,5.5393,5.4478,5.4478,0
1975-03-21,5.4478,5.4870,5.3695,5.3825,0
1975-03-24,5.3433,5.3433,5.2780,5.3041,0
1975-03-25,5.3041,5.4217,5.2519,5.3825,0
1975-03-26,5.3825,5.4609,5.3825,5.3956,0
1975-03-27,5.3956,5.4609,5.3564,5.3564,0
1975-03-31,5.3564,5.4217,5.3041,5.3303,0
1975-04-01,5.3303,5.3564,5.2519,5.3433,0
1975-04-02,5.3433,5.3695,5.2519,5.2780,0
1975-04-03,5.2388,5.2388,5.0167,5.0167,0
1975-04-04,5.0167,5.0951,4.9906,5.0167,0
1975-04-07,4.9645,4.9645,4.8600,4.9514,0
1975-04-08,4.9514,5.0690,4.9383,4.9645,0
1975-04-09,4.9906,5.2127,4.9906,5.2127,0
1975-04-10,5.2519,5.3956,5.2519,5.2649,0
1975-04-11,5.2649,5.4870,5.2649,5.4740,0
1975-04-14,5.4740,5.6961,5.4217,5.6438,0
1975-04-15,5.6438,5.8137,5.6177,5.7745,0
1975-04-16,5.7745,5.7875,5.6699,5.7091,0
1975-04-17,5.7091,5.8006,5.6961,5.7483,0
1975-04-18,5.7483,5.8137,5.6830,5.7091,0
1975-04-21,5.7091,5.8790,5.6830,5.8790,0
1975-04-22,5.9051,5.9704,5.9051,5.9574,0
1975-04-23,5.9574,6.1011,5.8920,6.0357,0
1975-04-24,6.0357,6.0619,5.9704,6.0357,0
1975-04-25,6.0357,6.1533,6.0357,6.1533,0
1975-04-28,6.1403,6.1403,6.0227,6.0749,0
1975-04-29,6.0749,6.1141,5.9704,6.0227,0
1975-04-30,6.0227,6.2578,6.0227,6.2578,0
1975-05-01,6.3493,6.5061,6.3493,6.4277,0
1975-05-02,6.4277,6.5583,6.4146,6.5322,0
1975-05-05,6.5322,6.7151,6.4538,6.7151,0
1975-05-06,6.7151,6.7412,6.6106,6.6106,0
1975-05-07,6.6106,6.8457,6.6106,6.7804,0
1975-05-08,6.7804,6.8065,6.6890,6.7151,0
1975-05-09,6.7151,6.8196,6.7151,6.7935,0
1975-05-12,6.7935,6.8719,6.7804,6.8457,0
1975-05-13,6.8457,6.8588,6.7673,6.8327,0
1975-05-14,6.8327,6.9633,6.7282,6.9241,0
1975-05-15,6.9241,7.0417,6.8327,6.8327,0
1975-05-16,6.8196,6.8196,6.6890,6.7151,0
1975-05-19,6.7151,6.7673,6.6236,6.7673,0
1975-05-20,6.7673,6.9241,6.7282,6.8457,0
1975-05-21,6.8196,6.8196,6.7282,6.7935,0
1975-05-22,6.7935,6.8980,6.7543,6.7935,0
1975-05-23,6.8196,6.9503,6.8196,6.8849,0
1975-05-27,6.8849,6.9241,6.8588,6.9241,0
1975-05-28,6.9241,6.9633,6.8327,6.8457,0
1975-05-29,6.8457,6.9111,6.7935,6.7935,0
1975-05-30,6.8196,6.8980,6.8196,6.8719,0
1975-06-02,6.9633,7.1070,6.9633,7.0417,0
1975-06-03,7.0417,7.1070,7.0156,7.0156,0
1975-06-04,7.0156,7.0809,6.9633,7.0678,0
1975-06-05,7.0417,7.0417,6.9503,6.9764,0
1975-06-06,6.9764,6.9764,6.8327,6.8980,0
1975-06-09,6.8849,6.8849,6.5844,6.5844,0
1975-06-10,6.5844,6.6106,6.4407,6.5583,0
1975-06-11,6.5844,6.6759,6.5844,6.6367,0
1975-06-12,6.6367,6.6759,6.5844,6.6106,0
1975-06-13,6.6106,6.6759,6.5583,6.5975,0
1975-06-16,6.5975,6.6759,6.5844,6.6628,0
1975-06-17,6.6628,6.7151,6.5975,6.6106,0
1975-06-18,6.6106,6.6236,6.5061,6.5714,0
1975-06-19,6.5714,6.6498,6.5453,6.6367,0
1975-06-20,6.6628,6.7673,6.6628,6.6890,0
1975-06-23,6.7020,6.8457,6.7020,6.7804,0
1975-06-24,6.7804,6.8980,6.7673,6.8588,0
1975-06-25,6.8588,6.9241,6.7935,6.8980,0
1975-06-26,6.8980,7.0156,6.8457,6.9894,0
1975-06-27,6.9894,7.0417,6.9633,6.9633,0
1975-06-30,6.9633,7.0548,6.9241,7.0286,0
1975-07-01,7.0156,7.0156,6.9503,6.9894,0
1975-07-02,6.9894,6.9894,6.9241,6.9764,0
1975-07-03,6.9764,6.9894,6.8719,6.8849,0
1975-07-07,6.8849,6.9241,6.8196,6.8196,0
1975-07-08,6.8196,6.8196,6.7673,6.7673,0
1975-07-09,6.7673,6.8196,6.7282,6.7673,0
1975-07-10,6.7673,6.8065,6.6106,6.6106,0
1975-07-11,6.5844,6.5844,6.4407,6.5191,0
1975-07-14,6.5061,6.5061,6.4407,6.4799,0
1975-07-15,6.4799,6.5061,6.2840,6.3232,0
1975-07-16,6.3232,6.4277,6.3232,6.3885,0
1975-07-17,6.3885,6.4015,6.3362,6.3493,0
1975-07-18,6.3362,6.3362,6.2840,6.2970,0
1975-07-21,6.2709,6.2709,6.2186,6.2448,0
1975-07-22,6.2448,6.2448,6.1011,6.1011,0
1975-07-23,6.1011,6.1141,6.0096,6.0096,0
1975-07-24,6.0096,6.0488,5.9443,6.0488,0
1975-07-25,6.0488,6.1011,5.9182,5.9182,0
1975-07-28,5.9182,5.9835,5.9051,5.9574,0
1975-07-29,5.9574,6.0096,5.8790,5.9312,0
1975-07-30,5.9312,5.9966,5.8790,5.9574,0
1975-07-31,5.9574,6.0880,5.9574,5.9835,0
1975-08-01,5.9704,5.9704,5.9051,5.9574,0
1975-08-04,5.9574,6.0096,5.8790,5.9574,0
1975-08-05,5.9574,6.1141,5.9051,5.9574,0
1975-08-06,5.9574,6.0096,5.9051,5.9051,0
1975-08-07,5.9051,5.9443,5.8267,5.8398,0
1975-08-08,5.8398,5.8659,5.7875,5.8006,0
1975-08-11,5.8006,5.8398,5.7875,5.8137,0
1975-08-12,5.8790,6.0488,5.8790,5.9312,0
1975-08-13,5.9312,6.0096,5.7091,5.7091,0
1975-08-14,5.6699,5.6699,5.5916,5.6307,0
1975-08-15,5.6307,5.8006,5.6177,5.7745,0
1975-08-18,5.7745,5.7745,5.6699,5.6830,0
1975-08-19,5.6830,5.6830,5.5393,5.5393,0
1975-08-20,5.5262,5.5262,5.3564,5.3825,0
1975-08-21,5.3825,5.4870,5.3564,5.4348,0
1975-08-22,5.4740,5.6307,5.4740,5.5916,0
1975-08-25,5.5916,5.7875,5.5916,5.7614,0
1975-08-26,5.7614,5.8137,5.6046,5.6046,0
1975-08-27,5.6046,5.6830,5.5524,5.6177,0
1975-08-28,5.6177,5.7222,5.6177,5.7222,0
1975-08-29,5.7222,5.8267,5.7222,5.7614,0
1975-09-02,5.7483,5.7483,5.6046,5.6046,0
1975-09-03,5.6046,5.7091,5.5916,5.7091,0
1975-09-04,5.7091,5.7745,5.6830,5.7745,0
1975-09-05,5.7353,5.7353,5.6438,5.6438,0
1975-09-08,5.6438,5.6961,5.6046,5.6438,0
1975-09-09,5.6438,5.7222,5.5654,5.5654,0
1975-09-10,5.4740,5.4740,5.3433,5.3825,0
1975-09-11,5.3825,5.3956,5.2911,5.2911,0
1975-09-12,5.2911,5.3433,5.1735,5.2519,0
1975-09-15,5.2519,5.2519,5.1735,5.2388,0
1975-09-16,5.2388,5.2649,5.1735,5.1996,0
1975-09-17,5.1996,5.2258,5.1474,5.1866,0
1975-09-18,5.1866,5.3825,5.1866,5.3564,0
1975-09-19,5.3564,5.5785,5.3303,5.5524,0
1975-09-22,5.5524,5.6699,5.4870,5.4870,0
1975-09-23,5.4870,5.5393,5.3956,5.4740,0
1975-09-24,5.5001,5.6438,5.5001,5.6438,0
1975-09-25,5.6438,5.7353,5.6438,5.7091,0
1975-09-26,5.7091,5.7745,5.6569,5.7353,0
1975-09-29,5.7353,5.7483,5.6177,5.6177,0
1975-09-30,5.5393,5.5393,5.3041,5.3303,0
1975-10-01,5.3303,5.4087,5.1866,5.1866,0
1975-10-02,5.1866,5.3041,5.1866,5.3041,0
1975-10-03,5.3041,5.5524,5.3041,5.5524,0
1975-10-06,5.6307,5.7353,5.6307,5.6961,0
1975-10-07,5.6961,5.7614,5.6177,5.7483,0
1975-10-08,5.7483,5.8267,5.7222,5.7875,0
1975-10-09,5.8006,5.9443,5.8006,5.9051,0
1975-10-10,5.9051,5.9312,5.8137,5.9051,0
1975-10-13,5.9051,6.0227,5.8920,5.9835,0
1975-10-14,5.9835,6.0880,5.9835,6.0096,0
1975-10-15,6.0096,6.1011,6.0096,6.0619,0
1975-10-16,6.1141,6.2317,6.1141,6.1403,0
1975-10-17,6.1403,6.1664,6.0096,6.0619,0
1975-10-20,6.0619,6.1011,6.0096,6.0880,0
1975-10-21,6.1403,6.2709,6.1403,6.2578,0
1975-10-22,6.2578,6.2578,6.1403,6.1925,0
1975-10-23,6.1925,6.2448,6.1403,6.1925,0
1975-10-24,6.1664,6.1664,6.0096,6.0488,0
1975-10-27,6.0488,6.0488,5.9312,5.9574,0
1975-10-28,5.9574,6.0749,5.9443,6.0619,0
1975-10-29,6.0488,6.0488,5.9312,5.9704,0
1975-10-30,5.9704,6.0619,5.9574,5.9966,0
1975-10-31,5.9966,6.0227,5.9443,6.0227,0
1975-11-03,6.0096,6.0096,5.8920,5.9051,0
1975-11-04,5.9051,5.9443,5.8528,5.9182,0
1975-11-05,5.9182,6.0488,5.9051,5.9835,0
1975-11-06,5.9835,6.0357,5.9312,6.0227,0
1975-11-07,6.0227,6.0488,5.9966,6.0488,0
1975-11-10,6.0488,6.2056,6.0227,6.1141,0
1975-11-11,6.1272,6.2056,6.1272,6.1533,0
1975-11-12,6.1664,6.2970,6.1664,6.2840,0
1975-11-13,6.2840,6.3754,6.2840,6.3362,0
1975-11-14,6.3362,6.3624,6.2970,6.3493,0
1975-11-17,6.3493,6.4538,6.2970,6.4277,0
1975-11-18,6.4277,6.4799,6.3885,6.3885,0
1975-11-19,6.3885,6.3885,6.2840,6.2970,0
1975-11-20,6.2970,6.3101,6.2448,6.2709,0
1975-11-21,6.2709,6.2970,6.2317,6.2840,0
1975-11-24,6.2840,6.3362,6.1925,6.2970,0
1975-11-25,6.3362,6.4277,6.3362,6.4015,0
1975-11-26,6.4015,6.4538,6.3885,6.4407,0
1975-11-28,6.4407,6.4669,6.3885,6.4146,0
1975-12-01,6.4146,6.4669,6.4015,6.4015,0
1975-12-02,6.3885,6.3885,6.2709,6.2709,0
1975-12-03,6.2448,6.2448,6.1141,6.1141,0
1975-12-04,6.1141,6.1403,5.9704,6.0880,0
1975-12-05,6.0880,6.1141,5.9312,5.9835,0
1975-12-08,5.9835,6.0357,5.8790,5.9312,0
1975-12-09,5.9312,5.9966,5.8920,5.9312,0
1975-12-10,5.9443,6.0357,5.9443,6.0357,0
1975-12-11,6.0357,6.0880,5.9966,6.0096,0
1975-12-12,6.0096,6.0357,5.9574,6.0357,0
1975-12-15,6.0357,6.0749,5.9704,6.0488,0
1975-12-16,6.0488,6.1664,6.0488,6.1533,0
1975-12-17,6.1533,6.1795,6.1141,6.1403,0
1975-12-18,6.1403,6.1533,6.0227,6.0749,0
1975-12-19,6.0749,6.1011,6.0357,6.0357,0
1975-12-22,6.0096,6.0096,5.8659,5.8659,0
1975-12-23,5.8659,5.8659,5.7875,5.7875,0
1975-12-24,5.8137,5.8528,5.8137,5.8398,0
1975-12-26,5.8398,5.8790,5.8137,5.8790,0
1975-12-29,5.8790,5.8920,5.8006,5.8006,0
1975-12-30,5.8006,5.8267,5.7875,5.8006,0
1975-12-31,5.8006,5.8398,5.7875,5.8006,0
1976-01-02,5.7875,5.7875,5.6961,5.7483,0
1976-01-05,5.7483,5.8006,5.6961,5.8006,0
1976-01-06,5.8398,6.0096,5.8398,5.9966,0
1976-01-07,6.0227,6.1403,6.0227,6.0619,0
1976-01-08,6.0619,6.0749,6.0096,6.0488,0
1976-01-09,6.0488,6.0880,6.0096,6.0357,0
1976-01-12,6.0357,6.2317,5.9966,6.2317,0
1976-01-13,6.2317,6.2970,6.1664,6.1795,0
1976-01-14,6.1795,6.2840,6.1272,6.2840,0
1976-01-15,6.2840,6.3101,6.1664,6.1664,0
1976-01-16,6.1664,6.2578,6.1272,6.2448,0
1976-01-19,6.2448,6.3362,6.1795,6.3232,0
1976-01-20,6.3232,6.4015,6.2709,6.2970,0
1976-01-21,6.2970,6.2970,6.2186,6.2709,0
1976-01-22,6.2709,6.3362,6.2186,6.2448,0
1976-01-23,6.2448,6.3232,6.2317,6.2578,0
1976-01-26,6.2709,6.3624,6.2709,6.3232,0
1976-01-27,6.3232,6.3362,6.2056,6.2448,0
1976-01-28,6.2448,6.2709,6.1795,6.2186,0
1976-01-29,6.2186,6.2709,6.1925,6.2317,0
1976-01-30,6.2578,6.5714,6.2578,6.5453,0
1976-02-02,6.5191,6.5191,6.4277,6.5061,0
1976-02-03,6.5061,6.5322,6.4277,6.5322,0
1976-02-04,6.5322,6.5844,6.4146,6.4799,0
1976-02-05,6.4799,6.5061,6.2709,6.2840,0
1976-02-06,6.2840,6.3232,6.1664,6.2840,0
1976-02-09,6.2840,6.3362,6.2186,6.2186,0
1976-02-10,6.2186,6.2578,6.1664,6.2448,0
1976-02-11,6.2448,6.3493,6.1795,6.2840,0
1976-02-12,6.2840,6.3754,6.2709,6.2840,0
1976-02-13,6.2578,6.2578,6.1795,6.2448,0
1976-02-17,6.2448,6.2578,6.0880,6.0880,0
1976-02-18,6.0880,6.1925,6.0749,6.1011,0
1976-02-19,6.1272,6.2317,6.1272,6.1664,0
1976-02-20,6.1795,6.2840,6.1795,6.2186,0
1976-02-23,6.2186,6.2317,6.1272,6.1925,0
1976-02-24,6.1925,6.2317,6.0880,6.1141,0
1976-02-25,6.1141,6.1141,5.9574,6.0096,0
1976-02-26,6.0096,6.0619,5.9312,5.9574,0
1976-02-27,5.9574,6.0357,5.9312,5.9835,0
1976-03-01,6.0096,6.1272,6.0096,6.1141,0
1976-03-02,6.1141,6.3101,6.1011,6.2709,0
1976-03-03,6.2448,6.2448,5.9835,6.1925,0
1976-03-04,6.1925,6.2317,6.0488,6.0619,0
1976-03-05,6.0619,6.0880,5.9835,6.0880,0
1976-03-08,6.0880,6.2448,6.0488,6.1664,0
1976-03-09,6.2056,6.2970,6.2056,6.2709,0
1976-03-10,6.2709,6.3101,6.1664,6.1795,0
1976-03-11,6.1795,6.2709,6.1795,6.2448,0
1976-03-12,6.2448,6.2709,6.1403,6.1795,0
1976-03-15,6.1795,6.1795,6.0619,6.1403,0
1976-03-16,6.1403,6.1925,6.1011,6.1925,0
1976-03-17,6.2056,6.3493,6.2056,6.2709,0
1976-03-18,6.2709,6.4799,6.2448,6.4538,0
1976-03-19,6.4538,6.5061,6.4015,6.4277,0
1976-03-22,6.4277,6.4799,6.3754,6.4799,0
1976-03-23,6.4799,6.4799,6.4277,6.4799,0
1976-03-24,6.4799,6.6628,6.4799,6.6106,0
1976-03-25,6.6106,6.6498,6.5322,6.6498,0
1976-03-26,6.6498,6.8065,6.6236,6.7412,0
1976-03-29,6.7412,6.7543,6.6759,6.7151,0
1976-03-30,6.7020,6.7020,6.6498,6.6498,0
1976-03-31,6.6498,6.7282,6.6498,6.7020,0
1976-04-01,6.7020,6.7020,6.5975,6.6106,0
1976-04-02,6.6106,6.6236,6.5583,6.5975,0
1976-04-05,6.5975,6.6628,6.5453,6.5975,0
1976-04-06,6.6106,6.7020,6.6106,6.6367,0
1976-04-07,6.6367,6.6759,6.5975,6.6106,0
1976-04-08,6.6106,6.6628,6.5714,6.6106,0
1976-04-09,6.6106,6.6628,6.5453,6.5844,0
1976-04-12,6.5714,6.5714,6.5061,6.5191,0
1976-04-13,6.5061,6.5061,6.4277,6.4930,0
1976-04-14,6.4930,6.6236,6.4930,6.5061,0
1976-04-15,6.5061,6.5453,6.4669,6.5453,0
1976-04-19,6.5453,6.6759,6.5191,6.6628,0
1976-04-20,6.6628,6.6890,6.6367,6.6628,0
1976-04-21,6.6628,6.6890,6.5844,6.6367,0
1976-04-22,6.6367,6.7151,6.6236,6.6628,0
1976-04-23,6.6498,6.6498,6.5322,6.5583,0
1976-04-26,6.5583,6.6106,6.5191,6.5714,0
1976-04-27,6.5714,6.6628,6.5191,6.5322,0
1976-04-28,6.5191,6.5191,6.4277,6.5191,0
1976-04-29,6.5191,6.5453,6.4407,6.4930,0
1976-04-30,6.4930,6.5453,6.4277,6.4669,0
1976-05-03,6.4538,6.4538,6.2317,6.2709,0
1976-05-04,6.2709,6.3232,6.2448,6.2970,0
1976-05-05,6.2970,6.3362,6.1664,6.1664,0
1976-05-06,6.1795,6.2578,6.1795,6.2186,0
1976-05-07,6.2186,6.2709,6.2056,6.2317,0
1976-05-10,6.2317,6.2840,6.1795,6.2448,0
1976-05-11,6.2448,6.2840,6.1925,6.2186,0
1976-05-12,6.2186,6.2186,6.1533,6.1664,0
1976-05-13,6.1664,6.1925,6.0488,6.0619,0
1976-05-14,6.0619,6.0619,5.9312,5.9835,0
1976-05-17,5.9835,6.0096,5.8528,5.9835,0
1976-05-18,5.9835,5.9966,5.9443,5.9966,0
1976-05-19,5.9966,6.0488,5.9574,5.9966,0
1976-05-20,5.9966,6.1403,5.9704,6.1403,0
1976-05-21,6.1141,6.1141,5.9835,6.0488,0
1976-05-24,6.0227,6.0227,5.9182,5.9312,0
1976-05-25,5.9312,5.9835,5.8528,5.9835,0
1976-05-26,5.9835,5.9835,5.8267,5.9051,0
1976-05-27,5.9051,5.9051,5.8137,5.8790,0
1976-05-28,5.8790,5.8920,5.7483,5.7483,0
1976-06-01,5.7483,5.8006,5.7222,5.7745,0
1976-06-02,5.7745,5.7875,5.6961,5.7483,0
1976-06-03,5.7483,5.8006,5.7091,5.7222,0
1976-06-04,5.7091,5.7091,5.6438,5.6569,0
1976-06-07,5.6046,5.6046,5.4740,5.5524,0
1976-06-08,5.5524,5.6177,5.5393,5.5524,0
1976-06-09,5.5524,5.5524,5.4478,5.4870,0
1976-06-10,5.4870,5.5524,5.4740,5.5393,0
1976-06-11,5.5393,5.7353,5.5132,5.7091,0
1976-06-14,5.7091,5.8790,5.6177,5.8137,0
1976-06-15,5.8137,5.8398,5.7091,5.8137,0
1976-06-16,5.8137,5.9312,5.7745,5.8659,0
1976-06-17,5.8659,6.1664,5.8528,6.1664,0
1976-06-18,6.1664,6.1795,6.0227,6.0488,0
1976-06-21,6.0488,6.1403,6.0227,6.1011,0
1976-06-22,6.1011,6.1272,6.0488,6.0619,0
1976-06-23,6.0619,6.0880,6.0096,6.0619,0
1976-06-24,6.0619,6.0619,5.9312,5.9443,0
1976-06-25,5.9443,5.9966,5.8137,5.8398,0
1976-06-28,5.8398,5.8528,5.7745,5.7745,0
1976-06-29,5.7745,5.8920,5.7353,5.8920,0
1976-06-30,5.8790,5.8790,5.8006,5.8137,0
1976-07-01,5.8137,5.8790,5.8006,5.8267,0
1976-07-02,5.8267,5.8920,5.8006,5.8790,0
1976-07-06,5.8790,5.9443,5.8659,5.9312,0
1976-07-07,5.9312,6.0488,5.9312,6.0488,0
1976-07-08,6.1141,6.2186,6.1141,6.1403,0
1976-07-09,6.1403,6.3754,6.1403,6.3232,0
1976-07-12,6.3362,6.5453,6.3362,6.5322,0
1976-07-13,6.5322,6.5453,6.4015,6.4015,0
1976-07-14,6.4015,6.5322,6.3885,6.4930,0
1976-07-15,6.4799,6.4799,6.3754,6.4146,0
1976-07-16,6.4146,6.4407,6.3362,6.3493,0
1976-07-19,6.3493,6.4407,6.3101,6.3885,0
1976-07-20,6.2970,6.2970,6.1011,6.1403,0
1976-07-21,6.1403,6.2448,6.1011,6.1141,0
1976-07-22,6.1141,6.1664,6.0619,6.1141,0
1976-07-23,6.1664,6.2840,6.1664,6.2317,0
1976-07-26,6.2317,6.2709,6.1533,6.2709,0
1976-07-27,6.2709,6.3232,6.2186,6.2448,0
1976-07-28,6.2448,6.2578,6.1664,6.2578,0
1976-07-29,6.2578,6.2709,6.1795,6.2186,0
1976-07-30,6.2186,6.3232,6.2186,6.3101,0
1976-08-02,6.3101,6.3362,6.2578,6.2840,0
1976-08-03,6.2840,6.3232,6.2448,6.3232,0
1976-08-04,6.3232,6.3362,6.2578,6.2709,0
1976-08-05,6.2709,6.2970,6.2317,6.2448,0
1976-08-06,6.2317,6.2317,6.1664,6.1925,0
1976-08-09,6.2056,6.3101,6.2056,6.2448,0
1976-08-10,6.2578,6.4669,6.2578,6.4669,0
1976-08-11,6.4669,6.5714,6.4538,6.4799,0
1976-08-12,6.4799,6.5844,6.4538,6.5453,0
1976-08-13,6.5714,6.6628,6.5714,6.5975,0
1976-08-16,6.5975,6.6890,6.5975,6.6890,0
1976-08-17,6.6890,6.7151,6.6628,6.6890,0
1976-08-18,6.6890,6.7543,6.6628,6.6628,0
1976-08-19,6.6498,6.6498,6.4538,6.4930,0
1976-08-20,6.4930,6.5191,6.4799,6.5191,0
1976-08-23,6.5191,6.5322,6.4146,6.5322,0
1976-08-24,6.5322,6.5583,6.4538,6.5061,0
1976-08-25,6.5061,6.5061,6.4407,6.4407,0
1976-08-26,6.4669,6.5322,6.4669,6.4930,0
1976-08-27,6.4930,6.5061,6.4538,6.4669,0
1976-08-30,6.4669,6.5322,6.4538,6.5061,0
1976-08-31,6.5061,6.5583,6.4407,6.4669,0
1976-09-01,6.4669,6.5583,6.4277,6.5453,0
1976-09-02,6.5453,6.6367,6.5191,6.5583,0
1976-09-03,6.5583,6.6367,6.5322,6.6106,0
1976-09-07,6.6106,6.6759,6.5975,6.6628,0
1976-09-08,6.6628,6.7151,6.6367,6.6628,0
1976-09-09,6.6628,6.6890,6.6106,6.6236,0
1976-09-10,6.6236,6.6628,6.5714,6.6367,0
1976-09-13,6.6367,6.6628,6.5975,6.5975,0
1976-09-14,6.5844,6.5844,6.4930,6.5322,0
1976-09-15,6.5322,6.5844,6.4930,6.5583,0
1976-09-16,6.5583,6.7151,6.5061,6.6890,0
1976-09-17,6.7282,6.8719,6.7282,6.8719,0
1976-09-20,6.8719,6.8980,6.8196,6.8719,0
1976-09-21,6.8719,6.9372,6.8588,6.8980,0
1976-09-22,6.8980,6.9633,6.8719,6.9111,0
1976-09-23,6.9111,6.9503,6.8588,6.8849,0
1976-09-24,6.8849,6.9241,6.8196,6.9111,0
1976-09-27,6.9111,6.9503,6.8457,6.9111,0
1976-09-28,6.9111,6.9372,6.7935,6.7935,0
1976-09-29,6.7935,6.8327,6.7412,6.7673,0
1976-09-30,6.7673,6.7804,6.6890,6.7282,0
1976-10-01,6.7282,6.7673,6.6628,6.6890,0
1976-10-04,6.6890,6.7020,6.6628,6.6759,0
1976-10-05,6.6759,6.7020,6.5322,6.5453,0
1976-10-06,6.5453,6.5975,6.4930,6.5322,0
1976-10-07,6.5191,6.5191,6.4146,6.5061,0
1976-10-08,6.5061,6.5191,6.3624,6.4015,0
1976-10-11,6.3362,6.3362,6.2970,6.3232,0
1976-10-12,6.3232,6.3493,6.2840,6.2840,0
1976-10-13,6.2840,6.4015,6.2709,6.4015,0
1976-10-14,6.4015,6.4015,6.2840,6.3624,0
1976-10-15,6.3624,6.3624,6.2709,6.2840,0
1976-10-18,6.2840,6.4015,6.2709,6.3754,0
1976-10-19,6.3754,6.4277,6.3101,6.4146,0
1976-10-20,6.4146,6.4407,6.3624,6.4015,0
1976-10-21,6.4015,6.4277,6.3754,6.3754,0
1976-10-22,6.3493,6.3493,6.2840,6.2970,0
1976-10-25,6.2840,6.2840,6.2317,6.2578,0
1976-10-26,6.2840,6.3493,6.2840,6.3232,0
1976-10-27,6.3232,6.3624,6.2448,6.2970,0
1976-10-28,6.2970,6.3101,6.2317,6.2709,0
1976-10-29,6.2709,6.3101,6.2317,6.2970,0
1976-11-01,6.2970,6.3101,6.2578,6.2709,0
1976-11-03,6.2186,6.2186,6.1533,6.2056,0
1976-11-04,6.2056,6.2709,6.1664,6.1795,0
1976-11-05,6.1795,6.2186,6.0357,6.0619,0
1976-11-08,6.0488,6.0488,5.9704,5.9966,0
1976-11-09,5.9966,6.0880,5.9182,5.9182,0
1976-11-10,5.9182,5.9182,5.7091,5.7745,0
1976-11-11,5.7745,5.9051,5.7614,5.8790,0
1976-11-12,5.8790,5.9574,5.8398,5.9312,0
1976-11-15,5.9182,5.9182,5.8528,5.8790,0
1976-11-16,5.8790,5.9443,5.8659,5.8659,0
1976-11-17,5.8659,5.9312,5.8528,5.9051,0
1976-11-18,5.9051,5.9835,5.8920,5.9704,0
1976-11-19,5.9704,6.1141,5.9704,6.1141,0
1976-11-22,6.1141,6.2186,6.0880,6.1533,0
1976-11-23,6.1403,6.1403,6.0749,6.1141,0
1976-11-24,6.1141,6.1141,6.0619,6.0619,0
1976-11-26,6.0619,6.1403,6.0619,6.0749,0
1976-11-29,6.0749,6.0880,5.9704,5.9704,0
1976-11-30,5.9704,5.9966,5.9182,5.9574,0
1976-12-01,5.9574,5.9835,5.8398,5.8790,0
1976-12-02,5.8790,5.9182,5.7614,5.7614,0
1976-12-03,5.7614,5.8267,5.7483,5.7483,0
1976-12-06,5.7483,5.9051,5.7483,5.8528,0
1976-12-07,5.8528,5.9312,5.8267,5.8398,0
1976-12-08,5.8398,5.8398,5.7614,5.7745,0
1976-12-09,5.8006,5.8790,5.8006,5.8267,0
1976-12-10,5.8267,5.9051,5.8137,5.8137,0
1976-12-13,5.8137,5.8659,5.7745,5.8006,0
1976-12-14,5.8006,5.8398,5.7614,5.8398,0
1976-12-15,5.8398,5.8398,5.7745,5.8267,0
1976-12-16,5.8137,5.8137,5.7222,5.7222,0
1976-12-17,5.7745,5.8267,5.7745,5.7875,0
1976-12-20,5.7875,5.8006,5.7483,5.7745,0
1976-12-21,5.7745,5.8267,5.7614,5.8267,0
1976-12-22,5.8528,5.9312,5.8528,5.8659,0
1976-12-23,5.8659,5.9312,5.8659,5.9051,0
1976-12-27,5.9051,5.9704,5.8790,5.9312,0
1976-12-28,5.9443,6.0488,5.9443,6.0096,0
1976-12-29,6.0096,6.0096,5.9443,5.9574,0
1976-12-30,5.9574,6.0488,5.9051,5.9312,0
1976-12-31,5.9312,5.9574,5.8920,5.9182,0
1977-01-03,5.8398,5.9574,5.8398,5.8790,0
1977-01-04,5.8790,5.8920,5.7875,5.8137,0
1977-01-05,5.8137,5.8528,5.7483,5.7745,0
1977-01-06,5.7745,5.8398,5.7614,5.7875,0
1977-01-07,5.7875,5.8659,5.7745,5.8137,0
1977-01-10,5.8137,5.8790,5.8006,5.8528,0
1977-01-11,5.8528,5.8920,5.7745,5.8267,0
1977-01-12,5.8267,5.8267,5.5916,5.6438,0
1977-01-13,5.6438,5.6438,5.5393,5.6046,0
1977-01-14,5.6046,5.6046,5.4348,5.4609,0
1977-01-17,5.4609,5.4870,5.3825,5.4478,0
1977-01-18,5.4478,5.4740,5.4087,5.4348,0
1977-01-19,5.4348,5.6177,5.4217,5.5393,0
1977-01-20,5.5393,5.5654,5.4217,5.4740,0
1977-01-21,5.4740,5.5262,5.4478,5.4870,0
1977-01-24,5.4870,5.4870,5.3956,5.4348,0
1977-01-25,5.4478,5.4870,5.4478,5.4478,0
1977-01-26,5.4478,5.4870,5.4087,5.4217,0
1977-01-27,5.4217,5.5001,5.4217,5.4348,0
1977-01-28,5.4348,5.4740,5.3303,5.3303,0
1977-01-31,5.3303,5.3433,5.2258,5.2780,0
1977-02-01,5.2911,5.3695,5.2911,5.3695,0
1977-02-02,5.3695,5.4217,5.3041,5.3303,0
1977-02-03,5.3303,5.3303,5.2388,5.2649,0
1977-02-04,5.2780,5.3564,5.2780,5.3041,0
1977-02-07,5.3041,5.3695,5.2258,5.2519,0
1977-02-08,5.2519,5.3172,5.2388,5.2519,0
1977-02-09,5.2519,5.2519,5.1604,5.1604,0
1977-02-10,5.1604,5.2127,5.1474,5.1866,0
1977-02-11,5.1866,5.1866,5.0951,5.1474,0
1977-02-14,5.1474,5.1604,5.0690,5.1343,0
1977-02-15,5.1343,5.2649,5.1082,5.2649,0
1977-02-16,5.2649,5.3433,5.2388,5.2911,0
1977-02-17,5.2911,5.3303,5.2780,5.2780,0
1977-02-18,5.2780,5.3303,5.2649,5.3041,0
1977-02-22,5.3041,5.4478,5.2780,5.4348,0
1977-02-23,5.4348,5.5001,5.4348,5.4348,0
1977-02-24,5.4348,5.4609,5.3825,5.4217,0
1977-02-25,5.4217,5.4217,5.3433,5.3825,0
1977-02-28,5.3564,5.3564,5.3041,5.3303,0
1977-03-01,5.3433,5.3956,5.3433,5.3956,0
1977-03-02,5.3956,5.3956,5.3041,5.3172,0
1977-03-03,5.3172,5.4217,5.2911,5.3695,0
1977-03-04,5.3825,5.4609,5.3825,5.4609,0
1977-03-07,5.4609,5.5001,5.4609,5.4870,0
1977-03-08,5.4870,5.5132,5.4478,5.4609,0
1977-03-09,5.4348,5.4348,5.3303,5.3303,0
1977-03-10,5.3303,5.3956,5.3303,5.3695,0
1977-03-11,5.3695,5.4478,5.3564,5.4478,0
1977-03-14,5.4478,5.5654,5.4348,5.5393,0
1977-03-15,5.5524,5.6307,5.5524,5.5654,0
1977-03-16,5.5785,5.6569,5.5785,5.6307,0
1977-03-17,5.6307,5.6307,5.5654,5.6177,0
1977-03-18,5.6177,5.6438,5.5916,5.6177,0
1977-03-21,5.6177,5.6177,5.5524,5.5654,0
1977-03-22,5.5654,5.5654,5.5132,5.5393,0
1977-03-23,5.5393,5.5393,5.3956,5.4217,0
1977-03-24,5.4217,5.4870,5.3695,5.4087,0
1977-03-25,5.3956,5.3956,5.3172,5.3172,0
1977-03-28,5.3172,5.3433,5.2780,5.3041,0
1977-03-29,5.3041,5.3564,5.3041,5.3172,0
1977-03-30,5.3172,5.3433,5.2258,5.2388,0
1977-03-31,5.2388,5.2780,5.2258,5.2388,0
1977-04-01,5.2649,5.3303,5.2649,5.2911,0
1977-04-04,5.2780,5.2780,5.1604,5.1735,0
1977-04-05,5.1735,5.2258,5.1212,5.1996,0
1977-04-06,5.1996,5.2258,5.1343,5.1735,0
1977-04-07,5.1735,5.2258,5.1474,5.2258,0
1977-04-11,5.2258,5.2649,5.2127,5.2258,0
1977-04-12,5.2258,5.3303,5.2258,5.3041,0
1977-04-13,5.3041,5.3564,5.2258,5.3041,0
1977-04-14,5.3433,5.4740,5.3433,5.3433,0
1977-04-15,5.3433,5.4217,5.3172,5.4087,0
1977-04-18,5.4087,5.4087,5.3172,5.3303,0
1977-04-19,5.3303,5.3695,5.3172,5.3564,0
1977-04-20,5.3564,5.3825,5.2780,5.3041,0
1977-04-21,5.3041,5.3564,5.2258,5.2519,0
1977-04-22,5.2388,5.2388,5.1343,5.1343,0
1977-04-25,5.0951,5.0951,5.0167,5.0167,0
1977-04-26,5.0167,5.0820,5.0037,5.0298,0
1977-04-27,5.0298,5.0951,5.0037,5.0690,0
1977-04-28,5.0690,5.0951,5.0298,5.0690,0
1977-04-29,5.0690,5.0951,5.0429,5.0690,0
1977-05-02,5.0690,5.1212,5.0559,5.0951,0
1977-05-03,5.0951,5.1866,5.0951,5.1343,0
1977-05-04,5.1343,5.2519,5.1212,5.2388,0
1977-05-05,5.2388,5.3695,5.2258,5.3303,0
1977-05-06,5.3303,5.3564,5.2649,5.2780,0
1977-05-09,5.2780,5.2911,5.2258,5.2649,0
1977-05-10,5.2649,5.3564,5.2649,5.3041,0
1977-05-11,5.3041,5.3041,5.2519,5.2519,0
1977-05-12,5.2388,5.2388,5.1604,5.2127,0
1977-05-13,5.2127,5.2519,5.1996,5.2127,0
1977-05-16,5.2127,5.2519,5.1866,5.1996,0
1977-05-17,5.1996,5.2780,5.1866,5.2780,0
1977-05-18,5.3041,5.4870,5.3041,5.4609,0
1977-05-19,5.4609,5.4740,5.4217,5.4348,0
1977-05-20,5.4087,5.4087,5.2780,5.3303,0
1977-05-23,5.2911,5.2911,5.1343,5.1735,0
1977-05-24,5.1474,5.1474,5.0951,5.1212,0
1977-05-25,5.1212,5.1604,5.0690,5.0690,0
1977-05-26,5.0690,5.1212,5.0559,5.0690,0
1977-05-27,5.0690,5.0820,4.9645,4.9645,0
1977-05-31,4.9645,5.0429,4.9253,5.0167,0
1977-06-01,5.0167,5.1343,5.0167,5.1082,0
1977-06-02,5.1082,5.1082,5.0429,5.0559,0
1977-06-03,5.0559,5.1212,5.0559,5.0951,0
1977-06-06,5.0951,5.1212,5.0559,5.0820,0
1977-06-07,5.0820,5.0820,4.9906,5.0559,0
1977-06-08,5.0559,5.1082,5.0429,5.0690,0
1977-06-09,5.0690,5.0820,4.9775,4.9906,0
1977-06-10,4.9906,5.0298,4.9775,5.0037,0
1977-06-13,5.0037,5.0298,4.9775,4.9906,0
1977-06-14,4.9906,5.0820,4.9775,5.0820,0
1977-06-15,5.0820,5.1082,5.0429,5.0559,0
1977-06-16,5.0559,5.0951,5.0429,5.0951,0
1977-06-17,5.0951,5.0951,5.0690,5.0690,0
1977-06-20,5.0690,5.1212,5.0429,5.0951,0
1977-06-21,5.1212,5.2127,5.1212,5.1996,0
1977-06-22,5.1996,5.2388,5.1866,5.2258,0
1977-06-23,5.2258,5.2258,5.1866,5.1866,0
1977-06-24,5.1866,5.2519,5.1866,5.2258,0
1977-06-27,5.2258,5.2388,5.1996,5.2258,0
1977-06-28,5.2258,5.2388,5.1866,5.1866,0
1977-06-29,5.1866,5.2127,5.1474,5.1866,0
1977-06-30,5.1866,5.2127,5.1343,5.1604,0
1977-07-01,5.1474,5.1474,5.0167,5.0951,0
1977-07-05,5.0951,5.1343,5.0951,5.1082,0
1977-07-06,5.1082,5.1082,5.0690,5.0690,0
1977-07-07,5.0690,5.1604,5.0559,5.1343,0
1977-07-08,5.1343,5.1735,5.0690,5.1082,0
1977-07-11,5.1082,5.1082,5.0690,5.0820,0
1977-07-12,5.0820,5.1474,5.0690,5.0951,0
1977-07-13,5.0951,5.1082,5.0429,5.0820,0
1977-07-15,5.0820,5.1212,5.0690,5.0820,0
1977-07-18,5.0820,5.1735,5.0820,5.1735,0
1977-07-19,5.1735,5.1866,5.1212,5.1866,0
1977-07-20,5.1866,5.2388,5.1474,5.2127,0
1977-07-21,5.2127,5.2519,5.1474,5.2258,0
1977-07-22,5.2388,5.3564,5.2388,5.3041,0
1977-07-25,5.2911,5.2911,5.2519,5.2649,0
1977-07-26,5.2649,5.3695,5.2519,5.3564,0
1977-07-27,5.3433,5.3433,5.1866,5.1866,0
1977-07-28,5.1866,5.2911,5.1474,5.2780,0
1977-07-29,5.2519,5.2519,5.1866,5.2388,0
1977-08-01,5.2388,5.2780,5.2388,5.2519,0
1977-08-02,5.2519,5.2649,5.1996,5.2258,0
1977-08-03,5.2258,5.2519,5.1866,5.2388,0
1977-08-04,5.2388,5.2649,5.2127,5.2519,0
1977-08-05,5.2519,5.2780,5.1996,5.2258,0
1977-08-08,5.2258,5.2258,5.1474,5.1604,0
1977-08-09,5.1604,5.1996,5.1212,5.1604,0
1977-08-10,5.1604,5.2127,5.1212,5.1996,0
1977-08-11,5.1996,5.2649,5.1604,5.2388,0
1977-08-12,5.2388,5.3172,5.2388,5.2911,0
1977-08-15,5.2911,5.3433,5.2388,5.2911,0
1977-08-16,5.3172,5.3564,5.3172,5.3433,0
1977-08-17,5.3433,5.3564,5.3041,5.3433,0
1977-08-18,5.3433,5.4740,5.3433,5.3825,0
1977-08-19,5.4217,5.4740,5.4217,5.4609,0
1977-08-22,5.4609,5.5524,5.4478,5.5393,0
1977-08-23,5.5393,5.5524,5.4740,5.4870,0
1977-08-24,5.4740,5.4740,5.3695,5.3825,0
1977-08-25,5.3825,5.4348,5.3041,5.3303,0
1977-08-26,5.3303,5.3956,5.3172,5.3956,0
1977-08-29,5.4087,5.4609,5.4087,5.4478,0
1977-08-30,5.4478,5.4740,5.3956,5.4609,0
1977-08-31,5.4478,5.4478,5.4087,5.4478,0
1977-09-01,5.4478,5.4870,5.4478,5.4740,0
1977-09-02,5.4740,5.5132,5.4609,5.4870,0
1977-09-06,5.4870,5.5132,5.4478,5.4740,0
1977-09-07,5.4740,5.5001,5.4478,5.5001,0
1977-09-08,5.5001,5.5262,5.4348,5.4348,0
1977-09-09,5.4348,5.4609,5.3825,5.4087,0
1977-09-12,5.4087,5.4217,5.3695,5.3695,0
1977-09-13,5.3695,5.3956,5.2911,5.3433,0
1977-09-14,5.3433,5.3564,5.2911,5.3303,0
1977-09-15,5.3303,5.3825,5.3041,5.3695,0
1977-09-16,5.3695,5.3825,5.3041,5.3303,0
1977-09-19,5.3172,5.3172,5.2780,5.2780,0
1977-09-20,5.2780,5.2911,5.2388,5.2780,0
1977-09-21,5.2780,5.3041,5.2388,5.2388,0
1977-09-22,5.2388,5.2388,5.1866,5.2258,0
1977-09-23,5.2258,5.2649,5.2127,5.2258,0
1977-09-26,5.2258,5.2519,5.1996,5.2388,0
1977-09-27,5.2388,5.2519,5.2127,5.2127,0
1977-09-28,5.2127,5.2649,5.1996,5.2258,0
1977-09-29,5.2258,5.2649,5.2258,5.2649,0
1977-09-30,5.2649,5.2911,5.2388,5.2911,0
1977-10-03,5.2911,5.3303,5.2258,5.3303,0
1977-10-04,5.3303,5.3303,5.2649,5.2649,0
1977-10-05,5.2649,5.2911,5.2127,5.2649,0
1977-10-06,5.2649,5.3041,5.2649,5.2911,0
1977-10-07,5.2911,5.2911,5.2649,5.2649,0
1977-10-10,5.2649,5.2911,5.2649,5.2780,0
1977-10-11,5.2780,5.2780,5.2519,5.2519,0
1977-10-12,5.2388,5.2388,5.1996,5.1996,0
1977-10-13,5.1866,5.1866,5.1474,5.1735,0
1977-10-14,5.1735,5.1996,5.1474,5.1474,0
1977-10-17,5.1474,5.1604,5.0951,5.1212,0
1977-10-18,5.1212,5.1343,5.1082,5.1343,0
1977-10-19,5.1343,5.1343,5.0167,5.0167,0
1977-10-20,5.0167,5.0167,4.9514,4.9906,0
1977-10-21,4.9906,4.9906,4.8469,4.8600,0
1977-10-24,4.8600,4.8730,4.7424,4.7554,0
1977-10-25,4.7554,4.7685,4.7032,4.7685,0
1977-10-26,4.7685,4.8600,4.7554,4.8600,0
1977-10-27,4.8600,5.0037,4.8469,4.9383,0
1977-10-28,4.9775,5.1212,4.9775,5.0820,0
1977-10-31,5.0690,5.0690,5.0167,5.0167,0
1977-11-01,5.0037,5.0037,4.9253,4.9383,0
1977-11-02,4.9383,4.9383,4.8208,4.8338,0
1977-11-03,4.8338,4.8730,4.7946,4.8469,0
1977-11-04,4.8469,4.9253,4.8208,4.9253,0
1977-11-07,4.9514,5.0167,4.9514,4.9906,0
1977-11-08,4.9906,5.0429,4.9645,5.0167,0
1977-11-09,5.0167,5.0559,4.9906,5.0559,0
1977-11-10,5.0559,5.1474,5.0167,5.0820,0
1977-11-11,5.1212,5.2519,5.1212,5.2258,0
1977-11-14,5.1866,5.1866,5.0951,5.1212,0
1977-11-15,5.1212,5.2388,5.0298,5.1996,0
1977-11-16,5.1996,5.2258,5.1604,5.1735,0
1977-11-17,5.1735,5.1735,5.1082,5.1343,0
1977-11-18,5.1343,5.1474,5.0820,5.1474,0
1977-11-21,5.1474,5.1866,5.0820,5.1212,0
1977-11-22,5.1212,5.1996,5.1082,5.1343,0
1977-11-23,5.1343,5.1735,5.1212,5.1474,0
1977-11-25,5.1474,5.1604,5.1082,5.1474,0
1977-11-28,5.1474,5.1996,5.0951,5.1343,0
1977-11-29,5.0820,5.0820,5.0298,5.0559,0
1977-11-30,5.0559,5.0559,4.9906,5.0559,0
1977-12-01,5.0559,5.0951,4.9775,4.9906,0
1977-12-02,4.9906,5.0037,4.8730,4.9122,0
1977-12-05,4.9122,4.9514,4.8861,4.9122,0
1977-12-06,4.8861,4.8861,4.8469,4.8469,0
1977-12-07,4.8469,4.9122,4.8469,4.8600,0
1977-12-08,4.8600,4.9122,4.8469,4.8730,0
1977-12-09,4.8730,4.8991,4.8600,4.8730,0
1977-12-12,4.8730,4.8861,4.8469,4.8600,0
1977-12-13,4.8338,4.8338,4.8077,4.8208,0
1977-12-14,4.8208,4.8469,4.7685,4.8469,0
1977-12-15,4.8469,4.8730,4.8077,4.8469,0
1977-12-16,4.8469,4.8469,4.7946,4.8077,0
1977-12-19,4.7685,4.7685,4.7293,4.7424,0
1977-12-20,4.7424,4.7685,4.7032,4.7554,0
1977-12-21,4.7554,4.8338,4.7162,4.7946,0
1977-12-22,4.8077,4.9645,4.8077,4.9122,0
1977-12-23,4.9514,5.0167,4.9514,4.9775,0
1977-12-27,5.0037,5.0559,5.0037,5.0559,0
1977-12-28,5.0559,5.0559,5.0167,5.0429,0
1977-12-29,5.0429,5.0559,5.0037,5.0298,0
1977-12-30,5.0298,5.0690,5.0167,5.0690,0
1978-01-03,5.0298,5.0298,4.8861,4.8861,0
1978-01-04,4.8861,4.9253,4.8077,4.9122,0
1978-01-05,4.9122,4.9775,4.9122,4.9253,0
1978-01-06,4.9122,4.9122,4.8208,4.8469,0
1978-01-09,4.8469,4.8861,4.7946,4.8861,0
1978-01-10,4.8861,4.8991,4.8469,4.8730,0
1978-01-11,4.8730,4.8730,4.8208,4.8338,0
1978-01-12,4.8338,4.8991,4.8208,4.8861,0
1978-01-13,4.8861,4.9383,4.8730,4.8861,0
1978-01-16,4.8730,4.8730,4.8338,4.8469,0
1978-01-17,4.8600,4.9645,4.8600,4.9514,0
1978-01-18,4.9514,4.9645,4.9383,4.9645,0
1978-01-19,4.9514,4.9514,4.8600,4.8730,0
1978-01-20,4.8730,4.8861,4.8077,4.8338,0
1978-01-23,4.8338,4.8861,4.7946,4.8730,0
1978-01-24,4.8730,4.9122,4.8469,4.8730,0
1978-01-25,4.8730,4.9514,4.8469,4.9122,0
1978-01-26,4.9122,4.9253,4.8600,4.8861,0
1978-01-27,4.8861,4.8991,4.8600,4.8861,0
1978-01-30,4.8861,4.9253,4.8730,4.9253,0
1978-01-31,4.9253,4.9253,4.8861,4.8991,0
1978-02-01,4.8991,4.9383,4.8991,4.9383,0
1978-02-02,4.9383,4.9514,4.9122,4.9383,0
1978-02-03,4.9383,4.9514,4.9122,4.9383,0
1978-02-06,4.9383,4.9514,4.9253,4.9514,0
1978-02-07,4.9514,4.9514,4.9253,4.9253,0
1978-02-08,4.9253,4.9645,4.9253,4.9383,0
1978-02-09,4.9383,4.9383,4.9122,4.9253,0
1978-02-10,4.9253,4.9383,4.9122,4.9122,0
1978-02-13,4.9122,4.9645,4.8861,4.9514,0
1978-02-14,4.9383,4.9383,4.8861,4.8861,0
1978-02-15,4.8861,4.8861,4.8600,4.8730,0
1978-02-16,4.8730,4.8861,4.8338,4.8861,0
1978-02-17,4.8600,4.8600,4.7946,4.8077,0
1978-02-21,4.7946,4.7946,4.7162,4.7685,0
1978-02-22,4.7685,4.7946,4.7685,4.7816,0
1978-02-23,4.7816,4.7816,4.7424,4.7816,0
1978-02-24,4.7816,4.8208,4.6901,4.7946,0
1978-02-27,4.7946,4.8208,4.7554,4.7685,0
1978-02-28,4.7685,4.7685,4.7162,4.7162,0
1978-03-01,4.7162,4.7162,4.6770,4.7032,0
1978-03-02,4.7032,4.7032,4.6640,4.6901,0
1978-03-03,4.6901,4.7032,4.6640,4.7032,0
1978-03-06,4.6770,4.6770,4.6379,4.6509,0
1978-03-07,4.6509,4.6770,4.6248,4.6509,0
1978-03-08,4.6640,4.6901,4.6640,4.6901,0
1978-03-09,4.6901,4.7032,4.6770,4.6901,0
1978-03-10,4.6901,4.7293,4.6770,4.7293,0
1978-03-13,4.7293,4.7424,4.7032,4.7293,0
1978-03-14,4.7293,4.8077,4.6640,4.7946,0
1978-03-15,4.7816,4.7816,4.6901,4.7424,0
1978-03-16,4.7424,4.7424,4.7032,4.7162,0
1978-03-17,4.7162,4.7685,4.7162,4.7685,0
1978-03-20,4.7685,4.7685,4.7162,4.7554,0
1978-03-21,4.7554,4.7554,4.6379,4.6379,0
1978-03-22,4.6379,4.6640,4.6248,4.6640,0
1978-03-23,4.6509,4.6509,4.6248,4.6379,0
1978-03-27,4.6248,4.6248,4.5987,4.6117,0
1978-03-28,4.6117,4.6509,4.5987,4.6379,0
1978-03-29,4.6509,4.6770,4.6509,4.6770,0
1978-03-30,4.6770,4.6770,4.6117,4.6248,0
1978-03-31,4.6248,4.6248,4.5725,4.5725,0
1978-04-03,4.5595,4.5595,4.5072,4.5333,0
1978-04-04,4.5333,4.5333,4.4941,4.5203,0
1978-04-05,4.5203,4.5595,4.5203,4.5203,0
1978-04-06,4.5464,4.5987,4.5464,4.5856,0
1978-04-07,4.5856,4.5987,4.5333,4.5725,0
1978-04-10,4.5856,4.6770,4.5856,4.6640,0
1978-04-11,4.6640,4.7032,4.6640,4.6770,0
1978-04-12,4.6770,4.7032,4.6509,4.6509,0
1978-04-13,4.6509,4.7032,4.6379,4.6901,0
1978-04-14,4.7293,4.7816,4.7293,4.7816,0
1978-04-17,4.9122,5.0951,4.9122,4.9514,0
1978-04-18,4.9514,4.9775,4.8730,4.9122,0
1978-04-19,4.9122,4.9514,4.8338,4.8861,0
1978-04-20,5.0559,5.1343,5.0559,5.0820,0
1978-04-21,5.0820,5.1212,5.0690,5.0820,0
1978-04-24,5.0820,5.2258,5.0690,5.2258,0
1978-04-25,5.3825,5.4870,5.3825,5.3825,0
1978-04-26,5.3825,5.4348,5.3041,5.3303,0
1978-04-27,5.3041,5.3041,5.1866,5.2519,0
1978-04-28,5.2519,5.4087,5.2258,5.3433,0
1978-05-01,5.3433,5.4740,5.3303,5.4087,0
1978-05-02,5.4087,5.4478,5.3695,5.4217,0
1978-05-03,5.4087,5.4087,5.2780,5.3041,0
1978-05-04,5.3041,5.3172,5.2258,5.3041,0
1978-05-05,5.3041,5.4348,5.2911,5.3303,0
1978-05-08,5.3303,5.4348,5.3303,5.3303,0
1978-05-09,5.3303,5.3564,5.3041,5.3564,0
1978-05-10,5.3564,5.3825,5.3303,5.3825,0
1978-05-11,5.3956,5.4609,5.3956,5.4609,0
1978-05-12,5.5393,5.6307,5.5393,5.5393,0
1978-05-15,5.5654,5.6569,5.5654,5.6569,0
1978-05-16,5.7353,5.8528,5.7353,5.7614,0
1978-05-17,5.7614,5.8528,5.7222,5.7875,0
1978-05-18,5.7875,5.8398,5.7222,5.7483,0
1978-05-19,5.7483,5.7745,5.6177,5.7483,0
1978-05-22,5.7483,5.7875,5.6699,5.7614,0
1978-05-23,5.7614,5.7745,5.6438,5.6438,0
1978-05-24,5.6438,5.6569,5.5785,5.6177,0
1978-05-25,5.6177,5.6438,5.5785,5.5916,0
1978-05-26,5.5785,5.5785,5.5132,5.5132,0
1978-05-30,5.5132,5.5262,5.4609,5.4870,0
1978-05-31,5.5262,5.6177,5.5262,5.5785,0
1978-06-01,5.5916,5.6438,5.5916,5.6307,0
1978-06-02,5.6307,5.6438,5.6046,5.6177,0
1978-06-05,5.6438,5.8528,5.6438,5.8528,0
1978-06-06,5.9051,6.0619,5.9051,5.9835,0
1978-06-07,5.9835,5.9966,5.9182,5.9312,0
1978-06-08,5.9312,5.9966,5.8790,5.8920,0
1978-06-09,5.8920,5.9443,5.8398,5.8659,0
1978-06-12,5.8659,5.9051,5.7745,5.8006,0
1978-06-13,5.8006,5.9443,5.7483,5.8920,0
1978-06-14,5.8920,5.9704,5.8790,5.8920,0
1978-06-15,5.8920,5.8920,5.8137,5.8528,0
1978-06-16,5.7875,5.7875,5.6830,5.7614,0
1978-06-19,5.7614,5.7745,5.6830,5.7614,0
1978-06-20,5.7614,5.8006,5.7091,5.7483,0
1978-06-21,5.7483,5.7483,5.6699,5.7353,0
1978-06-22,5.7353,5.7745,5.6699,5.6961,0
1978-06-23,5.6961,5.7353,5.6830,5.6961,0
1978-06-26,5.6961,5.6961,5.5916,5.6177,0
1978-06-27,5.6177,5.6569,5.5785,5.6177,0
1978-06-28,5.6438,5.7091,5.6438,5.6961,0
1978-06-29,5.6961,5.7875,5.6699,5.7614,0
1978-06-30,5.7614,5.7745,5.7353,5.7483,0
1978-07-03,5.7483,5.7483,5.6961,5.6961,0
1978-07-05,5.6961,5.7222,5.6830,5.7222,0
1978-07-06,5.7222,5.7745,5.7091,5.7614,0
1978-07-07,5.7875,5.8790,5.7875,5.8398,0
1978-07-10,5.8398,5.8920,5.8267,5.8920,0
1978-07-11,5.9182,5.9835,5.9182,5.9312,0
1978-07-12,5.9312,5.9704,5.9312,5.9312,0
1978-07-13,5.9312,5.9966,5.9051,5.9574,0
1978-07-14,5.9574,6.1272,5.9443,6.1011,0
1978-07-17,6.1795,6.2448,6.1795,6.2317,0
1978-07-18,6.2056,6.2056,6.1272,6.1272,0
1978-07-19,6.1272,6.1533,6.0749,6.1533,0
1978-07-20,6.1533,6.2317,6.1141,6.1141,0
1978-07-21,6.1141,6.1533,5.9835,6.0619,0
1978-07-24,6.0619,6.0880,6.0096,6.0880,0
1978-07-25,6.0880,6.0880,5.9574,6.0619,0
1978-07-26,6.0880,6.1664,6.0880,6.0880,0
1978-07-27,6.0880,6.1403,6.0749,6.1141,0
1978-07-28,6.1141,6.1533,6.0880,6.1533,0
1978-07-31,6.1533,6.2578,6.1533,6.2448,0
1978-08-01,6.2448,6.2448,6.1795,6.1925,0
1978-08-02,6.1925,6.4277,6.1664,6.4015,0
1978-08-03,6.4015,6.5322,6.3362,6.3493,0
1978-08-04,6.3493,6.4277,6.2970,6.4146,0
1978-08-07,6.4146,6.4799,6.3754,6.3885,0
1978-08-08,6.3885,6.4146,6.2970,6.3493,0
1978-08-09,6.4277,6.5714,6.4277,6.5061,0
1978-08-10,6.4538,6.4538,6.2970,6.2970,0
1978-08-11,6.2970,6.3885,6.2709,6.3754,0
1978-08-14,6.3885,6.4799,6.3885,6.4277,0
1978-08-15,6.4277,6.4407,6.3754,6.4407,0
1978-08-16,6.4407,6.7020,6.4407,6.6890,0
1978-08-17,6.7151,6.8980,6.7151,6.7935,0
1978-08-18,6.7935,6.8980,6.6890,6.7935,0
1978-08-21,6.7282,6.7282,6.6106,6.6628,0
1978-08-22,6.6628,6.7151,6.5844,6.7151,0
1978-08-23,6.7282,6.8196,6.7282,6.7673,0
1978-08-24,6.7673,6.8065,6.6628,6.6890,0
1978-08-25,6.6890,6.7673,6.6367,6.7020,0
1978-08-28,6.7020,6.7282,6.6498,6.6890,0
1978-08-29,6.6628,6.6628,6.5583,6.5583,0
1978-08-30,6.5583,6.6106,6.5061,6.5191,0
1978-08-31,6.5191,6.5453,6.4146,6.4799,0
1978-09-01,6.4799,6.5583,6.4669,6.5061,0
1978-09-05,6.5583,6.5975,6.5583,6.5844,0
1978-09-06,6.5975,6.7543,6.5975,6.6759,0
1978-09-07,6.6759,6.7673,6.6628,6.6628,0
1978-09-08,6.7543,6.8457,6.7543,6.8457,0
1978-09-11,6.8457,6.8588,6.7151,6.7151,0
1978-09-12,6.7151,6.7412,6.6759,6.7282,0
1978-09-13,6.7282,6.7673,6.6498,6.6628,0
1978-09-14,6.6367,6.6367,6.5191,6.5191,0
1978-09-15,6.4669,6.4669,6.3754,6.4146,0
1978-09-18,6.4146,6.4538,6.3232,6.3624,0
1978-09-19,6.3362,6.3362,6.2840,6.2970,0
1978-09-20,6.2970,6.3101,6.2186,6.2709,0
1978-09-21,6.2709,6.3232,6.1925,6.3101,0
1978-09-22,6.3101,6.3232,6.2056,6.2448,0
1978-09-25,6.2448,6.2709,6.1925,6.2317,0
1978-09-26,6.2317,6.2578,6.1403,6.2186,0
1978-09-27,6.2056,6.2056,6.1272,6.1272,0
1978-09-28,6.1272,6.1664,6.1011,6.1403,0
1978-09-29,6.1403,6.1403,6.0880,6.0880,0
1978-10-02,6.0880,6.1403,6.0619,6.1011,0
1978-10-03,6.1141,6.1664,6.1141,6.1272,0
1978-10-04,6.1272,6.1272,6.1141,6.1272,0
1978-10-05,6.1272,6.1925,6.1141,6.1403,0
1978-10-06,6.1403,6.2186,6.1272,6.1925,0
1978-10-09,6.1925,6.2970,6.1664,6.2840,0
1978-10-10,6.2840,6.4015,6.2317,6.3232,0
1978-10-11,6.3232,6.4930,6.3232,6.4930,0
1978-10-12,6.4930,6.6106,6.4669,6.4930,0
1978-10-13,6.4930,6.5061,6.4407,6.4669,0
1978-10-16,6.4669,6.4669,6.2448,6.2578,0
1978-10-17,6.2186,6.2186,6.1272,6.1664,0
1978-10-18,6.1664,6.2448,6.1272,6.2448,0
1978-10-19,6.2448,6.2578,5.9966,6.0357,0
1978-10-20,6.0357,6.0749,5.9182,6.0096,0
1978-10-23,6.0096,6.1141,6.0096,6.0749,0
1978-10-24,6.0749,6.1141,6.0619,6.0880,0
1978-10-25,6.0880,6.1403,5.9704,6.0619,0
1978-10-26,6.0619,6.0880,6.0096,6.0488,0
1978-10-27,6.0488,6.0880,5.9574,5.9835,0
1978-10-30,5.9835,6.1403,5.8398,6.1403,0
1978-10-31,6.1403,6.1533,5.9704,5.9704,0
1978-11-01,6.1011,6.2578,6.1011,6.2578,0
1978-11-02,6.2578,6.2709,6.1533,6.1925,0
1978-11-03,6.1925,6.2578,6.1795,6.2186,0
1978-11-06,6.2186,6.2578,6.1141,6.2186,0
1978-11-07,6.1664,6.1664,6.0880,6.1272,0
1978-11-08,6.1272,6.2448,6.0880,6.2317,0
1978-11-09,6.2317,6.2448,6.1403,6.1403,0
1978-11-10,6.1403,6.2578,6.1403,6.2186,0
1978-11-13,6.2056,6.2056,6.1141,6.1141,0
1978-11-14,6.1141,6.1272,5.9312,5.9574,0
1978-11-15,6.0619,6.1664,6.0619,6.0619,0
1978-11-16,6.0880,6.2186,6.0880,6.1925,0
1978-11-17,6.1925,6.3362,6.1403,6.2709,0
1978-11-20,6.2709,6.4015,6.2709,6.3362,0
1978-11-21,6.3362,6.3362,6.2840,6.3101,0
1978-11-22,6.3101,6.4407,6.3101,6.3754,0
1978-11-24,6.4015,6.4799,6.4015,6.4407,0
1978-11-27,6.4407,6.4669,6.3885,6.4669,0
1978-11-28,6.4669,6.4669,6.3232,6.3232,0
1978-11-29,6.3232,6.3362,6.1141,6.2186,0
1978-11-30,6.2056,6.2056,6.1141,6.2056,0
1978-12-01,6.2970,6.3754,6.2970,6.3754,0
1978-12-04,6.3754,6.4146,6.3754,6.3885,0
1978-12-05,6.3885,6.4669,6.3624,6.4146,0
1978-12-06,6.4146,6.5191,6.4015,6.4277,0
1978-12-07,6.4277,6.4930,6.3885,6.4407,0
1978-12-08,6.4146,6.4146,6.3232,6.3493,0
1978-12-11,6.3493,6.3885,6.3362,6.3754,0
1978-12-12,6.3754,6.4015,6.3493,6.3754,0
1978-12-13,6.3754,6.4669,6.3493,6.3885,0
1978-12-14,6.3885,6.4538,6.3754,6.4146,0
1978-12-15,6.4146,6.4407,6.3493,6.4015,0
1978-12-18,6.2448,6.2448,6.1795,6.1795,0
1978-12-19,6.1925,6.2840,6.1925,6.2709,0
1978-12-20,6.2709,6.3493,6.2448,6.3101,0
1978-12-21,6.3493,6.4015,6.3493,6.3754,0
1978-12-22,6.4146,6.5583,6.4146,6.5583,0
1978-12-26,6.5714,6.6890,6.5714,6.6890,0
1978-12-27,6.6890,6.6890,6.5714,6.6236,0
1978-12-28,6.6236,6.6628,6.5583,6.6106,0
1978-12-29,6.6106,6.6236,6.5583,6.5975,0
1979-01-02,6.5975,6.6106,6.5061,6.6106,0
1979-01-03,6.6106,6.6759,6.6106,6.6498,0
1979-01-04,6.6759,6.7935,6.6759,6.7412,0
1979-01-05,6.7673,6.8849,6.7673,6.7935,0
1979-01-08,6.7804,6.7804,6.7412,6.7673,0
1979-01-09,6.7673,6.8849,6.7673,6.7673,0
1979-01-10,6.7673,6.7935,6.7412,6.7673,0
1979-01-11,6.7673,6.8457,6.7151,6.8457,0
1979-01-12,6.8457,6.8980,6.8196,6.8719,0
1979-01-15,6.8719,6.8719,6.7935,6.8327,0
1979-01-16,6.8196,6.8196,6.7020,6.7412,0
1979-01-17,6.7151,6.7151,6.6498,6.6890,0
1979-01-18,6.6890,6.7151,6.6628,6.6890,0
1979-01-19,6.6890,6.7282,6.6106,6.6236,0
1979-01-22,6.6236,6.6236,6.5844,6.5975,0
1979-01-23,6.5975,6.6759,6.5975,6.6628,0
1979-01-24,6.6628,6.6890,6.6236,6.6498,0
1979-01-25,6.6498,6.6759,6.5975,6.5975,0
1979-01-26,6.5975,6.6890,6.5844,6.6628,0
1979-01-29,6.6628,6.6890,6.6498,6.6759,0
1979-01-30,6.6759,6.6759,6.5844,6.5844,0
1979-01-31,6.5844,6.6236,6.4799,6.4799,0
1979-02-01,6.4799,6.5453,6.4407,6.5453,0
1979-02-02,6.5453,6.5453,6.4669,6.4669,0
1979-02-05,6.4407,6.4407,6.3493,6.3885,0
1979-02-06,6.3885,6.3885,6.3232,6.3232,0
1979-02-07,6.2970,6.2970,6.1925,6.2186,0
1979-02-08,6.2186,6.2578,6.1925,6.2448,0
1979-02-09,6.2448,6.2840,6.2317,6.2317,0
1979-02-12,6.2317,6.2578,6.1795,6.2578,0
1979-02-13,6.2709,6.2970,6.2709,6.2840,0
1979-02-14,6.2840,6.2970,6.2056,6.2056,0
1979-02-15,6.2056,6.2186,6.1795,6.1925,0
1979-02-16,6.1533,6.1533,6.1272,6.1533,0
1979-02-20,6.1533,6.2317,6.1403,6.2186,0
1979-02-21,6.2186,6.2578,6.1664,6.1925,0
1979-02-22,6.1664,6.1664,6.1141,6.1403,0
1979-02-23,6.1403,6.1533,6.0749,6.1141,0
1979-02-26,6.1141,6.1141,6.0227,6.0227,0
1979-02-27,6.0227,6.0227,5.8528,5.8659,0
1979-02-28,5.8659,5.8920,5.7614,5.8920,0
1979-03-01,5.8920,5.9182,5.8528,5.8920,0
1979-03-02,5.8920,5.9182,5.8137,5.8398,0
1979-03-05,5.8659,5.9966,5.8659,5.9574,0
1979-03-06,5.9574,6.0227,5.9312,5.9443,0
1979-03-07,5.9966,6.1272,5.9966,6.0619,0
1979-03-08,6.0619,6.2186,6.0488,6.1925,0
1979-03-09,6.1925,6.2317,6.1272,6.1403,0
1979-03-12,6.1403,6.1664,6.0488,6.1664,0
1979-03-13,6.1664,6.2448,6.1403,6.1925,0
1979-03-14,6.1925,6.2578,6.1272,6.1272,0
1979-03-15,6.1272,6.1533,6.0619,6.0619,0
1979-03-16,6.0619,6.0619,5.9704,6.0096,0
1979-03-19,6.0096,6.1011,6.0096,6.0357,0
1979-03-20,5.9835,5.9835,5.9051,5.9182,0
1979-03-21,5.9182,6.0619,5.8920,6.0619,0
1979-03-22,6.0619,6.1272,6.0488,6.0619,0
1979-03-23,6.0619,6.1011,6.0357,6.0619,0
1979-03-26,6.0227,6.0227,5.9574,5.9704,0
1979-03-27,5.9835,6.2186,5.9835,6.1925,0
1979-03-28,6.1925,6.2317,6.1272,6.1403,0
1979-03-29,6.1403,6.1533,6.0357,6.0880,0
1979-03-30,6.0880,6.0880,5.9966,6.0488,0
1979-04-02,6.0357,6.0357,5.9312,6.0096,0
1979-04-03,6.0096,6.2186,6.0096,6.2056,0
1979-04-04,6.2056,6.2840,6.2056,6.2186,0
1979-04-05,6.2186,6.2578,6.1925,6.2317,0
1979-04-06,6.2317,6.2578,6.2056,6.2056,0
1979-04-09,6.2056,6.2317,6.1272,6.1272,0
1979-04-10,6.1272,6.1795,6.1141,6.1664,0
1979-04-11,6.1664,6.1795,5.9704,5.9704,0
1979-04-12,5.9704,6.0227,5.9443,5.9443,0
1979-04-16,5.9443,5.9443,5.8398,5.8528,0
1979-04-17,5.8528,5.8920,5.8267,5.8659,0
1979-04-18,5.8659,5.8659,5.8267,5.8659,0
1979-04-19,5.8659,5.8790,5.8006,5.8267,0
1979-04-20,5.8267,5.8659,5.7745,5.8528,0
1979-04-23,5.8528,5.9051,5.8398,5.8790,0
1979-04-24,5.8790,5.9966,5.8659,5.9443,0
1979-04-25,5.9443,5.9704,5.8790,5.9182,0
1979-04-26,5.9182,5.9312,5.8790,5.8790,0
1979-04-27,5.8790,5.9182,5.8267,5.8659,0
1979-04-30,5.8659,5.8790,5.8137,5.8528,0
1979-05-01,5.8528,5.8790,5.8006,5.8398,0
1979-05-02,5.8137,5.8137,5.7483,5.7875,0
1979-05-03,5.7875,5.8659,5.7614,5.8267,0
1979-05-04,5.8267,5.8659,5.7483,5.8006,0
1979-05-07,5.7483,5.7483,5.5916,5.6699,0
1979-05-08,5.6699,5.7091,5.5785,5.7091,0
1979-05-09,5.7091,5.7353,5.6961,5.6961,0
1979-05-10,5.6961,5.7222,5.6177,5.6177,0
1979-05-11,5.6307,5.6569,5.6307,5.6307,0
1979-05-14,5.6307,5.6699,5.5785,5.6438,0
1979-05-15,5.6438,5.6699,5.5524,5.6177,0
1979-05-16,5.6177,5.7353,5.6177,5.7353,0
1979-05-17,5.7483,5.9312,5.7483,5.8528,0
1979-05-18,5.8659,5.9443,5.8659,5.8790,0
1979-05-21,5.8790,5.8920,5.8006,5.8398,0
1979-05-22,5.8398,5.9443,5.8137,5.9443,0
1979-05-23,5.9443,5.9966,5.9051,5.9443,0
1979-05-24,5.9443,5.9835,5.9051,5.9443,0
1979-05-25,5.9443,5.9704,5.9182,5.9574,0
1979-05-29,5.9443,5.9443,5.9051,5.9312,0
1979-05-30,5.9182,5.9182,5.8137,5.8528,0
1979-05-31,5.8528,5.8528,5.7483,5.7875,0
1979-06-01,5.7875,5.8006,5.7614,5.7875,0
1979-06-04,5.7875,5.8137,5.7614,5.7614,0
1979-06-05,5.7614,5.9443,5.7614,5.9312,0
1979-06-06,5.9312,5.9443,5.8790,5.9182,0
1979-06-07,5.9312,5.9835,5.9312,5.9574,0
1979-06-08,5.9443,5.9443,5.8920,5.9182,0
1979-06-11,5.9182,5.9182,5.8659,5.9051,0
1979-06-12,5.9051,6.0488,5.9051,5.9704,0
1979-06-13,5.9704,6.0357,5.9182,5.9704,0
1979-06-14,5.9443,5.9443,5.9051,5.9312,0
1979-06-15,5.9312,5.9574,5.9051,5.9312,0
1979-06-18,5.9312,5.9574,5.9051,5.9051,0
1979-06-19,5.9051,5.9574,5.9051,5.9312,0
1979-06-20,5.9443,5.9704,5.9443,5.9443,0
1979-06-21,5.9443,5.9966,5.9443,5.9966,0
1979-06-22,6.0227,6.0880,6.0227,6.0619,0
1979-06-25,6.0619,6.0619,5.9443,6.0096,0
1979-06-26,6.0096,6.0096,5.8790,5.8790,0
1979-06-27,5.8790,5.9574,5.8790,5.9051,0
1979-06-28,5.9051,5.9182,5.8659,5.8920,0
1979-06-29,5.8920,5.9182,5.8528,5.8920,0
1979-07-02,5.8920,5.8920,5.8398,5.8790,0
1979-07-03,5.8790,5.8920,5.8267,5.8790,0
1979-07-05,5.8659,5.8659,5.8006,5.8398,0
1979-07-06,5.8398,5.8659,5.7875,5.8267,0
1979-07-09,5.8267,5.9051,5.8267,5.8659,0
1979-07-10,5.8659,5.8790,5.7614,5.8137,0
1979-07-11,5.8137,5.8398,5.7614,5.7614,0
1979-07-12,5.7614,5.7875,5.7483,5.7483,0
1979-07-13,5.7483,5.7483,5.6830,5.7091,0
1979-07-16,5.7091,5.7091,5.6307,5.6699,0
1979-07-17,5.6699,5.7222,5.5132,5.5654,0
1979-07-18,5.5524,5.5524,5.4870,5.5262,0
1979-07-19,5.5262,5.5393,5.4609,5.5001,0
1979-07-20,5.5132,5.6046,5.5132,5.5524,0
1979-07-23,5.5524,5.5654,5.5001,5.5393,0
1979-07-24,5.5393,5.5654,5.5132,5.5654,0
1979-07-25,5.5654,5.6177,5.5524,5.6177,0
1979-07-26,5.6177,5.6699,5.5916,5.6177,0
1979-07-27,5.5654,5.5654,5.5393,5.5524,0
1979-07-30,5.5524,5.5785,5.5132,5.5393,0
1979-07-31,5.5524,5.5785,5.5524,5.5524,0
1979-08-01,5.5524,5.5654,5.5132,5.5654,0
1979-08-02,5.5654,5.5785,5.5393,5.5393,0
1979-08-03,5.5393,5.5524,5.5001,5.5262,0
1979-08-06,5.5262,5.5654,5.4870,5.5262,0
1979-08-07,5.5654,5.6699,5.5654,5.6177,0
1979-08-08,5.6961,5.7614,5.6961,5.7222,0
1979-08-09,5.7353,5.8006,5.7353,5.7745,0
1979-08-10,5.7745,5.8920,5.7222,5.7875,0
1979-08-13,5.9182,6.0488,5.9182,5.9443,0
1979-08-14,5.9443,6.0357,5.9312,5.9835,0
1979-08-15,5.9835,6.0227,5.9704,6.0227,0
1979-08-16,6.0227,6.0619,5.9966,6.0357,0
1979-08-17,5.9966,5.9966,5.9443,5.9966,0
1979-08-20,5.9966,6.0227,5.9443,6.0227,0
1979-08-21,6.0227,6.0357,5.9966,6.0096,0
1979-08-22,6.0096,6.0227,5.9574,5.9835,0
1979-08-23,5.9704,5.9704,5.8006,5.8006,0
1979-08-24,5.7875,5.7875,5.7222,5.7483,0
1979-08-27,5.7483,5.7614,5.7222,5.7353,0
1979-08-28,5.7353,5.7614,5.7222,5.7353,0
1979-08-29,5.7353,5.7745,5.7222,5.7483,0
1979-08-30,5.7614,5.7875,5.7614,5.7614,0
1979-08-31,5.7745,5.8528,5.7745,5.8398,0
1979-09-04,5.8137,5.8137,5.7222,5.7614,0
1979-09-05,5.7222,5.7222,5.6569,5.7222,0
1979-09-06,5.7222,5.7483,5.6569,5.7222,0
1979-09-07,5.7222,5.7353,5.6438,5.6830,0
1979-09-10,5.6699,5.6699,5.5785,5.6177,0
1979-09-11,5.6177,5.6177,5.5132,5.5393,0
1979-09-12,5.5393,5.5785,5.5001,5.5785,0
1979-09-13,5.5785,5.5785,5.4348,5.4740,0
1979-09-14,5.4740,5.5393,5.4609,5.5001,0
1979-09-17,5.5262,5.5785,5.5262,5.5393,0
1979-09-18,5.5393,5.5393,5.4870,5.4870,0
1979-09-19,5.4870,5.5132,5.4870,5.5001,0
1979-09-20,5.5001,5.5654,5.4609,5.5654,0
1979-09-21,5.5524,5.5524,5.5001,5.5262,0
1979-09-24,5.5262,5.5524,5.5001,5.5001,0
1979-09-25,5.5001,5.5001,5.4348,5.4740,0
1979-09-26,5.4740,5.5132,5.4609,5.4740,0
1979-09-27,5.4740,5.4740,5.4348,5.4609,0
1979-09-28,5.4609,5.5262,5.3564,5.4087,0
1979-10-01,5.3564,5.3564,5.2258,5.2911,0
1979-10-02,5.2911,5.4087,5.2649,5.3303,0
1979-10-03,5.3433,5.3956,5.3433,5.3564,0
1979-10-04,5.3564,5.4609,5.3564,5.3825,0
1979-10-05,5.3825,5.4870,5.3695,5.4217,0
1979-10-08,5.4217,5.4217,5.3433,5.3825,0
1979-10-09,5.3695,5.3695,5.2780,5.3433,0
1979-10-10,5.3433,5.3695,5.1866,5.2519,0
1979-10-11,5.2649,5.3825,5.2649,5.3172,0
1979-10-12,5.3172,5.3303,5.1996,5.2127,0
1979-10-15,5.2127,5.2911,5.2127,5.2519,0
1979-10-16,5.2519,5.3172,5.1604,5.1996,0
1979-10-17,5.1996,5.2388,5.1866,5.1996,0
1979-10-18,5.1996,5.2388,5.1996,5.2127,0
1979-10-19,5.1866,5.1866,5.1212,5.1343,0
1979-10-22,5.1343,5.1996,5.0298,5.1866,0
1979-10-23,5.1866,5.1996,5.1343,5.1735,0
1979-10-24,5.1604,5.1604,5.0820,5.0820,0
1979-10-25,5.0820,5.1474,5.0820,5.0820,0
1979-10-26,5.0820,5.1474,5.0690,5.1082,0
1979-10-29,5.1082,5.1604,5.0690,5.0820,0
1979-10-30,5.0820,5.2780,5.0559,5.1735,0
1979-10-31,5.1866,5.2780,5.1866,5.2258,0
1979-11-01,5.2258,5.2388,5.1996,5.2127,0
1979-11-02,5.2127,5.2519,5.1996,5.2388,0
1979-11-05,5.2258,5.2258,5.1735,5.2127,0
1979-11-06,5.2127,5.2127,5.1735,5.1866,0
1979-11-07,5.1866,5.1866,5.0820,5.0951,0
1979-11-08,5.0951,5.1604,5.0820,5.1212,0
1979-11-09,5.1212,5.1866,5.1212,5.1212,0
1979-11-12,5.1474,5.2258,5.1474,5.2127,0
1979-11-13,5.2127,5.2388,5.1212,5.1866,0
1979-11-14,5.1866,5.2127,5.0429,5.1212,0
1979-11-15,5.1735,5.2388,5.1735,5.1996,0
1979-11-16,5.1866,5.1866,5.1212,5.1474,0
1979-11-19,5.1474,5.1866,5.1082,5.1474,0
1979-11-20,5.1474,5.1604,5.1212,5.1474,0
1979-11-21,5.1474,5.1604,5.0951,5.1212,0
1979-11-23,5.1212,5.2127,5.1082,5.1866,0
1979-11-26,5.1996,5.3041,5.1996,5.2780,0
1979-11-27,5.2780,5.3433,5.2519,5.3041,0
1979-11-28,5.3041,5.3041,5.2127,5.2519,0
1979-11-29,5.2649,5.3433,5.2649,5.3041,0
1979-11-30,5.3041,5.3172,5.1735,5.1866,0
1979-12-03,5.1866,5.2258,5.1735,5.1866,0
1979-12-04,5.1866,5.2258,5.1735,5.2258,0
1979-12-05,5.2258,5.3041,5.1996,5.2519,0
1979-12-06,5.2519,5.2519,5.1996,5.2388,0
1979-12-07,5.2519,5.3433,5.2519,5.2780,0
1979-12-10,5.2780,5.3303,5.2388,5.2780,0
1979-12-11,5.2780,5.3041,5.2519,5.2780,0
1979-12-12,5.2780,5.3041,5.2258,5.2649,0
1979-12-13,5.2649,5.3041,5.2649,5.2649,0
1979-12-14,5.2649,5.3695,5.2388,5.3303,0
1979-12-17,5.3303,5.3956,5.3172,5.3564,0
1979-12-18,5.3564,5.3564,5.2388,5.3041,0
1979-12-19,5.2519,5.2519,5.1866,5.2258,0
1979-12-20,5.2258,5.2649,5.1996,5.2519,0
1979-12-21,5.2519,5.2519,5.1996,5.2258,0
1979-12-24,5.2127,5.2127,5.1474,5.1996,0
1979-12-26,5.1996,5.2258,5.1866,5.1996,0
1979-12-27,5.1996,5.2127,5.1866,5.2127,0
1979-12-28,5.2127,5.2780,5.1866,5.2388,0
1979-12-31,5.2388,5.2911,5.2258,5.2519,0
1980-01-02,5.2519,5.2649,5.0951,5.1735,0
1980-01-03,5.0298,5.0298,4.8991,4.9645,0
1980-01-04,4.9645,5.0037,4.9253,4.9645,0
1980-01-07,4.9645,5.0167,4.9645,4.9906,0
1980-01-08,4.9906,5.1735,4.9775,5.1735,0
1980-01-09,5.1735,5.2649,5.1604,5.1604,0
1980-01-10,5.1604,5.2780,5.1343,5.2127,0
1980-01-11,5.2127,5.2258,5.1212,5.1996,0
1980-01-14,5.1866,5.1866,5.0820,5.1343,0
1980-01-15,5.0690,5.0690,4.9775,5.0429,0
1980-01-16,5.0429,5.1212,5.0037,5.0167,0
1980-01-17,5.0037,5.0037,4.9514,4.9645,0
1980-01-18,4.9645,4.9906,4.8730,4.8861,0
1980-01-21,4.8991,4.9645,4.8991,4.9383,0
1980-01-22,4.9383,5.0820,4.9253,5.0037,0
1980-01-23,5.0167,5.2649,5.0167,5.1474,0
1980-01-24,5.2127,5.2649,5.2127,5.2258,0
1980-01-25,5.2258,5.2258,5.1604,5.1866,0
1980-01-28,5.1866,5.2258,5.1474,5.2258,0
1980-01-29,5.2258,5.2649,5.1343,5.1996,0
1980-01-30,5.1996,5.2258,5.1474,5.1866,0
1980-01-31,5.1866,5.2258,5.1735,5.1735,0
1980-02-01,5.1735,5.2258,5.1474,5.2127,0
1980-02-04,5.2127,5.2519,5.1996,5.2258,0
1980-02-05,5.2258,5.2388,5.1996,5.2127,0
1980-02-06,5.2127,5.2911,5.2127,5.2519,0
1980-02-07,5.2519,5.2911,5.2388,5.2649,0
1980-02-08,5.2649,5.2649,5.1996,5.2258,0
1980-02-11,5.2258,5.2649,5.1604,5.2258,0
1980-02-12,5.2258,5.5393,5.1996,5.5132,0
1980-02-13,5.5132,5.6830,5.1996,5.6307,0
1980-02-14,5.6307,5.6569,5.5393,5.5654,0
1980-02-15,5.5393,5.5393,5.4087,5.4740,0
1980-02-19,5.4609,5.4609,5.4087,5.4348,0
1980-02-20,5.4348,5.5524,5.4087,5.5132,0
1980-02-21,5.5132,5.5524,5.4217,5.4217,0
1980-02-22,5.4217,5.4740,5.3956,5.4478,0
1980-02-25,5.4478,5.4609,5.4087,5.4087,0
1980-02-26,5.4087,5.4087,5.3433,5.3695,0
1980-02-27,5.3564,5.3564,5.2127,5.2258,0
1980-02-28,5.2258,5.2780,5.1996,5.1996,0
1980-02-29,5.2127,5.2388,5.2127,5.2258,0
1980-03-03,5.2258,5.2780,5.1735,5.1996,0
1980-03-04,5.1866,5.1866,5.1474,5.1735,0
1980-03-05,5.1735,5.1866,4.9514,4.9775,0
1980-03-06,4.9775,4.9906,4.8730,4.9122,0
1980-03-07,4.9122,5.0429,4.7946,4.9514,0
1980-03-10,4.9514,5.0559,4.9253,5.0559,0
1980-03-11,5.0559,5.1212,5.0559,5.0690,0
1980-03-12,5.0690,5.0951,4.9253,4.9906,0
1980-03-13,4.9906,5.0167,4.9383,4.9775,0
1980-03-14,4.9775,5.0429,4.9514,4.9906,0
1980-03-17,4.9906,5.0429,4.9383,4.9906,0
1980-03-18,4.9906,5.1082,4.9645,5.0820,0
1980-03-19,5.0820,5.1474,5.0167,5.0298,0
1980-03-20,5.0298,5.0429,4.9775,5.0037,0
1980-03-21,4.9775,4.9775,4.8600,4.8991,0
1980-03-24,4.8991,4.8991,4.8338,4.8338,0
1980-03-25,4.8600,4.9775,4.8600,4.9253,0
1980-03-26,4.9383,5.0820,4.9383,4.9775,0
1980-03-27,4.9775,5.0429,4.9514,5.0167,0
1980-03-28,5.0167,5.1996,5.0037,5.1866,0
1980-03-31,5.1866,5.2127,5.1082,5.1996,0
1980-04-01,5.1996,5.2127,5.1474,5.1735,0
1980-04-02,5.1996,5.3172,5.1996,5.2258,0
1980-04-03,5.2127,5.2127,5.1212,5.1735,0
1980-04-07,5.1474,5.1474,5.0429,5.0559,0
1980-04-08,5.0559,5.2649,5.0298,5.2519,0
1980-04-09,5.2519,5.4217,5.2519,5.2780,0
1980-04-10,5.2911,5.3956,5.2911,5.3041,0
1980-04-11,5.3041,5.3172,5.2127,5.2127,0
1980-04-14,5.2127,5.2649,5.1604,5.2127,0
1980-04-15,5.2127,5.2519,5.1735,5.2127,0
1980-04-16,5.2127,5.2780,5.1343,5.1996,0
1980-04-17,5.1604,5.1604,5.1212,5.1474,0
1980-04-18,5.1343,5.1343,5.0951,5.1343,0
1980-04-21,5.1082,5.1082,4.9906,5.0429,0
1980-04-22,5.1866,5.3303,5.1866,5.3303,0
1980-04-23,5.3303,5.3695,5.2519,5.3041,0
1980-04-24,5.3041,5.4478,5.2780,5.3564,0
1980-04-25,5.3564,5.4609,5.3564,5.4087,0
1980-04-28,5.5132,5.6307,5.5132,5.5654,0
1980-04-29,5.5654,5.6046,5.5262,5.5262,0
1980-04-30,5.5262,5.5785,5.4609,5.5132,0
1980-05-01,5.5132,5.5785,5.4609,5.4740,0
1980-05-02,5.4740,5.5785,5.4609,5.5654,0
1980-05-05,5.5654,5.6699,5.5393,5.6699,0
1980-05-06,5.6699,5.6699,5.5524,5.5654,0
1980-05-07,5.5654,5.6569,5.5524,5.6177,0
1980-05-08,5.6177,5.6569,5.5785,5.6046,0
1980-05-09,5.6046,5.6177,5.5524,5.5524,0
1980-05-12,5.5524,5.6177,5.5132,5.5654,0
1980-05-13,5.5654,5.6961,5.5524,5.6961,0
1980-05-14,5.6961,5.7353,5.6961,5.7091,0
1980-05-15,5.7091,5.7353,5.6830,5.7222,0
1980-05-16,5.7222,5.8137,5.6961,5.7875,0
1980-05-19,5.7353,5.7353,5.6961,5.7222,0
1980-05-20,5.7222,5.7353,5.6961,5.7353,0
1980-05-21,5.7353,5.7353,5.6569,5.6961,0
1980-05-22,5.6961,5.7745,5.6699,5.7483,0
1980-05-23,5.7483,5.8528,5.7483,5.7875,0
1980-05-27,5.7875,5.8398,5.7745,5.7875,0
1980-05-28,5.7875,5.8790,5.7483,5.7614,0
1980-05-29,5.7614,5.7745,5.7091,5.7353,0
1980-05-30,5.6830,5.6830,5.6046,5.6699,0
1980-06-02,5.6699,5.6830,5.6046,5.6177,0
1980-06-03,5.6177,5.6699,5.6046,5.6307,0
1980-06-04,5.6307,5.7222,5.6177,5.7091,0
1980-06-05,5.7091,5.8006,5.6830,5.7222,0
1980-06-06,5.7483,5.8398,5.7483,5.8398,0
1980-06-09,5.8398,5.8790,5.7745,5.7875,0
1980-06-10,5.7875,5.8398,5.7875,5.7875,0
1980-06-11,5.7875,5.8398,5.7483,5.7745,0
1980-06-12,5.7745,5.8006,5.6569,5.7483,0
1980-06-13,5.7483,5.7614,5.6961,5.7483,0
1980-06-16,5.7483,5.7745,5.7353,5.7745,0
1980-06-17,5.7745,5.8920,5.7483,5.8137,0
1980-06-18,5.7875,5.7875,5.7222,5.7875,0
1980-06-19,5.7875,5.8006,5.6438,5.6438,0
1980-06-20,5.6438,5.6699,5.6177,5.6569,0
1980-06-23,5.6438,5.6438,5.5654,5.5654,0
1980-06-24,5.5654,5.6307,5.5524,5.6177,0
1980-06-25,5.6177,5.6961,5.5916,5.6438,0
1980-06-26,5.6438,5.6830,5.6177,5.6307,0
1980-06-27,5.6307,5.6699,5.5916,5.6177,0
1980-06-30,5.6177,5.6177,5.5524,5.5524,0
1980-07-01,5.5524,5.6307,5.5262,5.5654,0
1980-07-02,5.5654,5.5785,5.4870,5.5393,0
1980-07-03,5.5393,5.6177,5.5132,5.6046,0
1980-07-07,5.6046,5.6438,5.5785,5.6307,0
1980-07-08,5.6307,5.6830,5.6307,5.6307,0
1980-07-09,5.6438,5.7875,5.6438,5.6699,0
1980-07-10,5.6699,5.7353,5.6699,5.6830,0
1980-07-11,5.6699,5.6699,5.5785,5.6699,0
1980-07-14,5.6699,5.8528,5.6438,5.8528,0
1980-07-15,5.8528,5.9443,5.8528,5.8659,0
1980-07-16,5.8659,5.9966,5.8528,5.8659,0
1980-07-17,5.8659,6.0227,5.8659,6.0096,0
1980-07-18,6.0096,6.1403,5.9966,6.0357,0
1980-07-21,6.0227,6.0227,5.8920,5.9312,0
1980-07-22,5.9312,6.0096,5.9051,5.9574,0
1980-07-23,5.9443,5.9443,5.8659,5.9051,0
1980-07-24,5.9051,5.9312,5.8137,5.8267,0
1980-07-25,5.8267,5.8267,5.7222,5.7222,0
1980-07-28,5.7222,5.8659,5.7091,5.8267,0
1980-07-29,5.8267,5.9966,5.8267,5.9574,0
1980-07-30,6.0096,6.2056,6.0096,6.1664,0
1980-07-31,6.1533,6.1533,6.0619,6.1403,0
1980-08-01,6.1403,6.1533,6.0357,6.0488,0
1980-08-04,6.0488,6.1272,6.0357,6.0880,0
1980-08-05,6.0880,6.1272,6.0749,6.1141,0
1980-08-06,6.1141,6.1533,6.0880,6.1403,0
1980-08-07,6.1403,6.2578,6.1141,6.2578,0
1980-08-08,6.2578,6.3362,6.1925,6.2056,0
1980-08-11,6.2056,6.2056,6.1272,6.1664,0
1980-08-12,6.1664,6.2056,6.0880,6.0880,0
1980-08-13,6.0880,6.1141,6.0357,6.0357,0
1980-08-14,6.0357,6.1664,6.0357,6.1533,0
1980-08-15,6.1533,6.2709,6.1533,6.2709,0
1980-08-18,6.2448,6.2448,6.1141,6.1533,0
1980-08-19,6.1533,6.1795,6.1011,6.1011,0
1980-08-20,6.1011,6.2056,6.0880,6.1533,0
1980-08-21,6.1795,6.2317,6.1795,6.1795,0
1980-08-22,6.2056,6.3101,6.2056,6.2056,0
1980-08-25,6.1664,6.1664,6.0880,6.1664,0
1980-08-26,6.1664,6.2056,6.1533,6.1925,0
1980-08-27,6.1925,6.2186,6.1011,6.1272,0
1980-08-28,6.1141,6.1141,6.0357,6.0488,0
1980-08-29,6.0488,6.0619,6.0227,6.0488,0
1980-09-02,6.0488,6.0619,6.0227,6.0488,0
1980-09-03,6.0619,6.1664,6.0619,6.1664,0
1980-09-04,6.1664,6.2578,6.1272,6.2056,0
1980-09-05,6.1272,6.1272,6.0619,6.0619,0
1980-09-08,6.0619,6.0880,5.9704,5.9704,0
1980-09-09,5.9574,5.9574,5.8398,5.9312,0
1980-09-10,5.9312,6.1011,5.9312,6.0227,0
1980-09-11,6.0619,6.1925,6.0619,6.1925,0
1980-09-12,6.1925,6.2317,6.1272,6.1403,0
1980-09-15,6.1403,6.1795,6.0488,6.0880,0
1980-09-16,6.1141,6.2056,6.1141,6.1925,0
1980-09-17,6.1925,6.3624,6.1795,6.2970,0
1980-09-18,6.3232,6.4277,6.3232,6.3754,0
1980-09-19,6.3754,6.4930,6.3362,6.4930,0
1980-09-22,6.4930,6.5714,6.4277,6.5322,0
1980-09-23,6.5322,6.5583,6.3754,6.3754,0
1980-09-24,6.3754,6.4407,6.2840,6.3624,0
1980-09-25,6.3624,6.4277,6.3362,6.3493,0
1980-09-26,6.3101,6.3101,6.2317,6.2578,0
1980-09-29,6.2448,6.2448,6.1272,6.1664,0
1980-09-30,6.1664,6.2578,6.1403,6.2317,0
1980-10-01,6.2056,6.2056,6.1011,6.1925,0
1980-10-02,6.1925,6.2056,6.0749,6.1403,0
1980-10-03,6.1403,6.1925,6.0749,6.1664,0
1980-10-06,6.1664,6.1795,6.1272,6.1272,0
1980-10-07,6.1272,6.1403,5.9835,6.0096,0
1980-10-08,6.0096,6.0096,5.9574,5.9574,0
1980-10-09,5.9574,5.9835,5.8267,5.8398,0
1980-10-10,5.8398,5.8920,5.8006,5.8006,0
1980-10-13,5.8006,5.9443,5.8006,5.9443,0
1980-10-14,5.9443,6.0096,5.8659,5.8920,0
1980-10-15,5.8920,5.9574,5.8790,5.9574,0
1980-10-16,5.9574,6.0096,5.8659,5.8659,0
1980-10-17,5.8659,5.9182,5.8267,5.8528,0
1980-10-20,5.8528,5.8659,5.8137,5.8659,0
1980-10-21,5.8659,5.8790,5.8137,5.8790,0
1980-10-22,5.8790,5.9312,5.8267,5.9182,0
1980-10-23,5.9182,5.9835,5.8137,5.8137,0
1980-10-24,5.8137,5.8398,5.7614,5.7745,0
1980-10-27,5.7745,5.7875,5.5785,5.7483,0
1980-10-28,5.7483,5.8398,5.6961,5.8006,0
1980-10-29,5.8267,5.9182,5.8267,5.9051,0
1980-10-30,5.9051,5.9182,5.7745,5.8006,0
1980-10-31,5.8006,5.8790,5.7483,5.8398,0
1980-11-03,5.8659,5.9966,5.8659,5.9966,0
1980-11-05,6.1141,6.2709,6.1141,6.1403,0
1980-11-06,6.1141,6.1141,6.0227,6.0357,0
1980-11-07,6.0357,6.0488,5.9835,6.0096,0
1980-11-10,6.0096,6.0227,5.9704,5.9835,0
1980-11-11,5.9835,6.0096,5.9182,5.9182,0
1980-11-12,5.9182,6.0357,5.9182,5.9966,0
1980-11-13,6.0096,6.0880,6.0096,6.0749,0
1980-11-14,6.0749,6.2056,6.0227,6.0880,0
1980-11-17,6.0749,6.0749,5.9835,6.0619,0
1980-11-18,6.1141,6.2056,6.1141,6.1533,0
1980-11-19,6.1795,6.3624,6.1795,6.2709,0
1980-11-20,6.2709,6.4015,6.2578,6.3232,0
1980-11-21,6.3232,6.3754,6.1664,6.2186,0
1980-11-24,6.2056,6.2056,6.0357,6.0619,0
1980-11-25,6.1011,6.2448,6.1011,6.2056,0
1980-11-26,6.2056,6.3624,6.1795,6.2970,0
1980-11-28,6.3101,6.3754,6.3101,6.3362,0
1980-12-01,6.3362,6.3362,6.1403,6.1664,0
1980-12-02,6.1664,6.2317,6.1011,6.2186,0
1980-12-03,6.2186,6.2448,6.1533,6.1664,0
1980-12-04,6.1664,6.2186,6.1141,6.1664,0
1980-12-05,6.1664,6.2448,6.1272,6.1403,0
1980-12-08,6.1403,6.1664,5.8137,5.9312,0
1980-12-09,5.9312,5.9443,5.8267,5.9051,0
1980-12-10,5.9051,5.9312,5.8528,5.8659,0
1980-12-11,5.8659,5.8790,5.7483,5.8267,0
1980-12-12,5.8267,5.9051,5.8006,5.8920,0
1980-12-15,5.8920,5.9051,5.8006,5.8006,0
1980-12-16,5.8006,5.8267,5.7614,5.8006,0
1980-12-17,5.8006,5.8398,5.7614,5.7875,0
1980-12-18,5.8137,5.9835,5.8137,5.8528,0
1980-12-19,5.8528,5.9051,5.8137,5.8528,0
1980-12-22,5.8528,5.9966,5.8267,5.9443,0
1980-12-23,5.9443,5.9966,5.8920,5.9051,0
1980-12-24,5.9312,6.0488,5.9312,6.0227,0
1980-12-26,6.0227,6.0488,6.0096,6.0357,0
1980-12-29,6.0749,6.1664,6.0749,6.1141,0
1980-12-30,6.1141,6.1272,6.0096,6.0619,0
1980-12-31,6.0880,6.1925,6.0880,6.1664,0
1981-01-02,6.1664,6.2186,6.1664,6.1925,0
1981-01-05,6.2578,6.4146,6.2578,6.3624,0
1981-01-06,6.4015,6.6106,6.4015,6.5975,0
1981-01-07,6.5453,6.5453,6.4407,6.5453,0
1981-01-08,6.5453,6.5583,6.4407,6.4538,0
1981-01-09,6.4538,6.5191,6.4277,6.4407,0
1981-01-12,6.4538,6.5975,6.4538,6.4669,0
1981-01-13,6.4669,6.4799,6.4277,6.4799,0
1981-01-14,6.4930,6.5583,6.4930,6.4930,0
1981-01-15,6.4930,6.5061,6.4669,6.4799,0
1981-01-16,6.4930,6.6106,6.4930,6.5322,0
1981-01-19,6.5322,6.5714,6.4799,6.5322,0
1981-01-20,6.5322,6.5322,6.3493,6.3493,0
1981-01-21,6.3101,6.3101,6.1925,6.2056,0
1981-01-22,6.2056,6.2186,6.1272,6.1664,0
1981-01-23,6.1664,6.1925,6.1403,6.1403,0
1981-01-26,6.1403,6.1925,6.1272,6.1925,0
1981-01-27,6.1925,6.2186,6.1011,6.1403,0
1981-01-28,6.1403,6.2317,6.1403,6.1403,0
1981-01-29,6.1403,6.1795,6.1011,6.1403,0
1981-01-30,6.1403,6.1795,5.9312,6.0749,0
1981-02-02,6.0619,6.0619,5.9574,6.0096,0
1981-02-03,6.0096,6.1403,5.9966,6.1403,0
1981-02-04,6.1403,6.1403,6.0488,6.1141,0
1981-02-05,6.1141,6.1795,6.1011,6.1664,0
1981-02-06,6.1664,6.1925,6.1272,6.1795,0
1981-02-09,6.1795,6.2186,6.1272,6.1403,0
1981-02-10,6.1403,6.1533,6.0619,6.1533,0
1981-02-11,6.1533,6.1664,6.0749,6.1272,0
1981-02-12,6.1272,6.1533,6.0749,6.0880,0
1981-02-13,6.0619,6.0619,5.9966,5.9966,0
1981-02-17,6.0227,6.0880,6.0227,6.0749,0
1981-02-18,6.1141,6.1533,6.1141,6.1403,0
1981-02-19,6.1403,6.1795,6.1011,6.1403,0
1981-02-20,6.1403,6.1403,6.0749,6.1272,0
1981-02-23,6.1403,6.2578,6.1403,6.2186,0
1981-02-24,6.2448,6.3624,6.2448,6.2970,0
1981-02-25,6.2970,6.3754,6.2317,6.3754,0
1981-02-26,6.3754,6.6236,6.3754,6.5975,0
1981-02-27,6.5975,6.6106,6.5061,6.5583,0
1981-03-02,6.5583,6.6498,6.5061,6.6236,0
1981-03-03,6.6106,6.6106,6.4407,6.4669,0
1981-03-04,6.4669,6.5975,6.4538,6.5191,0
1981-03-05,6.5061,6.5061,6.2709,6.3232,0
1981-03-06,6.3101,6.3101,6.1664,6.1925,0
1981-03-09,6.2186,6.3232,6.2186,6.2709,0
1981-03-10,6.2709,6.3362,6.2448,6.2448,0
1981-03-11,6.2448,6.2448,6.1664,6.2186,0
1981-03-12,6.2186,6.4538,6.2186,6.4538,0
1981-03-13,6.4538,6.5191,6.3754,6.3754,0
1981-03-16,6.3754,6.5453,6.2317,6.5191,0
1981-03-17,6.5191,6.5714,6.4015,6.4146,0
1981-03-18,6.4146,6.5191,6.4146,6.4799,0
1981-03-19,6.4930,6.5844,6.4930,6.5061,0
1981-03-20,6.5191,6.7412,6.5191,6.7020,0
1981-03-23,6.7020,6.7673,6.6759,6.7151,0
1981-03-24,6.7151,6.7543,6.5844,6.5844,0
1981-03-25,6.5975,6.7543,6.5975,6.7543,0
1981-03-26,6.7543,6.7804,6.7020,6.7151,0
1981-03-27,6.7151,6.7543,6.5714,6.5975,0
1981-03-30,6.5975,6.6236,6.4799,6.4799,0
1981-03-31,6.5191,6.6628,6.5191,6.5975,0
1981-04-01,6.5975,6.6628,6.5583,6.5975,0
1981-04-02,6.5975,6.6628,6.5975,6.6367,0
1981-04-03,6.6367,6.6759,6.5714,6.5844,0
1981-04-06,6.5844,6.5844,6.4538,6.5583,0
1981-04-07,6.5583,6.5844,6.4538,6.4538,0
1981-04-08,6.4538,6.4799,6.3885,6.4146,0
1981-04-09,6.4146,6.4669,6.3885,6.4407,0
1981-04-10,6.4407,6.5322,6.4146,6.4407,0
1981-04-13,6.4407,6.4930,6.4015,6.4277,0
1981-04-14,6.4277,6.5061,6.4277,6.4669,0
1981-04-15,6.4669,6.6890,6.4538,6.6106,0
1981-04-16,6.6106,6.6628,6.5583,6.6106,0
1981-04-20,6.6106,6.6367,6.5191,6.6367,0
1981-04-21,6.6367,6.6759,6.5844,6.5975,0
1981-04-22,6.5975,6.6106,6.5061,6.5844,0
1981-04-23,6.5844,6.7935,6.5844,6.6890,0
1981-04-24,6.6890,6.7020,6.6498,6.6498,0
1981-04-27,6.6498,6.6628,6.5975,6.6236,0
1981-04-28,6.6236,6.6367,6.5322,6.5453,0
1981-04-29,6.5061,6.5061,6.3885,6.4799,0
1981-04-30,6.4799,6.4930,6.2840,6.3232,0
1981-05-01,6.3232,6.3885,6.2840,6.2970,0
1981-05-04,6.2709,6.2709,6.1795,6.2448,0
1981-05-05,6.2448,6.2578,6.2317,6.2448,0
1981-05-06,6.2448,6.2970,6.2448,6.2448,0
1981-05-07,6.2448,6.2709,6.2186,6.2186,0
1981-05-08,6.2186,6.2448,6.1925,6.2317,0
1981-05-11,6.2317,6.2578,6.1272,6.1533,0
1981-05-12,6.1533,6.1533,6.0749,6.1403,0
1981-05-13,6.1403,6.1795,6.0880,6.0880,0
1981-05-14,6.0488,6.0488,5.9312,5.9966,0
1981-05-15,5.9966,6.0227,5.9443,5.9574,0
1981-05-18,5.9574,5.9574,5.8790,5.8920,0
1981-05-19,5.8920,5.9182,5.8790,5.8920,0
1981-05-20,5.8920,5.9051,5.8528,5.8659,0
1981-05-21,5.8659,5.9051,5.8398,5.8528,0
1981-05-22,5.8528,5.8659,5.8006,5.8528,0
1981-05-26,5.8528,5.8790,5.8006,5.8790,0
1981-05-27,5.8920,6.0096,5.8920,5.9704,0
1981-05-28,5.9704,6.0227,5.8659,5.9051,0
1981-05-29,5.9051,5.9312,5.8528,5.8790,0
1981-06-01,5.9051,6.1403,5.9051,6.1011,0
1981-06-02,6.1011,6.2056,6.0357,6.0357,0
1981-06-03,6.0357,6.0357,5.9574,5.9966,0
1981-06-04,6.0227,6.1664,6.0227,6.1533,0
1981-06-05,6.1664,6.4015,6.1664,6.3232,0
1981-06-08,6.3232,6.4015,6.2970,6.3885,0
1981-06-09,6.3885,6.4277,6.3754,6.3754,0
1981-06-10,6.3754,6.3885,6.2709,6.2709,0
1981-06-11,6.2709,6.3232,6.2317,6.3232,0
1981-06-12,6.3232,6.3754,6.2317,6.2317,0
1981-06-15,6.2578,6.3362,6.2578,6.2578,0
1981-06-16,6.2448,6.2448,6.0619,6.1533,0
1981-06-17,6.1533,6.1664,6.0749,6.1141,0
1981-06-18,6.1011,6.1011,5.9835,5.9835,0
1981-06-19,5.9835,6.0357,5.9704,6.0096,0
1981-06-22,6.0227,6.0880,6.0227,6.0619,0
1981-06-23,6.0619,6.1141,6.0488,6.1141,0
1981-06-24,6.1141,6.1664,6.0096,6.0227,0
1981-06-25,6.0227,6.0619,5.9704,5.9835,0
1981-06-26,5.9835,6.0619,5.9574,6.0227,0
1981-06-29,6.0227,6.0880,6.0227,6.0749,0
1981-06-30,6.0619,6.0619,6.0096,6.0096,0
1981-07-01,6.0096,6.0096,5.9443,5.9835,0
1981-07-02,5.9835,5.9966,5.9312,5.9443,0
1981-07-06,5.9312,5.9312,5.8790,5.9312,0
1981-07-07,5.9312,5.9966,5.9182,5.9574,0
1981-07-08,5.9574,6.0357,5.9443,5.9443,0
1981-07-09,5.9443,5.9704,5.9182,5.9574,0
1981-07-10,5.9574,5.9704,5.9182,5.9312,0
1981-07-13,5.9312,5.9574,5.9182,5.9312,0
1981-07-14,5.9182,5.9182,5.8528,5.8659,0
1981-07-15,5.8659,5.8920,5.8267,5.8790,0
1981-07-16,5.8790,5.8920,5.8398,5.8790,0
1981-07-17,5.8790,5.9051,5.8528,5.8659,0
1981-07-20,5.8659,5.8659,5.6961,5.6961,0
1981-07-21,5.6961,5.7091,5.5262,5.5785,0
1981-07-22,5.5785,5.5916,5.3172,5.3172,0
1981-07-23,5.3172,5.4870,5.2649,5.4870,0
1981-07-24,5.4870,5.6046,5.4870,5.5654,0
1981-07-27,5.5654,5.6438,5.5654,5.6307,0
1981-07-28,5.6307,5.6307,5.5654,5.5916,0
1981-07-29,5.5916,5.6699,5.5785,5.5916,0
1981-07-30,5.5916,5.6699,5.5916,5.6569,0
1981-07-31,5.6569,5.7353,5.6569,5.6699,0
1981-08-03,5.6699,5.7091,5.5654,5.5785,0
1981-08-04,5.5785,5.6177,5.5524,5.5785,0
1981-08-05,5.5785,5.6438,5.5654,5.5654,0
1981-08-06,5.5654,5.6046,5.5524,5.5654,0
1981-08-07,5.5654,5.6046,5.5654,5.5785,0
1981-08-10,5.5785,5.6569,5.5785,5.6569,0
1981-08-11,5.6569,5.6699,5.6177,5.6438,0
1981-08-12,5.6438,5.6699,5.6046,5.6046,0
1981-08-13,5.5916,5.5916,5.5001,5.5262,0
1981-08-14,5.5132,5.5132,5.4348,5.5001,0
1981-08-17,5.4609,5.4609,5.4087,5.4217,0
1981-08-18,5.4087,5.4087,5.3303,5.3695,0
1981-08-19,5.3695,5.4087,5.3303,5.3825,0
1981-08-20,5.3825,5.4217,5.3695,5.3956,0
1981-08-21,5.3695,5.3695,5.3172,5.3564,0
1981-08-24,5.3564,5.3564,5.2780,5.2911,0
1981-08-25,5.2911,5.3825,5.2649,5.3695,0
1981-08-26,5.3695,5.3956,5.2258,5.2780,0
1981-08-27,5.2780,5.3172,5.2388,5.2780,0
1981-08-28,5.2780,5.3956,5.2519,5.3695,0
1981-08-31,5.3695,5.4478,5.3564,5.3695,0
1981-09-01,5.3695,5.4087,5.3041,5.3825,0
1981-09-02,5.3825,5.4217,5.3825,5.3956,0
1981-09-03,5.3956,5.3956,5.2780,5.2780,0
1981-09-04,5.2780,5.3041,5.2258,5.2388,0
1981-09-08,5.2388,5.2649,5.0690,5.1082,0
1981-09-09,5.1082,5.1735,5.0690,5.0690,0
1981-09-10,5.0820,5.1343,5.0820,5.1082,0
1981-09-11,5.1474,5.2127,5.1474,5.1996,0
1981-09-14,5.1996,5.2519,5.1996,5.2258,0
1981-09-15,5.2258,5.2649,5.1604,5.1604,0
1981-09-16,5.1604,5.1866,5.1604,5.1735,0
1981-09-17,5.1735,5.2519,5.1735,5.1735,0
1981-09-18,5.1735,5.2127,5.1343,5.1735,0
1981-09-21,5.1735,5.2649,5.1604,5.2388,0
1981-09-22,5.2388,5.2649,5.1474,5.2127,0
1981-09-23,5.1996,5.1996,5.1212,5.1735,0
1981-09-24,5.1735,5.2258,5.1212,5.1212,0
1981-09-25,5.1212,5.1212,5.0298,5.0951,0
1981-09-28,5.0951,5.1866,5.0298,5.1604,0
1981-09-29,5.2258,5.3041,5.2258,5.2649,0
1981-09-30,5.2649,5.2649,5.1996,5.2258,0
1981-10-01,5.2258,5.2388,5.1996,5.2258,0
1981-10-02,5.2258,5.2519,5.1866,5.1866,0
1981-10-05,5.1866,5.2649,5.1604,5.1735,0
1981-10-06,5.1735,5.1735,5.0951,5.1082,0
1981-10-07,5.1082,5.1604,5.0951,5.1474,0
1981-10-08,5.1604,5.3433,5.1604,5.3172,0
1981-10-09,5.3303,5.5654,5.3303,5.4478,0
1981-10-12,5.4478,5.5001,5.4348,5.4740,0
1981-10-13,5.4740,5.4740,5.3825,5.3825,0
1981-10-14,5.3825,5.3956,5.3172,5.3172,0
1981-10-15,5.3172,5.3695,5.3041,5.3303,0
1981-10-16,5.3303,5.3825,5.3303,5.3825,0
1981-10-19,5.3825,5.4087,5.3564,5.3956,0
1981-10-20,5.3956,5.4609,5.3956,5.3956,0
1981-10-21,5.3956,5.4740,5.3956,5.4217,0
1981-10-22,5.4087,5.4087,5.2649,5.2780,0
1981-10-23,5.2780,5.3041,5.1082,5.1866,0
1981-10-26,5.1604,5.1604,5.0951,5.1212,0
1981-10-27,5.1212,5.2388,5.1212,5.1996,0
1981-10-28,5.1866,5.1866,5.1082,5.1343,0
1981-10-29,5.1212,5.1212,5.0167,5.0559,0
1981-10-30,5.0820,5.1866,5.0820,5.1866,0
1981-11-02,5.2127,5.3041,5.2127,5.2780,0
1981-11-03,5.2780,5.3433,5.2519,5.2519,0
1981-11-04,5.2780,5.3825,5.2780,5.3303,0
1981-11-05,5.3433,5.4217,5.3433,5.3433,0
1981-11-06,5.3433,5.4087,5.3172,5.3695,0
1981-11-09,5.3695,5.3825,5.2911,5.3825,0
1981-11-10,5.3825,5.4478,5.3433,5.3956,0
1981-11-11,5.3956,5.3956,5.3564,5.3825,0
1981-11-12,5.3825,5.4609,5.3695,5.4087,0
1981-11-13,5.4087,5.4087,5.3303,5.3695,0
1981-11-16,5.2780,5.2780,5.1866,5.2388,0
1981-11-17,5.2388,5.2780,5.1996,5.2780,0
1981-11-18,5.2780,5.2911,5.1996,5.2127,0
1981-11-19,5.2127,5.3825,5.2127,5.3564,0
1981-11-20,5.3564,5.5132,5.3564,5.5132,0
1981-11-23,5.5132,5.5524,5.4740,5.5001,0
1981-11-24,5.5001,5.5785,5.4870,5.5393,0
1981-11-25,5.5654,5.6307,5.5654,5.6177,0
1981-11-27,5.6046,5.6046,5.5785,5.5916,0
1981-11-30,5.5916,5.6830,5.5654,5.6699,0
1981-12-01,5.6699,5.7091,5.6307,5.6699,0
1981-12-02,5.6699,5.6699,5.6177,5.6177,0
1981-12-03,5.6177,5.6438,5.5524,5.6046,0
1981-12-04,5.6177,5.6961,5.6177,5.6830,0
1981-12-07,5.6830,5.7091,5.6438,5.6569,0
1981-12-08,5.6569,5.7222,5.5916,5.7222,0
1981-12-09,5.7222,5.7745,5.6961,5.6961,0
1981-12-10,5.6961,5.7483,5.6830,5.7353,0
1981-12-11,5.7353,5.7875,5.7222,5.7483,0
1981-12-14,5.7222,5.7222,5.6830,5.6961,0
1981-12-15,5.6961,5.7091,5.6177,5.6961,0
1981-12-16,5.6961,5.6961,5.6177,5.6699,0
1981-12-17,5.6699,5.7222,5.6569,5.6830,0
1981-12-18,5.6830,5.7222,5.6569,5.6961,0
1981-12-21,5.6961,5.7091,5.6177,5.6569,0
1981-12-22,5.6569,5.6830,5.6438,5.6438,0
1981-12-23,5.6438,5.6830,5.6177,5.6307,0
1981-12-24,5.6307,5.6438,5.5524,5.5916,0
1981-12-28,5.5916,5.6307,5.5654,5.6177,0
1981-12-29,5.6177,5.6961,5.5916,5.6438,0
1981-12-30,5.6438,5.7353,5.6046,5.6438,0
1981-12-31,5.6438,5.6961,5.5916,5.6961,0
1982-01-04,5.6961,5.7222,5.6569,5.6699,0
1982-01-05,5.6699,5.6961,5.6438,5.6699,0
1982-01-06,5.6438,5.6699,5.6177,5.6307,0
1982-01-07,5.5916,5.6307,5.5393,5.5654,0
1982-01-08,5.6177,5.6699,5.5654,5.6177,0
1982-01-11,5.5524,5.6569,5.4478,5.4740,0
1982-01-12,5.4740,5.5001,5.4348,5.4348,0
1982-01-13,5.4609,5.5001,5.4217,5.4609,0
1982-01-14,5.5001,5.5393,5.4478,5.5262,0
1982-01-15,5.6046,5.6830,5.5262,5.6307,0
1982-01-18,5.6569,5.7483,5.5654,5.7222,0
1982-01-19,5.7483,5.8006,5.6830,5.6830,0
1982-01-20,5.7483,5.8006,5.6961,5.7353,0
1982-01-21,5.7614,5.8006,5.7091,5.7222,0
1982-01-22,5.7483,5.7614,5.7222,5.7222,0
1982-01-25,5.6830,5.7222,5.6307,5.6961,0
1982-01-26,5.7222,5.7614,5.6699,5.6961,0
1982-01-27,5.7091,5.7614,5.6569,5.7222,0
1982-01-28,5.8137,5.8659,5.7614,5.8528,0
1982-01-29,5.8528,5.8920,5.8137,5.8659,0
1982-02-01,5.7483,5.8267,5.6569,5.6569,0
1982-02-02,5.7483,5.8006,5.6961,5.7483,0
1982-02-03,5.8137,5.8659,5.7483,5.8006,0
1982-02-04,5.8137,5.8659,5.7614,5.8267,0
1982-02-05,5.8790,5.9182,5.8267,5.8790,0
1982-02-08,5.8398,5.8920,5.7875,5.7875,0
1982-02-09,5.8137,5.8398,5.7745,5.8137,0
1982-02-10,5.8267,5.8398,5.8006,5.8006,0
1982-02-11,5.7614,5.7745,5.7353,5.7483,0
1982-02-12,5.7614,5.7745,5.7353,5.7483,0
1982-02-16,5.7483,5.8006,5.6961,5.8006,0
1982-02-17,5.7614,5.8137,5.7091,5.7091,0
1982-02-18,5.7483,5.7875,5.7091,5.7222,0
1982-02-19,5.7222,5.7614,5.6830,5.7222,0
1982-02-22,5.7222,5.7745,5.6699,5.6961,0
1982-02-23,5.6438,5.7091,5.5785,5.6438,0
1982-02-24,5.6830,5.7745,5.5785,5.7745,0
1982-02-25,5.8267,5.8790,5.7614,5.8267,0
1982-02-26,5.7875,5.8267,5.7353,5.7353,0
1982-03-01,5.7875,5.8267,5.7353,5.8006,0
1982-03-02,5.8528,5.8790,5.8137,5.8267,0
1982-03-03,5.7745,5.8137,5.7222,5.7483,0
1982-03-04,5.7091,5.7745,5.6438,5.7091,0
1982-03-05,5.6307,5.6830,5.5654,5.6438,0
1982-03-08,5.5654,5.6699,5.4478,5.4478,0
1982-03-09,5.4087,5.4609,5.3564,5.4087,0
1982-03-10,5.4348,5.4740,5.3956,5.3956,0
1982-03-11,5.3695,5.4217,5.3172,5.3433,0
1982-03-12,5.2388,5.2780,5.1996,5.2649,0
1982-03-15,5.2127,5.2519,5.1604,5.2258,0
1982-03-16,5.2388,5.2649,5.2127,5.2258,0
1982-03-17,5.2519,5.2780,5.2127,5.2127,0
1982-03-18,5.2780,5.3172,5.2258,5.3172,0
1982-03-19,5.3433,5.3956,5.2911,5.3695,0
1982-03-22,5.4478,5.5132,5.3825,5.4609,0
1982-03-23,5.6177,5.6699,5.5654,5.6438,0
1982-03-24,5.6438,5.6699,5.6177,5.6438,0
1982-03-25,5.6699,5.7483,5.5785,5.7091,0
1982-03-26,5.6961,5.7222,5.6569,5.7091,0
1982-03-29,5.6699,5.7222,5.6046,5.6699,0
1982-03-30,5.7091,5.7353,5.6699,5.6961,0
1982-03-31,5.6961,5.7222,5.6699,5.6961,0
1982-04-01,5.6961,5.7745,5.6046,5.7353,0
1982-04-02,5.7614,5.8137,5.6961,5.7745,0
1982-04-05,5.7483,5.8006,5.6830,5.6961,0
1982-04-06,5.6699,5.7222,5.6177,5.6699,0
1982-04-07,5.6569,5.6699,5.6307,5.6569,0
1982-04-08,5.7091,5.7745,5.6307,5.7091,0
1982-04-12,5.7614,5.7875,5.7222,5.7483,0
1982-04-13,5.8006,5.8528,5.7483,5.7483,0
1982-04-14,5.7353,5.7614,5.6961,5.7222,0
1982-04-15,5.7353,5.7483,5.7091,5.7483,0
1982-04-16,5.7875,5.8267,5.7353,5.8267,0
1982-04-19,5.8528,5.9051,5.8006,5.8398,0
1982-04-20,5.8137,5.8528,5.7745,5.8137,0
1982-04-21,5.8267,5.8528,5.7875,5.8528,0
1982-04-22,5.8790,5.9051,5.8398,5.8790,0
1982-04-23,5.8920,5.9182,5.8659,5.8920,0
1982-04-26,5.9051,5.9704,5.8267,5.9704,0
1982-04-27,5.8920,5.9704,5.8006,5.8137,0
1982-04-28,5.8006,5.8528,5.7483,5.8137,0
1982-04-29,5.7745,5.8006,5.7353,5.7614,0
1982-04-30,5.7222,5.7614,5.6830,5.7353,0
1982-05-03,5.7353,5.7745,5.6830,5.7745,0
1982-05-04,5.8267,5.8528,5.7875,5.8006,0
1982-05-05,5.8137,5.8398,5.7875,5.8006,0
1982-05-06,5.9051,5.9966,5.8006,5.8790,0
1982-05-07,5.8920,5.9182,5.8528,5.8790,0
1982-05-10,5.8790,5.9051,5.8398,5.8659,0
1982-05-11,5.8920,5.9182,5.8528,5.8659,0
1982-05-12,5.8659,5.9312,5.8006,5.8398,0
1982-05-13,5.7875,5.8267,5.7483,5.7614,0
1982-05-14,5.7875,5.8267,5.7483,5.8006,0
1982-05-17,5.6699,5.7353,5.5916,5.5916,0
1982-05-18,5.5654,5.6177,5.5132,5.5393,0
1982-05-19,5.4870,5.5785,5.3956,5.4348,0
1982-05-20,5.4609,5.4740,5.4348,5.4740,0
1982-05-21,5.5262,5.5524,5.4870,5.5393,0
1982-05-24,5.5262,5.5654,5.4870,5.5524,0
1982-05-25,5.5916,5.6177,5.5524,5.5654,0
1982-05-26,5.5393,5.5524,5.5132,5.5262,0
1982-05-27,5.4609,5.5001,5.4217,5.4609,0
1982-05-28,5.4348,5.5132,5.3564,5.3695,0
1982-06-01,5.3303,5.3695,5.2780,5.3303,0
1982-06-02,5.3433,5.3825,5.2911,5.3303,0
1982-06-03,5.3172,5.3695,5.2649,5.3172,0
1982-06-04,5.2388,5.3564,5.1212,5.1474,0
1982-06-07,5.1866,5.2649,5.0951,5.2258,0
1982-06-08,5.2649,5.3041,5.2258,5.2519,0
1982-06-09,5.2258,5.2649,5.1866,5.2127,0
1982-06-10,5.2649,5.3041,5.2258,5.2780,0
1982-06-11,5.3825,5.4217,5.3433,5.3825,0
1982-06-14,5.3695,5.4087,5.3303,5.3564,0
1982-06-15,5.3825,5.4087,5.3433,5.3956,0
1982-06-16,5.4087,5.4478,5.3695,5.3825,0
1982-06-17,5.3564,5.3695,5.3303,5.3433,0
1982-06-18,5.3303,5.3564,5.3041,5.3172,0
1982-06-21,5.3695,5.4087,5.3172,5.3564,0
1982-06-22,5.4217,5.4870,5.3433,5.4870,0
1982-06-23,5.5262,5.5916,5.4609,5.5916,0
1982-06-24,5.5654,5.6046,5.5132,5.5524,0
1982-06-25,5.5132,5.5262,5.5001,5.5132,0
1982-06-28,5.5262,5.5654,5.4740,5.5262,0
1982-06-29,5.5785,5.6177,5.5393,5.6177,0
1982-06-30,5.6046,5.6830,5.5262,5.5654,0
1982-07-01,5.5001,5.5654,5.4348,5.4740,0
1982-07-02,5.4217,5.4478,5.3825,5.4087,0
1982-07-06,5.4087,5.4217,5.3825,5.4217,0
1982-07-07,5.4348,5.4609,5.3956,5.4348,0
1982-07-08,5.4348,5.4870,5.3825,5.4478,0
1982-07-09,5.5132,5.5785,5.4348,5.5001,0
1982-07-12,5.7483,5.8137,5.6699,5.8137,0
1982-07-13,5.7353,5.8137,5.6699,5.7614,0
1982-07-14,5.7353,5.8137,5.6699,5.8137,0
1982-07-15,5.8267,5.8790,5.7614,5.8267,0
1982-07-16,5.8659,5.9051,5.8137,5.8920,0
1982-07-19,5.8920,5.9182,5.8528,5.8659,0
1982-07-20,5.8398,5.8790,5.7875,5.8398,0
1982-07-21,5.8920,5.9182,5.8528,5.8920,0
1982-07-22,5.8920,5.9182,5.8528,5.9051,0
1982-07-23,5.8528,5.9051,5.7875,5.8790,0
1982-07-26,5.8137,5.8528,5.7614,5.8006,0
1982-07-27,5.7875,5.8267,5.7483,5.7483,0
1982-07-28,5.6699,5.7483,5.5785,5.5916,0
1982-07-29,5.5524,5.6046,5.5262,5.5785,0
1982-07-30,5.5654,5.5785,5.5524,5.5524,0
1982-08-02,5.6569,5.7222,5.5785,5.6961,0
1982-08-03,5.7614,5.8137,5.7091,5.7353,0
1982-08-04,5.7091,5.7483,5.6699,5.6699,0
1982-08-05,5.5654,5.6438,5.4870,5.5132,0
1982-08-06,5.5001,5.5262,5.4740,5.4740,0
1982-08-09,5.4348,5.4740,5.3825,5.4609,0
1982-08-10,5.4478,5.4870,5.4087,5.4087,0
1982-08-11,5.3956,5.4217,5.3695,5.3956,0
1982-08-12,5.4609,5.4870,5.4217,5.4478,0
1982-08-13,5.4870,5.5393,5.4348,5.5393,0
1982-08-16,5.4740,5.5262,5.4087,5.4217,0
1982-08-17,5.5393,5.6569,5.4087,5.6438,0
1982-08-18,5.8137,5.8528,5.7614,5.7745,0
1982-08-19,5.8659,5.9574,5.7745,5.9051,0
1982-08-20,6.0227,6.1533,5.8920,6.1533,0
1982-08-23,6.2840,6.4015,6.1533,6.3232,0
1982-08-24,6.2056,6.2709,6.1403,6.1664,0
1982-08-25,6.1925,6.2709,6.1141,6.1925,0
1982-08-26,6.2578,6.3232,6.1925,6.1925,0
1982-08-27,6.2317,6.2840,6.1795,6.2186,0
1982-08-30,6.2840,6.4015,6.1664,6.3754,0
1982-08-31,6.4538,6.5191,6.3885,6.4277,0
1982-09-01,6.3754,6.4799,6.2709,6.3232,0
1982-09-02,6.3493,6.4407,6.2578,6.4146,0
1982-09-03,6.5583,6.5975,6.5061,6.5583,0
1982-09-07,6.4930,6.5714,6.4015,6.4538,0
1982-09-08,6.5191,6.6106,6.4146,6.5322,0
1982-09-09,6.5322,6.5583,6.3493,6.3754,0
1982-09-10,6.2970,6.3493,6.2448,6.3101,0
1982-09-13,6.3754,6.5061,6.2317,6.4669,0
1982-09-14,6.5191,6.5714,6.4669,6.5453,0
1982-09-15,6.6367,6.7673,6.4930,6.7543,0
1982-09-16,6.7804,6.8588,6.7020,6.7543,0
1982-09-17,6.7804,6.8327,6.7151,6.7412,0
1982-09-20,6.7543,6.8065,6.6890,6.8065,0
1982-09-21,6.9633,7.1070,6.8065,7.0548,0
1982-09-22,6.9764,7.0940,6.8588,6.8588,0
1982-09-23,6.8849,6.9503,6.8196,6.8719,0
1982-09-24,6.8327,6.8719,6.7935,6.8196,0
1982-09-27,6.8196,6.8849,6.7543,6.8719,0
1982-09-28,6.9372,7.0025,6.8719,6.9503,0
1982-09-29,6.8065,6.9372,6.6759,6.7151,0
1982-09-30,6.6628,6.7020,6.6236,6.6498,0
1982-10-01,6.7543,6.8327,6.6628,6.8065,0
1982-10-04,6.7412,6.7673,6.7020,6.7543,0
1982-10-05,6.8327,6.9111,6.7412,6.8719,0
1982-10-06,7.0286,7.1593,6.8849,7.1332,0
1982-10-07,7.3814,7.4598,7.3030,7.4206,0
1982-10-08,7.6296,7.7864,7.4728,7.7864,0
1982-10-11,7.8909,8.0085,7.7733,7.8909,0
1982-10-12,7.7994,7.9170,7.6819,7.7080,0
1982-10-13,7.7341,7.8648,7.6035,7.7864,0
1982-10-14,7.6819,7.7864,7.5773,7.6296,0
1982-10-15,7.6688,7.7341,7.5904,7.7210,0
1982-10-18,7.8517,7.9693,7.7341,7.9431,0
1982-10-19,7.8256,7.9693,7.6688,7.7994,0
1982-10-20,7.8256,7.9170,7.7210,7.9170,0
1982-10-21,7.8778,7.9954,7.7602,7.9693,0
1982-10-22,7.9040,7.9823,7.8125,7.8125,0
1982-10-25,7.7080,7.7733,7.6427,7.6557,0
1982-10-26,7.6296,7.7341,7.5120,7.7210,0
1982-10-27,7.7602,7.7994,7.7080,7.7341,0
1982-10-28,7.6427,7.7472,7.5381,7.5512,0
1982-10-29,7.5512,7.6165,7.4728,7.6035,0
1982-11-01,7.6165,7.7080,7.5120,7.6949,0
1982-11-02,7.7602,7.8386,7.6819,7.6949,0
1982-11-03,8.0085,8.2044,7.8125,8.2044,0
1982-11-04,8.1130,8.2959,7.9301,7.9431,0
1982-11-05,8.0215,8.0869,7.9431,7.9954,0
1982-11-08,7.8386,7.9301,7.7341,7.8256,0
1982-11-09,7.9562,8.0999,7.8125,8.0738,0
1982-11-10,8.0477,8.1783,7.9040,7.9823,0
1982-11-11,7.9431,8.0738,7.8125,8.0738,0
1982-11-12,7.9562,8.0477,7.8517,7.8517,0
1982-11-15,7.6557,7.7080,7.6035,7.6557,0
1982-11-16,7.5512,7.6688,7.4336,7.5512,0
1982-11-17,7.6427,7.7080,7.5773,7.6819,0
1982-11-18,7.6819,7.7080,7.6427,7.6688,0
1982-11-19,7.6557,7.7472,7.5643,7.6688,0
1982-11-22,7.4206,7.5643,7.2638,7.3161,0
1982-11-23,7.2377,7.3552,7.1201,7.1201,0
1982-11-24,7.2638,7.3422,7.1854,7.2638,0
1982-11-26,7.3161,7.3552,7.2769,7.3161,0
1982-11-29,7.2899,7.3552,7.2246,7.2246,0
1982-11-30,7.4990,7.7602,7.2377,7.7472,0
1982-12-01,7.7341,7.8648,7.6035,7.6296,0
1982-12-02,7.7080,7.7341,7.6688,7.6819,0
1982-12-03,7.7602,7.8256,7.6819,7.7341,0
1982-12-06,7.8125,7.9431,7.6688,7.8778,0
1982-12-07,7.9301,8.0346,7.8125,7.8909,0
1982-12-08,7.8386,7.9562,7.7080,7.7341,0
1982-12-09,7.5381,7.5904,7.4859,7.4990,0
1982-12-10,7.4206,7.5512,7.2769,7.3683,0
1982-12-13,7.3814,7.4467,7.3030,7.4206,0
1982-12-14,7.5120,7.6819,7.3422,7.3683,0
1982-12-15,7.3161,7.3552,7.2769,7.3291,0
1982-12-16,7.3552,7.4075,7.3030,7.3030,0
1982-12-17,7.3944,7.4728,7.3161,7.4467,0
1982-12-20,7.5773,7.6819,7.4598,7.4859,0
1982-12-21,7.6557,7.8125,7.4990,7.7341,0
1982-12-22,7.7080,7.7733,7.6296,7.7341,0
1982-12-23,7.7733,7.8648,7.6819,7.8256,0
1982-12-27,7.9431,8.0869,7.7994,8.0869,0
1982-12-28,8.0085,8.0869,7.9301,7.9693,0
1982-12-29,8.0085,8.0869,7.9170,7.9693,0
1982-12-30,7.9693,8.0738,7.8648,7.8648,0
1982-12-31,7.8778,7.9040,7.8386,7.8386,0
1983-01-03,7.7210,7.8386,7.5904,7.6557,0
1983-01-04,7.7210,7.8386,7.6035,7.8386,0
1983-01-05,7.7210,7.8386,7.5904,7.6296,0
1983-01-06,7.7602,7.8778,7.6427,7.7472,0
1983-01-07,7.8517,7.9431,7.7472,7.8909,0
1983-01-10,7.9823,8.1130,7.8517,8.0477,0
1983-01-11,8.0999,8.1652,8.0346,8.1260,0
1983-01-12,8.2175,8.3481,8.0738,8.2175,0
1983-01-13,8.1914,8.2567,8.1260,8.1783,0
1983-01-14,8.2959,8.3873,8.1914,8.3481,0
1983-01-17,8.4135,8.4657,8.3481,8.3873,0
1983-01-18,8.3351,8.3873,8.2698,8.3351,0
1983-01-19,8.2828,8.3612,8.1914,8.2828,0
1983-01-20,8.2175,8.2828,8.1522,8.2306,0
1983-01-21,8.1130,8.2175,8.0085,8.0869,0
1983-01-24,7.9040,7.9823,7.8256,7.8648,0
1983-01-25,7.8517,7.9301,7.7602,7.7864,0
1983-01-26,7.7210,7.8125,7.6165,7.7341,0
1983-01-27,7.7602,7.8256,7.6819,7.8125,0
1983-01-28,7.8909,7.9431,7.8386,7.8517,0
1983-01-31,7.8648,7.9040,7.8125,7.8648,0
1983-02-01,7.8778,7.9693,7.7864,7.8256,0
1983-02-02,7.8648,7.9562,7.7733,7.9170,0
1983-02-03,7.9562,7.9823,7.9301,7.9562,0
1983-02-04,7.9954,8.0869,7.8909,8.0477,0
1983-02-07,8.1391,8.2044,8.0738,8.0999,0
1983-02-08,8.0215,8.1260,7.9170,7.9562,0
1983-02-09,7.9562,8.0085,7.9040,7.9693,0
1983-02-10,8.0999,8.1914,7.9954,8.1522,0
1983-02-11,8.2175,8.2959,8.1260,8.1914,0
1983-02-14,8.2567,8.3612,8.1522,8.3220,0
1983-02-15,8.2828,8.3351,8.2175,8.2175,0
1983-02-16,8.1260,8.2436,7.9954,8.0477,0
1983-02-17,8.0085,8.0869,7.9170,7.9693,0
1983-02-18,7.8909,7.9431,7.8256,7.9301,0
1983-02-22,7.9170,7.9562,7.8778,7.9170,0
1983-02-23,7.9823,8.0477,7.9170,7.9954,0
1983-02-24,8.2044,8.3612,8.0346,8.3612,0
1983-02-25,8.3351,8.4265,8.2306,8.2436,0
1983-02-28,8.1914,8.2698,8.1130,8.1652,0
1983-03-01,8.2698,8.3351,8.1914,8.3089,0
1983-03-02,8.3351,8.4004,8.2698,8.3743,0
1983-03-03,8.4004,8.4918,8.3089,8.3089,0
1983-03-04,8.3351,8.4004,8.2698,8.3481,0
1983-03-07,8.4918,8.6225,8.3481,8.5441,0
1983-03-08,8.4527,8.5702,8.3351,8.3351,0
1983-03-09,8.3743,8.4396,8.3089,8.3612,0
1983-03-10,8.3089,8.3873,8.2306,8.2567,0
1983-03-11,8.2175,8.3089,8.1130,8.1522,0
1983-03-14,8.1130,8.1783,8.0477,8.1130,0
1983-03-15,8.1522,8.2044,8.0999,8.1522,0
1983-03-16,8.2044,8.2698,8.1391,8.1522,0
1983-03-17,8.1260,8.1522,8.0869,8.0999,0
1983-03-18,8.1391,8.1652,8.0999,8.1260,0
1983-03-21,8.1652,8.2306,8.0869,8.2306,0
1983-03-22,8.2436,8.2436,8.1652,8.2175,0
1983-03-23,8.2306,8.3873,8.2306,8.3612,0
1983-03-24,8.4004,8.4135,8.2828,8.3089,0
1983-03-25,8.3089,8.3220,8.2044,8.2436,0
1983-03-28,8.2436,8.3481,8.2175,8.2828,0
1983-03-29,8.2698,8.3089,8.2044,8.2436,0
1983-03-30,8.2436,8.2959,8.2044,8.2828,0
1983-03-31,8.3089,8.3481,8.0738,8.1652,0
1983-04-04,8.1130,8.2044,8.0999,8.1391,0
1983-04-05,8.1652,8.1783,8.0738,8.0738,0
1983-04-06,8.0607,8.0607,7.9040,7.9301,0
1983-04-07,7.9693,7.9823,7.8648,7.9562,0
1983-04-08,7.9562,7.9562,7.8517,7.9431,0
1983-04-11,7.9431,8.0477,7.9040,8.0477,0
1983-04-12,8.1260,8.1522,8.0477,8.1260,0
1983-04-13,8.0999,8.1522,8.0607,8.0869,0
1983-04-14,8.1391,8.3220,8.0607,8.2828,0
1983-04-15,8.3089,8.3612,8.2698,8.3351,0
1983-04-18,8.4657,8.5702,8.3612,8.5572,0
1983-04-19,8.5572,8.6617,8.5441,8.6225,0
1983-04-20,8.6225,8.8054,8.5964,8.8054,0
1983-04-21,8.8054,8.8707,8.7401,8.7793,0
1983-04-22,8.8054,8.9230,8.6225,8.8968,0
1983-04-25,8.8315,8.9099,8.7531,8.7793,0
1983-04-26,8.8446,8.9360,8.7531,8.9360,0
1983-04-27,8.8838,9.0275,8.7401,8.9099,0
1983-04-28,8.8838,8.9491,8.8185,8.8968,0
1983-04-29,8.8707,8.9099,8.8185,8.8838,0
1983-05-02,8.7270,8.8315,8.6225,8.6617,0
1983-05-03,8.6356,8.7139,8.5964,8.7139,0
1983-05-04,8.5964,8.7270,8.4657,8.4788,0
1983-05-05,8.6225,8.7139,8.5180,8.6878,0
1983-05-06,8.7401,8.9360,8.7139,8.8315,0
1983-05-09,8.8054,9.0144,8.7793,8.9099,0
1983-05-10,8.9099,9.0275,8.8968,9.0014,0
1983-05-11,9.0275,9.0667,8.9622,9.0144,0
1983-05-12,9.0144,9.0406,8.9491,9.0275,0
1983-05-13,9.0014,9.0797,8.9883,9.0014,0
1983-05-16,8.8577,8.9230,8.8446,8.8838,0
1983-05-17,8.8577,8.8968,8.8185,8.8446,0
1983-05-18,8.9622,9.0406,8.9230,8.9622,0
1983-05-19,8.9622,9.0667,8.9491,8.9752,0
1983-05-20,9.0014,9.0144,8.8968,8.9360,0
1983-05-23,8.8838,8.9099,8.8315,8.8838,0
1983-05-24,8.9099,9.0928,8.8968,9.0797,0
1983-05-25,9.1451,9.1581,9.0928,9.1189,0
1983-05-26,9.1189,9.1712,9.1059,9.1451,0
1983-05-27,9.1320,9.2235,9.1320,9.1712,0
1983-05-31,9.1451,9.1712,9.0536,9.0667,0
1983-06-01,9.0536,9.1581,9.0406,9.1581,0
1983-06-02,9.1843,9.2104,9.1189,9.1973,0
1983-06-03,9.2104,9.2104,9.1189,9.1189,0
1983-06-06,9.1189,9.1843,9.0797,9.1451,0
1983-06-07,9.1581,9.1712,8.9883,8.9883,0
1983-06-08,8.9883,9.0144,8.8054,8.8054,0
1983-06-09,8.8315,8.8707,8.7270,8.8315,0
1983-06-10,8.8577,8.9230,8.8185,8.8707,0
1983-06-13,8.9099,9.1451,8.8838,9.1451,0
1983-06-14,9.1189,9.2496,9.0928,9.1712,0
1983-06-15,9.1581,9.3410,9.1451,9.3410,0
1983-06-16,9.4064,9.4586,9.3541,9.4064,0
1983-06-17,9.3672,9.4064,9.2496,9.3410,0
1983-06-20,9.3149,9.3541,9.2104,9.2365,0
1983-06-21,9.2104,9.2496,9.1059,9.1843,0
1983-06-22,9.0667,9.1451,8.9883,9.0406,0
1983-06-23,9.0667,9.0928,8.9230,9.0928,0
1983-06-24,9.0536,9.1189,9.0014,9.0667,0
1983-06-27,9.0536,9.0536,8.9491,8.9491,0
1983-06-28,8.9622,9.0014,8.8185,8.8185,0
1983-06-29,8.7793,8.8707,8.7793,8.8446,0
1983-06-30,8.8446,8.8707,8.7401,8.7531,0
1983-07-01,8.7793,8.8185,8.6094,8.6878,0
1983-07-05,8.5702,8.6747,8.5572,8.6747,0
1983-07-06,8.7270,8.8968,8.7270,8.8968,0
1983-07-07,8.8968,8.8968,8.7401,8.7401,0
1983-07-08,8.7531,8.8446,8.7531,8.8054,0
1983-07-11,8.8446,8.8968,8.8446,8.8707,0
1983-07-12,8.8838,8.8968,8.8185,8.8185,0
1983-07-13,8.8185,8.8446,8.7793,8.7793,0
1983-07-14,8.8315,8.8577,8.7923,8.8315,0
1983-07-15,8.8315,8.8315,8.7401,8.7793,0
1983-07-18,8.7401,8.7401,8.6617,8.6747,0
1983-07-19,8.7009,8.7662,8.6747,8.7401,0
1983-07-20,8.7793,8.8446,8.7401,8.8315,0
1983-07-21,8.8446,8.9230,8.8185,8.8838,0
1983-07-22,8.8250,8.8838,8.7662,8.8838,0
1983-07-25,8.7793,8.9622,8.7531,8.9230,0
1983-07-26,8.8968,8.9099,8.8315,8.8707,0
1983-07-27,8.8446,8.8707,8.5572,8.5572,0
1983-07-28,8.5833,8.5833,8.3743,8.3743,0
1983-07-29,8.3089,8.4004,8.2828,8.3089,0
1983-08-01,8.2567,8.3089,8.2306,8.2828,0
1983-08-02,8.2828,8.3873,8.2828,8.3089,0
1983-08-03,8.3089,8.3481,8.2306,8.2436,0
1983-08-04,8.2698,8.2828,8.1783,8.2306,0
1983-08-05,8.2436,8.2698,8.1914,8.2306,0
1983-08-08,8.1914,8.1914,7.9954,7.9954,0
1983-08-09,8.0346,8.0738,7.9562,7.9823,0
1983-08-10,7.9954,8.0215,7.9562,8.0215,0
1983-08-11,8.0477,8.0607,7.9954,8.0346,0
1983-08-12,8.0477,8.2175,8.0477,8.2044,0
1983-08-15,8.2436,8.2828,8.1783,8.1783,0
1983-08-16,8.1914,8.1914,8.1391,8.1652,0
1983-08-17,8.1522,8.1522,8.0477,8.1391,0
1983-08-18,8.0085,8.1391,7.9693,8.0085,0
1983-08-19,7.9562,7.9823,7.8778,7.9431,0
1983-08-22,8.0477,8.1522,8.0346,8.1522,0
1983-08-23,8.1522,8.1522,8.1130,8.1391,0
1983-08-24,8.1391,8.1783,8.1130,8.1652,0
1983-08-25,8.1783,8.3089,8.1522,8.2436,0
1983-08-26,8.2698,8.3220,8.2175,8.3089,0
1983-08-29,8.2044,8.2567,8.1391,8.1914,0
1983-08-30,8.2044,8.2175,8.0477,8.0477,0
1983-08-31,8.0477,8.1914,8.0477,8.1914,0
1983-09-01,8.1914,8.2175,8.0607,8.1783,0
1983-09-02,8.1783,8.3089,8.1783,8.3089,0
1983-09-06,8.4657,8.5702,8.3743,8.5441,0
1983-09-07,8.5180,8.6486,8.4657,8.4918,0
1983-09-08,8.4657,8.6094,8.4657,8.5572,0
1983-09-09,8.5441,8.5572,8.4918,8.5049,0
1983-09-12,8.5833,8.6094,8.3220,8.4004,0
1983-09-13,8.3351,8.3481,8.1783,8.2044,0
1983-09-14,8.1914,8.3089,8.1914,8.2567,0
1983-09-15,8.2828,8.3089,8.1652,8.1914,0
1983-09-16,8.1652,8.3481,8.1652,8.2959,0
1983-09-19,8.3089,8.4004,8.2959,8.3351,0
1983-09-20,8.3873,8.5702,8.3743,8.5441,0
1983-09-21,8.5441,8.5702,8.4004,8.4265,0
1983-09-22,8.4396,8.7401,8.4396,8.7270,0
1983-09-23,8.7662,8.7662,8.5833,8.7531,0
1983-09-26,8.7531,8.7923,8.6747,8.7401,0
1983-09-27,8.7662,8.8315,8.7009,8.7793,0
1983-09-28,8.7793,8.7923,8.6747,8.7009,0
1983-09-29,8.7793,8.7793,8.7009,8.7139,0
1983-09-30,8.6617,8.6878,8.5833,8.6878,0
1983-10-03,8.6225,8.7009,8.5441,8.6486,0
1983-10-04,8.6356,8.7401,8.6094,8.7139,0
1983-10-05,8.7401,8.9360,8.7270,8.9360,0
1983-10-06,8.9622,9.3149,8.9622,9.3149,0
1983-10-07,9.3149,9.3541,9.2626,9.3018,0
1983-10-10,9.2626,9.3410,9.2235,9.3280,0
1983-10-11,9.1973,9.2757,9.1451,9.1451,0
1983-10-12,9.1320,9.1320,8.9883,9.0144,0
1983-10-13,9.0014,9.0144,8.8968,8.9491,0
1983-10-14,8.9230,8.9491,8.8707,8.9491,0
1983-10-17,8.9230,9.0406,8.8968,9.0014,0
1983-10-18,8.9752,9.0406,8.9099,8.9752,0
1983-10-19,8.9491,8.9491,8.7923,8.8968,0
1983-10-20,8.8707,8.9491,8.8577,8.9099,0
1983-10-21,8.8838,8.9099,8.7923,8.8838,0
1983-10-24,8.8054,8.9099,8.8054,8.8968,0
1983-10-25,8.9230,9.0014,8.8968,8.9752,0
1983-10-26,9.0014,9.0275,8.8838,8.9099,0
1983-10-27,8.8968,8.9752,8.8968,8.9491,0
1983-10-28,8.9752,9.0144,8.9360,8.9622,0
1983-10-31,8.9230,9.0014,8.8185,8.8838,0
1983-11-01,8.8577,8.9491,8.7531,8.9491,0
1983-11-02,8.9230,8.9360,8.8577,8.8577,0
1983-11-03,8.8707,8.9099,8.7401,8.7401,0
1983-11-04,8.7401,8.8185,8.7401,8.8054,0
1983-11-07,8.7793,8.7923,8.7401,8.7662,0
1983-11-08,8.7662,8.7923,8.7401,8.7662,0
1983-11-09,8.7662,8.9099,8.7531,8.8968,0
1983-11-10,8.9491,9.0928,8.9099,9.0144,0
1983-11-11,9.0928,9.1059,9.0144,9.0536,0
1983-11-14,8.9491,9.0275,8.9230,9.0144,0
1983-11-15,8.9883,8.9883,8.8838,8.8968,0
1983-11-16,8.9099,8.9491,8.8577,8.9230,0
1983-11-17,8.9099,8.9491,8.8838,8.9491,0
1983-11-18,8.9360,8.9622,8.8838,8.9622,0
1983-11-21,8.9622,9.2626,8.9491,9.2626,0
1983-11-22,9.2496,9.2496,9.1189,9.1712,0
1983-11-23,9.1451,9.1843,9.0014,9.0536,0
1983-11-25,9.0275,9.0797,9.0144,9.0797,0
1983-11-28,9.0928,9.0928,9.0144,9.0667,0
1983-11-29,9.0928,9.0928,8.9883,9.0406,0
1983-11-30,8.9622,9.0536,8.9491,8.9491,0
1983-12-01,8.9491,8.9491,8.8054,8.8446,0
1983-12-02,8.8185,8.8446,8.7531,8.8185,0
1983-12-05,8.7923,8.8446,8.7531,8.8446,0
1983-12-06,8.8446,8.8577,8.7793,8.8577,0
1983-12-07,8.8315,8.9622,8.8185,8.9491,0
1983-12-08,8.8577,8.9360,8.8446,8.8577,0
1983-12-09,8.8446,8.8838,8.7923,8.8054,0
1983-12-12,8.8315,8.9622,8.8054,8.9622,0
1983-12-13,8.9360,8.9883,8.9230,8.9883,0
1983-12-14,8.9360,8.9622,8.8707,8.8838,0
1983-12-15,8.8838,8.9360,8.8577,8.8838,0
1983-12-16,8.8577,8.9230,8.8185,8.8577,0
1983-12-19,8.8446,8.8968,8.8185,8.8185,0
1983-12-20,8.8185,8.8185,8.7793,8.7793,0
1983-12-21,8.8054,8.8838,8.8054,8.8838,0
1983-12-22,8.8838,8.8838,8.6747,8.6878,0
1983-12-23,8.6747,8.6747,8.5964,8.6486,0
1983-12-27,8.6617,8.7923,8.6486,8.7793,0
1983-12-28,8.7793,8.7793,8.6486,8.7139,0
1983-12-29,8.7270,8.7401,8.5964,8.6225,0
1983-12-30,8.6486,8.6617,8.6094,8.6225,0
1984-01-03,8.5964,8.6617,8.5964,8.6225,0
1984-01-04,8.6094,8.8054,8.5964,8.7923,0
1984-01-05,8.8315,8.8968,8.8054,8.8707,0
1984-01-06,8.8707,8.8707,8.7793,8.8446,0
1984-01-09,8.8054,8.8446,8.7009,8.7662,0
1984-01-10,8.7531,8.7662,8.7009,8.7270,0
1984-01-11,8.7139,8.7270,8.5833,8.6486,0
1984-01-12,8.6356,8.6747,8.6225,8.6225,0
1984-01-13,8.6747,8.6747,8.6094,8.6225,0
1984-01-16,8.6225,8.6486,8.4657,8.4918,0
1984-01-17,8.4788,8.5180,8.4396,8.4788,0
1984-01-18,8.4788,8.4788,8.3612,8.3873,0
1984-01-19,8.3873,8.4135,8.3220,8.3220,0
1984-01-20,8.3220,8.3481,8.2828,8.3089,0
1984-01-23,8.2567,8.2959,8.1652,8.2044,0
1984-01-24,8.2828,8.3351,8.2044,8.2306,0
1984-01-25,8.2436,8.2567,8.0999,8.1130,0
1984-01-26,8.1260,8.1783,8.0869,8.0999,0
1984-01-27,8.1260,8.1391,7.9170,7.9693,0
1984-01-30,7.9954,7.9954,7.7733,7.9562,0
1984-01-31,7.9693,8.1260,7.8778,8.0999,0
1984-02-01,8.1260,8.1391,7.9823,8.0477,0
1984-02-02,8.0999,8.2306,8.0738,8.1783,0
1984-02-03,8.1783,8.3089,8.0999,8.1783,0
1984-02-06,8.0999,8.1783,8.0215,8.0607,0
1984-02-07,8.1522,8.3351,7.9954,8.2698,0
1984-02-08,8.3351,8.3351,8.0477,8.0738,0
1984-02-09,8.0999,8.1783,7.9693,8.0477,0
1984-02-10,8.0607,8.0999,8.0085,8.0477,0
1984-02-13,8.0215,8.0215,7.9431,7.9693,0
1984-02-14,7.9823,8.0738,7.9301,7.9823,0
1984-02-15,8.0346,8.0999,8.0085,8.0215,0
1984-02-16,7.9954,8.0477,7.9693,8.0085,0
1984-02-17,7.9040,7.9693,7.8256,7.8517,0
1984-02-21,7.8386,7.8517,7.7341,7.7341,0
1984-02-22,7.7341,7.7602,7.6427,7.6427,0
1984-02-23,7.6557,7.7210,7.6427,7.7080,0
1984-02-24,7.7341,8.0999,7.7210,8.0215,0
1984-02-27,7.9954,8.0215,7.8386,7.9301,0
1984-02-28,7.8778,7.9823,7.8125,7.8386,0
1984-02-29,7.8517,7.9562,7.7602,7.8778,0
1984-03-01,7.8648,7.9823,7.8386,7.9431,0
1984-03-02,8.0085,8.0999,7.9954,8.0738,0
1984-03-05,8.0477,8.0738,7.9954,8.0215,0
1984-03-06,7.9954,8.0477,7.9823,7.9954,0
1984-03-07,7.9301,7.9301,7.8517,7.8909,0
1984-03-08,7.8517,7.9170,7.8125,7.8386,0
1984-03-09,7.8125,7.8125,7.7210,7.8125,0
1984-03-12,7.8256,7.8909,7.7864,7.8517,0
1984-03-13,7.9431,7.9823,7.9170,7.9693,0
1984-03-14,7.9693,7.9823,7.8909,7.9170,0
1984-03-15,7.8909,7.9301,7.8386,7.8386,0
1984-03-16,8.1522,8.1522,8.0215,8.1130,0
1984-03-19,7.9431,7.9823,7.9301,7.9693,0
1984-03-20,7.9431,8.0085,7.9040,7.9431,0
1984-03-21,7.8909,7.9301,7.8648,7.8778,0
1984-03-22,7.8648,7.8648,7.7472,7.7602,0
1984-03-23,7.7602,7.7602,7.6819,7.7210,0
1984-03-26,7.7210,7.7210,7.5381,7.6427,0
1984-03-27,7.6296,7.7602,7.6165,7.7472,0
1984-03-28,7.7733,7.7864,7.7080,7.7864,0
1984-03-29,7.7864,7.7864,7.6427,7.7080,0
1984-03-30,7.6557,7.6819,7.5643,7.6035,0
1984-04-02,7.6296,7.6296,7.3422,7.3944,0
1984-04-03,7.3944,7.4336,7.3683,7.4336,0
1984-04-04,7.4206,7.4728,7.3814,7.4336,0
1984-04-05,7.4336,7.4728,7.3030,7.3030,0
1984-04-06,7.3161,7.3552,7.2377,7.3030,0
1984-04-09,7.3683,7.5381,7.3422,7.5381,0
1984-04-10,7.5120,7.5773,7.4990,7.5381,0
1984-04-11,7.5120,7.5120,7.4206,7.4336,0
1984-04-12,7.4467,7.6165,7.3814,7.5773,0
1984-04-13,7.5512,7.6035,7.4859,7.4859,0
1984-04-16,7.4728,7.6165,7.4467,7.6165,0
1984-04-17,7.5773,7.6557,7.5381,7.6035,0
1984-04-18,7.6035,7.6035,7.4728,7.5251,0
1984-04-19,7.5381,7.6165,7.4859,7.5904,0
1984-04-23,7.6035,7.6819,7.6035,7.6035,0
1984-04-24,7.6688,7.9170,7.6427,7.8125,0
1984-04-25,7.7864,7.8386,7.7733,7.7994,0
1984-04-26,7.8256,7.8386,7.7602,7.7864,0
1984-04-27,7.7864,7.7994,7.7602,7.7733,0
1984-04-30,7.7733,7.9040,7.7733,7.9040,0
1984-05-01,7.9040,8.0999,7.9040,8.0607,0
1984-05-02,8.0738,8.0738,8.0215,8.0477,0
1984-05-03,8.0477,8.0477,7.9954,8.0346,0
1984-05-04,7.9954,8.0215,7.8648,7.8909,0
1984-05-07,7.9040,7.9693,7.8386,7.9562,0
1984-05-08,7.9562,8.2436,7.9431,8.1522,0
1984-05-09,8.1652,8.1783,7.9431,8.0215,0
1984-05-10,8.0085,8.0999,7.9954,7.9954,0
1984-05-11,7.9693,7.9954,7.8909,7.9170,0
1984-05-14,7.9170,7.9431,7.8648,7.9170,0
1984-05-15,7.9431,7.9562,7.8909,7.9040,0
1984-05-16,7.9562,7.9562,7.9040,7.9040,0
1984-05-17,7.8909,7.9040,7.7994,7.8386,0
1984-05-18,7.8386,7.8648,7.7341,7.7864,0
1984-05-21,7.7080,7.7210,7.6296,7.6296,0
1984-05-22,7.6296,7.6688,7.5773,7.6688,0
1984-05-23,7.6819,7.7733,7.6557,7.7341,0
1984-05-24,7.7472,7.7733,7.6949,7.7341,0
1984-05-25,7.7341,7.7602,7.6296,7.6557,0
1984-05-29,7.7210,7.7341,7.6296,7.6427,0
1984-05-30,7.6296,7.8125,7.5251,7.6688,0
1984-05-31,7.7080,7.8386,7.6819,7.8256,0
1984-06-01,7.8386,7.8909,7.8386,7.8909,0
1984-06-04,7.9693,7.9954,7.9040,7.9431,0
1984-06-05,7.9301,7.9431,7.8648,7.9170,0
1984-06-06,7.9301,7.9954,7.9040,7.9954,0
1984-06-07,8.0215,8.0346,7.9693,7.9954,0
1984-06-08,8.0215,8.0346,7.9693,7.9954,0
1984-06-11,8.0215,8.0215,7.8517,7.8909,0
1984-06-12,7.8125,7.9170,7.8125,7.8909,0
1984-06-13,7.9170,7.9301,7.8256,7.8386,0
1984-06-14,7.8386,7.8517,7.7733,7.8125,0
1984-06-15,7.8386,7.8909,7.7994,7.7994,0
1984-06-18,7.7994,7.9954,7.7994,7.9954,0
1984-06-19,8.0477,8.0999,7.9954,8.0607,0
1984-06-20,8.0346,8.1914,7.9693,8.1914,0
1984-06-21,8.1260,8.3873,8.1130,8.2698,0
1984-06-22,8.2567,8.3351,8.2175,8.2828,0
1984-06-25,8.3089,8.3089,8.2436,8.2698,0
1984-06-26,8.2306,8.2306,8.0477,8.0869,0
1984-06-27,8.0738,8.0869,7.9431,7.9693,0
1984-06-28,7.9693,8.0477,7.9693,8.0085,0
1984-06-29,8.0215,8.1391,8.0215,8.0607,0
1984-07-02,8.0607,8.0869,7.9170,7.9693,0
1984-07-03,7.9170,7.9170,7.8517,7.8778,0
1984-07-05,7.8909,7.9170,7.8517,7.8778,0
1984-07-06,7.8125,7.8778,7.7994,7.8778,0
1984-07-09,7.8909,8.0346,7.8125,7.9954,0
1984-07-10,8.0085,8.0477,7.9562,8.0215,0
1984-07-11,8.0215,8.0869,7.9693,7.9954,0
1984-07-12,7.9693,7.9823,7.8517,7.9170,0
1984-07-13,7.9170,7.9823,7.8256,7.8386,0
1984-07-16,7.8909,8.0085,7.8517,8.0085,0
1984-07-17,7.9693,8.0738,7.9562,7.9823,0
1984-07-18,7.9954,8.0085,7.8386,7.8778,0
1984-07-19,7.8909,7.9170,7.8386,7.8648,0
1984-07-20,7.8648,7.9301,7.8125,7.8517,0
1984-07-23,7.7864,7.8125,7.7080,7.7864,0
1984-07-24,7.8256,7.8256,7.7472,7.7602,0
1984-07-25,7.7864,7.9954,7.7733,7.9040,0
1984-07-26,7.9170,8.1260,7.8386,8.0869,0
1984-07-27,8.0607,8.1130,7.9823,7.9823,0
1984-07-30,7.9693,7.9823,7.8648,7.8909,0
1984-07-31,7.9040,7.9431,7.8778,7.8909,0
1984-08-01,7.9693,8.0869,7.9301,8.0215,0
1984-08-02,8.0477,8.2436,8.0215,8.2436,0
1984-08-03,8.3612,8.5833,8.3351,8.5049,0
1984-08-06,8.6225,8.7270,8.4918,8.5441,0
1984-08-07,8.3873,8.7662,8.3612,8.7270,0
1984-08-08,8.7009,8.7270,8.5180,8.5310,0
1984-08-09,8.6225,8.8577,8.5964,8.7531,0
1984-08-10,8.8707,8.9360,8.6747,8.7139,0
1984-08-13,8.6747,8.7270,8.6094,8.6747,0
1984-08-14,8.7270,8.7270,8.4918,8.5441,0
1984-08-15,8.5180,8.6094,8.4918,8.5049,0
1984-08-16,8.5180,8.7270,8.5180,8.6747,0
1984-08-17,8.7139,8.7401,8.6486,8.6878,0
1984-08-20,8.5964,8.6356,8.5572,8.6356,0
1984-08-21,8.6356,8.8315,8.6094,8.7531,0
1984-08-22,8.7270,8.8185,8.5833,8.5964,0
1984-08-23,8.6225,8.7009,8.5964,8.6617,0
1984-08-24,8.6878,8.7531,8.6486,8.7270,0
1984-08-27,8.7009,8.7139,8.6225,8.6617,0
1984-08-28,8.6747,8.6878,8.6356,8.6878,0
1984-08-29,8.7139,8.7270,8.5964,8.6094,0
1984-08-30,8.5833,8.6486,8.5833,8.5833,0
1984-08-31,8.6094,8.6486,8.5702,8.6225,0
1984-09-04,8.6225,8.6225,8.5049,8.5310,0
1984-09-05,8.4788,8.5702,8.4657,8.5180,0
1984-09-06,8.5310,8.6094,8.5049,8.5441,0
1984-09-07,8.4657,8.5049,8.2698,8.2828,0
1984-09-10,8.2436,8.3089,8.2175,8.2306,0
1984-09-11,8.2959,8.3351,8.2044,8.2044,0
1984-09-12,8.1783,8.2175,8.1391,8.1914,0
1984-09-13,8.2044,8.3612,8.1260,8.3481,0
1984-09-14,8.4135,8.4527,8.3612,8.4265,0
1984-09-17,8.3351,8.4135,8.3220,8.3351,0
1984-09-18,8.3351,8.3612,8.1783,8.2044,0
1984-09-19,8.2306,8.3351,8.2044,8.2306,0
1984-09-20,8.2306,8.2828,8.1914,8.2306,0
1984-09-21,8.2306,8.2567,8.0607,8.0607,0
1984-09-24,8.0738,8.2044,8.0738,8.1260,0
1984-09-25,8.1391,8.1522,8.0607,8.0738,0
1984-09-26,8.0738,8.0738,7.9431,8.0085,0
1984-09-27,8.0085,8.0215,7.9823,8.0215,0
1984-09-28,7.9954,7.9954,7.9040,7.9040,0
1984-10-01,7.9040,7.9693,7.8909,7.9170,0
1984-10-02,7.9431,8.0215,7.8648,7.8648,0
1984-10-03,7.8256,7.9301,7.8256,7.9040,0
1984-10-04,7.9431,7.9823,7.9170,7.9431,0
1984-10-05,7.9693,8.0477,7.9170,7.9693,0
1984-10-08,8.0085,8.0477,7.9693,8.0215,0
1984-10-09,8.0215,8.1391,8.0215,8.0738,0
1984-10-10,8.1130,8.1391,7.9823,8.1260,0
1984-10-11,8.1391,8.2306,8.0869,8.2044,0
1984-10-12,8.2175,8.3089,8.1522,8.2175,0
1984-10-15,8.2044,8.3612,8.1783,8.3612,0
1984-10-16,8.3481,8.3481,8.2306,8.3089,0
1984-10-17,8.2828,8.3873,8.2436,8.2959,0
1984-10-18,8.3351,8.6225,8.2698,8.6225,0
1984-10-19,8.8315,8.8968,8.6878,8.8185,0
1984-10-22,8.7531,8.7662,8.5964,8.6094,0
1984-10-23,8.5833,8.6617,8.5572,8.5964,0
1984-10-24,8.5702,8.6094,8.5310,8.5310,0
1984-10-25,8.5310,8.6486,8.5049,8.5964,0
1984-10-26,8.5702,8.5833,8.5180,8.5441,0
1984-10-29,8.5441,8.5833,8.5049,8.5310,0
1984-10-30,8.5702,8.6486,8.5572,8.5833,0
1984-10-31,8.5441,8.5964,8.5049,8.5049,0
1984-11-01,8.5310,8.6486,8.5180,8.5964,0
1984-11-02,8.6225,8.7662,8.5964,8.7009,0
1984-11-05,8.7009,8.7531,8.6747,8.7531,0
1984-11-06,8.7531,8.8577,8.7270,8.8315,0
1984-11-07,8.7923,8.7923,8.5964,8.6486,0
1984-11-08,8.6225,8.6617,8.5702,8.6225,0
1984-11-09,8.6617,8.6878,8.5441,8.5441,0
1984-11-12,8.5441,8.6094,8.5310,8.6094,0
1984-11-13,8.5702,8.6094,8.5180,8.5310,0
1984-11-14,8.5572,8.6356,8.5310,8.5702,0
1984-11-15,8.5833,8.6225,8.5310,8.5702,0
1984-11-16,8.5441,8.5441,8.2306,8.3089,0
1984-11-19,8.3351,8.3743,8.3220,8.3481,0
1984-11-20,8.3481,8.4527,8.3481,8.4265,0
1984-11-21,8.4396,8.4527,8.3220,8.4527,0
1984-11-23,8.4657,8.5964,8.4657,8.5964,0
1984-11-26,8.5964,8.6617,8.5702,8.6486,0
1984-11-27,8.6486,8.6617,8.6225,8.6225,0
1984-11-28,8.6486,8.6617,8.4918,8.4918,0
1984-11-29,8.3351,8.3351,8.1914,8.2698,0
1984-11-30,8.2044,8.2175,8.0869,8.1783,0
1984-12-03,8.1522,8.2044,8.0607,8.1914,0
1984-12-04,8.1914,8.2567,8.1783,8.2306,0
1984-12-05,8.2567,8.2567,8.1652,8.1914,0
1984-12-06,8.1652,8.1783,8.0738,8.1130,0
1984-12-07,8.0999,8.1391,8.0607,8.0869,0
1984-12-10,8.0607,8.2436,8.0607,8.1652,0
1984-12-11,8.1914,8.2306,8.1391,8.1914,0
1984-12-12,8.1914,8.2175,8.1652,8.1914,0
1984-12-13,8.2175,8.2436,8.1130,8.1522,0
1984-12-14,8.1522,8.2828,8.1522,8.2436,0
1984-12-17,8.2567,8.2959,8.1914,8.2959,0
1984-12-18,8.3612,8.4396,8.3089,8.4265,0
1984-12-19,8.4396,8.4918,8.2828,8.3612,0
1984-12-20,8.3873,8.4265,8.2828,8.2828,0
1984-12-21,8.2567,8.3089,8.1652,8.2436,0
1984-12-24,8.2959,8.3481,8.2698,8.3351,0
1984-12-26,8.3089,8.3351,8.3089,8.3220,0
1984-12-27,8.3481,8.3481,8.2436,8.2828,0
1984-12-28,8.2959,8.2959,8.1914,8.2567,0
1984-12-31,8.2567,8.2567,8.1914,8.2175,0
1985-01-02,8.2567,8.2698,8.1260,8.1914,0
1985-01-03,8.2044,8.2828,8.1260,8.1652,0
1985-01-04,8.1391,8.1652,8.1130,8.1522,0
1985-01-07,8.2044,8.2306,8.1652,8.2306,0
1985-01-08,8.2044,8.2436,8.1260,8.1522,0
1985-01-09,8.1914,8.2567,8.1914,8.2175,0
1985-01-10,8.2175,8.2959,8.1652,8.2567,0
1985-01-11,8.2959,8.3612,8.2175,8.3612,0
1985-01-14,8.3351,8.5180,8.3220,8.4918,0
1985-01-15,8.5702,8.6356,8.4918,8.5572,0
1985-01-16,8.5833,8.5964,8.5180,8.5441,0
1985-01-17,8.5702,8.5702,8.5049,8.5180,0
1985-01-18,8.5572,8.5964,8.4918,8.4918,0
1985-01-21,8.5180,8.8185,8.4918,8.7793,0
1985-01-22,8.8054,8.8054,8.7009,8.7270,0
1985-01-23,8.7662,8.8185,8.6747,8.8185,0
1985-01-24,8.8185,8.8185,8.6747,8.7139,0
1985-01-25,8.7270,8.7793,8.7009,8.7139,0
1985-01-28,8.7270,8.8185,8.5441,8.7009,0
1985-01-29,8.7009,8.7009,8.5702,8.7009,0
1985-01-30,8.7793,8.8446,8.7531,8.8054,0
1985-01-31,8.8054,8.8577,8.7531,8.8185,0
1985-02-01,8.7793,8.8577,8.7531,8.7531,0
1985-02-04,8.7270,8.9883,8.7009,8.9883,0
1985-02-05,8.9622,8.9622,8.8577,8.8838,0
1985-02-06,8.8707,8.9099,8.7531,8.7531,0
1985-02-07,8.7662,8.8968,8.7662,8.8838,0
1985-02-08,8.8968,8.9491,8.8577,8.9360,0
1985-02-11,8.9230,8.9230,8.8446,8.8968,0
1985-02-12,8.8185,8.8707,8.7793,8.8185,0
1985-02-13,8.8185,8.9491,8.8054,8.8577,0
1985-02-14,8.9099,8.9099,8.7009,8.7793,0
1985-02-15,8.7009,8.7531,8.5833,8.6094,0
1985-02-19,8.6356,8.6486,8.6094,8.6356,0
1985-02-20,8.6486,8.7009,8.5833,8.6617,0
1985-02-21,8.6356,8.6617,8.5964,8.6094,0
1985-02-22,8.6225,8.7009,8.6225,8.6225,0
1985-02-25,8.6486,8.7531,8.6486,8.7531,0
1985-02-26,8.7531,8.8185,8.7139,8.7662,0
1985-02-27,8.7139,8.7270,8.5441,8.6094,0
1985-02-28,8.5964,8.6094,8.5310,8.5702,0
1985-03-01,8.5702,8.7793,8.5702,8.7793,0
1985-03-04,8.7793,8.7793,8.6747,8.7270,0
1985-03-05,8.7793,8.8185,8.7009,8.8185,0
1985-03-06,8.7793,8.7793,8.5964,8.6747,0
1985-03-07,8.6094,8.6486,8.5702,8.6486,0
1985-03-08,8.6486,8.6878,8.5441,8.6094,0
1985-03-11,8.6094,8.6747,8.5964,8.6356,0
1985-03-12,8.6356,8.7009,8.6094,8.6617,0
1985-03-13,8.6617,8.6617,8.5180,8.5572,0
1985-03-14,8.5310,8.6225,8.5180,8.5833,0
1985-03-15,8.5702,8.6225,8.4918,8.5310,0
1985-03-18,8.5572,8.5833,8.5049,8.5572,0
1985-03-19,8.5833,8.7923,8.5441,8.7923,0
1985-03-20,8.7793,8.7923,8.6747,8.6878,0
1985-03-21,8.6617,8.8577,8.6617,8.8185,0
1985-03-22,8.8185,8.8185,8.7401,8.8054,0
1985-03-25,8.7793,8.8054,8.6878,8.7270,0
1985-03-26,8.4918,8.5441,8.4657,8.5049,0
1985-03-27,8.4918,8.5180,8.4396,8.5049,0
1985-03-28,8.5049,8.6225,8.4918,8.5572,0
1985-03-29,8.6094,8.6225,8.5180,8.5964,0
1985-04-01,8.6486,8.6617,8.5833,8.6094,0
1985-04-02,8.6094,8.6486,8.5049,8.5310,0
1985-04-03,8.5049,8.5441,8.4527,8.5049,0
1985-04-04,8.5049,8.5702,8.4918,8.5180,0
1985-04-08,8.5310,8.5572,8.4396,8.4788,0
1985-04-09,8.4788,8.5180,8.3743,8.4004,0
1985-04-10,8.4265,8.4918,8.4135,8.4265,0
1985-04-11,8.4657,8.5049,8.3612,8.3612,0
1985-04-12,8.3743,8.3743,8.2436,8.2436,0
1985-04-15,8.1522,8.1914,8.1260,8.1783,0
1985-04-16,8.1652,8.1783,8.0477,8.1522,0
1985-04-17,8.1783,8.2044,8.0869,8.1391,0
1985-04-18,8.2044,8.2175,8.1391,8.1783,0
1985-04-19,8.2567,8.2959,8.1914,8.2567,0
1985-04-22,8.2959,8.3220,8.2567,8.2959,0
1985-04-23,8.2959,8.3873,8.2828,8.3612,0
1985-04-24,8.3612,8.3612,8.2959,8.3351,0
1985-04-25,8.3089,8.3481,8.2828,8.3220,0
1985-04-26,8.3089,8.3351,8.2698,8.2959,0
1985-04-29,8.2698,8.2959,8.1260,8.1260,0
1985-04-30,8.0477,8.0738,7.9954,8.0477,0
1985-05-01,8.0477,8.0477,7.8386,7.8386,0
1985-05-02,7.9431,8.0215,7.9040,7.9431,0
1985-05-03,7.9431,8.0085,7.9301,7.9562,0
1985-05-06,7.9431,7.9823,7.9040,7.9562,0
1985-05-07,7.9431,7.9693,7.8517,7.8909,0
1985-05-08,7.8909,7.9954,7.8778,7.9431,0
1985-05-09,7.9954,8.0085,7.9431,7.9823,0
1985-05-10,8.0477,8.0477,7.9954,8.0477,0
1985-05-13,8.0738,8.0869,8.0085,8.0477,0
1985-05-14,8.1260,8.1783,8.0738,8.1522,0
1985-05-15,8.1522,8.1652,8.0999,8.1260,0
1985-05-16,8.1522,8.1652,8.0607,8.0999,0
1985-05-17,8.0607,8.1652,8.0477,8.0999,0
1985-05-20,8.1522,8.1783,8.0738,8.1522,0
1985-05-21,8.1522,8.2175,8.1130,8.1783,0
1985-05-22,8.1783,8.1783,8.1260,8.1260,0
1985-05-23,8.1522,8.1522,8.0999,8.1130,0
1985-05-24,8.0869,8.1130,8.0607,8.0869,0
1985-05-28,8.0607,8.0738,7.9823,7.9823,0
1985-05-29,7.9954,8.0215,7.9693,7.9954,0
1985-05-30,8.0346,8.0477,7.6949,7.8386,0
1985-05-31,7.8386,7.8909,7.7733,7.8386,0
1985-06-03,7.8648,7.8778,7.8125,7.8517,0
1985-06-04,7.8517,7.9431,7.8386,7.9170,0
1985-06-05,7.9693,8.0869,7.9693,8.0215,0
1985-06-06,8.0346,8.0869,8.0215,8.0869,0
1985-06-07,8.1260,8.1391,8.0869,8.1130,0
1985-06-10,8.0869,8.2306,8.0738,8.2175,0
1985-06-11,8.2175,8.2306,8.1522,8.1522,0
1985-06-12,8.1260,8.1522,7.9693,8.0215,0
1985-06-13,7.9693,7.9823,7.8517,7.8778,0
1985-06-14,7.9823,7.9823,7.8778,7.9040,0
1985-06-17,7.9301,7.9431,7.8648,7.8648,0
1985-06-18,7.9040,7.9431,7.8648,7.9040,0
1985-06-19,7.9040,7.9170,7.8517,7.8778,0
1985-06-20,7.9301,7.9823,7.8648,7.9301,0
1985-06-21,7.9301,7.9301,7.8778,7.9301,0
1985-06-24,7.9170,8.0477,7.8909,7.9954,0
1985-06-25,8.0477,8.1260,8.0215,8.0738,0
1985-06-26,8.0607,8.1391,8.0346,8.0999,0
1985-06-27,8.1391,8.2306,8.1130,8.1522,0
1985-06-28,8.1914,8.2044,8.1260,8.1522,0
1985-07-01,8.1522,8.1914,8.0999,8.1652,0
1985-07-02,8.1914,8.2306,8.1783,8.2306,0
1985-07-03,8.2698,8.2828,8.2175,8.2698,0
1985-07-05,8.2828,8.3220,8.2698,8.2828,0
1985-07-08,8.2959,8.2959,8.1783,8.2044,0
1985-07-09,8.1522,8.2044,8.1522,8.1783,0
1985-07-10,8.1522,8.2306,8.1391,8.2306,0
1985-07-11,8.2828,8.3612,8.2828,8.3612,0
1985-07-12,8.2567,8.2959,8.1652,8.2175,0
1985-07-15,8.1783,8.1914,8.1260,8.1391,0
1985-07-16,8.1914,8.3351,8.1391,8.3089,0
1985-07-17,8.3220,8.4135,8.3089,8.4135,0
1985-07-18,8.3873,8.4527,8.3612,8.3612,0
1985-07-19,8.3612,8.4527,8.3351,8.4265,0
1985-07-22,8.4135,8.4527,8.3873,8.4396,0
1985-07-23,8.4396,8.5310,8.4004,8.4265,0
1985-07-24,8.4265,8.4527,8.3612,8.3873,0
1985-07-25,8.4004,8.4265,8.3612,8.3743,0
1985-07-26,8.3873,8.4004,8.3089,8.3743,0
1985-07-29,8.3743,8.3743,8.3089,8.3089,0
1985-07-30,8.2959,8.3481,8.2828,8.3481,0
1985-07-31,8.3481,8.4657,8.3351,8.3612,0
1985-08-01,8.3873,8.4396,8.3351,8.4004,0
1985-08-02,8.3612,8.3873,8.3089,8.3481,0
1985-08-05,8.3351,8.4004,8.3089,8.3873,0
1985-08-06,8.3612,8.3743,8.2959,8.3089,0
1985-08-07,8.3089,8.3743,8.2959,8.3743,0
1985-08-08,8.3743,8.3873,8.2828,8.3481,0
1985-08-09,8.3481,8.3612,8.3220,8.3351,0
1985-08-12,8.3351,8.3351,8.2698,8.2698,0
1985-08-13,8.2698,8.2959,8.1522,8.2306,0
1985-08-14,8.2567,8.2698,8.1783,8.1783,0
1985-08-15,8.1914,8.2175,8.0477,8.0869,0
1985-08-16,8.0215,8.0738,7.9431,8.0346,0
1985-08-19,8.0346,8.0477,7.9431,8.0346,0
1985-08-20,8.0607,8.0999,8.0346,8.0738,0
1985-08-21,8.0477,8.0869,8.0346,8.0477,0
1985-08-22,8.0346,8.0477,7.9823,8.0085,0
1985-08-23,8.0346,8.0346,7.9170,7.9693,0
1985-08-26,7.9954,8.0085,7.9562,7.9693,0
1985-08-27,8.0215,8.0346,7.9693,7.9693,0
1985-08-28,7.9693,8.0085,7.9301,7.9562,0
1985-08-29,7.9562,7.9954,7.9431,7.9823,0
1985-08-30,7.9823,8.0346,7.9301,7.9954,0
1985-09-03,7.9954,8.0215,7.9431,8.0215,0
1985-09-04,7.9954,8.0346,7.9562,8.0215,0
1985-09-05,7.9954,8.0346,7.9562,8.0085,0
1985-09-06,8.0607,8.0738,8.0085,8.0346,0
1985-09-09,8.0346,8.0346,7.9823,8.0085,0
1985-09-10,8.0215,8.0477,7.9562,7.9562,0
1985-09-11,7.9431,8.0215,7.9301,7.9431,0
1985-09-12,7.9693,8.0085,7.9431,7.9823,0
1985-09-13,7.9562,7.9823,7.8778,7.9301,0
1985-09-16,7.9431,7.9562,7.9170,7.9431,0
1985-09-17,7.9431,7.9562,7.8517,7.8517,0
1985-09-18,7.8386,7.8517,7.7994,7.8125,0
1985-09-19,7.8256,7.8648,7.7864,7.8648,0
1985-09-20,7.8648,7.8778,7.7994,7.8125,0
1985-09-23,7.9170,7.9693,7.9040,7.9431,0
1985-09-24,7.9431,7.9562,7.8909,7.9170,0
1985-09-25,7.9170,7.9170,7.7994,7.7994,0
1985-09-26,7.7864,7.9040,7.7602,7.8778,0
1985-09-30,7.9823,7.9823,7.9040,7.9431,0
1985-10-01,7.9431,8.0346,7.8909,8.0346,0
1985-10-02,8.0346,8.1391,7.9823,7.9823,0
1985-10-03,7.9954,8.0738,7.9431,7.9954,0
1985-10-04,8.0215,8.0215,7.9431,7.9693,0
1985-10-07,7.9301,8.0215,7.8778,7.9823,0
1985-10-08,8.0085,8.0085,7.9693,7.9693,0
1985-10-09,7.9954,8.0346,7.9562,7.9954,0
1985-10-10,8.0215,8.0215,7.9693,7.9823,0
1985-10-11,7.9954,8.0215,7.9693,7.9954,0
1985-10-14,8.0215,8.1391,8.0085,8.1391,0
1985-10-15,8.1391,8.1391,8.0085,8.0346,0
1985-10-16,8.0738,8.2044,8.0477,8.2044,0
1985-10-17,8.1783,8.2698,8.1260,8.2306,0
1985-10-18,8.2044,8.2306,8.1522,8.2306,0
1985-10-21,8.2044,8.2175,8.1522,8.1783,0
1985-10-22,8.1914,8.2044,8.1260,8.1391,0
1985-10-23,8.1130,8.1391,8.0999,8.0999,0
1985-10-24,8.0869,8.1783,8.0869,8.1130,0
1985-10-25,8.0999,8.0999,8.0607,8.0869,0
1985-10-28,8.0738,8.0999,8.0607,8.0999,0
1985-10-29,8.0869,8.0999,8.0607,8.0869,0
1985-10-30,8.1130,8.1652,8.0738,8.0999,0
1985-10-31,8.1260,8.1391,8.0738,8.1260,0
1985-11-01,8.1130,8.2567,8.1130,8.2567,0
1985-11-04,8.2567,8.2698,8.1652,8.2698,0
1985-11-05,8.2306,8.3481,8.2175,8.3481,0
1985-11-06,8.3351,8.4135,8.2959,8.4135,0
1985-11-07,8.3612,8.3743,8.2698,8.3351,0
1985-11-08,8.3220,8.3612,8.3220,8.3351,0
1985-11-11,8.3220,8.4657,8.3089,8.4527,0
1985-11-12,8.4265,8.5180,8.3873,8.4657,0
1985-11-13,8.4788,8.5310,8.4396,8.4918,0
1985-11-14,8.4788,8.5572,8.4657,8.5310,0
1985-11-15,8.5180,8.5964,8.4265,8.4396,0
1985-11-18,8.3612,8.3612,8.2828,8.3612,0
1985-11-19,8.3743,8.3873,8.3220,8.3612,0
1985-11-20,8.3612,8.4265,8.3481,8.3743,0
1985-11-21,8.4265,8.5964,8.4135,8.5964,0
1985-11-22,8.6225,8.7009,8.5833,8.6747,0
1985-11-25,8.6486,8.6486,8.5441,8.6094,0
1985-11-26,8.6225,8.6617,8.5833,8.6225,0
1985-11-27,8.6486,8.8185,8.6225,8.8185,0
1985-11-29,8.8577,8.8577,8.7401,8.8185,0
1985-12-02,8.8054,8.8838,8.7662,8.7923,0
1985-12-03,8.7531,8.8577,8.7531,8.8446,0
1985-12-04,8.8577,9.0144,8.8446,8.9883,0
1985-12-05,9.0275,9.0536,8.9491,8.9491,0
1985-12-06,8.9099,8.9491,8.8577,8.8968,0
1985-12-09,8.9360,9.1189,8.9360,9.1059,0
1985-12-10,9.2235,9.3672,9.1712,9.3018,0
1985-12-11,9.3280,9.3672,9.2757,9.3410,0
1985-12-12,9.3149,9.3410,9.2365,9.2888,0
1985-12-13,9.2496,9.3802,9.2235,9.2626,0
1985-12-16,9.2626,9.5109,9.2496,9.4064,0
1985-12-17,9.5109,9.5762,9.4194,9.4717,0
1985-12-18,9.4325,9.5239,9.2757,9.3018,0
1985-12-19,9.3149,9.4717,9.3018,9.4194,0
1985-12-20,9.4455,9.5762,9.4064,9.4455,0
1985-12-23,9.4455,9.4978,9.4064,9.4325,0
1985-12-24,9.4194,9.4455,9.4064,9.4064,0
1985-12-26,9.4194,9.4455,9.3802,9.4194,0
1985-12-27,9.4717,9.5370,9.4586,9.4847,0
1985-12-30,9.5109,9.5109,9.3672,9.4325,0
1985-12-31,9.4455,9.4455,9.3280,9.3802,0
1986-01-02,9.3802,9.3802,9.2496,9.2626,0
1986-01-03,9.2757,9.3280,9.1973,9.2496,0
1986-01-06,9.2757,9.2757,9.0928,9.2365,0
1986-01-07,9.2888,9.4586,9.2365,9.4586,0
1986-01-08,9.5109,9.5893,9.1320,9.2626,0
1986-01-09,9.2104,9.3018,9.1451,9.2496,0
1986-01-10,9.2235,9.2626,9.1189,9.2365,0
1986-01-13,9.1451,9.2235,9.1320,9.1712,0
1986-01-14,9.2757,9.2757,9.1320,9.1843,0
1986-01-15,9.2104,9.3280,9.1843,9.3280,0
1986-01-16,9.3541,9.5762,9.3149,9.5631,0
1986-01-17,9.5893,9.5893,9.3541,9.4455,0
1986-01-20,9.4194,9.4325,9.3541,9.4325,0
1986-01-21,9.4586,9.4586,9.2235,9.3280,0
1986-01-22,9.3541,9.3802,9.3149,9.3280,0
1986-01-23,9.3018,9.3018,9.1189,9.1843,0
1986-01-24,9.1973,9.1973,9.0275,9.0536,0
1986-01-27,9.0797,9.0797,8.9883,9.0406,0
1986-01-28,9.0667,9.1451,9.0275,9.1451,0
1986-01-29,9.1712,9.3018,9.1451,9.3018,0
1986-01-30,9.3018,9.3933,9.2626,9.2757,0
1986-01-31,9.2757,9.4978,9.2757,9.4978,0
1986-02-03,9.4978,9.6415,9.4586,9.6154,0
1986-02-04,9.6415,9.6415,9.5501,9.6154,0
1986-02-05,9.5762,9.7199,9.5631,9.7199,0
1986-02-06,9.7199,9.8113,9.6938,9.7983,0
1986-02-07,9.6938,9.9159,9.6807,9.9028,0
1986-02-10,9.9159,9.9289,9.8505,9.9289,0
1986-02-11,9.8897,9.9551,9.8636,9.9289,0
1986-02-12,9.9289,10.0204,9.9159,10.0204,0
1986-02-13,10.0204,10.1380,9.9551,10.1380,0
1986-02-14,10.1118,10.1118,10.0073,10.1118,0
1986-02-18,10.1249,10.3209,10.0596,10.2686,0
1986-02-19,10.2425,10.3731,10.2163,10.2686,0
1986-02-20,10.1118,10.2817,10.1118,10.2817,0
1986-02-21,10.3209,10.3339,10.1380,10.3078,0
1986-02-24,10.2817,10.3078,10.1641,10.2294,0
1986-02-25,10.1902,10.2163,10.0988,10.1902,0
1986-02-26,10.1510,10.1772,9.9551,9.9943,0
1986-02-27,10.0204,10.2163,9.9289,10.1641,0
1986-02-28,10.2817,10.3992,10.1380,10.3209,0
1986-03-03,10.2947,10.3209,10.1380,10.2033,0
1986-03-04,10.2033,10.3209,10.1249,10.1380,0
1986-03-05,10.0857,10.1249,9.9551,10.0988,0
1986-03-06,10.1902,10.2033,10.0334,10.0596,0
1986-03-07,10.0857,10.1380,10.0465,10.1118,0
1986-03-10,10.1118,10.2686,10.0857,10.2163,0
1986-03-11,10.2947,10.6083,10.1902,10.6083,0
1986-03-12,10.6083,10.7128,10.5168,10.5560,0
1986-03-13,10.5299,10.6867,10.4515,10.6213,0
1986-03-14,10.6475,10.8696,10.4254,10.8696,0
1986-03-17,10.7520,10.8696,10.5821,10.6867,0
1986-03-18,10.6605,10.9480,10.6344,10.7912,0
1986-03-19,10.9218,10.9349,10.7912,10.8696,0
1986-03-20,10.9610,11.2615,10.8957,11.1178,0
1986-03-21,11.1570,11.1700,10.8696,10.9218,0
1986-03-24,10.9741,10.9871,10.7128,10.8957,0
1986-03-25,10.8304,10.8957,10.7912,10.8565,0
1986-03-26,10.8696,11.2746,10.8565,11.1700,0
1986-03-27,11.2615,11.2876,10.9610,11.1178,0
1986-03-31,11.0525,11.1700,10.9218,11.0002,0
1986-04-01,11.0786,11.0917,10.5038,10.6344,0
1986-04-02,10.5560,10.7520,10.5038,10.6867,0
1986-04-03,10.6736,10.7650,10.3470,10.4515,0
1986-04-04,10.4515,10.5168,10.3470,10.4515,0
1986-04-07,10.3731,10.4254,10.1510,10.2686,0
1986-04-08,10.3209,10.3470,10.1380,10.3470,0
1986-04-09,10.3992,10.4907,10.1902,10.2425,0
1986-04-10,10.2425,10.2817,10.1772,10.2163,0
1986-04-11,10.2425,10.2947,10.2033,10.2294,0
1986-04-14,10.2425,10.4384,10.2163,10.3862,0
1986-04-15,10.3209,10.4515,10.2947,10.3862,0
1986-04-16,10.5560,10.7389,10.4646,10.6344,0
1986-04-17,10.6605,10.8042,10.6344,10.7389,0
1986-04-18,10.7520,10.9480,10.6867,10.7912,0
1986-04-21,10.7912,11.0655,10.7650,11.0002,0
1986-04-22,11.0655,11.0655,10.7128,10.7650,0
1986-04-23,10.7650,10.7912,10.6083,10.7650,0
1986-04-24,10.7781,10.8304,10.6736,10.6736,0
1986-04-25,10.6867,10.9349,10.6867,10.8957,0
1986-04-28,10.9741,11.1570,10.9480,11.1047,0
1986-04-29,11.2092,11.2354,11.0002,11.0525,0
1986-04-30,11.0525,11.0525,10.9480,10.9480,0
1986-05-01,10.9218,10.9480,10.8304,10.8696,0
1986-05-02,10.8826,10.8957,10.5821,10.6605,0
1986-05-05,10.7389,10.7781,10.6997,10.7520,0
1986-05-06,10.7389,10.7389,10.6344,10.6997,0
1986-05-07,10.6736,10.6867,10.5038,10.5821,0
1986-05-08,10.6344,10.7128,10.5038,10.5299,0
1986-05-09,10.4515,10.5952,10.4123,10.5952,0
1986-05-12,10.5691,10.6475,10.4123,10.4515,0
1986-05-13,10.4123,10.4907,10.3601,10.3862,0
1986-05-14,10.4123,10.6867,10.3992,10.6867,0
1986-05-15,10.6213,10.6605,10.4123,10.5168,0
1986-05-16,10.4515,10.4776,10.3862,10.4123,0
1986-05-19,10.2947,10.3470,10.2425,10.2947,0
1986-05-20,10.2947,10.4515,10.2817,10.4515,0
1986-05-21,10.4515,10.4515,10.2947,10.2947,0
1986-05-22,10.3209,10.6475,10.2947,10.6344,0
1986-05-23,10.6605,10.8957,10.6213,10.7781,0
1986-05-27,10.8173,11.0263,10.7650,10.9610,0
1986-05-28,10.9871,11.0525,10.8696,11.0263,0
1986-05-29,11.0263,11.0786,10.9741,11.0263,0
1986-05-30,11.0394,11.2615,10.9741,11.1439,0
1986-06-02,11.1700,11.2223,10.9218,10.9741,0
1986-06-03,11.0002,11.0786,10.9218,11.0786,0
1986-06-04,11.0786,11.1439,10.8957,11.0133,0
1986-06-05,11.0394,11.2354,10.9480,11.2223,0
1986-06-06,11.2223,11.3921,11.1831,11.3138,0
1986-06-09,11.2876,11.3007,11.0917,11.1309,0
1986-06-10,11.0917,11.1831,11.0263,11.1831,0
1986-06-11,11.1831,11.2092,11.0002,11.1570,0
1986-06-12,11.1570,11.2484,11.0917,11.1700,0
1986-06-13,11.1570,11.3138,11.1309,11.2484,0
1986-06-16,11.3921,11.4967,11.3399,11.3660,0
1986-06-17,11.4313,11.4313,11.2223,11.3399,0
1986-06-18,11.3921,11.6926,11.3138,11.6404,0
1986-06-19,11.5881,11.7841,11.4052,11.4313,0
1986-06-20,11.4705,11.5097,11.3660,11.5097,0
1986-06-23,11.4705,11.4967,11.3660,11.4052,0
1986-06-24,11.4705,11.6665,11.3921,11.5620,0
1986-06-25,11.5881,11.7057,11.4967,11.6142,0
1986-06-26,11.6404,11.7318,11.5228,11.6665,0
1986-06-27,11.7057,11.8755,11.6796,11.8233,0
1986-06-30,11.8363,11.9931,11.8233,11.8886,0
1986-07-01,11.9408,12.0192,11.8886,11.9931,0
1986-07-02,11.9800,11.9800,11.8886,11.9147,0
1986-07-03,11.9539,11.9539,11.7318,11.7971,0
1986-07-07,11.7841,11.7841,11.3138,11.3268,0
1986-07-08,11.1831,11.2746,11.0786,11.2484,0
1986-07-09,11.3399,11.4444,11.2615,11.4052,0
1986-07-10,11.4444,11.4444,11.1309,11.2615,0
1986-07-11,11.2876,11.3399,11.1831,11.2223,0
1986-07-14,11.1831,11.2092,11.0655,11.1309,0
1986-07-15,11.1831,11.2876,11.0525,11.0525,0
1986-07-16,11.1570,11.1831,11.0525,11.0917,0
1986-07-17,11.1178,11.2223,11.0917,11.1309,0
1986-07-18,11.1047,11.4183,11.0786,11.1831,0
1986-07-21,11.2354,11.4313,11.2092,11.4052,0
1986-07-22,11.3399,11.5750,11.3399,11.5620,0
1986-07-23,11.5881,11.5881,11.4836,11.5228,0
1986-07-24,11.5228,11.5881,11.5097,11.5750,0
1986-07-25,11.6665,11.8363,11.6012,11.6926,0
1986-07-28,11.5881,11.6534,11.3921,11.4836,0
1986-07-29,11.5097,11.5881,11.4705,11.5489,0
1986-07-30,11.5097,11.6273,11.3660,11.6273,0
1986-07-31,11.6273,11.7057,11.5228,11.6012,0
1986-08-01,11.6012,11.6012,11.4183,11.4836,0
1986-08-04,11.4705,11.6404,11.3529,11.6012,0
1986-08-05,11.6012,11.6404,11.3791,11.4183,0
1986-08-06,11.3921,11.4705,11.3268,11.4705,0
1986-08-07,11.4444,11.5489,11.3529,11.3921,0
1986-08-08,11.3921,11.4183,11.2484,11.3399,0
1986-08-11,11.3399,11.5750,11.3399,11.4444,0
1986-08-12,11.4967,11.6404,11.4052,11.6142,0
1986-08-13,11.6142,11.7710,11.5881,11.7057,0
1986-08-14,11.6796,11.7318,11.6404,11.6665,0
1986-08-15,11.7057,11.7057,11.4967,11.6142,0
1986-08-18,11.5489,11.5489,11.3529,11.5489,0
1986-08-19,11.4705,11.4836,11.3921,11.4575,0
1986-08-20,11.4183,11.6534,11.4052,11.6534,0
1986-08-21,11.6796,11.8233,11.6534,11.7579,0
1986-08-22,11.7841,11.8755,11.7710,11.8233,0
1986-08-25,11.7841,11.7841,11.5358,11.6273,0
1986-08-26,11.7318,11.8494,11.6534,11.7710,0
1986-08-27,11.8102,11.8494,11.7579,11.7971,0
1986-08-28,11.7971,11.7971,11.7318,11.7710,0
1986-08-29,11.7579,11.8102,11.6404,11.7449,0
1986-09-02,11.7318,11.7841,11.5097,11.5097,0
1986-09-03,11.4705,11.6404,11.4313,11.6273,0
1986-09-04,11.6796,11.7841,11.6142,11.7579,0
1986-09-05,11.7841,11.8102,11.6796,11.7188,0
1986-09-08,11.7057,11.9408,11.7057,11.9147,0
1986-09-09,12.1237,12.1237,11.9408,11.9931,0
1986-09-10,11.9670,11.9931,11.9017,11.9539,0
1986-09-11,11.6012,11.8102,11.3138,11.3660,0
1986-09-12,11.4183,11.4183,10.8173,11.0133,0
1986-09-15,11.1047,11.1570,10.8696,10.9349,0
1986-09-16,10.8565,10.9218,10.7650,10.9088,0
1986-09-17,10.9349,11.0133,10.8304,10.8434,0
1986-09-18,10.8042,10.9088,10.6344,10.8434,0
1986-09-19,10.7389,10.7650,10.5691,10.5691,0
1986-09-22,10.6867,10.7912,10.6605,10.7650,0
1986-09-23,10.7650,10.7912,10.6997,10.7520,0
1986-09-24,10.7650,10.8434,10.7520,10.8042,0
1986-09-25,10.8042,10.8173,10.6213,10.7259,0
1986-09-26,10.6083,10.7781,10.5430,10.6867,0
1986-09-29,10.5038,10.5299,10.3601,10.4254,0
1986-09-30,10.4515,10.6344,10.4254,10.5168,0
1986-10-01,10.5560,10.9218,10.5038,10.6083,0
1986-10-02,10.5691,10.6867,10.5560,10.6083,0
1986-10-03,10.7389,10.7520,10.4123,10.5038,0
1986-10-06,10.4776,10.6605,10.4515,10.5299,0
1986-10-07,10.5038,10.5430,10.3731,10.4515,0
1986-10-08,10.4254,10.5560,10.3992,10.5299,0
1986-10-09,10.6083,10.6736,10.5821,10.6213,0
1986-10-10,10.5821,10.6867,10.5821,10.6867,0
1986-10-13,10.6867,10.8042,10.6475,10.7912,0
1986-10-14,10.7912,10.9218,10.7781,10.7912,0
1986-10-15,10.8696,11.2092,10.8304,11.2092,0
1986-10-16,11.1962,11.2615,11.1309,11.2223,0
1986-10-17,11.1962,11.2354,11.1309,11.2354,0
1986-10-20,11.1700,11.1700,10.9218,10.9741,0
1986-10-21,11.0002,11.0263,10.8826,10.9610,0
1986-10-22,10.9871,11.0525,10.9480,10.9871,0
1986-10-23,11.0525,11.3921,11.0263,11.3399,0
1986-10-24,11.3138,11.3399,11.2092,11.2876,0
1986-10-27,11.3529,11.4444,11.2092,11.4183,0
1986-10-28,11.4183,11.5097,11.3660,11.4967,0
1986-10-29,11.4705,11.4967,11.3921,11.4183,0
1986-10-30,11.6796,11.6796,11.4705,11.5228,0
1986-10-31,11.4967,11.5358,11.3399,11.4183,0
1986-11-03,11.4575,11.4705,11.3399,11.3921,0
1986-11-04,11.3399,11.4052,11.2876,11.4052,0
1986-11-05,11.3660,11.4575,11.3399,11.4183,0
1986-11-06,11.3660,11.4444,11.2876,11.4183,0
1986-11-07,11.3529,11.4444,11.3268,11.4313,0
1986-11-10,11.4444,11.6926,11.3791,11.6273,0
1986-11-11,11.6012,11.6926,11.5750,11.6534,0
1986-11-12,11.7057,11.7057,11.4967,11.6796,0
1986-11-13,11.6665,11.6665,11.4967,11.4967,0
1986-11-14,11.4705,11.5358,11.4183,11.5358,0
1986-11-17,11.3660,11.4705,11.3007,11.3660,0
1986-11-18,11.3399,11.3529,11.0786,11.1047,0
1986-11-19,11.1309,11.1700,10.9871,11.1309,0
1986-11-20,11.1831,11.2876,11.0655,11.2876,0
1986-11-21,11.3399,11.5881,11.2615,11.5228,0
1986-11-24,11.5228,11.8102,11.4967,11.7579,0
1986-11-25,11.8363,11.9017,11.7318,11.8102,0
1986-11-26,11.8102,11.8363,11.7057,11.8102,0
1986-11-28,11.8233,11.8233,11.6796,11.7057,0
1986-12-01,11.6273,11.7841,11.5358,11.7841,0
1986-12-02,11.8494,12.0715,11.8363,12.0715,0
1986-12-03,11.9931,12.1499,11.9278,11.9278,0
1986-12-04,11.9670,12.0454,11.9408,11.9670,0
1986-12-05,11.9408,11.9800,11.7579,11.9278,0
1986-12-08,11.9278,12.2413,11.8755,12.1107,0
1986-12-09,12.1237,12.1760,12.0323,12.0454,0
1986-12-10,12.0454,12.2152,12.0454,12.1237,0
1986-12-11,12.1237,12.1237,11.8102,11.9800,0
1986-12-12,11.9800,12.0192,11.9278,11.9800,0
1986-12-15,11.8886,12.0454,11.8102,12.0454,0
1986-12-16,12.0192,12.2152,11.9931,12.1499,0
1986-12-17,12.1760,12.1891,12.0323,12.1107,0
1986-12-18,12.1107,12.1629,12.0976,12.1499,0
1986-12-19,12.1629,12.2675,12.0976,12.1499,0
1986-12-22,12.1499,12.3328,12.1368,12.2805,0
1986-12-23,12.2283,12.3066,12.1760,12.3066,0
1986-12-24,12.2805,12.4242,12.2544,12.2936,0
1986-12-26,12.2936,12.3328,12.2675,12.3066,0
1986-12-29,12.2805,12.2805,12.1629,12.2413,0
1986-12-30,12.2283,12.2675,12.1499,12.2152,0
1986-12-31,12.2283,12.3066,12.1760,12.1891,0
1987-01-02,12.2675,12.4242,12.2675,12.3197,0
1987-01-05,12.5418,12.5941,12.4242,12.4504,0
1987-01-06,12.5157,12.5679,12.4373,12.5026,0
1987-01-07,12.4634,12.6071,12.3850,12.5810,0
1987-01-08,12.5418,12.5941,12.4373,12.5549,0
1987-01-09,12.5026,12.6463,12.4634,12.4895,0
1987-01-12,12.4634,12.5287,12.3981,12.4242,0
1987-01-13,12.3589,12.4242,12.2805,12.3066,0
1987-01-14,12.3197,12.5679,12.2936,12.5549,0
1987-01-15,12.7508,13.1166,12.6725,13.0121,0
1987-01-16,13.0513,13.2473,12.9076,13.1166,0
1987-01-19,13.2212,13.5347,12.9860,13.4302,0
1987-01-20,13.4041,13.7437,13.3910,13.6262,0
1987-01-21,13.4955,13.8221,13.4955,13.5216,0
1987-01-22,13.5347,14.0311,13.5086,14.0050,0
1987-01-23,14.0573,14.6060,13.1689,13.2473,0
1987-01-26,13.3257,13.6653,13.3257,13.4563,0
1987-01-27,13.5608,13.7699,13.5347,13.7176,0
1987-01-28,13.7699,13.8091,13.6915,13.7699,0
1987-01-29,13.9920,13.9920,13.5608,13.6131,0
1987-01-30,13.5870,13.5870,13.3387,13.5216,0
1987-02-02,13.4694,13.7437,13.4041,13.6131,0
1987-02-03,13.7307,13.7829,13.4563,13.5086,0
1987-02-04,13.4824,13.5347,13.3257,13.4955,0
1987-02-05,13.5739,13.5870,13.3779,13.4824,0
1987-02-06,13.4302,13.5608,13.4302,13.4824,0
1987-02-09,13.4824,13.6262,13.4432,13.6262,0
1987-02-10,13.5870,13.6784,13.3779,13.5478,0
1987-02-11,13.5216,13.7960,13.4955,13.6915,0
1987-02-12,13.6915,14.5276,13.4563,13.7176,0
1987-02-13,13.7176,13.7960,13.5478,13.6000,0
1987-02-17,13.7960,13.8744,13.6523,13.7960,0
1987-02-18,13.9005,13.9266,13.7437,13.8744,0
1987-02-19,13.8744,13.9397,13.8221,13.8874,0
1987-02-20,13.9005,13.9136,13.6392,13.6392,0
1987-02-23,13.6392,13.7045,13.0644,13.2473,0
1987-02-24,13.2734,13.4041,13.2342,13.2734,0
1987-02-25,13.4041,13.5608,13.2473,13.3257,0
1987-02-26,13.3518,13.4041,13.2342,13.2342,0
1987-02-27,13.2734,13.3518,13.2212,13.3257,0
1987-03-02,13.3518,13.4563,13.2865,13.2865,0
1987-03-03,13.2995,13.3126,13.2212,13.2473,0
1987-03-04,13.2865,13.4041,13.2473,13.2603,0
1987-03-05,13.3257,13.4302,13.2865,13.3257,0
1987-03-06,13.3779,13.3779,13.1950,13.2603,0
1987-03-09,13.2342,13.2473,13.0774,13.0905,0
1987-03-10,13.0774,13.1820,13.0252,13.1036,0
1987-03-11,13.1558,13.1689,13.0383,13.0383,0
1987-03-12,13.0383,13.3649,12.9991,12.9991,0
1987-03-13,13.0513,13.0513,12.9599,12.9860,0
1987-03-16,12.9599,12.9991,12.8031,12.9076,0
1987-03-17,12.9076,13.2212,12.8684,13.1820,0
1987-03-18,13.2603,13.2995,12.9076,13.1428,0
1987-03-19,13.1297,13.4955,13.1166,13.4041,0
1987-03-20,13.5216,13.7699,13.3649,13.7699,0
1987-03-23,13.7437,13.9528,13.6915,13.9266,0
1987-03-24,13.9528,13.9920,13.8221,13.8874,0
1987-03-25,13.8482,13.9266,13.7437,13.7699,0
1987-03-26,13.8221,13.9789,13.8091,13.8744,0
1987-03-27,14.0050,14.0573,13.8221,13.8613,0
1987-03-30,13.3910,13.6392,13.3910,13.4694,0
1987-03-31,13.6000,13.6131,13.4432,13.5216,0
1987-04-01,13.3257,13.5478,13.3257,13.5216,0
1987-04-02,13.5739,13.5870,13.3387,13.4302,0
1987-04-03,13.3910,13.8482,13.3779,13.7437,0
1987-04-06,13.9397,14.0311,13.8352,13.9920,0
1987-04-07,13.9789,14.3186,13.8482,13.9789,0
1987-04-08,14.0050,14.2794,13.9266,14.2010,0
1987-04-09,14.2271,14.2663,13.9789,14.0834,0
1987-04-10,13.9528,13.9920,13.7437,13.8221,0
1987-04-13,13.7699,13.9397,13.4302,13.4302,0
1987-04-14,13.2212,13.2995,12.8554,13.1689,0
1987-04-15,13.2473,13.3257,13.0383,13.2212,0
1987-04-16,13.2603,13.2734,13.0121,13.0121,0
1987-04-20,13.1036,13.1036,12.8684,12.9599,0
1987-04-21,12.8815,13.5086,12.8292,13.4694,0
1987-04-22,13.4824,13.5608,13.1820,13.2081,0
1987-04-23,13.2734,13.3779,13.1297,13.2995,0
1987-04-24,13.2473,13.3779,13.1166,13.1950,0
1987-04-27,13.0121,13.5086,12.9337,13.2995,0
1987-04-28,13.3126,13.4302,12.9599,12.9599,0
1987-04-29,13.1689,13.1950,13.0121,13.0905,0
1987-04-30,13.0644,13.4171,13.0644,13.3518,0
1987-05-01,13.3257,13.4302,13.0905,13.1428,0
1987-05-04,13.1428,13.3649,13.0252,13.3649,0
1987-05-05,13.4041,13.8744,13.3649,13.8221,0
1987-05-06,13.7699,13.9136,13.4041,13.6653,0
1987-05-07,13.6392,13.7568,13.4563,13.4563,0
1987-05-08,13.5086,13.5216,13.2995,13.3387,0
1987-05-11,13.4041,13.7176,13.1689,13.1689,0
1987-05-12,13.2212,13.4824,13.1428,13.4824,0
1987-05-13,13.5086,13.5739,13.3518,13.5608,0
1987-05-14,13.5608,13.6000,13.3257,13.3779,0
1987-05-15,13.3518,13.4694,13.0383,13.0905,0
1987-05-18,12.9991,13.1950,12.8684,13.0644,0
1987-05-19,13.1428,13.1428,12.8162,13.0121,0
1987-05-20,12.9991,13.3518,12.8554,13.2734,0
1987-05-21,13.3779,13.3779,13.0774,13.1950,0
1987-05-22,13.2995,13.3257,13.1950,13.2603,0
1987-05-26,13.4563,13.5608,13.3257,13.5086,0
1987-05-27,13.4563,13.5870,13.4302,13.5347,0
1987-05-28,13.5086,13.6784,13.4432,13.5739,0
1987-05-29,13.6392,13.6653,13.3518,13.3649,0
1987-06-01,13.4694,13.4824,13.2734,13.3126,0
1987-06-02,13.2734,13.4824,13.2212,13.4041,0
1987-06-03,13.5086,13.6000,13.4563,13.5347,0
1987-06-04,13.5608,13.6262,13.4432,13.6131,0
1987-06-05,13.5870,13.7437,13.5347,13.7045,0
1987-06-08,13.6262,13.8091,13.5870,13.7960,0
1987-06-09,13.8352,13.8613,13.6653,13.7568,0
1987-06-10,13.9005,14.0311,13.7829,13.9005,0
1987-06-11,13.9005,14.0573,13.8744,13.9920,0
1987-06-12,14.0834,14.2010,14.0442,14.1357,0
1987-06-15,14.2010,14.2402,14.1095,14.1226,0
1987-06-16,14.5015,14.5276,14.0573,14.5015,0
1987-06-17,14.5537,14.6582,14.5015,14.5015,0
1987-06-18,14.3969,14.6060,14.3447,14.5015,0
1987-06-19,14.5015,14.6321,14.4231,14.4231,0
1987-06-22,14.6060,14.9718,14.5537,14.9457,0
1987-06-23,15.0240,15.1286,14.6582,14.7628,0
1987-06-24,14.7366,14.9718,14.6582,14.9718,0
1987-06-25,15.0502,15.2331,14.9457,15.2331,0
1987-06-26,14.9718,15.2592,14.9457,15.0763,0
1987-06-29,15.1808,15.2069,14.9979,15.0763,0
1987-06-30,15.1286,15.1286,14.6844,14.8150,0
1987-07-01,14.8150,14.8150,14.6060,14.6060,0
1987-07-02,14.7628,14.7889,14.5798,14.6844,0
1987-07-06,14.6844,14.7628,14.2402,14.3186,0
1987-07-07,14.3447,14.6844,14.3447,14.5537,0
1987-07-08,14.6060,14.6321,14.4231,14.6060,0
1987-07-09,14.6060,14.6844,14.4753,14.5015,0
1987-07-10,14.5015,14.5798,14.4492,14.4492,0
1987-07-13,14.4492,14.7889,14.2924,14.7889,0
1987-07-14,14.7628,14.9457,14.7366,14.9457,0
1987-07-15,14.8150,14.9457,14.7366,14.8150,0
1987-07-16,14.8150,14.8673,14.5276,14.8150,0
1987-07-17,14.8673,14.9195,14.7366,14.7366,0
1987-07-20,14.6582,14.8150,14.6321,14.7366,0
1987-07-21,14.6321,14.7889,14.2663,14.5276,0
1987-07-22,14.5798,14.7105,14.5276,14.5798,0
1987-07-23,14.7105,14.7105,14.4492,14.6060,0
1987-07-24,14.5798,14.9195,14.5798,14.9195,0
1987-07-27,14.8673,15.1286,14.8150,15.0763,0
1987-07-28,15.0502,15.1286,14.7889,14.8150,0
1987-07-29,15.0502,15.2069,14.9718,15.1024,0
1987-07-30,15.0763,15.4682,15.0240,15.4682,0
1987-07-31,15.3898,15.4944,15.2853,15.4160,0
1987-08-03,15.2069,15.4160,15.1808,15.2069,0
1987-08-04,15.2069,15.2853,15.0502,15.0502,0
1987-08-05,15.2592,15.6250,15.2331,15.4421,0
1987-08-06,15.5205,15.7295,15.2853,15.7034,0
1987-08-07,15.6773,15.8863,15.5727,15.7295,0
1987-08-10,15.5989,15.8863,15.5205,15.8863,0
1987-08-11,15.9124,16.5918,15.8863,16.5134,0
1987-08-12,16.2521,16.7224,16.1998,16.6179,0
1987-08-13,16.6702,17.1927,16.6179,17.1927,0
1987-08-14,16.9837,17.2972,16.9314,17.1405,0
1987-08-17,17.0882,17.1927,16.9314,17.0882,0
1987-08-18,16.9314,16.9314,16.3566,16.6179,0
1987-08-19,16.5395,16.6963,16.3827,16.5918,0
1987-08-20,16.6963,17.0098,16.6179,16.9576,0
1987-08-21,17.0360,17.1405,16.8008,16.8008,0
1987-08-24,16.8792,16.9053,16.5395,16.5656,0
1987-08-25,16.6440,17.2189,16.6440,17.1666,0
1987-08-26,17.2189,17.4540,17.1405,17.2450,0
1987-08-27,17.1405,17.2189,16.9576,17.0882,0
1987-08-28,16.9837,17.0360,16.4611,16.4611,0
1987-08-31,16.4611,16.7224,16.3043,16.6963,0
1987-09-01,16.7224,16.9837,16.0953,16.4089,0
1987-09-02,16.1998,16.4611,16.0953,16.3305,0
1987-09-03,16.5656,16.5656,15.7034,16.0692,0
1987-09-04,16.1214,16.2260,15.5989,15.6773,0
1987-09-08,15.6773,15.8863,15.3898,15.8863,0
1987-09-09,15.7818,15.9908,15.6511,15.7556,0
1987-09-10,15.9908,16.0692,15.7818,15.9647,0
1987-09-11,16.1737,16.3827,16.0953,16.3566,0
1987-09-14,16.4089,16.4611,16.0431,16.1998,0
1987-09-15,16.1476,16.1476,15.8863,16.0169,0
1987-09-16,15.9124,16.3305,15.8340,15.8340,0
1987-09-17,16.0692,16.0692,15.7034,15.8340,0
1987-09-18,16.0431,16.2260,15.9647,16.0169,0
1987-09-21,16.3043,16.5656,15.8079,15.9908,0
1987-09-22,15.9908,16.5134,15.7295,16.5134,0
1987-09-23,16.5134,16.8008,16.5134,16.7485,0
1987-09-24,16.5656,16.9837,16.5395,16.7485,0
1987-09-25,16.6702,16.8269,16.6179,16.7224,0
1987-09-28,17.1405,17.4018,16.9837,17.3234,0
1987-09-29,17.0360,17.3234,16.7747,16.9314,0
1987-09-30,16.8008,17.1405,16.8008,17.0882,0
1987-10-01,17.0621,17.4018,16.9837,17.3495,0
1987-10-02,17.3234,17.4540,17.1666,17.3234,0
1987-10-05,17.3234,17.3234,16.8269,17.2189,0
1987-10-06,16.9576,17.1143,16.4089,16.4350,0
1987-10-07,16.4350,16.6963,16.2782,16.5918,0
1987-10-08,16.8269,16.8269,16.3305,16.5918,0
1987-10-09,16.4350,16.6963,16.3043,16.3566,0
1987-10-12,16.3043,16.3566,15.7034,15.7818,0
1987-10-13,16.0431,16.1214,15.8863,15.9908,0
1987-10-14,15.7818,15.8602,15.0502,15.1547,0
1987-10-15,15.1286,15.8602,15.0502,15.2331,0
1987-10-16,15.2592,15.3637,14.1095,14.6844,0
1987-10-19,13.3779,13.8482,10.6605,11.7057,0
1987-10-20,12.9599,13.2734,9.4064,12.1237,0
1987-10-21,13.1689,13.2734,12.1237,12.8554,0
1987-10-22,12.0192,13.0644,11.9147,12.6463,0
1987-10-23,12.3328,12.6986,12.2544,12.4895,0
1987-10-26,12.1237,12.1760,11.2092,11.2876,0
1987-10-27,11.8102,11.8625,11.3660,11.6012,0
1987-10-28,11.0786,11.8625,11.0002,11.7057,0
1987-10-29,11.7841,12.3850,11.4967,11.9408,0
1987-10-30,12.6725,12.6725,12.2805,12.3328,0
1987-11-02,12.3850,12.6986,12.1499,12.5418,0
1987-11-03,12.2021,12.9599,11.9408,12.8292,0
1987-11-04,12.4112,12.8292,12.2283,12.5679,0
1987-11-05,12.4634,13.1689,12.4373,12.8554,0
1987-11-06,12.9337,13.2473,12.3850,12.5418,0
1987-11-09,12.1499,12.4634,12.0192,12.0715,0
1987-11-10,11.9408,12.1760,11.7318,11.7579,0
1987-11-11,11.7579,12.0192,11.6796,11.7841,0
1987-11-12,12.4895,12.6463,12.1760,12.6463,0
1987-11-13,12.5418,12.9599,12.2544,12.7770,0
1987-11-16,12.6986,13.2734,12.6986,13.1689,0
1987-11-17,12.8554,13.0383,12.6463,12.9337,0
1987-11-18,13.0383,13.3779,12.7247,13.3518,0
1987-11-19,13.1166,13.3257,12.5941,12.8554,0
1987-11-20,12.5941,13.3779,12.5418,13.3779,0
1987-11-23,13.2212,13.3257,13.0644,13.2734,0
1987-11-24,13.4302,13.5086,13.2995,13.4302,0
1987-11-25,13.2212,13.4041,13.0644,13.1166,0
1987-11-27,12.7770,12.9860,12.6463,12.7508,0
1987-11-30,12.1237,12.3066,11.7318,12.1760,0
1987-12-01,12.5418,12.5418,12.1760,12.2283,0
1987-12-02,12.2021,12.4895,12.0715,12.2805,0
1987-12-03,12.2805,12.3328,11.7841,11.7841,0
1987-12-04,11.7579,11.8102,11.3921,11.8102,0
1987-12-07,11.7841,12.2283,11.4967,12.2283,0
1987-12-08,12.0976,12.3589,11.7579,12.3328,0
1987-12-09,12.1760,12.8292,12.1760,12.6202,0
1987-12-10,12.3066,13.0644,12.2544,12.3850,0
1987-12-11,12.3589,12.7247,12.3589,12.7247,0
1987-12-14,12.6202,13.3257,12.6202,13.1689,0
1987-12-15,13.3779,13.4302,12.9599,13.2473,0
1987-12-16,13.0905,13.5086,12.9599,13.4563,0
1987-12-17,13.4302,13.4302,12.8554,12.9076,0
1987-12-18,13.1428,13.5086,12.9337,13.4563,0
1987-12-21,13.4563,13.7437,13.2995,13.5608,0
1987-12-22,13.4824,13.5347,13.1950,13.4302,0
1987-12-23,13.3779,13.9528,13.3779,13.8221,0
1987-12-24,13.6915,13.7960,13.5086,13.6131,0
1987-12-28,13.2212,13.2734,12.8554,13.1428,0
1987-12-29,13.1428,13.2212,13.0121,13.1428,0
1987-12-30,13.2734,13.3257,13.1950,13.3257,0
1987-12-31,13.1166,13.4563,13.0121,13.4563,0
1988-01-04,13.5347,13.9528,13.4824,13.8221,0
1988-01-05,13.9005,14.1095,13.6392,13.7176,0
1988-01-06,13.7960,13.8744,13.6392,13.7960,0
1988-01-07,13.5608,13.7960,13.4563,13.7699,0
1988-01-08,13.6653,13.7699,12.3328,12.4112,0
1988-01-11,12.6202,13.1428,12.2021,13.1428,0
1988-01-12,12.8815,13.0121,12.3328,12.8554,0
1988-01-13,12.6986,13.0383,12.3850,12.6986,0
1988-01-14,12.6202,12.7508,12.4373,12.6725,0
1988-01-15,13.1166,13.1950,12.9599,13.0905,0
1988-01-18,13.0644,13.0644,12.8554,12.9076,0
1988-01-19,12.5941,12.7770,12.4895,12.5418,0
1988-01-20,12.1237,12.3850,11.7057,11.9147,0
1988-01-21,12.0715,12.0976,11.6012,11.8102,0
1988-01-22,12.0976,12.0976,11.8625,11.9147,0
1988-01-25,12.0192,12.3589,11.9670,12.1237,0
1988-01-26,12.0715,12.3850,11.8363,11.8363,0
1988-01-27,11.8363,12.3328,11.8102,12.1237,0
1988-01-28,12.1760,12.3328,12.1237,12.2805,0
1988-01-29,12.3850,12.7247,12.3328,12.6463,0
1988-02-01,12.6725,12.9860,12.4373,12.4895,0
1988-02-02,12.2805,12.4634,12.1760,12.3328,0
1988-02-03,12.2283,12.3850,11.8102,11.9670,0
1988-02-04,12.0192,12.0715,11.6796,11.7841,0
1988-02-05,11.7841,11.9670,11.7057,11.7057,0
1988-02-08,11.8886,11.8886,11.5489,11.6012,0
1988-02-09,11.6796,11.8886,11.6273,11.8886,0
1988-02-10,11.9147,12.0715,11.9147,12.0192,0
1988-02-11,12.0192,12.2544,11.9931,12.1499,0
1988-02-12,12.1499,12.3066,12.1499,12.2544,0
1988-02-16,12.2544,12.5157,12.1760,12.5157,0
1988-02-17,12.5157,12.6986,12.4112,12.4634,0
1988-02-18,12.4634,12.5941,12.1760,12.2544,0
1988-02-19,11.9670,12.1760,11.9408,12.1760,0
1988-02-22,12.0454,12.4373,11.9670,12.3066,0
1988-02-23,12.3850,12.4634,12.2805,12.4112,0
1988-02-24,12.4112,12.4895,12.2805,12.3328,0
1988-02-25,12.2021,12.4895,11.8625,11.9670,0
1988-02-26,11.9931,12.1760,11.9670,12.0715,0
1988-02-29,12.0454,12.3328,12.0454,12.3328,0
1988-03-01,12.3850,12.5679,12.3589,12.4895,0
1988-03-02,12.5157,12.5157,12.2805,12.3850,0
1988-03-03,12.3328,12.4112,12.1760,12.2805,0
1988-03-04,12.2805,12.2805,12.0192,12.0976,0
1988-03-07,12.0454,12.2805,12.0192,12.2805,0
1988-03-08,12.3066,12.3850,12.1760,12.2021,0
1988-03-09,12.1760,12.2544,12.1499,12.2021,0
1988-03-10,12.2805,12.3328,12.0192,12.0454,0
1988-03-11,12.1237,12.4373,12.0454,12.3589,0
1988-03-14,12.4112,12.8031,12.3589,12.7770,0
1988-03-15,12.8815,13.0905,12.8292,13.0383,0
1988-03-16,13.0383,13.2212,12.8292,13.1950,0
1988-03-17,13.2473,13.5086,13.1950,13.4824,0
1988-03-18,13.5608,13.5608,13.2212,13.3779,0
1988-03-21,13.2734,13.2734,13.0121,13.1428,0
1988-03-22,13.1689,13.2212,13.0383,13.1428,0
1988-03-23,13.1428,13.1428,12.8815,12.9599,0
1988-03-24,12.7508,12.8031,12.5157,12.5941,0
1988-03-25,12.5157,12.5941,12.0976,12.0976,0
1988-03-28,12.0715,12.3850,12.0192,12.3066,0
1988-03-29,12.4112,12.4634,12.2805,12.2805,0
1988-03-30,12.2805,12.3066,11.9931,12.0454,0
1988-03-31,11.9408,12.0715,11.8886,12.0192,0
1988-04-04,11.8886,12.0192,11.8363,11.8625,0
1988-04-05,11.9147,12.0715,11.8625,12.0192,0
1988-04-06,12.1237,12.7247,12.0976,12.7247,0
1988-04-07,12.7247,12.7508,12.5418,12.6725,0
1988-04-08,12.6463,12.9860,12.5679,12.7508,0
1988-04-11,12.8031,13.0383,12.7508,13.0383,0
1988-04-12,12.9599,13.1428,12.9337,13.0644,0
1988-04-13,12.9860,13.0644,12.7770,12.9599,0
1988-04-14,12.6463,12.7247,12.1760,12.1760,0
1988-04-15,12.3328,12.4634,12.1237,12.3066,0
1988-04-18,12.2283,12.2805,12.1237,12.1499,0
1988-04-19,12.2805,12.4112,12.2283,12.2283,0
1988-04-20,12.1237,12.4112,12.0976,12.3066,0
1988-04-21,12.4112,12.6725,12.3589,12.4373,0
1988-04-22,12.4112,12.6463,12.4112,12.5418,0
1988-04-25,12.5418,12.7508,12.5157,12.6986,0
1988-04-26,12.6463,12.8031,12.4895,12.6463,0
1988-04-27,12.5941,12.7247,12.5679,12.5679,0
1988-04-28,12.5679,12.5679,12.4112,12.4634,0
1988-04-29,12.4634,12.5418,12.3589,12.3589,0
1988-05-02,12.3589,12.4634,12.2805,12.3328,0
1988-05-03,12.3328,12.4895,12.2283,12.4373,0
1988-05-04,12.4373,12.4634,12.2805,12.3066,0
1988-05-05,12.2805,12.3328,12.1237,12.2805,0
1988-05-06,12.2021,12.3328,12.0454,12.0976,0
1988-05-09,12.0715,12.2805,12.0715,12.2021,0
1988-05-10,12.2544,12.3850,12.2283,12.2805,0
1988-05-11,12.2021,12.2021,11.9931,12.1760,0
1988-05-12,12.1237,12.2283,12.0454,12.0715,0
1988-05-13,12.1760,12.3066,12.1760,12.3066,0
1988-05-16,12.2283,12.5418,12.2283,12.5418,0
1988-05-17,12.6986,12.7770,12.4373,12.4373,0
1988-05-18,12.4634,12.5157,12.1760,12.1760,0
1988-05-19,12.1760,12.2283,12.0192,12.2283,0
1988-05-20,12.2283,12.2805,12.0715,12.0715,0
1988-05-23,12.1237,12.1499,11.8886,12.0192,0
1988-05-24,12.0192,12.2544,12.0192,12.2283,0
1988-05-25,12.2805,12.4373,12.2805,12.3328,0
1988-05-26,12.2805,12.3850,12.2283,12.3589,0
1988-05-27,12.3328,12.4373,12.3066,12.4112,0
1988-05-31,12.4373,13.0383,12.4373,12.9076,0
1988-06-01,12.9076,13.1428,12.8815,13.0905,0
1988-06-02,12.9599,13.1166,12.9076,13.0644,0
1988-06-03,13.0644,13.2212,12.9599,13.1428,0
1988-06-06,13.1166,13.2734,13.0383,13.2734,0
1988-06-07,13.1166,13.1689,12.9599,12.9599,0
1988-06-08,13.0383,13.4302,13.0121,13.3779,0
1988-06-09,13.3257,13.4041,13.0644,13.0644,0
1988-06-10,13.1428,13.4302,13.0905,13.2734,0
1988-06-13,13.3257,13.3257,13.1166,13.1950,0
1988-06-14,13.4563,13.5608,13.3779,13.4824,0
1988-06-15,13.5086,13.5086,13.4041,13.4824,0
1988-06-16,13.3257,13.3779,13.1689,13.1950,0
1988-06-17,13.2212,13.3257,12.9860,13.3257,0
1988-06-20,13.1689,13.2995,13.0121,13.0644,0
1988-06-21,13.2212,13.3257,13.0383,13.2734,0
1988-06-22,13.5608,13.7699,13.5086,13.5870,0
1988-06-23,13.5608,13.8744,13.5347,13.8221,0
1988-06-24,13.9005,13.9789,13.6392,13.6653,0
1988-06-27,13.7176,13.7176,13.4302,13.4563,0
1988-06-28,13.5347,13.7960,13.4824,13.7960,0
1988-06-29,13.8744,13.9266,13.5870,13.7176,0
1988-06-30,13.7699,13.8221,13.6392,13.7960,0
1988-07-01,13.9005,13.9005,13.6131,13.7437,0
1988-07-05,13.6653,13.9005,13.5608,13.9005,0
1988-07-06,13.8221,13.8744,13.4302,13.6392,0
1988-07-07,13.5870,13.6392,13.3779,13.5347,0
1988-07-08,13.5086,13.5870,13.2995,13.3518,0
1988-07-11,13.4041,13.4563,13.3257,13.3779,0
1988-07-12,13.4041,13.4041,13.1950,13.2734,0
1988-07-13,13.2734,13.3518,13.1166,13.3518,0
1988-07-14,13.2734,13.5608,13.2473,13.4824,0
1988-07-15,13.5347,13.5870,13.3257,13.3779,0
1988-07-18,13.2995,13.3779,13.2212,13.2734,0
1988-07-19,13.1950,13.2734,12.9860,13.0644,0
1988-07-20,13.1428,13.2734,13.0644,13.2212,0
1988-07-21,13.1428,13.4302,13.1428,13.2212,0
1988-07-22,13.1950,13.2995,12.9860,13.0383,0
1988-07-25,13.0121,13.1689,12.8815,13.0644,0
1988-07-26,13.0383,13.1950,13.0383,13.1428,0
1988-07-27,13.1689,13.2734,12.9076,12.9599,0
1988-07-28,12.9599,13.1428,12.8554,13.1166,0
1988-07-29,13.1428,13.3518,13.1428,13.3518,0
1988-08-01,13.3518,13.3518,13.1689,13.2995,0
1988-08-02,13.3257,13.4563,13.2473,13.3779,0
1988-08-03,13.3518,13.5086,13.2995,13.4563,0
1988-08-04,13.5347,13.5347,13.3779,13.4824,0
1988-08-05,13.4302,13.5086,13.3779,13.4563,0
1988-08-08,13.4302,13.5608,13.2473,13.2473,0
1988-08-09,13.3257,13.3779,12.9337,13.1950,0
1988-08-10,13.0644,13.1166,12.5941,12.6725,0
1988-08-11,12.7508,12.8292,12.6463,12.8031,0
1988-08-12,12.7770,12.7770,12.5941,12.7247,0
1988-08-15,12.5941,12.6463,12.4112,12.4112,0
1988-08-16,12.4373,12.8554,12.4112,12.6725,0
1988-08-17,12.6202,12.8554,12.6202,12.7770,0
1988-08-18,12.7770,12.9076,12.7247,12.7508,0
1988-08-19,12.6986,12.8292,12.5418,12.6463,0
1988-08-22,12.6725,12.6725,12.3328,12.3589,0
1988-08-23,12.4373,12.4895,12.3328,12.3850,0
1988-08-24,12.4373,12.6725,12.4373,12.6725,0
1988-08-25,12.2805,12.6725,12.2805,12.5418,0
1988-08-26,12.4634,12.6202,12.4634,12.5418,0
1988-08-29,12.5941,12.8031,12.5941,12.7508,0
1988-08-30,12.7508,12.9337,12.7247,12.7247,0
1988-08-31,12.7770,12.8031,12.6202,12.6202,0
1988-09-01,12.5418,12.6202,12.3066,12.3850,0
1988-09-02,12.6463,12.8554,12.5418,12.6986,0
1988-09-06,12.7508,12.8815,12.6986,12.8554,0
1988-09-07,12.9076,12.9337,12.6986,12.7770,0
1988-09-08,12.7247,12.9860,12.7247,12.8554,0
1988-09-09,12.8815,13.1689,12.6986,12.9076,0
1988-09-12,12.9337,13.0644,12.8815,13.0383,0
1988-09-13,12.9860,13.0644,12.9076,13.0121,0
1988-09-14,13.1689,13.2473,13.0383,13.1689,0
1988-09-15,13.1950,13.3779,13.1689,13.2473,0
1988-09-16,13.1428,13.3779,13.1428,13.1950,0
1988-09-19,13.0905,13.1950,12.9860,13.1166,0
1988-09-20,13.1166,13.2995,13.1166,13.2473,0
1988-09-21,13.2473,13.4041,13.2473,13.4041,0
1988-09-22,13.3257,13.4041,13.2212,13.3518,0
1988-09-23,13.2995,13.5086,13.2995,13.4041,0
1988-09-26,13.3257,13.3779,13.2995,13.3257,0
1988-09-27,13.3257,13.3518,13.1950,13.1950,0
1988-09-28,13.2212,13.4302,13.2212,13.3779,0
1988-09-29,13.4041,13.5608,13.3518,13.5608,0
1988-09-30,13.5870,13.6915,13.4041,13.4563,0
1988-10-03,13.4563,13.5086,13.2473,13.4041,0
1988-10-04,13.4563,13.4563,13.0905,13.1166,0
1988-10-05,13.0644,13.0644,12.8815,12.8815,0
1988-10-06,12.8554,12.8815,12.7770,12.8815,0
1988-10-07,12.9860,13.0905,12.8292,12.9860,0
1988-10-10,13.0121,13.1428,12.9860,13.0905,0
1988-10-11,13.0121,13.1166,12.9860,13.0905,0
1988-10-12,12.9860,13.0383,12.8815,12.9860,0
1988-10-13,12.9076,13.0121,12.7508,12.8031,0
1988-10-14,12.9076,12.9076,12.7508,12.9076,0
1988-10-17,12.8815,13.0383,12.7770,13.0121,0
1988-10-18,13.0644,13.3518,13.0121,13.3518,0
1988-10-19,13.3518,13.4041,12.7508,13.0905,0
1988-10-20,12.9860,13.2212,12.9599,13.1428,0
1988-10-21,13.2212,13.2734,12.9860,13.1950,0
1988-10-24,13.1950,13.2995,13.0905,13.1689,0
1988-10-25,13.1950,13.2734,13.1428,13.1950,0
1988-10-26,13.1689,13.1950,13.0121,13.0905,0
1988-10-27,12.9860,13.0383,12.8292,12.8815,0
1988-10-28,12.9076,12.9076,12.7508,12.8554,0
1988-10-31,12.7508,12.8292,12.6986,12.6986,0
1988-11-01,12.6986,12.8031,12.6725,12.6725,0
1988-11-02,12.6725,12.6986,12.5157,12.6463,0
1988-11-03,12.6986,12.8031,12.6202,12.6725,0
1988-11-04,12.5941,12.7770,12.5418,12.5418,0
1988-11-07,12.5418,12.6463,12.4895,12.6202,0
1988-11-08,12.6725,12.6986,12.5157,12.5418,0
1988-11-09,12.5418,12.6463,12.4373,12.6463,0
1988-11-10,12.6463,12.6986,12.5679,12.6725,0
1988-11-11,12.5941,12.7508,12.4373,12.4373,0
1988-11-14,12.4895,12.5157,12.4112,12.4373,0
1988-11-15,12.5157,12.6986,12.4634,12.5157,0
1988-11-16,12.5157,12.5157,12.2805,12.4112,0
1988-11-17,12.4895,12.5157,12.3850,12.4373,0
1988-11-18,12.3066,12.4112,12.3066,12.3589,0
1988-11-21,12.3850,12.3850,12.2805,12.3328,0
1988-11-22,12.3589,12.4373,12.2805,12.3328,0
1988-11-23,12.3328,12.4373,12.3066,12.3850,0
1988-11-25,12.3328,12.3328,12.2283,12.2805,0
1988-11-28,12.2805,12.3850,12.2544,12.3328,0
1988-11-29,12.3850,12.6986,12.3589,12.6463,0
1988-11-30,12.6463,12.7247,12.5679,12.6202,0
1988-12-01,12.5941,12.6202,12.4373,12.5157,0
1988-12-02,12.3850,12.6725,12.3850,12.6202,0
1988-12-05,12.5941,12.8815,12.5941,12.8031,0
1988-12-06,12.8031,12.9599,12.7247,12.9599,0
1988-12-07,12.9599,13.0644,12.9337,13.0383,0
1988-12-08,12.9076,12.9860,12.8815,12.9076,0
1988-12-09,12.8031,12.9599,12.8031,12.9076,0
1988-12-12,12.9599,13.0644,12.8554,12.8815,0
1988-12-13,12.8815,13.0644,12.8554,13.0644,0
1988-12-14,13.0383,13.0383,12.9337,13.0121,0
1988-12-15,12.9860,13.0121,12.8815,12.8815,0
1988-12-16,12.8815,13.0121,12.8815,13.0121,0
1988-12-19,12.9599,13.1428,12.9599,13.0905,0
1988-12-20,13.1166,13.2212,13.1166,13.1428,0
1988-12-21,13.1689,13.1950,13.0905,13.1428,0
1988-12-22,13.1428,13.1428,12.9860,12.9860,0
1988-12-23,12.9599,13.0905,12.9599,13.0383,0
1988-12-27,12.9860,13.0644,12.9860,13.0121,0
1988-12-28,13.0121,13.1166,13.0121,13.0905,0
1988-12-29,13.0644,13.1689,13.0644,13.1166,0
1988-12-30,13.0905,13.1428,12.9599,12.9599,0
1989-01-03,12.8292,12.8815,12.5679,12.8292,0
1989-01-04,12.9076,13.0383,12.6725,13.0121,0
1989-01-05,13.0383,13.0644,12.8292,12.9076,0
1989-01-06,12.9337,12.9599,12.7508,12.7508,0
1989-01-09,12.7247,12.8292,12.6986,12.8292,0
1989-01-10,12.8292,12.8554,12.6725,12.7247,0
1989-01-11,12.6986,12.8554,12.6986,12.7770,0
1989-01-12,12.8292,13.0905,12.8031,12.9337,0
1989-01-13,12.9337,13.0121,12.8554,12.9599,0
1989-01-16,12.9599,13.0121,12.8815,12.9076,0
1989-01-17,12.9076,12.9076,12.8031,12.8031,0
1989-01-18,12.7770,12.9337,12.7247,12.9076,0
1989-01-19,12.9337,13.0383,12.8031,12.8031,0
1989-01-20,12.9337,13.0121,12.9076,13.0121,0
1989-01-23,12.9860,13.2212,12.9599,13.0905,0
1989-01-24,13.1428,13.4824,13.1428,13.4563,0
1989-01-25,13.5608,13.7437,13.5608,13.7437,0
1989-01-26,13.7699,13.9005,13.5870,13.8744,0
1989-01-27,13.9789,14.5276,13.9266,14.1879,0
1989-01-30,14.2140,14.2402,14.1357,14.1879,0
1989-01-31,14.1879,14.3708,14.0311,14.3186,0
1989-02-01,14.3186,14.5015,14.1618,14.2402,0
1989-02-02,14.2663,14.2924,14.0834,14.1357,0
1989-02-03,14.0834,14.2402,14.0311,14.0311,0
1989-02-06,14.0834,14.1879,13.9789,14.1095,0
1989-02-07,14.1095,14.3447,14.0834,14.2140,0
1989-02-08,14.1095,14.4231,14.1095,14.1879,0
1989-02-09,14.0050,14.1357,13.9528,14.0050,0
1989-02-10,13.8482,14.0573,13.8482,13.9789,0
1989-02-13,13.9528,14.0050,13.8744,13.8744,0
1989-02-14,13.9789,14.0834,13.9789,14.0050,0
1989-02-15,14.0050,14.1357,14.0050,14.0834,0
1989-02-16,14.1357,14.2924,14.1095,14.2663,0
1989-02-17,14.2140,14.4231,14.1879,14.3186,0
1989-02-21,14.3186,14.3186,14.1618,14.2140,0
1989-02-22,14.2140,14.2140,13.8482,13.9266,0
1989-02-23,13.8744,14.0573,13.7960,13.9266,0
1989-02-24,13.9266,13.9528,13.5870,13.5870,0
1989-02-27,13.5347,13.6915,13.4824,13.6653,0
1989-02-28,13.6392,13.7437,13.6131,13.6131,0
1989-03-01,13.7699,13.8482,13.5347,13.5870,0
1989-03-02,13.5870,13.7699,13.5347,13.7437,0
1989-03-03,13.7176,13.7699,13.6392,13.7699,0
1989-03-06,13.7699,13.8482,13.7437,13.8221,0
1989-03-07,13.8482,13.8744,13.7437,13.7960,0
1989-03-08,13.7960,14.0834,13.7699,13.9266,0
1989-03-09,13.9005,14.0573,13.7437,14.0050,0
1989-03-10,13.9528,14.0573,13.7960,14.0573,0
1989-03-13,13.9789,14.2140,13.9789,14.1618,0
1989-03-14,14.2140,14.3186,14.1618,14.2140,0
1989-03-15,14.2140,14.4492,14.1879,14.3186,0
1989-03-16,14.3186,14.5798,14.2924,14.5276,0
1989-03-17,14.3186,14.3186,14.1095,14.2140,0
1989-03-20,14.1618,14.2140,14.0311,14.0834,0
1989-03-21,14.1618,14.2140,14.0573,14.0834,0
1989-03-22,14.1095,14.1879,13.9789,14.1879,0
1989-03-23,14.2663,14.2924,14.0573,14.0573,0
1989-03-27,14.0311,14.1357,14.0050,14.0573,0
1989-03-28,14.1357,14.1879,14.0311,14.0834,0
1989-03-29,14.0573,14.1357,13.9789,14.0573,0
1989-03-30,14.0573,14.0834,13.9266,13.9789,0
1989-03-31,14.0050,14.0834,13.9528,14.0050,0
1989-04-03,13.9528,14.0050,13.8482,14.0050,0
1989-04-04,14.0050,14.1879,13.9789,14.0050,0
1989-04-05,14.0050,14.0573,13.9528,13.9789,0
1989-04-06,13.9789,13.9789,13.8744,13.9266,0
1989-04-07,13.9266,14.0573,13.9005,14.0050,0
1989-04-10,13.9789,14.0573,13.9789,14.0050,0
1989-04-11,14.0050,14.0834,13.9789,14.0834,0
1989-04-12,14.1095,14.1879,14.0573,14.1357,0
1989-04-13,14.0834,14.1357,14.0050,14.0573,0
1989-04-14,14.1879,14.2924,14.1357,14.2924,0
1989-04-17,14.2140,14.3186,14.1618,14.2402,0
1989-04-18,14.3969,14.6844,14.3708,14.6321,0
1989-04-19,14.6060,14.8673,14.5798,14.7889,0
1989-04-20,14.8411,14.9979,14.6060,14.7366,0
1989-04-21,14.7889,14.9718,14.7366,14.9718,0
1989-04-24,14.8934,15.0240,14.8673,15.0240,0
1989-04-25,15.1024,15.1547,14.9457,14.9718,0
1989-04-26,14.8934,14.9195,14.7889,14.8150,0
1989-04-27,14.7628,14.9979,14.7628,14.8673,0
1989-04-28,14.9457,15.0240,14.8934,14.9457,0
1989-05-01,14.8673,14.9457,14.8411,14.9457,0
1989-05-02,15.0502,15.2331,15.0502,15.1286,0
1989-05-03,15.1286,15.2592,15.0763,15.1286,0
1989-05-04,15.0763,15.0763,14.9979,15.0502,0
1989-05-05,15.2331,15.2331,14.8673,14.9979,0
1989-05-08,14.9718,15.0502,14.8934,14.9979,0
1989-05-09,15.1024,15.2592,14.9718,15.1024,0
1989-05-10,15.2592,15.3637,15.1547,15.2592,0
1989-05-11,15.2853,15.3376,15.1808,15.2592,0
1989-05-12,15.4682,15.5727,15.4160,15.5727,0
1989-05-15,15.6250,15.7034,15.3898,15.4682,0
1989-05-16,15.4421,15.4682,15.2853,15.3898,0
1989-05-17,15.4160,15.5466,15.3637,15.4160,0
1989-05-18,15.3637,15.6511,15.3637,15.4944,0
1989-05-19,15.6250,15.6511,15.5466,15.6511,0
1989-05-22,15.7034,15.7556,15.5466,15.5989,0
1989-05-23,15.6250,15.6773,15.5205,15.5989,0
1989-05-24,15.5727,15.6773,15.3637,15.4944,0
1989-05-25,15.4160,15.4944,15.3376,15.3637,0
1989-05-26,15.2592,15.4160,15.2331,15.4160,0
1989-05-30,15.5205,15.5205,15.1024,15.2592,0
1989-05-31,15.2331,15.3115,15.1547,15.2069,0
1989-06-01,15.2069,15.3376,15.1808,15.2331,0
1989-06-02,15.4421,15.5727,15.4160,15.5727,0
1989-06-05,15.5466,15.5466,15.2592,15.2592,0
1989-06-06,15.3637,15.5466,15.3376,15.5466,0
1989-06-07,15.5466,15.5727,15.4421,15.4944,0
1989-06-08,15.5466,15.5466,15.3376,15.4160,0
1989-06-09,15.4421,15.5205,15.1547,15.2592,0
1989-06-12,15.2853,15.4944,15.1547,15.4421,0
1989-06-13,15.3115,15.4160,15.2331,15.3115,0
1989-06-14,15.3376,15.3898,15.2069,15.3376,0
1989-06-15,15.2069,15.3115,15.0763,15.1286,0
1989-06-16,15.1024,15.3115,15.1024,15.2592,0
1989-06-19,15.2069,15.3898,15.1808,15.2069,0
1989-06-20,15.2069,15.3115,15.0240,15.1286,0
1989-06-21,15.0763,15.2853,15.0763,15.1547,0
1989-06-22,15.1024,15.5466,15.1024,15.3637,0
1989-06-23,15.4421,15.5727,15.3898,15.4160,0
1989-06-26,15.4421,15.5205,15.3898,15.5205,0
1989-06-27,15.4944,15.5466,15.4421,15.4421,0
1989-06-28,15.4421,15.4421,15.2331,15.3376,0
1989-06-29,15.2592,15.2592,14.9457,14.9718,0
