Date,Open,High,Low,Close,Volume
1985-06-03,6.7500,6.7656,6.5312,6.5781,0
1985-06-04,6.5312,6.6094,6.5000,6.5938,0
1985-06-05,6.5938,6.6250,6.4688,6.4844,0
1985-06-06,6.4219,6.4531,6.3750,6.4531,0
1985-06-07,6.4375,6.4375,6.2344,6.2500,0
1985-06-10,6.2656,6.4531,6.2656,6.4375,0
1985-06-11,6.4375,6.5156,6.4062,6.4844,0
1985-06-12,6.4844,6.5938,6.3906,6.5469,0
1985-06-13,6.5312,6.8125,6.4844,6.5000,0
1985-06-14,6.5469,6.6719,6.5156,6.6250,0
1985-06-17,6.6094,6.6094,6.4844,6.5000,0
1985-06-18,6.4844,6.6250,6.4844,6.5781,0
1985-06-19,6.5781,6.5781,6.4688,6.4844,0
1985-06-20,6.4531,6.4844,6.4062,6.4688,0
1985-06-21,6.4375,6.6250,6.4375,6.6250,0
1985-06-24,6.5781,6.6406,6.5625,6.6250,0
1985-06-25,6.6406,6.7188,6.5156,6.6719,0
1985-06-26,6.6719,6.7500,6.6719,6.6875,0
1985-06-27,6.7344,6.7500,6.6875,6.7188,0
1985-06-28,6.7188,6.7500,6.6875,6.7344,0
1985-07-01,6.7031,6.7344,6.5625,6.5781,0
1985-07-02,6.4688,6.5781,6.4219,6.4844,0
1985-07-03,6.4688,6.5156,6.4688,6.4844,0
1985-07-05,6.4688,6.6250,6.4688,6.5938,0
1985-07-08,6.5781,6.5938,6.5000,6.5781,0
1985-07-09,6.5938,6.6875,6.5625,6.6406,0
1985-07-10,6.6250,6.6562,6.5156,6.6406,0
1985-07-11,6.6406,6.6875,6.5625,6.5781,0
1985-07-12,6.5469,6.5625,6.4844,6.5469,0
1985-07-15,6.5469,6.6250,6.5156,6.5312,0
1985-07-16,6.5156,6.5625,6.4844,6.5469,0
1985-07-17,6.5469,6.6094,6.5469,6.5938,0
1985-07-18,6.5781,6.6406,6.5469,6.5625,0
1985-07-19,6.5312,6.6094,6.5156,6.5938,0
1985-07-22,6.5938,6.5938,6.5156,6.5312,0
1985-07-23,6.5000,6.5781,6.4062,6.4531,0
1985-07-24,6.4375,6.6406,6.4375,6.6094,0
1985-07-25,6.6094,6.6562,6.4844,6.6406,0
1985-07-26,6.6250,6.6562,6.6094,6.6250,0
1985-07-29,6.5938,6.6250,6.5000,6.5000,0
1985-07-30,6.4844,6.6250,6.4844,6.5938,0
1985-07-31,6.5781,6.6250,6.5469,6.5625,0
1985-08-01,6.5781,6.5781,6.4844,6.5000,0
1985-08-02,6.4844,6.5312,6.4688,6.4688,0
1985-08-05,6.4688,6.5312,6.4531,6.5156,0
1985-08-06,6.5312,6.5625,6.4062,6.4375,0
1985-08-07,6.3281,6.3594,6.3125,6.3281,0
1985-08-08,6.3125,6.4375,6.3125,6.4219,0
1985-08-09,6.4531,6.4688,6.4062,6.4062,0
1985-08-12,6.4062,6.4531,6.3906,6.4219,0
1985-08-13,6.4375,6.5625,6.4062,6.4219,0
1985-08-14,6.4062,6.4844,6.4062,6.4531,0
1985-08-15,6.4688,6.5312,6.4531,6.4844,0
1985-08-16,6.4531,6.4844,6.3438,6.3438,0
1985-08-19,6.3594,6.3906,6.3594,6.3750,0
1985-08-20,6.3594,6.4219,6.3594,6.3906,0
1985-08-21,6.3906,6.4375,6.3906,6.4062,0
1985-08-22,6.4062,6.4062,6.3125,6.3438,0
1985-08-23,6.3125,6.3594,6.3125,6.3594,0
1985-08-26,6.3438,6.4375,6.3438,6.3906,0
1985-08-27,6.4219,6.4375,6.4062,6.4062,0
1985-08-28,6.4062,6.4375,6.3906,6.4062,0
1985-08-29,6.4062,6.5000,6.4062,6.4844,0
1985-08-30,6.5000,6.6094,6.4844,6.5938,0
1985-09-03,6.5938,6.5938,6.5156,6.5156,0
1985-09-04,6.5156,6.5312,6.4844,6.4844,0
1985-09-05,6.5156,6.5469,6.5000,6.5156,0
1985-09-06,6.5156,6.5781,6.5156,6.5625,0
1985-09-09,6.5625,6.5938,6.5312,6.5469,0
1985-09-10,6.5000,6.5469,6.4844,6.5312,0
1985-09-11,6.5156,6.5312,6.4844,6.5156,0
1985-09-12,6.5000,6.5156,6.4531,6.4688,0
1985-09-13,6.4844,6.5156,6.3906,6.3906,0
1985-09-16,6.3438,6.3750,6.3281,6.3438,0
1985-09-17,6.3438,6.3906,6.2031,6.2500,0
1985-09-18,6.2188,6.2344,6.1875,6.2188,0
1985-09-19,6.2031,6.2812,6.1719,6.2656,0
1985-09-20,6.2812,6.2812,6.2188,6.2188,0
1985-09-23,6.2656,6.3281,6.2656,6.2969,0
1985-09-24,6.2812,6.3125,6.2188,6.2188,0
1985-09-25,6.2188,6.2344,6.1250,6.1250,0
1985-09-26,6.0781,6.2500,6.0469,6.2500,0
1985-09-30,6.3438,6.4844,6.2969,6.4844,0
1985-10-01,6.5000,6.6250,6.5000,6.6250,0
1985-10-02,6.6250,6.6562,6.5469,6.5625,0
1985-10-03,6.5469,6.5781,6.5312,6.5469,0
1985-10-04,6.5156,6.5469,6.4531,6.4688,0
1985-10-07,6.4375,6.5625,6.3594,6.5000,0
1985-10-08,6.5000,6.5781,6.4844,6.5312,0
1985-10-09,6.5625,6.6094,6.5469,6.5625,0
1985-10-10,6.5625,6.5781,6.5000,6.5625,0
1985-10-11,6.5469,6.6250,6.5312,6.6250,0
1985-10-14,6.6094,6.6562,6.6094,6.6406,0
1985-10-15,6.6406,6.6719,6.5469,6.6406,0
1985-10-16,6.6562,6.7500,6.6562,6.7500,0
1985-10-17,6.7188,6.7656,6.6875,6.7188,0
1985-10-18,6.7188,6.7344,6.5781,6.5781,0
1985-10-21,6.5781,6.6562,6.5469,6.6406,0
1985-10-22,6.6406,6.7344,6.6250,6.7188,0
1985-10-23,6.6875,6.7812,6.6875,6.7344,0
1985-10-24,6.7344,6.7500,6.6562,6.6719,0
1985-10-25,6.6719,6.7031,6.6719,6.6875,0
1985-10-28,6.7188,6.7656,6.7031,6.7656,0
1985-10-29,6.7656,6.8281,6.7500,6.7812,0
1985-10-30,6.8125,6.8125,6.7188,6.7500,0
1985-10-31,6.7969,6.8750,6.7969,6.8750,0
1985-11-01,6.8125,6.9531,6.7969,6.9375,0
1985-11-04,6.9219,6.9844,6.8750,6.9219,0
1985-11-05,6.6875,6.9219,6.6562,6.6875,0
1985-11-06,6.6875,6.7031,6.5312,6.5781,0
1985-11-07,6.5625,6.5938,6.5312,6.5938,0
1985-11-08,6.5938,6.6250,6.5781,6.6250,0
1985-11-11,6.6094,6.7500,6.5938,6.7500,0
1985-11-12,6.7188,6.8281,6.6875,6.7500,0
1985-11-13,6.7344,6.7500,6.6250,6.6562,0
1985-11-14,6.6406,6.7812,6.6250,6.7656,0
1985-11-15,6.7188,6.7500,6.6562,6.6719,0
1985-11-18,6.6406,6.6719,6.6094,6.6562,0
1985-11-19,6.6562,6.6719,6.6094,6.6250,0
1985-11-20,6.5938,6.6562,6.5938,6.6250,0
1985-11-21,6.6406,6.6719,6.6250,6.6719,0
1985-11-22,6.6406,6.6562,6.5938,6.6094,0
1985-11-25,6.5938,6.6875,6.5781,6.6094,0
1985-11-26,6.6094,6.6875,6.6094,6.6719,0
1985-11-27,6.6875,6.7812,6.6719,6.7500,0
1985-11-29,6.7500,6.7812,6.6719,6.6719,0
1985-12-02,6.6719,6.6719,6.5312,6.5469,0
1985-12-03,6.5781,6.6094,6.5469,6.5781,0
1985-12-04,6.5781,6.8125,6.5312,6.7969,0
1985-12-05,6.7812,6.8281,6.7188,6.7188,0
1985-12-06,6.7031,6.7500,6.6562,6.6562,0
1985-12-09,6.6562,6.6562,6.4688,6.5156,0
1985-12-10,6.4688,6.4688,6.2188,6.2344,0
1985-12-11,6.1875,6.3125,6.1250,6.2500,0
1985-12-12,6.2812,6.4531,6.2656,6.4531,0
1985-12-13,6.4844,6.6094,6.4688,6.5938,0
1985-12-16,6.5781,6.7969,6.5625,6.7500,0
1985-12-17,6.7656,6.8281,6.6719,6.7344,0
1985-12-18,6.7188,6.8125,6.6719,6.7656,0
1985-12-19,6.7344,6.7969,6.7188,6.7812,0
1985-12-20,6.8125,6.8750,6.7812,6.8125,0
1985-12-23,6.7812,6.7812,6.6719,6.6719,0
1985-12-24,6.5938,6.6250,6.5625,6.6250,0
1985-12-26,6.6094,6.6875,6.6094,6.6719,0
1985-12-27,6.6719,6.7969,6.6719,6.7344,0
1985-12-30,6.7344,6.8125,6.7188,6.7969,0
1985-12-31,6.7969,6.8906,6.7812,6.8906,0
1986-01-02,6.8750,6.8906,6.7812,6.8125,0
1986-01-03,6.8125,6.8750,6.8125,6.8750,0
1986-01-06,6.8750,6.9375,6.8750,6.9219,0
1986-01-07,6.9375,6.9844,6.9219,6.9844,0
1986-01-08,7.0000,7.0156,6.6719,6.7188,0
1986-01-09,6.6250,6.7188,6.6250,6.6875,0
1986-01-10,6.7031,6.7969,6.6875,6.7500,0
1986-01-13,6.7188,6.7969,6.7188,6.7969,0
1986-01-14,6.8281,6.8281,6.7344,6.7969,0
1986-01-15,6.7812,6.8125,6.7344,6.7344,0
1986-01-16,6.7344,6.7500,6.5781,6.5938,0
1986-01-17,6.5469,6.5625,6.3906,6.5312,0
1986-01-20,6.5000,6.5156,6.4688,6.5000,0
1986-01-21,6.4844,6.5000,6.2500,6.2812,0
1986-01-22,6.2656,6.3125,6.2188,6.2344,0
1986-01-23,6.2344,6.2969,6.1875,6.2812,0
1986-01-24,6.2812,6.4062,6.2656,6.3594,0
1986-01-27,6.3438,6.4531,6.3125,6.4062,0
1986-01-28,6.4062,6.4531,6.3750,6.3906,0
1986-01-29,6.3906,6.4531,6.3906,6.4062,0
1986-01-30,6.3906,6.5000,6.2812,6.3750,0
1986-01-31,6.3750,6.4844,6.3750,6.4688,0
1986-02-03,6.4688,6.5000,6.4062,6.4688,0
1986-02-04,6.1406,6.3281,6.0938,6.1406,0
1986-02-05,6.1406,6.1875,6.0469,6.0938,0
1986-02-06,6.1562,6.2344,6.1406,6.1875,0
1986-02-07,6.1875,6.3125,6.1562,6.2500,0
1986-02-10,6.2656,6.3438,6.2656,6.2656,0
1986-02-11,6.2812,6.3438,6.2656,6.3125,0
1986-02-12,6.3125,6.3281,6.2656,6.3125,0
1986-02-13,6.3125,6.4375,6.3125,6.4219,0
1986-02-14,6.4219,6.4844,6.3906,6.4844,0
1986-02-18,6.4688,6.5312,6.4219,6.5000,0
1986-02-19,6.4531,6.4844,6.3906,6.3906,0
1986-02-20,6.4062,6.5000,6.3906,6.4844,0
1986-02-21,6.5000,6.5938,6.5000,6.5781,0
1986-02-24,6.5625,6.6875,6.5625,6.6875,0
1986-02-25,6.7500,6.8125,6.7344,6.8125,0
1986-02-26,6.7969,6.8438,6.7344,6.7500,0
1986-02-27,6.7812,6.7812,6.5000,6.5469,0
1986-02-28,6.5469,6.5781,6.4688,6.5312,0
1986-03-03,6.5312,6.6094,6.5000,6.6094,0
1986-03-04,6.5938,6.6094,6.4531,6.4844,0
1986-03-05,6.4844,6.5781,6.4688,6.5625,0
1986-03-06,6.5469,6.5781,6.5000,6.5312,0
1986-03-07,6.5000,6.5781,6.4531,6.5312,0
1986-03-10,6.5312,6.5781,6.5156,6.5469,0
1986-03-11,6.6875,6.8125,6.6406,6.8125,0
1986-03-12,6.8281,6.9688,6.8125,6.9531,0
1986-03-13,6.9531,6.9531,6.7500,6.7656,0
1986-03-14,6.7188,6.9219,6.6719,6.8750,0
1986-03-17,6.8438,6.9688,6.8125,6.9688,0
1986-03-18,6.9531,7.0312,6.9062,6.9375,0
1986-03-19,6.9531,6.9688,6.8750,6.9062,0
1986-03-20,6.9219,6.9688,6.9062,6.9531,0
1986-03-21,6.9844,7.0156,6.8438,6.8594,0
1986-03-24,6.8594,6.9062,6.7656,6.8750,0
1986-03-25,6.8594,6.9375,6.7812,6.8906,0
1986-03-26,6.9062,7.0781,6.8906,7.0469,0
1986-03-27,7.1094,7.1406,7.0000,7.0312,0
1986-03-31,7.0000,7.0000,6.9062,6.9688,0
1986-04-01,7.0000,7.0000,6.8750,6.9375,0
1986-04-02,6.9844,7.0625,6.9531,7.0312,0
1986-04-03,7.0625,7.0938,6.9688,6.9844,0
1986-04-04,7.0000,7.0469,6.8594,6.9062,0
1986-04-07,6.9062,6.9375,6.7656,6.8594,0
1986-04-08,6.8906,6.9844,6.8594,6.9531,0
1986-04-09,6.9844,6.9844,6.8594,6.9062,0
1986-04-10,6.9375,6.9844,6.8906,6.9688,0
1986-04-11,6.9844,7.0000,6.8906,6.9375,0
1986-04-14,6.9688,6.9688,6.9062,6.9688,0
1986-04-15,6.9844,7.1250,6.9688,7.1250,0
1986-04-16,7.1250,7.1562,7.0625,7.1094,0
1986-04-17,7.0938,7.2344,7.0469,7.2344,0
1986-04-18,7.2031,7.2969,7.1094,7.1562,0
1986-04-21,7.1875,7.3281,7.1406,7.3281,0
1986-04-22,7.3125,7.3281,7.1406,7.1562,0
1986-04-23,7.1562,7.2188,7.1094,7.2031,0
1986-04-24,7.1719,7.2969,7.1719,7.2812,0
1986-04-25,7.2812,7.2812,7.0938,7.1562,0
1986-04-28,7.1406,7.2656,7.0938,7.2500,0
1986-04-29,7.2656,7.2812,7.1406,7.1875,0
1986-04-30,7.1875,7.1875,7.0625,7.0781,0
1986-05-01,7.0000,7.0781,7.0000,7.0781,0
1986-05-02,7.1094,7.2812,7.0781,7.2500,0
1986-05-05,7.3125,7.4375,7.3125,7.4219,0
1986-05-06,7.4375,7.4688,6.9688,7.4688,0
1986-05-07,7.2188,7.3906,7.1406,7.2188,0
1986-05-08,7.2344,7.3281,7.0312,7.3281,0
1986-05-09,7.3281,7.3594,7.2812,7.3281,0
1986-05-12,7.3750,7.5156,7.3594,7.4219,0
1986-05-13,7.4375,7.4531,7.3281,7.3594,0
1986-05-14,7.3750,7.4219,7.2969,7.4219,0
1986-05-15,7.3906,7.4062,7.2812,7.2812,0
1986-05-16,7.2656,7.2812,7.1719,7.1719,0
1986-05-19,7.1875,7.2656,7.1406,7.2500,0
1986-05-20,7.2812,7.3438,7.1562,7.2656,0
1986-05-21,7.2812,7.2969,7.2500,7.2656,0
1986-05-22,7.2812,7.3594,7.2656,7.3594,0
1986-05-23,7.3594,7.4375,7.3125,7.3281,0
1986-05-27,7.3438,7.4219,7.2500,7.3906,0
1986-05-28,7.4062,7.4375,7.3750,7.3906,0
1986-05-29,7.3750,7.4844,7.3594,7.4219,0
1986-05-30,7.4062,7.5000,7.3750,7.4844,0
1986-06-02,7.5000,7.5625,7.4219,7.4688,0
1986-06-03,7.4531,7.5469,7.4531,7.5469,0
1986-06-04,7.5469,7.5625,7.3750,7.4531,0
1986-06-05,7.4531,7.5000,7.4062,7.5000,0
1986-06-06,7.4844,7.5469,7.4531,7.5156,0
1986-06-09,7.4844,7.4844,7.3125,7.3281,0
1986-06-10,7.3125,7.4375,7.3125,7.3750,0
1986-06-11,7.4062,7.4375,7.3906,7.4062,0
1986-06-12,7.4219,7.4844,7.3750,7.4531,0
1986-06-13,7.5000,7.5625,7.4531,7.5469,0
1986-06-16,7.5312,7.5469,7.4688,7.5312,0
1986-06-17,7.5312,7.5312,7.4375,7.4844,0
1986-06-18,7.4688,7.5625,7.4375,7.5625,0
1986-06-19,7.5312,7.6094,7.5156,7.5625,0
1986-06-20,7.5625,7.6250,7.5156,7.6250,0
1986-06-23,7.6094,7.6406,7.5312,7.5625,0
1986-06-24,7.5781,7.6719,7.5312,7.6250,0
1986-06-25,7.6406,7.7031,7.5469,7.6250,0
1986-06-26,7.6406,7.6562,7.5625,7.5938,0
1986-06-27,7.6094,7.6406,7.5781,7.6406,0
1986-06-30,7.6406,7.6719,7.5781,7.6094,0
1986-07-01,7.5781,7.6875,7.5625,7.6562,0
1986-07-02,7.6562,7.6875,7.6406,7.6719,0
1986-07-03,7.6562,7.6719,7.5781,7.5938,0
1986-07-07,7.5938,7.5938,7.3594,7.4688,0
1986-07-08,7.4062,7.5000,7.3906,7.5000,0
1986-07-09,7.5312,7.5625,7.5000,7.5156,0
1986-07-10,7.5156,7.5156,7.3750,7.4375,0
1986-07-11,7.4375,7.4375,7.3594,7.3906,0
1986-07-14,7.3594,7.3906,7.2656,7.2812,0
1986-07-15,7.2188,7.2656,7.1875,7.2031,0
1986-07-16,7.2188,7.3125,7.2031,7.3125,0
1986-07-17,7.2969,7.3594,7.2812,7.3594,0
1986-07-18,7.3438,7.5312,7.3281,7.5000,0
1986-07-21,7.5000,7.5938,7.4844,7.5469,0
1986-07-22,7.5156,7.5781,7.5156,7.5312,0
1986-07-23,7.5469,7.5469,7.4688,7.4688,0
1986-07-24,7.5000,7.5000,7.4375,7.4531,0
1986-07-25,7.4531,7.5625,7.4375,7.5000,0
1986-07-28,7.5000,7.5156,7.3750,7.3906,0
1986-07-29,7.3750,7.4531,7.2812,7.4219,0
1986-07-30,7.4375,7.6562,7.4375,7.6406,0
1986-07-31,7.6250,7.6406,7.5156,7.5938,0
1986-08-01,7.5625,7.6094,7.5469,7.5625,0
1986-08-04,7.5312,7.7812,7.5000,7.7188,0
1986-08-05,8.0000,8.0625,7.9531,8.0469,0
1986-08-06,7.9688,8.0156,7.9688,8.0156,0
1986-08-07,7.8438,8.0156,7.7969,7.8438,0
1986-08-08,7.8750,7.9219,7.7812,7.8281,0
1986-08-11,7.8438,7.9531,7.8438,7.8750,0
1986-08-12,7.8906,7.9219,7.8281,7.9219,0
1986-08-13,7.9219,8.0312,7.9062,8.0156,0
1986-08-14,8.0469,8.0625,7.9688,8.0156,0
1986-08-15,8.0312,8.1875,7.9844,8.1562,0
1986-08-18,8.1875,8.2812,8.1719,8.2344,0
1986-08-19,8.2656,8.2656,8.0938,8.1250,0
1986-08-20,8.1406,8.2500,8.0938,8.2031,0
1986-08-21,8.2188,8.2344,8.1250,8.1562,0
1986-08-22,8.1562,8.2188,8.1406,8.2031,0
1986-08-25,8.2188,8.2344,8.1719,8.1719,0
1986-08-26,8.2344,8.5000,8.2188,8.5000,0
1986-08-27,8.5000,8.7188,8.4688,8.6719,0
1986-08-28,8.6250,8.6875,8.5781,8.6250,0
1986-08-29,8.6250,8.7188,8.5781,8.6094,0
1986-09-02,8.6250,8.6719,8.4688,8.4844,0
1986-09-03,8.4531,8.6562,8.4375,8.6250,0
1986-09-04,8.6406,8.8906,8.6406,8.8438,0
1986-09-05,8.8438,8.9062,8.7969,8.7969,0
1986-09-08,8.7500,8.7969,8.6719,8.7500,0
1986-09-09,8.7188,8.7344,8.6406,8.6719,0
1986-09-10,8.6719,8.7812,8.6562,8.7344,0
1986-09-11,8.7188,8.7344,8.2500,8.2969,0
1986-09-12,8.3594,8.3750,8.0000,8.2500,0
1986-09-15,8.3750,8.5000,8.2500,8.4688,0
1986-09-16,8.4375,8.4375,8.3281,8.4219,0
1986-09-17,8.3906,8.4688,8.3125,8.3281,0
1986-09-18,8.3281,8.3906,8.2344,8.3906,0
1986-09-19,8.3594,8.4375,8.2812,8.2812,0
1986-09-22,8.3125,8.3594,8.2500,8.3125,0
1986-09-23,8.2969,8.3594,8.2500,8.3281,0
1986-09-24,8.3438,8.4062,8.3125,8.3438,0
1986-09-25,8.3281,8.3281,8.1094,8.1562,0
1986-09-26,8.1562,8.2344,8.1250,8.2188,0
1986-09-29,8.1875,8.2969,8.1719,8.2969,0
1986-09-30,8.3281,8.5000,8.3281,8.4062,0
1986-10-01,8.4062,8.5469,8.3906,8.4844,0
1986-10-02,8.4688,8.5156,8.4219,8.4531,0
1986-10-03,8.5312,8.5469,8.4219,8.4531,0
1986-10-06,8.4219,8.4844,8.3594,8.3594,0
1986-10-07,8.3750,8.4375,8.3594,8.4219,0
1986-10-08,8.3906,8.5312,8.3750,8.5312,0
1986-10-09,8.5312,8.5781,8.3594,8.3750,0
1986-10-10,8.3281,8.3594,8.2656,8.2969,0
1986-10-13,8.2812,8.3594,8.2656,8.3594,0
1986-10-14,8.2656,8.2812,8.1875,8.2656,0
1986-10-15,8.2500,8.3750,8.2500,8.3750,0
1986-10-16,8.3906,8.5625,8.3594,8.5469,0
1986-10-17,8.4688,8.5469,8.4531,8.5156,0
1986-10-20,8.4844,8.7188,8.3125,8.3438,0
1986-10-21,8.3594,8.3750,8.3125,8.3281,0
1986-10-22,8.3281,8.3750,8.2812,8.2969,0
1986-10-23,8.2969,8.3438,8.2500,8.2969,0
1986-10-24,8.2969,8.3594,8.2812,8.2969,0
1986-10-27,8.2969,8.3594,8.2500,8.3281,0
1986-10-28,8.2656,8.3438,8.2656,8.2969,0
1986-10-29,8.3125,8.3438,8.2031,8.2188,0
1986-10-30,8.2969,8.5000,8.2656,8.4531,0
1986-10-31,8.4688,8.5781,8.4688,8.5000,0
1986-11-03,8.5312,8.7031,8.2031,8.6719,0
1986-11-04,8.6562,8.7500,8.6406,8.7500,0
1986-11-05,8.6719,8.7031,8.6094,8.6719,0
1986-11-06,8.6562,8.7188,8.5781,8.6094,0
1986-11-07,8.5781,8.6562,8.5625,8.6094,0
1986-11-10,8.6250,8.6875,8.6250,8.6562,0
1986-11-11,8.6562,8.7500,8.6406,8.7500,0
1986-11-12,8.7500,8.7656,8.6406,8.7031,0
1986-11-13,8.7031,8.7031,8.5781,8.6250,0
1986-11-14,8.6406,8.7031,8.5938,8.6719,0
1986-11-17,8.6250,8.6719,8.5938,8.6406,0
1986-11-18,8.6406,8.6562,8.4062,8.4219,0
1986-11-19,8.4375,8.4844,8.3750,8.4219,0
1986-11-20,8.4531,8.5781,8.3750,8.5781,0
1986-11-21,8.5625,8.7656,8.5469,8.7500,0
1986-11-24,8.7500,8.7656,8.6562,8.7188,0
1986-11-25,8.6562,8.6875,8.5781,8.6562,0
1986-11-26,8.6406,8.6875,8.6094,8.6562,0
1986-11-28,8.6719,8.6719,8.5938,8.6562,0
1986-12-01,8.5469,8.6406,8.5000,8.6406,0
1986-12-02,8.6406,8.8125,8.6250,8.8125,0
1986-12-03,8.7812,8.7969,8.6250,8.6719,0
1986-12-04,8.6562,8.7031,8.5938,8.5938,0
1986-12-05,8.6250,8.7344,8.5312,8.6562,0
1986-12-08,8.6875,8.8125,8.6406,8.7188,0
1986-12-09,8.7344,8.7500,8.6875,8.7031,0
1986-12-10,8.6875,8.8125,8.6719,8.8125,0
1986-12-11,8.7969,8.8594,8.6562,8.7188,0
1986-12-12,8.7656,8.9375,8.7500,8.9219,0
1986-12-15,8.8906,9.0469,8.8594,9.0000,0
1986-12-16,9.0156,9.0938,8.9844,9.0781,0
1986-12-17,9.0312,9.0625,8.9375,8.9531,0
1986-12-18,8.8750,9.0000,8.8125,8.9375,0
1986-12-19,8.9844,9.1250,8.9062,9.0938,0
1986-12-22,9.0625,9.1719,9.0625,9.1094,0
1986-12-23,9.1250,9.2188,9.0938,9.1875,0
1986-12-24,9.1875,9.2656,9.1406,9.2500,0
1986-12-26,9.2500,9.2500,9.1719,9.1875,0
1986-12-29,9.1562,9.1875,9.0312,9.0938,0
1986-12-30,9.0938,9.0938,8.9531,8.9688,0
1986-12-31,8.9375,8.9844,8.7656,8.7656,0
1987-01-02,8.9062,9.0156,8.7656,9.0000,0
1987-01-05,9.1406,9.2500,9.0781,9.2188,0
1987-01-06,9.2031,9.2500,9.1719,9.1875,0
1987-01-07,9.1875,9.2344,9.1562,9.1719,0
1987-01-08,9.1875,9.1875,9.0938,9.1719,0
1987-01-09,9.1719,9.2500,9.1406,9.2031,0
1987-01-12,9.2188,9.4375,9.2031,9.3906,0
1987-01-13,9.3438,9.4375,9.3438,9.4219,0
1987-01-14,9.4375,9.5625,9.4219,9.5312,0
1987-01-15,9.5156,9.6250,9.4844,9.6094,0
1987-01-16,9.5938,9.7656,9.5781,9.7500,0
1987-01-19,9.7188,9.8594,9.4844,9.8281,0
1987-01-20,9.8281,9.9375,9.7969,9.9062,0
1987-01-21,9.8438,10.0000,9.7812,9.7969,0
1987-01-22,9.7500,10.0000,9.7500,10.0000,0
1987-01-23,10.0000,10.5781,9.8125,9.9062,0
1987-01-26,9.9375,10.1719,9.8750,10.0781,0
1987-01-27,10.0781,10.2344,10.0781,10.2188,0
1987-01-28,10.2500,10.2500,10.1250,10.2344,0
1987-01-29,10.2656,10.2812,10.1406,10.2500,0
1987-01-30,10.2500,10.3594,10.1562,10.3438,0
1987-02-02,10.3281,10.5156,10.3125,10.4688,0
1987-02-03,10.5000,10.5625,10.4375,10.4375,0
1987-02-04,10.5000,10.5000,10.3125,10.5000,0
1987-02-05,10.5938,10.6250,10.5156,10.5781,0
1987-02-06,10.5469,10.6250,10.4844,10.5156,0
1987-02-09,10.5000,10.5312,10.4375,10.4688,0
1987-02-10,10.4844,10.5312,10.3750,10.4531,0
1987-02-11,10.4219,10.4531,10.3281,10.4062,0
1987-02-12,10.3750,10.3906,10.0625,10.0938,0
1987-02-13,10.0781,10.2188,9.9688,10.1250,0
1987-02-17,10.1094,10.3281,10.0781,10.3125,0
1987-02-18,10.3906,10.4531,10.2656,10.3750,0
1987-02-19,10.3438,10.3438,10.1250,10.1719,0
1987-02-20,10.1562,10.2031,10.0938,10.1719,0
1987-02-23,10.1719,10.2500,9.9688,10.0000,0
1987-02-24,10.0000,10.0156,9.7969,9.7969,0
1987-02-25,9.6875,9.7812,9.6406,9.7031,0
1987-02-26,9.6250,9.7344,9.5312,9.7344,0
1987-02-27,9.7500,9.8438,9.7344,9.7969,0
1987-03-02,9.7812,9.8594,9.7500,9.8281,0
1987-03-03,9.9375,10.0469,9.8906,10.0156,0
1987-03-04,10.0625,10.1562,10.0156,10.1562,0
1987-03-05,10.1875,10.2344,10.1250,10.1562,0
1987-03-06,10.1719,10.2500,10.1250,10.1875,0
1987-03-09,10.1875,10.1875,10.0625,10.1250,0
1987-03-10,10.1562,10.2969,10.1094,10.2812,0
1987-03-11,10.3125,10.3125,10.2031,10.3125,0
1987-03-12,10.2969,10.4531,10.2812,10.4062,0
1987-03-13,10.4219,10.4219,10.3125,10.3281,0
1987-03-16,10.2969,10.2969,10.2031,10.2656,0
1987-03-17,10.2969,10.5938,10.2969,10.5469,0
1987-03-18,10.6250,10.7500,10.6094,10.6719,0
1987-03-19,10.6562,10.6875,10.5625,10.6094,0
1987-03-20,10.6250,10.7188,10.5781,10.7188,0
1987-03-23,10.7031,11.0938,10.6875,11.0312,0
1987-03-24,11.0312,11.1250,10.9688,11.0000,0
1987-03-25,11.0156,11.0156,10.8750,10.9219,0
1987-03-26,10.9844,11.0938,10.9688,11.0000,0
1987-03-27,11.0156,11.0312,10.8281,10.8438,0
1987-03-30,10.3750,10.6562,10.3750,10.5625,0
1987-03-31,10.6250,10.7344,10.5938,10.7188,0
1987-04-01,10.6562,11.1094,10.6094,11.0625,0
1987-04-02,11.1094,11.1719,10.9688,11.0938,0
1987-04-03,11.1250,11.3125,11.0312,11.2344,0
1987-04-06,11.2656,11.3594,11.0625,11.2344,0
1987-04-07,11.2031,11.3906,11.0469,11.1406,0
1987-04-08,11.0625,11.1875,10.9688,11.0469,0
1987-04-09,11.0625,11.1094,10.9531,11.0938,0
1987-04-10,11.0156,11.3750,11.0000,11.2656,0
1987-04-13,11.2656,11.5000,11.1875,11.1875,0
1987-04-14,11.2031,11.3594,10.9062,11.0781,0
1987-04-15,11.1562,11.2344,10.9531,11.1719,0
1987-04-16,11.1875,11.3125,11.0000,11.0625,0
1987-04-20,11.0938,11.1094,10.8281,10.9531,0
1987-04-21,10.9531,11.2344,10.8125,11.2344,0
1987-04-22,11.2188,11.2969,10.9375,10.9375,0
1987-04-23,11.0000,11.1875,10.8750,11.0938,0
1987-04-24,11.0000,11.1094,10.7812,10.8125,0
1987-04-27,10.7812,10.8125,10.5312,10.6875,0
1987-04-28,10.7188,10.7344,10.5469,10.5625,0
1987-04-29,10.6250,10.6562,10.5625,10.6250,0
1987-04-30,10.6094,10.9688,10.6094,10.8281,0
1987-05-01,10.7500,10.7969,10.6562,10.7188,0
1987-05-04,10.7188,10.8125,10.6719,10.7969,0
1987-05-05,10.8906,11.1250,10.8438,11.1250,0
1987-05-06,11.1094,11.1406,11.0000,11.0625,0
1987-05-07,10.8594,11.0469,10.8438,10.8594,0
1987-05-08,10.8906,10.9219,10.7031,10.8281,0
1987-05-11,10.9062,11.3125,10.8281,11.0625,0
1987-05-12,11.1250,11.2500,11.0938,11.2500,0
1987-05-13,11.2500,11.3281,11.1875,11.2812,0
1987-05-14,11.3125,11.3281,11.1875,11.2500,0
1987-05-15,11.1875,11.1875,10.8438,10.8906,0
1987-05-18,10.9219,11.1250,10.8750,11.0469,0
1987-05-19,11.0781,11.0938,10.6406,10.8750,0
1987-05-20,10.8906,11.1094,10.8750,10.9219,0
1987-05-21,11.0312,11.1250,10.8750,10.9062,0
1987-05-22,10.8906,11.0312,10.7812,10.8438,0
1987-05-26,10.9062,11.0000,10.8438,10.9844,0
1987-05-27,10.9531,11.0000,10.8906,10.9375,0
1987-05-28,10.9531,10.9844,10.8438,10.9375,0
1987-05-29,11.0000,11.0000,10.8438,10.8750,0
1987-06-01,10.9375,11.0000,10.8906,10.9062,0
1987-06-02,10.8906,10.9844,10.8438,10.9062,0
1987-06-03,10.9375,11.0625,10.9219,11.0312,0
1987-06-04,11.0312,11.0625,10.9844,11.0625,0
1987-06-05,11.0156,11.0625,10.9062,10.9062,0
1987-06-08,10.8750,10.9844,10.8281,10.9375,0
1987-06-09,10.9531,10.9531,10.8438,10.8594,0
1987-06-10,10.9688,11.0156,10.9062,10.9219,0
1987-06-11,10.9844,11.1094,10.9531,11.0156,0
1987-06-12,11.1250,11.2344,11.0938,11.1719,0
1987-06-15,11.2031,11.2031,11.1250,11.1719,0
1987-06-16,11.1875,11.2031,11.1406,11.1875,0
1987-06-17,11.2188,11.2656,11.1719,11.2188,0
1987-06-18,11.2031,11.2500,11.1875,11.2344,0
1987-06-19,11.2500,11.3281,11.2188,11.2656,0
1987-06-22,11.3125,11.4688,11.2812,11.4531,0
1987-06-23,11.4531,11.4844,11.3438,11.4062,0
1987-06-24,11.3594,11.4219,11.3125,11.3594,0
1987-06-25,11.3906,11.4688,11.3594,11.4531,0
1987-06-26,11.4062,11.5312,11.4062,11.4375,0
1987-06-29,11.5000,11.7500,11.5000,11.7031,0
1987-06-30,11.7031,11.7812,11.5938,11.6562,0
1987-07-01,11.6094,11.6719,11.5156,11.5312,0
1987-07-02,11.5938,11.6562,11.5781,11.5938,0
1987-07-06,11.6250,11.7031,11.5625,11.6719,0
1987-07-07,11.6719,11.9375,11.6719,11.8594,0
1987-07-08,11.8438,11.9062,11.7969,11.8594,0
1987-07-09,11.8594,11.9219,11.7656,11.7969,0
1987-07-10,11.8125,11.8125,11.7500,11.7656,0
1987-07-13,11.7656,11.7969,11.6562,11.7188,0
1987-07-14,11.7188,11.7500,11.6406,11.7500,0
1987-07-15,11.7188,12.1250,11.7031,11.7500,0
1987-07-16,11.8281,11.8438,11.7656,11.8438,0
1987-07-17,11.8750,11.9375,11.7812,11.9219,0
1987-07-20,11.8906,11.9062,11.8281,11.8750,0
1987-07-21,11.8281,11.9375,11.6719,11.7500,0
1987-07-22,11.7500,11.7656,11.5156,11.5469,0
1987-07-23,11.5625,11.6719,11.5469,11.6250,0
1987-07-24,11.6094,11.6875,11.6094,11.6094,0
1987-07-27,11.6094,11.6250,11.4844,11.5000,0
1987-07-28,11.5000,11.5156,11.3438,11.5000,0
1987-07-29,11.5000,11.5156,11.3750,11.5000,0
1987-07-30,11.5000,11.6719,11.5000,11.6719,0
1987-07-31,11.6719,11.7812,11.6562,11.7656,0
1987-08-03,11.8750,12.3125,11.8750,12.1875,0
1987-08-04,12.1875,12.2031,12.0625,12.1406,0
1987-08-05,12.1406,12.1719,12.0312,12.0781,0
1987-08-06,12.0938,12.1406,12.0000,12.0938,0
1987-08-07,11.9219,11.9531,11.6719,11.9219,0
1987-08-10,12.0000,12.2812,11.9844,12.2812,0
1987-08-11,12.3125,12.5312,12.2344,12.5312,0
1987-08-12,12.4375,12.5156,12.3125,12.3750,0
1987-08-13,12.4062,12.4219,11.9531,12.2188,0
1987-08-14,12.1562,12.2500,12.0938,12.1562,0
1987-08-17,12.1875,12.2500,12.1406,12.2344,0
1987-08-18,12.1250,12.1875,12.0781,12.1875,0
1987-08-19,12.1562,12.2500,12.1406,12.2500,0
1987-08-20,12.2344,12.4375,12.2188,12.4375,0
1987-08-21,12.4062,12.4844,12.3750,12.3750,0
1987-08-24,12.4219,12.4219,12.2344,12.2344,0
1987-08-25,12.2500,12.3438,12.2344,12.2812,0
1987-08-26,12.2812,12.3125,12.2031,12.2344,0
1987-08-27,12.2188,12.2812,11.8438,12.2500,0
1987-08-28,12.2500,12.2969,12.2344,12.2500,0
1987-08-31,12.3438,12.4688,12.3281,12.4531,0
1987-09-01,12.4844,12.5938,12.1406,12.1875,0
1987-09-02,12.0625,12.2031,11.9844,12.1094,0
1987-09-03,12.1406,12.2031,12.0469,12.2031,0
1987-09-04,12.2188,12.2812,12.1250,12.1250,0
1987-09-08,12.0625,12.1406,12.0000,12.1250,0
1987-09-09,12.0938,12.1250,12.0000,12.0000,0
1987-09-10,12.0938,12.1094,11.8750,11.9062,0
1987-09-11,11.9062,12.0625,11.9062,11.9688,0
1987-09-14,11.9219,11.9375,11.7344,11.7500,0
1987-09-15,11.6875,11.8125,11.5312,11.6875,0
1987-09-16,11.5938,11.8438,11.4375,11.5000,0
1987-09-17,11.5312,11.5938,11.2812,11.4375,0
1987-09-18,11.6250,11.6875,11.5000,11.5000,0
1987-09-21,11.5938,11.8125,11.5000,11.5625,0
1987-09-22,11.6562,12.2812,11.5625,12.2500,0
1987-09-23,12.2500,12.3438,11.9688,12.1875,0
1987-09-24,12.1250,12.2500,11.9375,11.9688,0
1987-09-25,11.9375,12.2188,11.8750,12.1562,0
1987-09-28,12.3750,12.5625,12.3125,12.4062,0
1987-09-29,12.3750,12.4375,12.1875,12.3125,0
1987-09-30,12.2812,12.3750,12.0938,12.1562,0
1987-10-01,12.2812,12.5000,12.2500,12.4062,0
1987-10-02,12.4062,12.4688,12.2500,12.4375,0
1987-10-05,12.4688,12.4688,12.2188,12.4375,0
1987-10-06,12.4062,12.4375,11.9375,12.0312,0
1987-10-07,11.8750,12.0000,11.6875,11.9062,0
1987-10-08,11.9062,12.0000,11.6875,11.7500,0
1987-10-09,11.8750,12.1250,11.8125,12.0000,0
1987-10-12,12.0000,12.0938,11.8438,11.9375,0
1987-10-13,12.1250,12.3125,12.0312,12.2812,0
1987-10-14,12.1250,12.1875,11.7500,11.7812,0
1987-10-15,11.6250,12.0000,11.5938,11.6875,0
1987-10-16,11.7188,11.8438,10.8750,10.9375,0
1987-10-19,10.0000,11.1250,7.7188,8.3750,0
1987-10-20,10.0000,10.7188,9.0625,9.8750,0
1987-10-21,10.2188,11.3125,10.2188,10.9375,0
1987-10-22,10.5625,11.2500,10.4062,10.8750,0
1987-10-23,10.5625,11.2500,10.5312,11.2188,0
1987-10-26,10.5000,10.5625,10.0000,10.2812,0
1987-10-27,10.7500,10.9375,10.3125,10.7500,0
1987-10-28,10.2500,10.7188,10.0625,10.1875,0
1987-10-29,10.3125,10.5625,10.1562,10.3125,0
1987-10-30,10.5625,10.6875,10.3438,10.6562,0
1987-11-02,10.3750,11.0000,10.3125,10.9062,0
1987-11-03,10.5625,11.0000,10.2500,10.8750,0
1987-11-04,10.6875,10.8750,10.6250,10.6562,0
1987-11-05,10.5312,10.6875,10.3438,10.4375,0
1987-11-06,10.4688,10.6250,10.2500,10.3125,0
1987-11-09,10.2188,10.3750,10.0312,10.0625,0
1987-11-10,10.0000,10.0625,9.8750,9.9062,0
1987-11-11,9.9375,10.0000,9.8750,9.9688,0
1987-11-12,10.3125,10.3750,10.2500,10.2812,0
1987-11-13,10.2188,10.3125,10.0938,10.1562,0
1987-11-16,10.2500,10.3438,10.1250,10.3125,0
1987-11-17,10.2188,10.3125,10.0000,10.1250,0
1987-11-18,10.0625,10.3750,9.9375,10.3750,0
1987-11-19,10.1250,10.3125,9.7812,9.8438,0
1987-11-20,9.7188,10.0625,9.5625,10.0625,0
1987-11-23,10.0000,10.0625,9.9375,9.9375,0
1987-11-24,10.0312,10.2188,10.0000,10.0938,0
1987-11-25,10.0938,10.1562,9.7812,9.7812,0
1987-11-27,9.7812,9.9688,9.7812,9.7812,0
1987-11-30,9.5000,9.5312,9.0000,9.1875,0
1987-12-01,9.3125,9.4688,9.1875,9.2500,0
1987-12-02,9.2188,9.4688,9.0312,9.4375,0
1987-12-03,9.4688,9.6250,9.0000,9.0000,0
1987-12-04,8.9688,9.1250,8.8125,9.0625,0
1987-12-07,9.1875,9.4375,9.1250,9.4062,0
1987-12-08,9.4375,9.9688,9.3750,9.9688,0
1987-12-09,9.8750,9.9375,9.6875,9.8750,0
1987-12-10,9.6250,9.9375,9.5000,9.5000,0
1987-12-11,9.6250,9.8750,9.6250,9.8125,0
1987-12-14,9.8125,9.9688,9.6875,9.9688,0
1987-12-15,9.9688,10.0625,9.6562,9.8125,0
1987-12-16,9.8750,10.0625,9.8438,10.0312,0
1987-12-17,9.9375,9.9688,9.6875,9.7188,0
1987-12-18,9.7812,10.5000,9.6875,10.0000,0
1987-12-21,10.0000,10.0312,9.8438,9.8750,0
1987-12-22,9.8750,9.9688,9.8125,9.9688,0
1987-12-23,10.0000,10.1250,9.9688,10.0938,0
1987-12-24,10.1250,10.1250,10.0312,10.0938,0
1987-12-28,9.9062,9.9062,9.5938,9.6562,0
1987-12-29,9.6875,9.8125,9.5625,9.5938,0
1987-12-30,9.6562,9.8125,9.6562,9.7188,0
1987-12-31,9.6562,9.7188,9.5000,9.5312,0
1988-01-04,9.7188,10.1562,9.6875,10.1250,0
1988-01-05,10.1875,10.3438,10.0938,10.1875,0
1988-01-06,10.2188,10.2500,10.0938,10.0938,0
1988-01-07,10.0625,10.3750,10.0000,10.2812,0
1988-01-08,10.2188,10.2812,9.1562,9.5000,0
1988-01-11,9.5625,9.7500,9.2188,9.6875,0
1988-01-12,9.6250,9.9375,9.4375,9.8438,0
1988-01-13,9.7812,10.1875,9.6562,9.7812,0
1988-01-14,9.6875,9.8125,9.5938,9.6875,0
1988-01-15,9.9688,10.2188,9.9375,10.2188,0
1988-01-18,10.1562,10.2188,10.0938,10.1875,0
1988-01-19,10.0625,10.1875,9.9375,9.9688,0
1988-01-20,9.9062,10.0000,9.5938,9.6250,0
1988-01-21,9.7500,9.9688,9.5625,9.6875,0
1988-01-22,9.8125,9.9062,9.6875,9.9062,0
1988-01-25,9.9062,10.2812,9.7188,10.1875,0
1988-01-26,10.1562,10.1875,10.0000,10.0625,0
1988-01-27,10.0625,10.2188,9.8750,9.9375,0
1988-01-28,10.0938,10.3125,10.0312,10.2812,0
1988-01-29,10.4375,10.5000,10.2500,10.5000,0
1988-02-01,10.5000,10.5312,10.2500,10.2500,0
1988-02-02,10.2188,10.4062,10.1250,10.3438,0
1988-02-03,10.3438,10.4688,10.1562,10.2812,0
1988-02-04,10.2812,10.3750,10.1250,10.2500,0
1988-02-05,10.1250,10.1875,9.9062,9.9688,0
1988-02-08,9.8438,10.0625,9.7500,10.0000,0
1988-02-09,10.0625,10.2500,9.9688,10.2500,0
1988-02-10,10.2500,10.3438,10.1250,10.3125,0
1988-02-11,10.2500,10.3125,10.0312,10.0625,0
1988-02-12,10.1250,10.2812,10.0625,10.1250,0
1988-02-16,10.2500,10.3750,10.1562,10.3750,0
1988-02-17,10.3438,10.5938,10.3438,10.5312,0
1988-02-18,10.5625,10.6250,10.4375,10.5000,0
1988-02-19,10.5000,10.6875,10.4375,10.6875,0
1988-02-22,10.6875,10.9062,10.6562,10.8438,0
1988-02-23,10.7500,10.7812,10.5312,10.7188,0
1988-02-24,10.7188,10.7188,10.5625,10.5625,0
1988-02-25,10.5938,10.6875,10.3125,10.4062,0
1988-02-26,10.4062,10.4062,10.3125,10.3125,0
1988-02-29,10.3750,10.6875,10.3750,10.6562,0
1988-03-01,10.6250,10.6875,10.5000,10.6562,0
1988-03-02,10.7188,10.7500,10.5625,10.6562,0
1988-03-03,10.6875,10.6875,10.4688,10.5625,0
1988-03-04,10.4688,10.5625,10.3438,10.4688,0
1988-03-07,10.4688,10.5625,10.4062,10.5312,0
1988-03-08,10.5312,10.6250,10.4688,10.6250,0
1988-03-09,10.6250,10.6562,10.4375,10.4688,0
1988-03-10,10.5625,10.5938,10.3438,10.4062,0
1988-03-11,10.4375,10.5312,10.3750,10.5312,0
1988-03-14,10.5000,10.5625,10.4375,10.5625,0
1988-03-15,10.5625,10.6562,10.5000,10.6250,0
1988-03-16,10.6875,10.9375,10.6562,10.8750,0
1988-03-17,10.9062,11.0625,10.7812,11.0000,0
1988-03-18,11.1562,11.1562,10.9375,11.0312,0
1988-03-21,10.9688,11.1250,10.9375,11.0312,0
1988-03-22,11.0000,11.1250,10.8750,10.8750,0
1988-03-23,10.9062,11.1250,10.8438,11.0312,0
1988-03-24,10.8750,10.9688,10.6562,10.6875,0
1988-03-25,10.7188,10.7812,10.3750,10.4062,0
1988-03-28,10.4375,10.7500,10.4062,10.6562,0
1988-03-29,10.8125,10.8125,10.5938,10.5938,0
1988-03-30,10.6562,10.6562,10.4062,10.4375,0
1988-03-31,10.4688,10.5938,10.3750,10.5000,0
1988-04-04,10.4375,10.5625,10.2812,10.3125,0
1988-04-05,10.3438,10.5000,10.3438,10.5000,0
1988-04-06,10.5000,11.2188,10.4062,11.0000,0
1988-04-07,10.9688,11.1875,10.9375,11.1250,0
1988-04-08,11.0938,11.2188,10.9688,11.1562,0
1988-04-11,11.2500,11.2812,11.0938,11.1875,0
1988-04-12,11.1562,11.3750,11.1250,11.3438,0
1988-04-13,11.3750,11.3750,11.2500,11.3750,0
1988-04-14,11.1875,11.2188,10.5938,10.7500,0
1988-04-15,10.6562,10.9688,10.5625,10.9062,0
1988-04-18,10.9062,10.9375,10.7812,10.8438,0
1988-04-19,10.8750,10.9062,10.5000,10.5312,0
1988-04-20,10.4688,10.6250,10.4375,10.4688,0
1988-04-21,10.5312,10.8438,10.4062,10.6875,0
1988-04-22,10.7188,11.0625,10.6562,11.0000,0
1988-04-25,11.0625,11.3125,11.0625,11.1875,0
1988-04-26,11.1875,11.2812,11.0625,11.2500,0
1988-04-27,11.1875,11.2188,11.1250,11.1875,0
1988-04-28,11.1875,11.2500,11.1250,11.2500,0
1988-04-29,11.2500,11.2500,11.1562,11.2188,0
1988-05-02,11.2188,11.2188,11.0938,11.1562,0
1988-05-03,11.1875,11.4375,11.1562,11.2812,0
1988-05-04,11.2500,11.2812,11.0312,11.0625,0
1988-05-05,11.0312,11.0938,10.9062,10.9688,0
1988-05-06,11.0000,11.2188,10.9688,11.0312,0
1988-05-09,10.8750,11.0312,10.8750,10.9062,0
1988-05-10,10.9375,11.0938,10.9375,11.0312,0
1988-05-11,10.9688,11.0000,10.8750,10.9062,0
1988-05-12,10.9375,11.0625,10.8750,11.0000,0
1988-05-13,11.0938,11.2812,11.0938,11.2500,0
1988-05-16,11.2812,11.3125,11.1250,11.2500,0
1988-05-17,11.2500,11.2812,11.0000,11.0000,0
1988-05-18,11.0000,11.0938,10.8438,10.9375,0
1988-05-19,10.8750,11.0312,10.8125,11.0312,0
1988-05-20,11.1250,11.1562,10.9375,11.0312,0
1988-05-23,11.0000,11.0312,10.8750,10.9688,0
1988-05-24,10.9688,11.0000,10.8750,10.9688,0
1988-05-25,11.0000,11.0625,10.9375,11.0000,0
1988-05-26,10.9688,10.9688,10.7812,10.9062,0
1988-05-27,10.8750,10.9375,10.7812,10.8438,0
1988-05-31,10.8438,11.2500,10.7812,11.2500,0
1988-06-01,11.1250,11.3750,11.0938,11.2812,0
1988-06-02,11.1250,11.1875,10.8750,11.0312,0
1988-06-03,11.0625,11.1562,11.0000,11.0625,0
1988-06-06,11.0938,11.1250,10.9688,11.0625,0
1988-06-07,11.0938,11.1562,11.0312,11.0625,0
1988-06-08,11.1250,11.9688,11.1250,11.4375,0
1988-06-09,11.3750,11.4375,11.3125,11.3438,0
1988-06-10,11.4062,11.5000,11.3750,11.4688,0
1988-06-13,11.5000,11.5000,11.4062,11.4688,0
1988-06-14,11.5938,11.7812,11.4688,11.6875,0
1988-06-15,11.6562,11.6875,11.5312,11.6562,0
1988-06-16,11.5938,11.5938,11.4062,11.5000,0
1988-06-17,11.5000,11.7188,11.3438,11.7188,0
1988-06-20,11.6562,11.6562,11.5312,11.5625,0
1988-06-21,11.5625,11.6562,11.4062,11.6250,0
1988-06-22,11.7500,11.8750,11.7500,11.8438,0
1988-06-23,11.7500,11.7812,11.6250,11.6562,0
1988-06-24,11.6250,11.6562,11.5312,11.5312,0
1988-06-27,11.5000,11.5000,11.1875,11.1875,0
1988-06-28,11.1875,11.5625,11.1875,11.5625,0
1988-06-29,11.5312,11.5938,11.4375,11.4375,0
1988-06-30,11.2500,11.4062,11.2188,11.3438,0
1988-07-01,11.2812,11.3125,11.0625,11.1562,0
1988-07-05,11.1562,11.4688,11.1250,11.4688,0
1988-07-06,11.4375,11.4688,11.0312,11.1562,0
1988-07-07,11.1562,11.2812,11.0625,11.1875,0
1988-07-08,11.1562,11.2500,11.0938,11.1562,0
1988-07-11,11.2188,11.2812,11.1562,11.2188,0
1988-07-12,11.1875,11.2188,11.0625,11.1250,0
1988-07-13,11.1250,11.2812,11.0625,11.2812,0
1988-07-14,11.2812,11.4688,11.2188,11.4062,0
1988-07-15,11.3750,11.7188,11.3750,11.6562,0
1988-07-18,11.6562,11.6562,11.4062,11.5625,0
1988-07-19,11.5000,11.5625,11.3125,11.4062,0
1988-07-20,11.4688,11.5938,11.4375,11.5312,0
1988-07-21,11.4688,11.5000,11.2812,11.2812,0
1988-07-22,11.2812,11.3750,11.0938,11.1250,0
1988-07-25,11.1562,11.3750,11.1250,11.3438,0
1988-07-26,11.3125,11.5312,11.1562,11.4375,0
1988-07-27,11.4688,11.5000,11.4062,11.4062,0
1988-07-28,11.4688,11.6250,11.4375,11.5312,0
1988-07-29,11.5938,11.8438,11.5000,11.8438,0
1988-08-01,11.7812,11.8125,11.6250,11.6875,0
1988-08-02,11.7188,11.7812,11.6250,11.7188,0
1988-08-03,11.6875,11.8750,11.6250,11.8438,0
1988-08-04,11.8750,11.9062,11.7500,11.7812,0
1988-08-05,11.7188,11.7812,11.6875,11.7188,0
1988-08-08,11.8125,11.9375,11.6562,11.7188,0
1988-08-09,11.5625,11.5938,11.3438,11.4688,0
1988-08-10,11.4375,11.5000,11.3438,11.3750,0
1988-08-11,11.4375,11.5000,11.3438,11.4688,0
1988-08-12,11.4688,11.5938,11.4375,11.5938,0
1988-08-15,11.5938,11.6562,11.3750,11.4375,0
1988-08-16,11.3750,11.6250,11.3125,11.3750,0
1988-08-17,11.4375,11.5938,11.3438,11.5312,0
1988-08-18,11.5938,11.5938,11.4688,11.4688,0
1988-08-19,11.5312,11.6562,11.3750,11.4375,0
1988-08-22,11.4062,11.4375,11.2500,11.2812,0
1988-08-23,11.3438,11.4062,11.2812,11.3125,0
1988-08-24,11.3750,11.5000,11.3438,11.5000,0
1988-08-25,11.4375,11.5312,11.3438,11.4375,0
1988-08-26,11.4688,11.6250,11.4375,11.5625,0
1988-08-29,11.5625,11.7188,11.5312,11.6875,0
1988-08-30,11.6875,11.7188,11.6250,11.6562,0
1988-08-31,11.7188,11.7188,11.5625,11.6250,0
1988-09-01,11.5625,11.5625,11.4062,11.4688,0
1988-09-02,11.5938,11.7188,11.5625,11.7188,0
1988-09-06,11.6875,11.7500,11.6562,11.6562,0
1988-09-07,11.6875,11.6875,11.4375,11.4375,0
1988-09-08,11.4375,11.4375,11.2812,11.4062,0
1988-09-09,11.4062,11.4062,11.2500,11.2812,0
1988-09-12,11.2188,11.2500,11.1250,11.2188,0
1988-09-13,11.2188,11.2812,11.1562,11.2188,0
1988-09-14,11.2812,11.4062,11.1875,11.3125,0
1988-09-15,11.2500,11.3438,11.2188,11.2500,0
1988-09-16,11.2812,11.4375,11.2500,11.4375,0
1988-09-19,11.3125,11.3750,11.1875,11.2500,0
1988-09-20,11.1875,11.2812,11.1875,11.2812,0
1988-09-21,11.2812,11.3125,11.2188,11.2500,0
1988-09-22,11.1875,11.2188,11.0625,11.1250,0
1988-09-23,11.0625,11.2812,11.0312,11.2188,0
1988-09-26,11.2188,11.3125,11.1562,11.1875,0
1988-09-27,11.2188,11.2188,11.0625,11.0625,0
1988-09-28,11.0938,11.1250,11.0312,11.1250,0
1988-09-29,11.1250,11.3125,11.0938,11.3125,0
1988-09-30,11.2500,11.3438,11.0938,11.1875,0
1988-10-03,11.1250,11.1562,11.0000,11.0938,0
1988-10-04,11.0938,11.0938,11.0000,11.0000,0
1988-10-05,11.0000,11.0938,11.0000,11.0625,0
1988-10-06,11.0312,11.0938,11.0312,11.0938,0
1988-10-07,11.1562,11.6250,11.0938,11.3750,0
1988-10-10,11.3750,11.4375,11.3125,11.3750,0
1988-10-11,11.3125,11.4062,10.8438,11.4062,0
1988-10-12,11.3125,11.3438,11.1875,11.2500,0
1988-10-13,11.2188,11.3125,11.1875,11.2500,0
1988-10-14,11.3125,11.4375,11.1562,11.2812,0
1988-10-17,11.2500,11.3438,11.2188,11.2812,0
1988-10-18,11.2500,11.3125,11.1875,11.2812,0
1988-10-19,11.3438,11.3438,10.9062,11.1562,0
1988-10-20,11.1562,11.4062,11.1250,11.3750,0
1988-10-21,11.3438,11.5625,11.3438,11.5312,0
1988-10-24,11.4688,11.6875,11.3438,11.3750,0
1988-10-25,11.3438,11.4062,11.3125,11.3750,0
1988-10-26,11.4062,11.4062,11.2500,11.3125,0
1988-10-27,11.2812,11.3125,11.0625,11.0938,0
1988-10-28,11.1875,11.2812,11.1875,11.1875,0
1988-10-31,11.1250,11.2500,11.0938,11.1875,0
1988-11-01,11.1562,11.3438,11.1250,11.2500,0
1988-11-02,11.2188,11.3438,11.1875,11.2812,0
1988-11-03,11.3438,11.3438,11.1250,11.1562,0
1988-11-04,11.0938,11.2500,11.0625,11.1562,0
1988-11-07,11.0000,11.0625,10.9375,10.9688,0
1988-11-08,11.0312,11.1250,11.0312,11.0625,0
1988-11-09,11.0312,11.0938,10.9375,11.0625,0
1988-11-10,11.0000,11.1562,11.0000,11.0312,0
1988-11-11,10.9688,11.0312,10.6875,10.6875,0
1988-11-14,10.7812,10.8438,10.6875,10.7188,0
1988-11-15,10.7500,10.7500,10.6875,10.7188,0
1988-11-16,10.6250,10.6562,10.0938,10.2500,0
1988-11-17,10.3750,10.4375,10.3125,10.3750,0
1988-11-18,10.4062,10.5625,10.3750,10.5312,0
1988-11-21,10.5000,11.0625,10.3125,10.5312,0
1988-11-22,10.5312,10.7188,10.5312,10.6562,0
1988-11-23,10.6562,10.6875,10.4688,10.5000,0
1988-11-25,10.5000,10.6250,10.4375,10.5000,0
1988-11-28,10.5000,10.6562,10.5000,10.6250,0
1988-11-29,10.6250,10.7812,10.6250,10.7500,0
1988-11-30,10.7188,10.8438,10.6562,10.8125,0
1988-12-01,10.7812,10.8438,10.7500,10.7500,0
1988-12-02,10.6562,10.7188,10.5625,10.5938,0
1988-12-05,10.6562,10.8125,10.6250,10.7188,0
1988-12-06,10.7500,11.0938,10.7500,11.0938,0
1988-12-07,11.0625,11.1562,11.0312,11.0938,0
1988-12-08,11.0312,11.0625,11.0000,11.0625,0
1988-12-09,11.0625,11.1875,11.0312,11.1562,0
1988-12-12,11.1562,11.2812,11.1250,11.1562,0
1988-12-13,11.1562,11.4062,11.1250,11.4062,0
1988-12-14,11.3125,11.3438,11.1562,11.2500,0
1988-12-15,11.2500,11.2812,11.1562,11.2500,0
1988-12-16,11.3125,11.3750,11.2812,11.3750,0
1988-12-19,11.3125,11.5312,11.3125,11.5312,0
1988-12-20,11.5938,11.6250,11.3750,11.3750,0
1988-12-21,11.3438,11.4375,11.2188,11.3438,0
1988-12-22,11.3438,11.5625,11.2500,11.2500,0
1988-12-23,11.2812,11.3750,11.2500,11.2500,0
1988-12-27,11.2500,11.3750,11.2500,11.2500,0
1988-12-28,11.2812,11.3125,11.2500,11.2812,0
1988-12-29,11.2500,11.2812,11.1562,11.1875,0
1988-12-30,11.1875,11.1875,10.9375,11.0000,0
1989-01-03,10.8750,10.9062,10.7812,10.8125,0
1989-01-04,10.8438,11.0625,10.8125,11.0000,0
1989-01-05,11.0312,11.1875,11.0000,11.0938,0
1989-01-06,11.0625,11.2500,11.0625,11.1250,0
1989-01-09,11.1250,11.1875,11.0625,11.0938,0
1989-01-10,11.1250,11.1562,10.9375,11.0000,0
1989-01-11,11.0000,11.1250,10.9375,11.1250,0
1989-01-12,11.1562,11.2500,11.1250,11.1250,0
1989-01-13,11.1562,11.1875,11.0625,11.1250,0
1989-01-16,11.1562,11.2188,11.1250,11.1875,0
1989-01-17,11.1875,11.2188,11.1250,11.1875,0
1989-01-18,11.1875,11.3125,11.1250,11.2812,0
1989-01-19,11.2500,11.2812,11.1875,11.2500,0
1989-01-20,11.2188,11.2500,11.1875,11.2500,0
1989-01-23,11.2500,11.3438,11.1875,11.1875,0
1989-01-24,11.2188,11.3750,11.1875,11.3125,0
1989-01-25,11.3125,11.3125,11.1875,11.2500,0
1989-01-26,11.2500,11.4688,11.1875,11.4062,0
1989-01-27,11.4688,11.5625,11.3438,11.4688,0
1989-01-30,11.5000,11.5625,11.4375,11.5000,0
1989-01-31,11.5312,11.5938,11.4375,11.5938,0
1989-02-01,11.5000,11.5938,11.4688,11.5000,0
1989-02-02,11.5000,11.5625,11.4375,11.4688,0
1989-02-03,11.4375,11.5625,11.4375,11.5000,0
1989-02-06,11.2500,11.3750,11.2500,11.2812,0
1989-02-07,11.2500,11.4688,11.2500,11.4062,0
1989-02-08,11.4375,11.4375,11.2500,11.3125,0
1989-02-09,11.2500,11.4375,11.1562,11.3438,0
1989-02-10,11.2500,11.3125,11.0938,11.1250,0
1989-02-13,11.0938,11.2500,11.0625,11.2188,0
1989-02-14,11.2812,11.3438,11.0000,11.0625,0
1989-02-15,11.0625,11.2500,11.0312,11.2500,0
1989-02-16,11.2500,11.2812,11.0938,11.2188,0
1989-02-17,11.1875,11.2500,11.1250,11.1875,0
1989-02-21,11.1562,11.2188,11.0938,11.1250,0
1989-02-22,11.1250,11.1875,10.9688,10.9688,0
1989-02-23,10.9688,11.0938,10.9375,11.0625,0
1989-02-24,11.0625,11.0938,10.8438,10.8438,0
1989-02-27,10.8750,11.0000,10.8438,10.9375,0
1989-02-28,10.9375,11.0312,10.9375,10.9688,0
1989-03-01,11.0000,11.0312,10.8125,10.8750,0
1989-03-02,10.9062,11.0625,10.8750,11.0312,0
1989-03-03,11.0000,11.0938,10.9688,11.0625,0
1989-03-06,11.0625,11.3750,11.0625,11.3750,0
1989-03-07,11.2812,11.3438,11.1875,11.2188,0
1989-03-08,11.2188,11.2812,11.1562,11.1875,0
1989-03-09,11.2188,11.2812,11.1875,11.2500,0
1989-03-10,11.2188,11.2500,11.0938,11.1250,0
1989-03-13,11.0938,11.2812,11.0938,11.2188,0
1989-03-14,11.2812,11.3125,11.1875,11.2500,0
1989-03-15,11.2812,11.4062,11.2188,11.3750,0
1989-03-16,11.4375,11.5312,11.4062,11.5312,0
1989-03-17,11.2500,11.3125,11.1250,11.2812,0
1989-03-20,11.2500,11.2500,11.0625,11.1250,0
1989-03-21,11.1875,11.2188,11.0938,11.1562,0
1989-03-22,11.1875,11.2188,11.1562,11.2188,0
1989-03-23,11.2500,11.2500,11.0938,11.1250,0
1989-03-27,11.0000,11.1562,10.9688,11.1250,0
1989-03-28,11.1562,11.1875,11.0312,11.0312,0
1989-03-29,11.0000,11.0625,10.8750,10.9062,0
1989-03-30,10.8125,10.9375,10.7812,10.8750,0
1989-03-31,10.8750,11.0000,10.7188,10.9688,0
1989-04-03,10.9062,10.9375,10.7812,10.8125,0
1989-04-04,10.7500,10.8125,10.6875,10.8125,0
1989-04-05,10.7812,10.9375,10.7500,10.8750,0
1989-04-06,10.8438,10.8750,10.7500,10.7500,0
1989-04-07,10.6562,10.8125,10.6250,10.6875,0
1989-04-10,10.5625,10.7188,10.5000,10.5000,0
1989-04-11,10.5000,10.5312,10.3750,10.4375,0
1989-04-12,10.4375,10.5625,10.4062,10.5000,0
1989-04-13,10.5312,10.6250,10.4688,10.5000,0
1989-04-14,10.5625,10.5938,10.4375,10.5000,0
1989-04-17,10.5000,10.5312,10.4688,10.5312,0
1989-04-18,10.5938,10.8750,10.5938,10.8125,0
1989-04-19,10.7812,10.9062,10.7500,10.8750,0
1989-04-20,10.8750,11.0000,10.7500,10.9688,0
1989-04-21,10.9688,11.2188,10.9375,11.1562,0
1989-04-24,11.1562,11.2188,11.1250,11.1250,0
1989-04-25,11.1562,11.1875,10.9688,10.9688,0
1989-04-26,10.9375,10.9688,10.7500,10.7812,0
1989-04-27,10.7812,10.9062,10.7188,10.8125,0
1989-04-28,10.7500,10.8125,10.7500,10.7812,0
1989-05-01,10.7188,10.7188,10.6250,10.7188,0
1989-05-02,10.7188,10.7812,10.6250,10.6250,0
1989-05-03,10.5625,10.6875,10.4688,10.6250,0
1989-05-04,10.5938,10.6562,10.5625,10.5938,0
1989-05-05,10.6562,10.7812,10.5312,10.5625,0
1989-05-08,10.5625,10.6250,10.5312,10.5938,0
1989-05-09,10.5000,10.5625,10.4375,10.5312,0
1989-05-10,10.5312,10.5625,10.5000,10.5312,0
1989-05-11,10.5312,10.5625,10.5000,10.5000,0
1989-05-12,10.6250,10.8125,10.6250,10.7812,0
1989-05-15,10.8125,10.8438,10.6875,10.7500,0
1989-05-16,10.7188,10.8125,10.6875,10.7188,0
1989-05-17,10.7188,10.7500,10.6250,10.7188,0
1989-05-18,10.6875,10.8438,10.6875,10.8125,0
1989-05-19,10.8750,11.0000,10.8438,10.9688,0
1989-05-22,11.0312,11.0625,10.9688,11.0625,0
1989-05-23,11.0312,11.0625,10.8750,10.9062,0
1989-05-24,10.9062,11.0312,10.9062,10.9688,0
1989-05-25,10.9062,11.0000,10.9062,10.9062,0
1989-05-26,10.9062,10.9688,10.9062,10.9375,0
1989-05-30,10.9688,10.9688,10.7188,10.7188,0
1989-05-31,10.7500,10.8750,10.7188,10.7812,0
1989-06-01,10.7812,10.8750,10.7500,10.7812,0
1989-06-02,10.8125,10.9375,10.7812,10.9062,0
1989-06-05,10.9375,10.9688,10.8438,10.8750,0
1989-06-06,10.9688,11.0000,10.9062,11.0000,0
1989-06-07,11.0312,11.1250,11.0312,11.0625,0
1989-06-08,11.0000,11.0312,10.9062,10.9375,0
1989-06-09,10.9375,11.0000,10.9062,10.9688,0
1989-06-12,10.9375,11.0625,10.9062,11.0625,0
1989-06-13,11.0312,11.2188,11.0312,11.0938,0
1989-06-14,11.0938,11.1250,11.0000,11.1250,0
1989-06-15,11.0938,11.0938,10.9062,10.9375,0
1989-06-16,10.9062,11.0312,10.9062,11.0312,0
1989-06-19,11.0000,11.1562,11.0000,11.1250,0
1989-06-20,11.1250,11.1875,11.0312,11.1875,0
1989-06-21,11.1875,11.2188,11.0938,11.1562,0
1989-06-22,11.1562,11.1875,11.0000,11.0000,0
1989-06-23,11.1250,11.1562,11.0625,11.1562,0
1989-06-26,11.1562,11.3438,11.1250,11.3125,0
1989-06-27,11.3750,11.5000,11.3438,11.4375,0
1989-06-28,11.3750,11.3750,11.1875,11.2812,0
1989-06-29,11.2188,11.2500,11.1250,11.1250,0
1989-06-30,11.1250,11.1562,10.9375,11.0000,0
1989-07-03,11.0625,11.0625,10.9688,11.0000,0
1989-07-05,11.0000,11.0938,10.9062,11.0312,0
1989-07-06,11.0312,11.0625,10.9375,11.0000,0
1989-07-07,11.0312,11.0938,10.9688,11.0625,0
1989-07-10,11.0938,11.1562,11.0625,11.0938,0
1989-07-11,11.0938,11.2188,11.0625,11.0938,0
1989-07-12,11.1250,11.2500,11.1250,11.2500,0
1989-07-13,11.2188,11.2812,11.1875,11.2500,0
1989-07-14,11.2500,11.4688,11.1875,11.4062,0
1989-07-17,11.3750,11.4375,11.3438,11.4062,0
1989-07-18,11.3438,11.3750,11.2500,11.3125,0
1989-07-19,11.3750,11.5312,11.3750,11.5312,0
1989-07-20,11.5625,11.5938,11.4375,11.4375,0
1989-07-21,11.4375,11.6875,11.4375,11.6875,0
1989-07-24,11.5938,11.6250,11.2500,11.2812,0
1989-07-25,11.2188,11.2500,10.9688,11.0000,0
1989-07-26,10.9375,11.1562,10.8750,11.1250,0
1989-07-27,11.1250,11.3125,11.0938,11.2500,0
1989-07-28,11.2500,11.3125,11.1875,11.2188,0
1989-07-31,11.1562,11.4688,11.1250,11.4375,0
1989-08-01,11.4688,11.5625,11.1875,11.2188,0
1989-08-02,11.1875,11.2500,11.0938,11.1875,0
1989-08-03,11.1250,11.2188,11.0312,11.1875,0
1989-08-04,11.1562,11.3750,11.1250,11.3438,0
1989-08-07,11.3438,11.5312,11.3125,11.5000,0
1989-08-08,11.3750,11.3750,11.1250,11.2188,0
1989-08-09,11.1875,11.3125,11.0312,11.0312,0
1989-08-10,10.9375,11.1875,10.9062,11.0625,0
1989-08-11,11.1562,11.2500,10.8750,10.9062,0
1989-08-14,10.9375,11.1562,10.9062,11.0625,0
1989-08-15,11.1250,11.2812,11.1250,11.2812,0
1989-08-16,11.2500,11.2500,11.0625,11.0938,0
1989-08-17,11.0000,11.0312,10.8750,10.9375,0
1989-08-18,10.9062,11.0312,10.8750,10.9375,0
1989-08-21,10.8750,10.9688,10.8125,10.8125,0
1989-08-22,10.8438,10.9062,10.7812,10.8750,0
1989-08-23,10.8438,11.0000,10.8438,10.9688,0
1989-08-24,10.9688,11.1250,10.7812,11.0625,0
1989-08-25,11.0312,11.1250,10.9375,10.9688,0
1989-08-28,10.9062,11.0000,10.9062,11.0000,0
1989-08-29,10.9688,11.0000,10.9375,10.9375,0
1989-08-30,10.9062,11.0312,10.8750,10.9688,0
1989-08-31,10.9688,11.0000,10.9062,10.9375,0
1989-09-01,10.9375,11.0312,10.9375,11.0000,0
1989-09-05,11.0000,11.0625,10.9375,10.9688,0
1989-09-06,10.9375,11.0000,10.9062,10.9688,0
1989-09-07,11.0000,11.1875,10.9688,11.0625,0
1989-09-08,11.0625,11.1562,11.0312,11.0938,0
1989-09-11,11.0625,11.1875,11.0312,11.1562,0
1989-09-12,11.1562,11.3438,11.1562,11.3438,0
1989-09-13,11.3438,11.4062,11.1250,11.1250,0
1989-09-14,11.1562,11.1875,11.1250,11.1562,0
1989-09-15,11.2188,11.2500,11.0938,11.2188,0
1989-09-18,11.2500,11.3438,11.1875,11.3438,0
1989-09-19,11.3125,11.3750,11.2500,11.2812,0
1989-09-20,11.2500,11.3125,11.2500,11.2500,0
1989-09-21,11.2812,11.3438,11.2500,11.2500,0
1989-09-22,11.2500,11.3438,11.2500,11.3438,0
1989-09-25,11.2812,11.2812,11.1875,11.1875,0
1989-09-26,11.1875,11.2812,11.0938,11.1250,0
1989-09-27,11.0938,11.2500,11.0938,11.1562,0
1989-09-28,11.1875,11.2188,11.0938,11.1562,0
1989-09-29,11.1875,11.2188,11.0938,11.1875,0
1989-10-02,11.1875,11.3125,11.1562,11.2812,0
1989-10-03,11.2812,11.3438,11.1875,11.3125,0
1989-10-04,11.3125,11.3438,11.1562,11.2188,0
1989-10-05,11.2500,11.2500,11.1250,11.1875,0
1989-10-06,11.1875,11.3750,11.1562,11.3438,0
1989-10-09,11.3438,11.4375,11.1875,11.4062,0
1989-10-10,11.4062,11.5312,11.4062,11.4375,0
1989-10-11,11.4062,11.5938,11.3438,11.5312,0
1989-10-12,11.5625,11.6250,11.4688,11.5938,0
1989-10-13,11.5625,11.7188,11.0000,11.0625,0
1989-10-16,10.8750,11.3438,10.8125,11.3438,0
1989-10-17,11.3125,11.4062,11.0938,11.3750,0
1989-10-18,11.3438,11.4688,11.2812,11.4062,0
1989-10-19,11.4062,11.5000,11.3750,11.4375,0
1989-10-20,11.4375,11.5312,11.2500,11.5312,0
1989-10-23,11.5000,11.5625,11.3750,11.4375,0
1989-10-24,11.4375,11.4688,11.1562,11.3750,0
1989-10-25,11.2812,11.4375,11.2812,11.3750,0
1989-10-26,11.3438,11.3438,11.1562,11.2188,0
1989-10-27,11.1875,11.4375,11.1562,11.4375,0
1989-10-30,11.4375,11.5000,11.2500,11.2812,0
1989-10-31,11.4062,11.5625,11.4062,11.5000,0
1989-11-01,11.5312,11.5625,11.3750,11.4375,0
1989-11-02,11.4375,11.5625,11.3750,11.5000,0
1989-11-03,11.4688,11.5938,11.4688,11.5000,0
1989-11-06,11.4688,11.5625,11.4062,11.5312,0
1989-11-07,11.2812,11.5000,11.2812,11.4688,0
1989-11-08,11.4375,11.5625,11.4375,11.5000,0
1989-11-09,11.4688,11.4688,11.2500,11.2812,0
1989-11-10,11.3125,11.3438,11.2500,11.2812,0
1989-11-13,11.3125,11.4688,11.2500,11.4375,0
1989-11-14,11.4375,11.5312,11.4375,11.4688,0
1989-11-15,11.5000,11.5312,11.3750,11.4375,0
1989-11-16,11.4688,11.4688,11.3438,11.3750,0
1989-11-17,11.4062,11.5938,11.3750,11.5625,0
1989-11-20,11.5625,11.5938,11.3750,11.4375,0
1989-11-21,11.4375,11.4688,11.3438,11.4375,0
1989-11-22,11.5000,11.5625,11.4375,11.4688,0
1989-11-24,11.5000,11.5625,11.4688,11.4688,0
1989-11-27,11.5000,11.7188,11.4688,11.7188,0
1989-11-28,11.7500,12.0312,11.6875,11.9688,0
1989-11-29,11.9062,11.9375,11.6875,11.7500,0
1989-11-30,11.7812,11.9062,11.7500,11.8125,0
1989-12-01,11.8438,12.2188,11.8125,12.0938,0
1989-12-04,12.1250,12.1562,11.9688,12.0312,0
1989-12-05,12.0312,12.0938,11.9062,11.9688,0
1989-12-06,11.9375,12.0312,11.9062,12.0312,0
1989-12-07,12.0000,12.3125,12.0000,12.1562,0
1989-12-08,12.1875,12.3125,12.1250,12.2500,0
1989-12-11,12.2188,12.4375,12.2188,12.4375,0
1989-12-12,12.5000,12.9062,12.4688,12.8125,0
1989-12-13,12.8750,12.9062,12.6250,12.6875,0
1989-12-14,12.6250,12.6562,12.3438,12.4062,0
1989-12-15,12.4688,12.5312,12.2188,12.5312,0
1989-12-18,12.5312,12.7500,12.4375,12.5625,0
1989-12-19,12.5000,12.6875,12.4375,12.5625,0
1989-12-20,12.5938,12.6875,12.5625,12.6562,0
1989-12-21,12.6875,12.7188,12.6250,12.7188,0
1989-12-22,12.7188,12.7188,12.5938,12.6562,0
1989-12-26,12.5938,12.6562,12.5000,12.5312,0
1989-12-27,12.5625,12.6562,12.5000,12.6250,0
1989-12-28,12.6250,12.6250,12.4688,12.5312,0
1989-12-29,12.5312,12.5938,12.5000,12.5000,0
1990-01-02,12.4688,12.6250,12.3125,12.5000,0
1990-01-03,12.4688,12.5000,12.2812,12.3750,0
1990-01-04,12.3438,12.4062,12.1250,12.2500,0
1990-01-05,12.2500,12.3125,12.0938,12.1875,0
1990-01-08,12.1875,12.4375,12.1562,12.3750,0
1990-01-09,12.3750,12.4062,12.1250,12.1250,0
1990-01-10,12.1250,12.2188,12.0625,12.1875,0
1990-01-11,12.2812,12.3438,12.2188,12.2500,0
1990-01-12,12.0625,12.1562,11.9062,11.9375,0
1990-01-15,11.9062,12.1250,11.8438,12.0938,0
1990-01-16,11.9375,12.0625,11.8750,12.0312,0
1990-01-17,12.0625,12.0938,11.7500,11.8438,0
1990-01-18,11.7500,12.0000,11.7500,12.0000,0
1990-01-19,12.0312,12.2188,12.0000,12.1562,0
1990-01-22,12.1562,12.2500,11.7188,11.7500,0
1990-01-23,11.7812,12.0312,11.7188,11.7812,0
1990-01-24,11.5625,11.8438,11.5000,11.7500,0
1990-01-25,11.8125,11.8438,11.4062,11.5000,0
1990-01-26,11.5000,11.7188,11.4375,11.6875,0
1990-01-29,11.7500,11.8438,11.4688,11.7500,0
1990-01-30,11.7500,11.8438,11.5938,11.7500,0
1990-01-31,11.7500,11.8125,11.6875,11.7500,0
1990-02-01,11.8125,11.8438,11.7500,11.7500,0
1990-02-02,11.7812,11.9688,11.7500,11.9688,0
1990-02-05,12.0000,12.0938,11.9688,12.0000,0
1990-02-06,11.8438,11.8750,11.5625,11.8125,0
1990-02-07,11.7500,12.0000,11.6875,12.0000,0
1990-02-08,12.0625,12.2500,11.9375,12.0312,0
1990-02-09,12.0625,12.1562,11.9375,12.0625,0
1990-02-12,12.0312,12.0312,11.7812,11.7812,0
1990-02-13,11.8125,11.8750,11.6562,11.8125,0
1990-02-14,11.8750,11.9062,11.6875,11.7500,0
1990-02-15,11.7500,12.1250,11.7188,12.1250,0
1990-02-16,12.1562,12.2812,12.0000,12.0000,0
1990-02-20,11.8750,11.9062,11.7500,11.8438,0
1990-02-21,11.6250,11.9688,11.6250,11.9062,0
1990-02-22,11.9375,12.0312,11.7812,11.7812,0
1990-02-23,11.7500,11.9375,11.7188,11.7812,0
1990-02-26,11.7812,12.0938,11.7812,12.0625,0
1990-02-27,12.0312,12.1250,11.9375,12.0938,0
1990-02-28,11.5938,11.9375,11.5938,11.7500,0
1990-03-01,11.6875,11.7812,11.6250,11.6250,0
1990-03-02,11.6250,11.7812,11.6250,11.6875,0
1990-03-05,11.6875,11.7500,11.5625,11.5625,0
1990-03-06,11.5625,11.8125,11.5625,11.7812,0
1990-03-07,11.7812,11.7812,11.5938,11.6250,0
1990-03-08,11.6250,11.7188,11.6250,11.6875,0
1990-03-09,11.6875,11.7188,11.5938,11.5938,0
1990-03-12,11.5625,11.6250,11.5312,11.6250,0
1990-03-13,11.5625,11.5625,11.3750,11.4062,0
1990-03-14,11.4688,11.7188,11.4375,11.6250,0
1990-03-15,11.6250,11.7812,11.6250,11.7188,0
1990-03-16,11.8750,11.9375,11.7812,11.8750,0
1990-03-19,11.8125,11.9062,11.7500,11.8750,0
1990-03-20,11.8125,11.8125,11.6250,11.6875,0
1990-03-21,11.6875,11.6875,11.5625,11.5625,0
1990-03-22,11.5000,11.5938,11.4062,11.5000,0
1990-03-23,11.6562,11.7500,11.5312,11.5312,0
1990-03-26,11.6250,11.7188,11.4375,11.4375,0
1990-03-27,11.5000,11.6875,11.4375,11.6562,0
1990-03-28,11.6250,11.6562,11.5625,11.5625,0
1990-03-29,11.5312,11.5938,11.4375,11.5312,0
1990-03-30,11.5312,11.6875,11.4375,11.5625,0
1990-04-02,11.4688,11.5625,11.4375,11.5625,0
1990-04-03,11.6250,11.8125,11.6250,11.7812,0
1990-04-04,11.7812,11.7812,11.5938,11.6250,0
1990-04-05,11.6562,11.7188,11.5625,11.5625,0
1990-04-06,11.5312,11.6250,11.5000,11.5312,0
1990-04-09,11.5000,11.6250,11.4688,11.5000,0
1990-04-10,11.5000,11.5625,11.4375,11.5000,0
1990-04-11,11.4375,11.5000,11.3750,11.4062,0
1990-04-12,11.4062,11.5312,11.3750,11.4375,0
1990-04-16,11.4062,11.5312,11.3438,11.4062,0
1990-04-17,11.3750,11.5000,11.3438,11.4375,0
1990-04-18,11.4688,11.4688,11.3438,11.3750,0
1990-04-19,11.3125,11.5312,11.3125,11.5000,0
1990-04-20,11.4688,11.6250,11.3750,11.5938,0
1990-04-23,11.5625,11.5938,11.4062,11.4375,0
1990-04-24,11.4375,11.4688,11.2812,11.3125,0
1990-04-25,11.3750,11.4062,11.2812,11.3125,0
1990-04-26,11.3438,11.4062,11.2812,11.4062,0
1990-04-27,11.4062,11.4375,11.2188,11.2500,0
1990-04-30,11.2812,11.3750,11.2500,11.3125,0
1990-05-01,11.3750,11.3750,11.2500,11.2812,0
1990-05-02,11.3125,11.5000,11.2812,11.4688,0
1990-05-03,11.5000,11.5938,11.5000,11.5938,0
1990-05-04,11.6562,11.6562,11.5625,11.6250,0
1990-05-07,11.5625,11.6250,11.5312,11.6250,0
1990-05-08,11.4688,11.5000,11.3750,11.4375,0
1990-05-09,11.4375,11.5312,11.3750,11.5000,0
1990-05-10,11.5625,11.7188,11.5625,11.6562,0
1990-05-11,11.6875,12.0000,11.5625,11.9688,0
1990-05-14,12.0312,12.1562,11.9062,12.0000,0
1990-05-15,11.9375,11.9688,11.8125,11.8750,0
1990-05-16,11.8750,12.0625,11.8125,11.9688,0
1990-05-17,12.0000,12.1250,11.9375,11.9688,0
1990-05-18,11.9375,12.0312,11.8125,11.9375,0
1990-05-21,11.9375,12.0625,11.8750,11.9688,0
1990-05-22,12.0938,12.0938,11.8125,11.9688,0
1990-05-23,11.9062,11.9375,11.8125,11.8438,0
1990-05-24,11.8750,11.8750,11.7812,11.7812,0
1990-05-25,11.7500,11.8125,11.5938,11.6250,0
1990-05-29,11.6250,11.9062,11.6250,11.9062,0
1990-05-30,11.9375,12.0000,11.8750,11.9375,0
1990-05-31,11.9375,12.0312,11.9062,12.0000,0
1990-06-01,12.0312,12.0625,11.8438,11.9375,0
1990-06-04,11.9688,12.1250,11.9062,12.0625,0
1990-06-05,12.0625,12.0938,12.0000,12.0625,0
1990-06-06,11.9688,12.0312,11.9062,11.9688,0
1990-06-07,12.0000,12.0625,11.8438,11.9062,0
1990-06-08,11.8438,11.8750,11.6875,11.7500,0
1990-06-11,11.7500,12.0000,11.7500,11.9688,0
1990-06-12,12.0312,12.3125,12.0000,12.2188,0
1990-06-13,12.2188,12.2188,11.9688,12.0312,0
1990-06-14,11.9688,12.0312,11.9375,12.0312,0
1990-06-15,11.9062,12.0312,11.9062,11.9688,0
1990-06-18,12.0000,12.0000,11.8438,11.8750,0
1990-06-19,11.8125,11.9062,11.7812,11.8438,0
1990-06-20,11.8750,11.9688,11.7812,11.9688,0
1990-06-21,11.9688,12.1562,11.9062,12.1562,0
1990-06-22,12.1250,12.2500,11.9375,11.9688,0
1990-06-25,12.0312,12.0312,11.8125,11.8125,0
1990-06-26,11.8438,11.8438,11.7188,11.7500,0
1990-06-27,11.7500,12.0000,11.7500,12.0000,0
1990-06-28,12.0000,12.0625,11.9375,12.0625,0
1990-06-29,12.0625,12.0938,11.9688,11.9688,0
1990-07-02,11.9062,11.9375,11.8125,11.9375,0
1990-07-03,11.9375,11.9688,11.8125,11.8438,0
1990-07-05,11.8125,11.8125,11.6875,11.6875,0
1990-07-06,11.6875,11.9375,11.6875,11.9375,0
1990-07-09,11.9062,11.9375,11.7812,11.8438,0
1990-07-10,11.8125,11.8438,11.6875,11.6875,0
1990-07-11,11.7188,11.9688,11.7188,11.9688,0
1990-07-12,12.0312,12.3125,12.0000,12.3125,0
1990-07-13,12.3125,12.4688,12.1562,12.1875,0
1990-07-16,12.2500,12.2812,12.1250,12.1875,0
1990-07-17,12.1875,12.1875,11.9688,12.1562,0
1990-07-18,12.0938,12.1562,12.0312,12.1250,0
1990-07-19,12.1250,12.5000,12.0938,12.5000,0
1990-07-20,12.5000,12.5000,12.1250,12.1562,0
1990-07-23,12.1562,12.3438,11.9375,11.9688,0
1990-07-24,12.1250,12.5312,12.1250,12.5000,0
1990-07-25,12.5000,12.5312,12.3750,12.4062,0
1990-07-26,12.4375,12.4375,12.0938,12.2188,0
1990-07-27,12.2500,12.5938,12.2188,12.3125,0
1990-07-30,12.3125,12.6875,12.2812,12.6875,0
1990-07-31,12.7188,13.0000,12.6875,12.9688,0
1990-08-01,13.0000,13.1875,12.9375,13.0312,0
1990-08-02,13.7500,13.7500,13.2500,13.3125,0
1990-08-03,13.4688,13.7500,13.2812,13.2812,0
1990-08-06,13.5625,13.7812,13.3125,13.5625,0
1990-08-07,13.1875,13.3438,13.1250,13.3438,0
1990-08-08,13.1250,13.1250,12.7812,12.9375,0
1990-08-09,12.8750,13.0312,12.8125,12.9688,0
1990-08-10,12.9062,13.0938,12.8750,12.9062,0
1990-08-13,12.7812,13.0938,12.7188,13.0938,0
1990-08-14,13.0312,13.1250,13.0000,13.0625,0
1990-08-15,13.0625,13.0938,12.9688,13.0000,0
1990-08-16,13.0625,13.1562,12.9062,12.9375,0
1990-08-17,12.9375,13.1875,12.8438,13.0312,0
1990-08-20,13.0938,13.2500,13.0625,13.1875,0
1990-08-21,13.2500,13.3125,12.9375,12.9688,0
1990-08-22,13.0312,13.0625,12.8438,12.8438,0
1990-08-23,12.6875,12.7500,12.3750,12.4062,0
1990-08-24,12.4688,12.5000,12.1250,12.2188,0
1990-08-27,12.3438,12.4375,12.2188,12.4062,0
1990-08-28,12.4062,12.5625,12.3750,12.5312,0
1990-08-29,12.5000,12.5938,12.3125,12.4688,0
1990-08-30,12.4688,12.4688,12.1875,12.2188,0
1990-08-31,12.2500,12.5000,12.2188,12.5000,0
1990-09-04,12.5000,12.5625,12.4688,12.5312,0
1990-09-05,12.5312,12.7500,12.4688,12.7188,0
1990-09-06,12.7500,12.8438,12.5625,12.5938,0
1990-09-07,12.5625,12.7188,12.5000,12.7188,0
1990-09-10,12.7812,12.7812,12.5938,12.5938,0
1990-09-11,12.6562,12.7500,12.6250,12.7188,0
1990-09-12,12.8438,12.9062,12.6562,12.8438,0
1990-09-13,12.8125,12.8750,12.6562,12.6875,0
1990-09-14,12.7188,12.8438,12.6875,12.8438,0
1990-09-17,12.8438,12.9688,12.6875,12.9062,0
1990-09-18,12.9062,12.9062,12.7188,12.8125,0
1990-09-19,12.7500,12.8438,12.6562,12.8125,0
1990-09-20,12.7812,12.7812,12.6562,12.7812,0
1990-09-21,12.7812,12.8750,12.6250,12.8125,0
1990-09-24,12.8125,12.8125,12.6250,12.6250,0
1990-09-25,12.6875,12.7188,12.5625,12.6250,0
1990-09-26,12.5625,12.5625,12.3125,12.4688,0
1990-09-27,12.5000,12.5625,12.2500,12.4375,0
1990-09-28,12.3125,12.3438,12.1875,12.2500,0
1990-10-01,12.2812,12.4688,12.1562,12.4062,0
1990-10-02,12.3750,12.4688,12.2812,12.3750,0
1990-10-03,12.4062,12.5938,12.3750,12.4062,0
1990-10-04,12.4375,12.5938,12.3438,12.5938,0
1990-10-05,12.4688,12.6250,12.3438,12.4688,0
1990-10-08,12.5625,12.6250,12.5000,12.5938,0
1990-10-09,12.5312,12.6250,12.4375,12.4375,0
1990-10-10,12.4688,12.5000,12.1562,12.1875,0
1990-10-11,12.2188,12.2188,11.9062,12.0312,0
1990-10-12,12.0938,12.3438,12.0000,12.1250,0
1990-10-15,12.1875,12.4375,12.0312,12.3125,0
1990-10-16,12.3750,12.4062,12.1250,12.1562,0
1990-10-17,12.1875,12.3438,12.0938,12.1250,0
1990-10-18,12.1562,12.1875,12.0312,12.1250,0
1990-10-19,12.1875,12.5312,12.1250,12.4688,0
1990-10-22,12.4375,12.5000,12.4062,12.4062,0
1990-10-23,12.3438,12.3438,12.0938,12.1250,0
1990-10-24,12.0312,12.2500,12.0000,12.1250,0
1990-10-25,12.1250,12.1875,11.9062,11.9375,0
1990-10-26,11.8438,11.9375,11.8125,11.8125,0
1990-10-29,11.8438,12.0312,11.8125,11.9062,0
1990-10-30,11.9375,12.2188,11.9375,12.2188,0
1990-10-31,12.2500,12.3438,12.1562,12.2500,0
1990-11-01,12.3438,12.4688,12.1875,12.4375,0
1990-11-02,12.4062,12.5312,12.3750,12.4062,0
1990-11-05,12.3125,12.3125,12.1562,12.2500,0
1990-11-06,12.3125,12.4375,12.2500,12.3125,0
1990-11-07,12.3125,12.3125,12.0625,12.0625,0
1990-11-08,12.0938,12.4062,12.0938,12.3125,0
1990-11-09,12.4688,12.6562,12.4062,12.5938,0
1990-11-12,12.6250,12.6875,12.4688,12.5625,0
1990-11-13,12.5000,12.5312,12.4688,12.5000,0
1990-11-14,12.4688,12.6562,12.4375,12.5625,0
1990-11-15,12.5625,12.5938,12.4688,12.5000,0
1990-11-16,12.5312,12.6875,12.5000,12.5938,0
1990-11-19,12.6250,12.6562,12.5938,12.6562,0
1990-11-20,12.6562,12.6875,12.5625,12.6562,0
1990-11-21,12.6562,12.6875,12.5625,12.6875,0
1990-11-23,12.6875,12.7812,12.6250,12.7812,0
1990-11-26,12.7500,12.7812,12.6250,12.7500,0
1990-11-27,12.7500,12.7812,12.5000,12.5938,0
1990-11-28,12.5938,12.6250,12.5000,12.5938,0
1990-11-29,12.5312,12.5938,12.4688,12.5625,0
1990-11-30,12.5312,12.8438,12.5312,12.6562,0
1990-12-03,12.6875,12.7500,12.5938,12.6875,0
1990-12-04,12.6875,12.6875,12.5000,12.5938,0
1990-12-05,12.5938,12.6250,12.5312,12.5625,0
1990-12-06,12.5000,12.5000,12.3438,12.4062,0
1990-12-07,12.3750,12.4375,12.3125,12.3125,0
1990-12-10,12.3438,12.4688,12.3125,12.4062,0
1990-12-11,12.5312,12.5625,12.4375,12.4375,0
1990-12-12,12.4375,12.6562,12.3750,12.5938,0
1990-12-13,12.5312,12.6562,12.5000,12.6250,0
1990-12-14,12.5625,12.7188,12.5312,12.6875,0
1990-12-17,12.6875,12.7812,12.6562,12.7500,0
1990-12-18,12.6875,12.7812,12.6562,12.7500,0
1990-12-19,12.7500,12.7500,12.5312,12.6250,0
1990-12-20,12.5625,12.6250,12.5625,12.5938,0
1990-12-21,12.7500,12.7500,12.5938,12.6875,0
1990-12-24,12.6562,12.8438,12.6250,12.8125,0
1990-12-26,12.7812,13.1250,12.7812,12.9375,0
1990-12-27,12.9375,13.0312,12.8125,12.8125,0
1990-12-28,12.8750,12.9062,12.7812,12.9062,0
1990-12-31,12.8750,12.9375,12.8125,12.9375,0
1991-01-02,12.9375,12.9688,12.6875,12.6875,0
1991-01-03,12.6875,12.7812,12.5938,12.7500,0
1991-01-04,12.7188,12.9062,12.7188,12.8750,0
1991-01-07,12.7812,12.8750,12.7188,12.7188,0
1991-01-08,12.7188,12.8125,12.6250,12.6875,0
1991-01-09,12.7188,12.9375,12.4688,12.4688,0
1991-01-10,12.5625,12.6250,12.5000,12.5938,0
1991-01-11,12.5312,12.5938,12.4375,12.4688,0
1991-01-14,12.4062,12.5000,12.4062,12.5000,0
1991-01-15,12.5000,12.5000,12.4062,12.4688,0
1991-01-16,12.5000,12.5312,12.4375,12.4375,0
1991-01-17,12.5000,12.7500,12.4375,12.7188,0
1991-01-18,12.6875,12.9688,12.6875,12.9062,0
1991-01-21,12.8125,12.8438,12.7188,12.8125,0
1991-01-22,12.7812,12.8125,12.6562,12.7188,0
1991-01-23,12.7188,13.0000,12.7188,13.0000,0
1991-01-24,12.9688,13.1250,12.9688,13.0000,0
1991-01-25,13.1250,13.2188,12.9688,13.1562,0
1991-01-28,13.1562,13.2500,13.0625,13.1250,0
1991-01-29,13.0625,13.0625,12.9688,13.0000,0
1991-01-30,12.9688,13.0312,12.8125,12.9375,0
1991-01-31,12.9375,12.9375,12.6875,12.9062,0
1991-02-01,12.8125,12.8125,12.5938,12.6250,0
1991-02-04,12.6875,12.8438,12.6562,12.8125,0
1991-02-05,12.6250,12.6875,12.5312,12.6562,0
1991-02-06,12.6250,13.2188,12.5938,13.2188,0
1991-02-07,13.4375,13.7188,13.3125,13.4375,0
1991-02-08,13.4375,13.4688,13.1562,13.2812,0
1991-02-11,13.4062,13.6875,13.3438,13.6250,0
1991-02-12,13.5625,13.7812,13.3438,13.3438,0
1991-02-13,13.3750,13.7188,13.3750,13.6875,0
1991-02-14,13.7188,13.8438,13.3438,13.4375,0
1991-02-15,13.3750,13.6562,13.2812,13.3438,0
1991-02-19,13.2500,13.4062,13.1875,13.3750,0
1991-02-20,13.3125,13.4375,13.1875,13.4062,0
1991-02-21,13.4062,13.6250,13.3438,13.4688,0
1991-02-22,13.3750,13.6250,13.3750,13.4375,0
1991-02-25,13.5625,13.5938,13.4375,13.4688,0
1991-02-26,13.3750,13.5625,13.3438,13.4375,0
1991-02-27,13.5000,14.0000,13.5000,13.9375,0
1991-02-28,13.9375,13.9688,13.7500,13.7812,0
1991-03-01,13.7188,13.9375,13.6250,13.9375,0
1991-03-04,14.0000,14.0000,13.6562,13.6562,0
1991-03-05,13.6875,13.8750,13.6250,13.7188,0
1991-03-06,13.8125,13.8438,13.6562,13.7188,0
1991-03-07,13.6875,13.9688,13.6875,13.8125,0
1991-03-08,13.8438,14.0312,13.6875,13.8438,0
1991-03-11,13.9062,14.0312,13.7500,13.8750,0
1991-03-12,13.9375,14.0938,13.9062,14.0625,0
1991-03-13,14.1250,14.3750,14.0938,14.3125,0
1991-03-14,14.3750,14.4375,14.1250,14.2500,0
1991-03-15,14.3438,14.3438,14.1875,14.2812,0
1991-03-18,14.2188,14.2500,13.9688,14.0938,0
1991-03-19,13.9688,14.2188,13.9688,14.0938,0
1991-03-20,14.0938,14.3750,14.0938,14.2812,0
1991-03-21,14.4062,14.5000,14.3125,14.3125,0
1991-03-22,14.2812,14.4688,14.2500,14.4688,0
1991-03-25,14.4375,14.8125,14.4375,14.7812,0
1991-03-26,14.7500,14.9688,14.7500,14.8750,0
1991-03-27,14.8438,14.8438,14.5625,14.5938,0
1991-03-28,14.6250,14.7500,14.6250,14.6250,0
1991-04-01,14.5938,14.6562,14.3750,14.3750,0
1991-04-02,14.4375,14.7500,14.4062,14.7188,0
1991-04-03,14.7188,14.7500,14.4688,14.4688,0
1991-04-04,14.4688,14.6250,14.3750,14.3750,0
1991-04-05,14.4688,14.5625,14.1875,14.3438,0
1991-04-08,14.3438,14.4375,14.2188,14.4062,0
1991-04-09,14.3125,14.5938,14.2500,14.2500,0
1991-04-10,14.3438,14.4062,14.1250,14.2812,0
1991-04-11,14.3438,14.6875,14.3125,14.5625,0
1991-04-12,14.6875,14.9688,14.5625,14.9375,0
1991-04-15,14.9688,15.1562,14.8750,14.8750,0
1991-04-16,14.8125,15.0312,14.6875,15.0312,0
1991-04-17,15.0312,15.1250,14.9375,15.0312,0
1991-04-18,14.9375,15.0625,14.9062,14.9688,0
1991-04-19,14.9062,15.1562,14.9062,15.0312,0
1991-04-22,14.9375,15.0938,14.9375,15.0312,0
1991-04-23,15.1875,15.2500,15.1250,15.2188,0
1991-04-24,15.2188,15.3438,15.0938,15.2188,0
1991-04-25,15.0000,15.0000,14.6875,14.7812,0
1991-04-26,14.7188,14.9688,14.6875,14.8750,0
1991-04-29,14.8438,15.0625,14.7500,14.7812,0
1991-04-30,14.7812,15.0312,14.5312,14.8750,0
1991-05-01,14.9375,15.1875,14.8438,15.0938,0
1991-05-02,15.1875,15.1875,14.7812,14.9062,0
1991-05-03,14.7500,14.8750,14.5312,14.8125,0
1991-05-06,14.8125,14.8750,14.6875,14.7188,0
1991-05-07,14.5625,14.6250,14.3438,14.4062,0
1991-05-08,14.3438,14.5938,14.3125,14.5625,0
1991-05-09,14.5938,14.9375,14.5625,14.9062,0
1991-05-10,14.9062,14.9062,14.4688,14.4688,0
1991-05-13,14.5312,14.5312,14.2812,14.3750,0
1991-05-14,14.3438,14.3750,14.0312,14.0625,0
1991-05-15,14.0625,14.1250,13.9688,14.0938,0
1991-05-16,14.1562,14.4062,14.0312,14.4062,0
1991-05-17,14.3750,14.6250,14.3125,14.5000,0
1991-05-20,14.6250,14.6875,14.5000,14.5625,0
1991-05-21,14.5938,14.8125,14.5625,14.7500,0
1991-05-22,14.7500,14.7812,14.5938,14.7500,0
1991-05-23,14.7500,14.7812,14.5625,14.6875,0
1991-05-24,14.6562,14.7500,14.6250,14.6562,0
1991-05-28,14.6250,14.6562,14.5312,14.6562,0
1991-05-29,14.5938,14.6875,14.5312,14.6875,0
1991-05-30,14.5938,14.6562,14.5625,14.6250,0
1991-05-31,14.5938,14.6562,14.4375,14.5625,0
1991-06-03,14.5625,14.7188,14.1250,14.7188,0
1991-06-04,14.6250,14.7188,14.5625,14.6250,0
1991-06-05,14.6250,14.6562,14.4688,14.4688,0
1991-06-06,14.4688,14.5938,14.4688,14.5625,0
1991-06-07,14.4688,14.5625,14.3750,14.3750,0
1991-06-10,14.4062,14.5625,14.3750,14.5000,0
1991-06-11,14.5312,14.6562,14.4688,14.6250,0
1991-06-12,14.5938,14.5938,14.4062,14.4062,0
1991-06-13,14.4375,14.5312,14.4062,14.4688,0
1991-06-14,14.4688,14.5938,14.4688,14.5625,0
1991-06-17,14.5312,14.5625,14.3750,14.3750,0
1991-06-18,14.3438,14.4375,14.2188,14.2500,0
1991-06-19,14.1562,14.2500,14.0625,14.2500,0
1991-06-20,14.1875,14.5312,14.1875,14.5312,0
1991-06-21,14.5000,14.6562,14.5000,14.6250,0
1991-06-24,14.5625,14.6875,14.5000,14.5312,0
1991-06-25,14.5938,14.6875,14.5312,14.6250,0
1991-06-26,14.6250,14.8750,14.6250,14.8125,0
1991-06-27,14.8750,14.9375,14.6875,14.7500,0
1991-06-28,14.6562,14.7188,14.5000,14.5312,0
1991-07-01,14.5938,14.9688,14.5938,14.9688,0
1991-07-02,14.9375,14.9375,14.6562,14.6875,0
1991-07-03,14.6250,14.6250,14.2500,14.3438,0
1991-07-05,14.2500,14.5312,14.2500,14.3750,0
1991-07-08,14.3125,14.6250,14.2188,14.6250,0
1991-07-09,14.6250,14.6250,14.3438,14.4062,0
1991-07-10,14.4375,14.5938,14.3125,14.3438,0
1991-07-11,14.4375,14.5000,14.3750,14.4688,0
1991-07-12,14.5625,14.7812,14.4375,14.6875,0
1991-07-15,14.6875,14.8438,14.6562,14.7812,0
1991-07-16,14.7812,14.7812,14.6562,14.7500,0
1991-07-17,14.8125,15.0000,14.8125,14.9688,0
1991-07-18,14.9688,15.0312,14.9062,14.9688,0
1991-07-19,14.9688,14.9688,14.8125,14.9062,0
1991-07-22,14.9062,14.9688,14.8125,14.8750,0
1991-07-23,14.8750,14.9375,14.5938,14.6250,0
1991-07-24,14.6562,14.7500,14.5938,14.7188,0
1991-07-25,14.7500,14.8125,14.6875,14.7812,0
1991-07-26,14.7500,14.7500,14.6562,14.6875,0
1991-07-29,14.6875,14.8125,14.6875,14.8125,0
1991-07-30,14.8750,14.9062,14.8125,14.8750,0
1991-07-31,14.8438,14.8438,14.7500,14.8438,0
1991-08-01,14.8750,14.8750,14.7500,14.8438,0
1991-08-02,14.8750,14.9062,14.6562,14.6875,0
1991-08-05,14.6875,14.7500,14.5938,14.5938,0
1991-08-06,14.5938,14.9688,14.5938,14.9375,0
1991-08-07,14.7500,14.7812,14.6562,14.7188,0
1991-08-08,14.6562,14.7188,14.5000,14.5312,0
1991-08-09,14.5312,14.5625,14.3750,14.3750,0
1991-08-12,14.3438,14.4375,14.3125,14.4062,0
1991-08-13,14.4375,14.5625,14.3750,14.4688,0
1991-08-14,14.5312,14.5312,14.2500,14.3125,0
1991-08-15,14.2812,14.4688,14.2812,14.3750,0
1991-08-16,14.4375,14.5312,14.3125,14.3750,0
1991-08-19,14.1875,14.5000,14.1562,14.4062,0
1991-08-20,14.4375,14.4688,14.2500,14.3750,0
1991-08-21,14.3750,14.5938,14.2500,14.5625,0
1991-08-22,14.5938,14.6562,14.5000,14.6250,0
1991-08-23,14.5625,14.7812,14.5625,14.7500,0
1991-08-26,14.7500,14.8125,14.6250,14.6250,0
1991-08-27,14.6250,14.6562,14.5000,14.6562,0
1991-08-28,14.6250,14.8750,14.6250,14.8750,0
1991-08-29,14.8438,14.8438,14.6562,14.7188,0
1991-08-30,14.7188,14.7188,14.5312,14.5625,0
1991-09-03,14.5625,14.5938,14.5000,14.5000,0
1991-09-04,14.5000,14.5312,14.3750,14.4688,0
1991-09-05,14.4688,14.7188,14.4688,14.6875,0
1991-09-06,14.7188,14.8125,14.5938,14.7500,0
1991-09-09,14.7500,14.7812,14.6875,14.7188,0
1991-09-10,14.7500,14.7500,14.6250,14.6562,0
1991-09-11,14.7500,14.7812,14.6250,14.7188,0
1991-09-12,14.7500,14.7812,14.6562,14.7188,0
1991-09-13,14.7500,14.7500,14.5312,14.5938,0
1991-09-16,14.5938,14.9062,14.5625,14.9062,0
1991-09-17,14.8750,14.9688,14.8125,14.8438,0
1991-09-18,14.7812,14.8125,14.7500,14.8125,0
1991-09-19,14.7812,14.9375,14.7812,14.8438,0
1991-09-20,14.9062,14.9062,14.7500,14.7500,0
1991-09-23,14.6875,14.8125,14.6250,14.6562,0
1991-09-24,14.7188,14.9062,14.6875,14.8750,0
1991-09-25,14.9375,14.9688,14.7812,14.8438,0
1991-09-26,14.7812,14.8438,14.6875,14.6875,0
1991-09-27,14.7188,14.8438,14.6250,14.6875,0
1991-09-30,14.7812,14.9688,14.6875,14.8750,0
1991-10-01,14.9375,15.0938,14.9375,15.0625,0
1991-10-02,15.0938,15.2188,15.0000,15.0625,0
1991-10-03,15.0312,15.0938,14.8750,14.8750,0
1991-10-04,14.8750,14.9688,14.7812,14.7812,0
1991-10-07,14.7812,14.9062,14.7500,14.8125,0
1991-10-08,14.8125,15.0625,14.7812,15.0312,0
1991-10-09,15.0625,15.1562,14.6562,14.8438,0
1991-10-10,14.9062,15.0938,14.8438,15.0625,0
1991-10-11,15.0625,15.0625,14.9062,15.0312,0
1991-10-14,15.0000,15.2188,15.0000,15.2188,0
1991-10-15,15.2188,15.3125,15.1250,15.2188,0
1991-10-16,15.1875,15.1875,15.0938,15.1250,0
1991-10-17,15.1250,15.2500,15.0938,15.2500,0
1991-10-18,15.2812,15.3750,15.2500,15.3750,0
1991-10-21,15.3750,15.4062,15.2812,15.3125,0
1991-10-22,15.3438,15.4688,15.1875,15.2812,0
1991-10-23,15.3438,15.3438,15.1875,15.2188,0
1991-10-24,15.1562,15.2500,15.0312,15.1250,0
1991-10-25,15.1250,15.1562,15.0000,15.1562,0
1991-10-28,15.1875,15.4375,15.1562,15.4375,0
1991-10-29,15.4375,15.4688,15.2188,15.4062,0
1991-10-30,15.4375,15.4688,15.1250,15.2812,0
1991-10-31,15.2188,15.3125,15.2188,15.2500,0
1991-11-01,15.2812,15.2812,15.0312,15.1250,0
1991-11-04,15.0938,15.4375,15.0625,15.4062,0
1991-11-05,15.2188,15.3125,15.1250,15.1875,0
1991-11-06,15.1562,15.3125,15.1562,15.2812,0
1991-11-07,15.2500,15.3125,15.0938,15.1562,0
1991-11-08,15.2188,15.2500,15.0312,15.0312,0
1991-11-11,15.1250,15.1250,15.0312,15.0625,0
1991-11-12,15.1562,15.2188,15.0625,15.0625,0
1991-11-13,14.9688,15.0938,14.9688,15.0625,0
1991-11-14,15.1250,15.1250,14.9375,14.9375,0
1991-11-15,14.9375,15.0000,14.3125,14.3125,0
1991-11-18,14.4375,14.5938,14.2812,14.5625,0
1991-11-19,14.5000,14.8438,14.4062,14.7500,0
1991-11-20,14.7812,14.8438,14.5938,14.5938,0
1991-11-21,14.5312,14.7500,14.5000,14.6875,0
1991-11-22,14.6562,14.6562,14.4375,14.4375,0
1991-11-25,14.4688,14.5625,14.3750,14.5312,0
1991-11-26,14.5625,14.7500,14.5312,14.5625,0
1991-11-27,14.5625,14.6562,14.5000,14.5938,0
1991-11-29,14.6250,14.7188,14.5000,14.6562,0
1991-12-02,14.5000,14.8750,14.5000,14.8438,0
1991-12-03,14.8438,14.8750,14.6250,14.6250,0
1991-12-04,14.6250,14.6562,14.4375,14.4688,0
1991-12-05,14.5000,14.5000,14.2500,14.2812,0
1991-12-06,14.1875,14.5312,14.1875,14.2812,0
1991-12-09,14.3125,14.3750,13.9688,14.0312,0
1991-12-10,14.0000,14.1562,14.0000,14.0938,0
1991-12-11,14.1562,14.3125,14.0625,14.1875,0
1991-12-12,14.3125,14.5000,14.2812,14.4062,0
1991-12-13,14.4688,14.5625,14.4375,14.5000,0
1991-12-16,14.5000,14.5938,14.4688,14.4688,0
1991-12-17,14.5938,14.6250,14.5000,14.5000,0
1991-12-18,14.5312,14.5625,14.4375,14.5625,0
1991-12-19,14.5312,14.6875,14.5000,14.6875,0
1991-12-20,15.0000,15.0000,14.7500,14.7812,0
1991-12-23,14.7188,14.7500,14.5625,14.6250,0
1991-12-24,14.6562,14.6875,14.3125,14.3750,0
1991-12-26,14.4062,14.5000,14.3125,14.3438,0
1991-12-27,14.3750,14.6875,14.3750,14.5625,0
1991-12-30,14.6250,14.7188,14.4688,14.6250,0
1991-12-31,14.7500,15.2500,14.7500,15.2188,0
1992-01-02,15.0625,15.1562,14.8750,15.0000,0
1992-01-03,14.9688,15.1562,14.9375,15.0312,0
1992-01-06,15.0312,15.0938,14.8750,14.9062,0
1992-01-07,14.8438,14.9688,14.5625,14.8125,0
1992-01-08,14.7500,14.8438,14.6250,14.6250,0
1992-01-09,14.6562,14.7188,14.4375,14.5312,0
1992-01-10,14.5312,14.7812,14.5000,14.6875,0
1992-01-13,14.6562,14.8750,14.6562,14.8125,0
1992-01-14,14.8438,15.0938,14.7812,15.0625,0
1992-01-15,15.0625,15.0625,14.7812,14.8750,0
1992-01-16,14.8125,14.8438,14.6562,14.7812,0
1992-01-17,14.8438,14.9688,14.7812,14.9688,0
1992-01-20,14.9688,15.0625,14.9375,15.0000,0
1992-01-21,15.0312,15.2812,15.0000,15.2188,0
1992-01-22,15.1875,15.2188,14.7188,14.8750,0
1992-01-23,14.7812,14.8438,14.6875,14.7500,0
1992-01-24,14.7500,15.1250,14.7188,15.0625,0
1992-01-27,15.0625,15.1250,15.0312,15.1250,0
1992-01-28,15.1562,15.3125,15.0938,15.0938,0
1992-01-29,15.0000,15.0938,14.7500,14.8438,0
1992-01-30,14.8750,14.8750,14.6875,14.7500,0
1992-01-31,14.8125,14.8125,14.5625,14.5625,0
1992-02-03,14.5625,14.8125,14.5625,14.7812,0
1992-02-04,14.7500,14.9062,14.7188,14.8750,0
1992-02-05,14.5625,14.6250,14.4375,14.5000,0
1992-02-06,14.5000,14.6562,14.4375,14.6562,0
1992-02-07,14.6562,14.7812,14.3438,14.6250,0
1992-02-10,14.7500,14.7812,14.5312,14.5938,0
1992-02-11,14.6250,14.6250,14.5000,14.5312,0
1992-02-12,14.5625,14.7188,14.5312,14.6875,0
1992-02-13,14.6875,14.7812,14.4688,14.5625,0
1992-02-14,14.5000,14.6250,14.4688,14.5625,0
1992-02-18,14.4688,14.4688,14.1250,14.2812,0
1992-02-19,14.2188,14.4375,14.2188,14.3125,0
1992-02-20,14.3750,14.5625,14.2812,14.5000,0
1992-02-21,14.4375,14.5312,14.3750,14.4688,0
1992-02-24,14.5000,14.5312,14.3438,14.4062,0
1992-02-25,14.4062,14.4375,14.2500,14.3125,0
1992-02-26,14.2812,14.4688,14.2812,14.4062,0
1992-02-27,14.3438,14.3438,14.2500,14.3125,0
1992-02-28,14.3438,14.4062,14.2188,14.2812,0
1992-03-02,14.2500,14.2812,13.9688,14.0000,0
1992-03-03,13.9688,14.0000,13.7812,13.9062,0
1992-03-04,13.8750,14.0000,13.7500,13.7500,0
1992-03-05,13.7188,13.9688,13.7188,13.9062,0
1992-03-06,13.9062,14.1250,13.7812,13.9062,0
1992-03-09,13.8750,13.9062,13.7500,13.8750,0
1992-03-10,13.8750,14.0312,13.8438,13.8438,0
1992-03-11,13.8438,13.9062,13.7188,13.8438,0
1992-03-12,13.8438,14.1562,13.8438,14.1250,0
1992-03-13,14.2812,14.3438,14.1250,14.2812,0
1992-03-16,14.2188,14.2500,14.1250,14.2188,0
1992-03-17,14.2500,14.2812,14.1250,14.2188,0
1992-03-18,14.1250,14.1250,13.9062,13.9375,0
1992-03-19,13.9375,13.9375,13.8125,13.8438,0
1992-03-20,13.8125,13.8125,13.4375,13.6875,0
1992-03-23,13.7188,13.8750,13.6562,13.8125,0
1992-03-24,13.7500,13.8750,13.7500,13.7812,0
1992-03-25,13.6562,13.7812,13.5938,13.7500,0
1992-03-26,13.8125,13.9375,13.7500,13.9375,0
1992-03-27,13.9062,13.9688,13.7812,13.7812,0
1992-03-30,13.7812,13.8125,13.6562,13.7500,0
1992-03-31,13.7812,13.8750,13.6562,13.6875,0
1992-04-01,13.6250,13.8125,13.5938,13.7812,0
1992-04-02,13.7812,13.8125,13.5625,13.6875,0
1992-04-03,13.6562,14.0000,13.6250,13.9688,0
1992-04-06,14.0938,14.5000,14.0938,14.4375,0
1992-04-07,14.4688,14.5312,14.1562,14.1562,0
1992-04-08,14.1875,14.4688,14.1562,14.3125,0
1992-04-09,14.3438,14.4062,14.1875,14.3125,0
1992-04-10,14.4062,14.4688,14.3438,14.4062,0
1992-04-13,14.4375,14.4375,14.1562,14.1562,0
1992-04-14,14.2188,14.5625,14.1875,14.4062,0
1992-04-15,14.5312,14.7500,14.3750,14.7500,0
1992-04-16,14.6562,14.7188,14.5000,14.6875,0
1992-04-20,14.6562,14.8125,14.4688,14.6562,0
1992-04-21,14.6562,14.8438,14.6562,14.7812,0
1992-04-22,14.6875,14.7188,14.5000,14.5000,0
1992-04-23,14.5000,14.8438,14.4375,14.8125,0
1992-04-24,14.7812,14.9375,14.6875,14.7188,0
1992-04-27,14.6562,14.8438,14.6250,14.6875,0
1992-04-28,14.6875,14.9062,14.5938,14.8125,0
1992-04-29,14.8438,14.8438,14.6875,14.8125,0
1992-04-30,14.9062,15.0312,14.8438,15.0000,0
1992-05-01,15.0312,15.0625,14.7812,14.8125,0
1992-05-04,14.8750,15.0312,14.8438,15.0000,0
1992-05-05,14.9688,15.0000,14.9062,14.9688,0
1992-05-06,15.0000,15.0625,14.8125,14.8438,0
1992-05-07,14.5938,14.7500,14.5938,14.6562,0
1992-05-08,14.7188,14.7188,14.6562,14.7188,0
1992-05-11,14.7500,14.9062,14.7500,14.8750,0
1992-05-12,14.8750,14.9375,14.6875,14.7188,0
1992-05-13,14.7188,14.9062,14.6875,14.8750,0
1992-05-14,14.8750,15.0000,14.7812,15.0000,0
1992-05-15,14.9375,15.0000,14.7812,14.8125,0
1992-05-18,14.9375,14.9688,14.8750,14.9375,0
1992-05-19,15.0000,15.0625,14.9062,15.0000,0
1992-05-20,14.9688,15.0000,14.8125,14.8125,0
1992-05-21,14.8125,14.9375,14.7188,14.9062,0
1992-05-22,14.9062,15.1250,14.9062,15.1250,0
1992-05-26,15.3438,16.0625,15.3125,16.0000,0
1992-05-27,15.8750,15.8750,15.3750,15.4375,0
1992-05-28,15.5312,15.5312,15.4062,15.5000,0
1992-05-29,15.5000,15.5000,15.1250,15.1562,0
1992-06-01,15.1875,15.3750,15.1875,15.3438,0
1992-06-02,15.3750,15.4375,15.2812,15.3438,0
1992-06-03,15.3750,15.7500,15.3438,15.7188,0
1992-06-04,15.7500,15.8125,15.6562,15.7500,0
1992-06-05,15.7812,15.7812,15.5938,15.6875,0
1992-06-08,15.6562,15.7188,15.5625,15.6250,0
1992-06-09,15.6562,15.8750,15.4688,15.8750,0
1992-06-10,15.8438,15.9062,15.6875,15.7188,0
1992-06-11,15.7500,15.8438,15.6562,15.8125,0
1992-06-12,15.8438,15.8438,15.4688,15.4688,0
1992-06-15,15.5000,15.6250,15.4375,15.5312,0
1992-06-16,15.5625,15.5625,15.5000,15.5312,0
1992-06-17,15.4688,15.5938,15.4062,15.5312,0
1992-06-18,15.5312,15.5625,15.3438,15.3438,0
1992-06-19,15.3750,15.6250,15.3438,15.5938,0
1992-06-22,15.6250,15.6250,15.2812,15.5000,0
1992-06-23,15.4688,15.4688,15.2812,15.3438,0
1992-06-24,15.3125,15.5000,15.3125,15.3750,0
1992-06-25,15.4375,15.4375,15.2500,15.3438,0
1992-06-26,15.2500,15.4062,15.2188,15.3750,0
1992-06-29,15.3750,15.5625,15.3438,15.5625,0
1992-06-30,15.5625,15.5625,15.3438,15.4688,0
1992-07-01,15.4688,15.5312,15.4062,15.4375,0
1992-07-02,15.4062,15.5938,15.3438,15.4688,0
1992-07-06,15.5000,15.6562,15.3750,15.5312,0
1992-07-07,15.5625,15.6250,15.3750,15.4375,0
1992-07-08,15.3125,15.4688,15.2812,15.4375,0
1992-07-09,15.4062,15.4375,15.3438,15.4062,0
1992-07-10,15.4688,15.5312,15.3750,15.3750,0
1992-07-13,15.4062,15.4375,15.2500,15.2812,0
1992-07-14,15.2500,15.5625,15.2500,15.5000,0
1992-07-15,15.4688,15.5312,15.2812,15.3438,0
1992-07-16,15.3438,15.6250,15.3125,15.6250,0
1992-07-17,15.5625,15.6562,15.5000,15.5312,0
1992-07-20,15.4375,15.5938,15.4375,15.5312,0
1992-07-21,15.5312,15.5938,15.4375,15.4375,0
1992-07-22,15.4062,15.5312,15.3438,15.5000,0
1992-07-23,15.5000,15.7812,15.4375,15.7500,0
1992-07-24,15.6875,15.7188,15.5312,15.5938,0
1992-07-27,15.5312,15.5625,15.5000,15.5000,0
1992-07-28,15.5312,15.6250,15.4688,15.5312,0
1992-07-29,15.5312,15.5312,15.4375,15.5000,0
1992-07-30,15.5312,15.9062,15.5312,15.8438,0
1992-07-31,15.8125,15.9375,15.7500,15.8750,0
1992-08-03,15.8438,16.1562,15.8125,16.0625,0
1992-08-04,16.1250,16.2812,16.0938,16.2500,0
1992-08-05,16.1562,16.2188,15.9688,16.0000,0
1992-08-06,15.9375,16.0625,15.8750,15.9688,0
1992-08-07,15.7812,16.0625,15.7812,15.8750,0
1992-08-10,15.8438,16.0938,15.8438,16.0938,0
1992-08-11,16.1250,16.1562,16.0000,16.0938,0
1992-08-12,16.0938,16.1250,15.8125,15.8438,0
1992-08-13,15.8438,16.0625,15.8125,16.0312,0
1992-08-14,16.0938,16.1250,15.9375,16.0000,0
1992-08-17,15.9375,16.1250,15.9062,15.9062,0
1992-08-18,15.8438,16.0938,15.8438,16.0938,0
1992-08-19,16.1250,16.2812,16.0312,16.2188,0
1992-08-20,16.1875,16.3438,16.1562,16.3438,0
1992-08-21,16.3438,16.3750,15.7812,15.8125,0
1992-08-24,15.7188,16.0625,15.6875,16.0625,0
1992-08-25,16.0625,16.0625,15.8750,15.9375,0
1992-08-26,15.9375,16.0312,15.8438,16.0000,0
1992-08-27,16.0312,16.0625,15.8438,15.9062,0
1992-08-28,15.8750,16.0625,15.8438,16.0312,0
1992-08-31,16.0938,16.1562,16.0625,16.0625,0
1992-09-01,16.0312,16.1250,16.0312,16.0938,0
1992-09-02,16.0938,16.1562,16.0000,16.0625,0
1992-09-03,16.0312,16.0312,15.5000,15.5625,0
1992-09-04,15.5625,15.6562,15.5625,15.6250,0
1992-09-08,15.5938,15.6562,15.5625,15.6250,0
1992-09-09,15.6875,15.7812,15.6250,15.6875,0
1992-09-10,15.7188,15.7812,15.5938,15.7188,0
1992-09-11,15.7188,15.7500,15.6562,15.7188,0
1992-09-14,15.8750,15.8750,15.6562,15.6875,0
1992-09-15,15.6875,15.8125,15.5625,15.5938,0
1992-09-16,15.5312,15.8750,15.5312,15.7812,0
1992-09-17,15.8750,15.9062,15.6875,15.7812,0
1992-09-18,15.8125,16.0000,15.7812,16.0000,0
1992-09-21,15.9688,16.0625,15.9375,16.0312,0
1992-09-22,16.0000,16.0312,15.8438,15.9062,0
1992-09-23,15.9062,16.0938,15.9062,16.0312,0
1992-09-24,16.0625,16.1250,15.9375,15.9375,0
1992-09-25,15.9375,16.0000,15.8125,15.8750,0
1992-09-28,15.8125,16.1875,15.8125,16.1562,0
1992-09-29,16.1250,16.1250,15.9375,15.9688,0
1992-09-30,15.9688,16.0625,15.9375,15.9688,0
1992-10-01,16.0312,16.0312,15.8438,15.9375,0
1992-10-02,15.9062,15.9688,15.8125,15.8125,0
1992-10-05,15.8125,15.8438,15.5625,15.6250,0
1992-10-06,15.6875,15.7188,15.4688,15.5312,0
1992-10-07,15.5938,15.6562,15.3750,15.4688,0
1992-10-08,15.5000,15.7500,15.4688,15.7188,0
1992-10-09,15.6250,15.6250,15.3438,15.4062,0
1992-10-12,15.4375,15.5000,15.3125,15.3750,0
1992-10-13,15.3750,15.4375,15.2188,15.4375,0
1992-10-14,15.4375,15.6562,15.3750,15.5312,0
1992-10-15,15.5000,15.7812,15.5000,15.6875,0
1992-10-16,15.7812,15.8125,15.5938,15.7812,0
1992-10-19,15.7500,15.9375,15.7500,15.8125,0
1992-10-20,15.8438,15.8438,15.5625,15.6562,0
1992-10-21,15.6562,15.6875,15.5000,15.6562,0
1992-10-22,15.6250,15.7188,15.4688,15.5000,0
1992-10-23,15.5000,15.5938,15.4688,15.5000,0
1992-10-26,15.5312,15.5312,15.3750,15.4688,0
1992-10-27,15.5000,15.6875,15.4688,15.6875,0
1992-10-28,15.6250,15.6875,15.5000,15.6250,0
1992-10-29,15.5938,15.6562,15.4688,15.5312,0
1992-10-30,15.4688,15.5312,15.2500,15.3125,0
1992-11-02,15.3438,15.3438,15.0625,15.0625,0
1992-11-03,15.0312,15.1562,14.8438,14.8750,0
1992-11-04,14.8438,15.0000,14.8125,14.9688,0
1992-11-05,14.7188,14.8125,14.6875,14.8125,0
1992-11-06,14.8125,14.8125,14.5312,14.5625,0
1992-11-09,14.5938,14.6875,14.5312,14.6250,0
1992-11-10,14.7188,14.7500,14.5938,14.7188,0
1992-11-11,14.6875,14.7812,14.6250,14.6250,0
1992-11-12,14.7188,14.7812,14.6250,14.6875,0
1992-11-13,14.6875,14.8125,14.6562,14.8125,0
1992-11-16,14.8125,14.8438,14.7188,14.7188,0
1992-11-17,14.7188,14.7812,14.6562,14.6875,0
1992-11-18,14.7500,15.0312,14.7188,15.0000,0
1992-11-19,15.0000,15.0938,14.9375,15.0000,0
1992-11-20,15.2500,15.2500,15.1562,15.1875,0
1992-11-23,15.1250,15.1562,14.9062,14.9375,0
1992-11-24,14.9375,15.0938,14.9062,14.9062,0
1992-11-25,15.0000,15.0312,14.8750,14.9688,0
1992-11-27,14.9062,14.9688,14.8125,14.8750,0
1992-11-30,14.9062,14.9375,14.8125,14.8750,0
1992-12-01,14.8750,14.8750,14.6875,14.7500,0
1992-12-02,14.7188,14.7500,14.5625,14.6250,0
1992-12-03,14.5938,14.7500,14.5625,14.6875,0
1992-12-04,14.6875,14.9688,14.6875,14.9688,0
1992-12-07,14.9688,15.0312,14.9375,15.0000,0
1992-12-08,15.0000,15.0938,15.0000,15.0938,0
1992-12-09,15.0938,15.1562,15.0000,15.1562,0
1992-12-10,15.1250,15.3125,15.0938,15.3125,0
1992-12-11,15.2812,15.2812,15.2188,15.2188,0
1992-12-14,15.1562,15.2812,15.1250,15.1250,0
1992-12-15,15.1250,15.3750,15.0938,15.2812,0
1992-12-16,15.3125,15.3750,15.2188,15.2812,0
1992-12-17,15.3125,15.5000,15.3125,15.5000,0
1992-12-18,15.5625,15.7188,15.5000,15.7188,0
1992-12-21,15.6562,15.7188,15.5938,15.7188,0
1992-12-22,15.7188,15.7188,15.3125,15.5938,0
1992-12-23,15.5938,15.7188,15.4688,15.4688,0
1992-12-24,15.4688,15.5625,15.4375,15.5312,0
1992-12-28,15.5000,15.6250,15.4688,15.6250,0
1992-12-29,15.5625,15.6875,15.3125,15.4062,0
1992-12-30,15.3750,15.4375,15.2500,15.3438,0
1992-12-31,15.3125,15.4688,15.2500,15.2812,0
1993-01-04,15.3125,15.4375,15.3125,15.3438,0
1993-01-05,15.3438,15.5312,15.3125,15.5000,0
1993-01-06,15.4688,15.5625,15.4062,15.4375,0
1993-01-07,15.4375,15.5938,15.3750,15.4062,0
1993-01-08,15.2812,15.2812,15.0312,15.1562,0
1993-01-11,15.0938,15.2500,15.0938,15.1250,0
1993-01-12,15.1562,15.1562,14.9375,15.0000,0
1993-01-13,15.0000,15.1875,15.0000,15.0625,0
1993-01-14,15.1562,15.1875,14.9375,15.0938,0
1993-01-15,15.0938,15.0938,14.9688,15.0312,0
1993-01-18,15.0000,15.0000,14.7500,14.8438,0
1993-01-19,14.8125,14.8438,14.6562,14.7188,0
1993-01-20,14.7188,14.7500,14.5938,14.6250,0
1993-01-21,14.5625,14.5938,14.4375,14.5312,0
1993-01-22,14.5312,14.6562,14.4688,14.5312,0
1993-01-25,14.5938,15.1562,14.5938,15.1562,0
1993-01-26,15.2188,15.4375,15.1562,15.3125,0
1993-01-27,15.2500,15.2500,15.0938,15.1250,0
1993-01-28,15.0938,15.4062,15.0625,15.4062,0
1993-01-29,15.3125,15.3125,15.1562,15.2812,0
1993-02-01,15.3438,15.3750,15.2812,15.3750,0
1993-02-02,15.4062,15.5938,15.3438,15.5625,0
1993-02-03,15.5000,15.6875,15.4062,15.6250,0
1993-02-04,15.4375,15.9375,15.3750,15.5000,0
1993-02-05,15.5000,15.5000,15.3438,15.4688,0
1993-02-08,15.4375,15.7500,15.4375,15.7188,0
1993-02-09,15.6250,15.6562,15.5938,15.6250,0
1993-02-10,15.5312,15.5938,15.4688,15.5938,0
1993-02-11,15.5938,15.6875,15.5312,15.5938,0
1993-02-12,15.5000,15.6562,15.4062,15.4375,0
1993-02-16,15.3438,15.6250,15.3438,15.5312,0
1993-02-17,15.5000,15.5625,15.4375,15.4375,0
1993-02-18,15.5000,15.5625,15.1875,15.4688,0
1993-02-19,15.5312,16.0625,15.4688,16.0625,0
1993-02-22,16.0000,16.2188,15.9375,16.1250,0
1993-02-23,16.1250,16.1250,15.8125,15.8750,0
1993-02-24,15.8750,15.9375,15.8125,15.8750,0
1993-02-25,15.8750,15.9062,15.7500,15.9062,0
1993-02-26,15.8750,15.9375,15.7500,15.9062,0
1993-03-01,15.8750,16.0312,15.8438,15.9688,0
1993-03-02,15.9375,16.1250,15.9375,16.1250,0
1993-03-03,16.1562,16.1875,15.9062,16.0000,0
1993-03-04,16.0312,16.1562,15.9375,16.0938,0
1993-03-05,16.0938,16.1875,15.7812,15.8125,0
1993-03-08,15.8438,16.1250,15.8125,16.1250,0
1993-03-09,16.1250,16.1250,15.9688,16.0312,0
1993-03-10,16.0625,16.0625,15.9062,15.9688,0
1993-03-11,15.9375,15.9688,15.8125,15.8438,0
1993-03-12,15.7812,15.7812,15.5000,15.6562,0
1993-03-15,15.7188,15.8125,15.7188,15.8125,0
1993-03-16,15.7812,16.0938,15.7500,16.0000,0
1993-03-17,15.9688,16.1250,15.9375,16.0312,0
1993-03-18,16.0625,16.2812,16.0312,16.2188,0
1993-03-19,16.2188,16.2188,16.0625,16.1562,0
1993-03-22,16.1250,16.3125,16.1250,16.2188,0
1993-03-23,16.2188,16.2188,16.0938,16.1562,0
1993-03-24,16.0938,16.3750,16.0938,16.2500,0
1993-03-25,16.2188,16.4375,16.1875,16.4062,0
1993-03-26,16.3750,16.4062,16.3125,16.3125,0
1993-03-29,16.3125,16.5625,16.2500,16.5625,0
1993-03-30,16.4688,16.6875,16.4375,16.6250,0
1993-03-31,16.5938,16.6562,16.4688,16.5312,0
1993-04-01,16.5312,16.5312,16.3125,16.3750,0
1993-04-02,16.3125,16.6875,16.2500,16.5312,0
1993-04-05,16.5625,16.8438,16.5625,16.7500,0
1993-04-06,16.6875,17.0000,16.6562,16.9062,0
1993-04-07,16.9062,17.0625,16.8750,17.0625,0
1993-04-08,16.9688,17.0938,16.9062,17.0000,0
1993-04-12,17.0312,17.2188,17.0312,17.1875,0
1993-04-13,17.1875,17.1875,16.8750,17.1250,0
1993-04-14,17.0938,17.2188,17.0312,17.1562,0
1993-04-15,17.1562,17.1562,16.9375,17.0000,0
1993-04-16,17.0000,17.2500,16.9688,17.2500,0
1993-04-19,17.1875,17.2188,16.9062,16.9688,0
1993-04-20,16.8438,16.9375,16.6250,16.6562,0
1993-04-21,16.6562,16.7812,16.5000,16.5625,0
1993-04-22,16.5625,16.7500,16.3750,16.4688,0
1993-04-23,16.2812,16.3750,16.0625,16.0625,0
1993-04-26,16.0000,16.1562,15.9688,16.0938,0
1993-04-27,16.1562,16.4062,16.1250,16.3438,0
1993-04-28,16.2500,16.5625,16.2188,16.4375,0
1993-04-29,16.4375,16.5312,16.2188,16.5000,0
1993-04-30,16.5938,16.7500,16.5000,16.5000,0
1993-05-03,16.5938,16.5938,16.2500,16.5625,0
1993-05-04,16.5312,16.6250,16.3750,16.3750,0
1993-05-05,16.3125,16.3750,16.2188,16.2188,0
1993-05-06,16.2500,16.4062,16.2500,16.3438,0
1993-05-07,16.2188,16.2812,16.0312,16.0312,0
1993-05-10,16.0625,16.1250,15.9062,15.9062,0
1993-05-11,15.9375,15.9688,15.8438,15.9375,0
1993-05-12,15.9375,16.1562,15.9062,16.0312,0
1993-05-13,16.0312,16.1562,15.8125,15.8750,0
1993-05-14,15.9688,16.0000,15.8750,15.9375,0
1993-05-17,15.9375,16.0938,15.8438,16.0938,0
1993-05-18,16.1250,16.1250,15.8750,16.0625,0
1993-05-19,16.0000,16.1562,15.9375,16.1562,0
1993-05-20,16.1562,16.3438,16.0312,16.3125,0
1993-05-21,16.2812,16.4375,16.1250,16.1875,0
1993-05-24,16.2188,16.2812,16.1562,16.2500,0
1993-05-25,16.2500,16.3438,16.1250,16.2500,0
1993-05-26,16.2500,16.2500,16.0000,16.1562,0
1993-05-27,16.2188,16.4062,16.1562,16.2188,0
1993-05-28,16.0938,16.3750,16.0312,16.3750,0
1993-06-01,16.3438,16.4375,16.2812,16.2812,0
1993-06-02,16.2500,16.2812,16.1562,16.2188,0
1993-06-03,16.1250,16.2500,16.0938,16.2500,0
1993-06-04,16.1250,16.3125,16.1250,16.3125,0
1993-06-07,16.3125,16.3750,16.2500,16.3438,0
1993-06-08,16.3438,16.6562,16.3438,16.5625,0
1993-06-09,16.5938,16.8438,16.5938,16.8438,0
1993-06-10,16.7500,16.8125,16.6250,16.7500,0
1993-06-11,16.7188,16.7188,16.2188,16.3125,0
1993-06-14,16.3125,16.4062,16.1875,16.3750,0
1993-06-15,16.3438,16.4062,16.1875,16.1875,0
1993-06-16,16.2188,16.6250,16.1875,16.5625,0
1993-06-17,16.6250,16.7812,16.5625,16.7812,0
1993-06-18,16.7188,16.7188,16.4375,16.4375,0
1993-06-21,16.5000,16.5312,16.3125,16.3750,0
1993-06-22,16.3750,16.5312,16.3438,16.5312,0
1993-06-23,16.4375,16.4375,16.2500,16.3125,0
1993-06-24,16.2812,16.4688,16.2812,16.3750,0
1993-06-25,16.3750,16.4688,16.2812,16.3438,0
1993-06-28,16.3750,16.5625,16.3438,16.5312,0
1993-06-29,16.5312,16.5312,16.3125,16.3125,0
1993-06-30,16.3438,16.5312,16.2188,16.5312,0
1993-07-01,16.5312,16.5625,16.2812,16.2812,0
1993-07-02,16.2188,16.2812,16.0938,16.1562,0
1993-07-06,16.1562,16.2188,15.9688,16.0000,0
1993-07-07,16.0312,16.1250,16.0000,16.0625,0
1993-07-08,16.0938,16.1250,16.0312,16.0938,0
1993-07-09,16.0625,16.0625,15.9375,15.9688,0
1993-07-12,16.0625,16.1562,16.0625,16.1250,0
1993-07-13,16.0312,16.1875,16.0312,16.1875,0
1993-07-14,16.1875,16.2500,16.1250,16.1562,0
1993-07-15,16.1875,16.1875,16.0000,16.0625,0
1993-07-16,16.0938,16.1562,15.8438,15.8750,0
1993-07-19,15.9062,16.1875,15.8750,16.1875,0
1993-07-20,16.1875,16.1875,15.9062,16.0312,0
1993-07-21,16.0000,16.1875,15.9688,16.0312,0
1993-07-22,16.0312,16.0625,15.9062,16.0312,0
1993-07-23,16.0312,16.3125,16.0312,16.2812,0
1993-07-26,16.2812,16.4062,16.2812,16.4062,0
1993-07-27,16.5000,16.6562,16.4062,16.6562,0
1993-07-28,16.5625,16.6875,16.5625,16.6250,0
1993-07-29,16.6562,16.6875,16.5000,16.5312,0
1993-07-30,16.5625,16.5625,16.3125,16.4062,0
1993-08-02,16.4375,16.5312,16.4062,16.5000,0
1993-08-03,16.5000,16.5312,16.2500,16.2812,0
1993-08-04,16.3438,16.3438,16.1250,16.1250,0
1993-08-05,16.1562,16.2188,15.9375,16.0000,0
1993-08-06,16.0625,16.2188,16.0312,16.1875,0
1993-08-09,16.0312,16.2188,15.9688,16.1562,0
1993-08-10,16.2188,16.2188,16.1250,16.2188,0
1993-08-11,16.2500,16.2812,16.0625,16.0938,0
1993-08-12,16.1562,16.1875,15.9375,16.1562,0
1993-08-13,16.2500,16.3125,16.1562,16.2188,0
1993-08-16,16.2188,16.2812,16.1562,16.1875,0
1993-08-17,16.1562,16.1562,15.9375,15.9375,0
1993-08-18,16.0000,16.0625,15.9688,16.0312,0
1993-08-19,16.0312,16.1875,15.9375,16.1250,0
1993-08-20,16.1250,16.2500,16.0000,16.1875,0
1993-08-23,16.2188,16.3750,16.1562,16.1562,0
1993-08-24,16.1875,16.3125,16.1875,16.2812,0
1993-08-25,16.3125,16.6250,16.3125,16.4688,0
1993-08-26,16.4688,16.6875,16.4062,16.5625,0
1993-08-27,16.5000,16.5625,16.3125,16.3438,0
1993-08-30,16.3750,16.4375,16.2812,16.2812,0
1993-08-31,16.3125,16.3750,16.1562,16.3438,0
1993-09-01,16.2812,16.4375,16.2500,16.2812,0
1993-09-02,16.3125,16.3438,16.0938,16.0938,0
1993-09-03,16.1250,16.3750,16.0938,16.3750,0
1993-09-07,16.3438,16.4375,16.2188,16.2500,0
1993-09-08,16.2500,16.4062,16.2188,16.3750,0
1993-09-09,16.3438,16.4375,16.1875,16.2188,0
1993-09-10,16.2188,16.4062,16.1562,16.4062,0
1993-09-13,16.3750,16.4375,16.2500,16.3438,0
1993-09-14,16.3125,16.4688,16.2812,16.3750,0
1993-09-15,16.3125,16.6250,16.2500,16.5312,0
1993-09-16,16.4688,16.5000,16.2812,16.3750,0
1993-09-17,16.1875,16.2812,16.1875,16.2500,0
1993-09-20,16.3125,16.3750,16.0625,16.1875,0
1993-09-21,16.2500,16.4062,16.2188,16.2812,0
1993-09-22,16.3438,16.3438,16.1562,16.2188,0
1993-09-23,16.2188,16.2812,16.1250,16.1250,0
1993-09-24,16.1562,16.4062,16.0938,16.3750,0
1993-09-27,16.3750,16.5312,16.3438,16.3750,0
1993-09-28,16.3750,16.4375,16.2812,16.4062,0
1993-09-29,16.4375,16.6875,16.3750,16.6562,0
1993-09-30,16.6250,16.6250,16.3125,16.3750,0
1993-10-01,16.3750,16.5938,16.2812,16.5625,0
1993-10-04,16.5312,16.5625,16.3750,16.4062,0
1993-10-05,16.4375,16.5000,16.3438,16.4375,0
1993-10-06,16.4375,16.5000,16.3125,16.3750,0
1993-10-07,16.3750,16.4688,16.3125,16.3750,0
1993-10-08,16.4062,16.4375,16.1562,16.3438,0
1993-10-11,16.3750,16.4062,16.2188,16.2500,0
1993-10-12,16.3125,16.3750,16.2812,16.2812,0
1993-10-13,16.2188,16.2500,16.1250,16.1250,0
1993-10-14,16.1562,16.2188,16.0000,16.1875,0
1993-10-15,16.2500,16.3750,16.0938,16.3125,0
1993-10-18,16.2500,16.3438,16.1875,16.1875,0
1993-10-19,16.1250,16.2812,16.0625,16.2188,0
1993-10-20,16.2188,16.2500,16.1562,16.2500,0
1993-10-21,16.2188,16.2500,16.1562,16.1562,0
1993-10-22,16.1875,16.3125,16.0938,16.1562,0
1993-10-25,16.1562,16.4062,16.0938,16.4062,0
1993-10-26,16.3438,16.4688,16.3438,16.4375,0
1993-10-27,16.4375,16.4688,16.3750,16.4062,0
1993-10-28,16.4688,16.5938,16.4375,16.4688,0
1993-10-29,16.4375,16.4688,16.3125,16.3438,0
1993-11-01,16.2812,16.3750,16.1875,16.2812,0
1993-11-02,16.2812,16.2812,16.1562,16.2500,0
1993-11-03,16.2812,16.2812,16.0000,16.1562,0
1993-11-04,16.1562,16.3125,16.1562,16.1562,0
1993-11-05,16.0312,16.1875,15.9688,16.0625,0
1993-11-08,16.1250,16.1250,16.0000,16.0000,0
1993-11-09,16.0938,16.0938,15.9062,15.9688,0
1993-11-10,15.9688,16.1250,15.9688,16.0625,0
1993-11-11,16.0625,16.0938,15.8438,15.9375,0
1993-11-12,15.9062,16.0000,15.8438,15.8438,0
1993-11-15,15.9062,15.9062,15.6250,15.6875,0
1993-11-16,15.7500,15.7500,15.5938,15.6875,0
1993-11-17,15.6562,16.0312,15.5625,15.9375,0
1993-11-18,15.9062,16.1250,15.7188,16.1250,0
1993-11-19,16.0625,16.0625,15.9688,16.0625,0
1993-11-22,16.0000,16.0625,15.8750,16.0625,0
1993-11-23,16.0625,16.0938,15.9375,15.9688,0
1993-11-24,16.0312,16.0625,15.7188,15.8125,0
1993-11-26,15.2500,15.4688,15.2500,15.4375,0
1993-11-29,15.3125,15.5938,15.2500,15.4688,0
1993-11-30,15.5000,15.8125,15.4688,15.6875,0
1993-12-01,15.7188,15.7500,15.5000,15.5000,0
1993-12-02,15.5938,15.7188,15.5625,15.5625,0
1993-12-03,15.6250,15.7500,15.5625,15.6562,0
1993-12-06,15.5938,15.6875,15.3750,15.6875,0
1993-12-07,15.6562,15.7812,15.6250,15.6562,0
1993-12-08,15.6250,15.6250,15.4375,15.5625,0
1993-12-09,15.7188,15.7188,15.5625,15.5625,0
1993-12-10,15.5938,15.7812,15.5625,15.7188,0
1993-12-13,15.7188,15.7812,15.6875,15.7188,0
1993-12-14,15.7812,15.9062,15.7188,15.7500,0
1993-12-15,15.8750,15.9688,15.7812,15.7812,0
1993-12-16,15.8438,15.9375,15.7812,15.8750,0
1993-12-17,15.8750,16.0000,15.8438,16.0000,0
1993-12-20,15.9375,16.0000,15.8750,15.9375,0
1993-12-21,15.9688,16.0312,15.7812,15.7812,0
1993-12-22,15.8125,15.8438,15.6562,15.7500,0
1993-12-23,15.7500,15.9062,15.7500,15.7500,0
1993-12-27,15.9375,16.0625,15.9062,16.0625,0
1993-12-28,16.0625,16.0625,15.9375,16.0000,0
1993-12-29,15.7812,15.9062,15.6875,15.9062,0
1993-12-30,15.9062,16.0312,15.8438,15.9062,0
1993-12-31,15.8750,16.0312,15.7500,15.7812,0
1994-01-03,15.8125,16.0000,15.7812,15.9375,0
1994-01-04,15.9062,16.0938,15.9062,16.0625,0
1994-01-05,16.0938,16.1875,16.0625,16.1562,0
1994-01-06,16.2188,16.2188,16.0625,16.0625,0
1994-01-07,16.0938,16.0938,15.8750,15.9375,0
1994-01-10,15.9375,16.1562,15.9062,16.1562,0
1994-01-11,16.1250,16.2188,16.0625,16.1250,0
1994-01-12,16.1875,16.2188,16.1562,16.2188,0
1994-01-13,16.2500,16.4688,16.2500,16.4062,0
1994-01-14,16.3750,16.4375,16.1250,16.1875,0
1994-01-17,16.1562,16.3125,16.1562,16.2500,0
1994-01-18,16.3125,16.3750,16.2188,16.2188,0
1994-01-19,16.2812,16.3750,16.2812,16.3750,0
1994-01-20,16.3750,16.5938,16.3750,16.5938,0
1994-01-21,16.4688,16.5938,16.4688,16.5312,0
1994-01-24,16.5000,16.5938,16.4375,16.5312,0
1994-01-25,16.5000,16.6562,16.4688,16.5625,0
1994-01-26,16.5938,16.6875,16.4688,16.5312,0
1994-01-27,16.5625,16.5938,16.4062,16.4062,0
1994-01-28,16.5312,16.5312,16.3750,16.4375,0
1994-01-31,16.4688,16.6250,16.4062,16.6250,0
1994-02-01,16.6250,16.6250,16.4688,16.5625,0
1994-02-02,16.6250,16.8125,16.6250,16.7812,0
1994-02-03,16.8125,16.8438,16.6562,16.7500,0
1994-02-04,16.5312,16.5938,16.3750,16.3750,0
1994-02-07,16.3438,16.5938,16.2812,16.3438,0
1994-02-08,16.4062,16.4062,16.2812,16.3438,0
1994-02-09,16.2812,16.5312,16.2812,16.5000,0
1994-02-10,16.4688,16.5312,16.4375,16.4688,0
1994-02-11,16.4688,16.6562,16.4688,16.6250,0
1994-02-14,16.5625,16.6875,16.5000,16.5625,0
1994-02-15,16.5938,16.7188,16.5625,16.6562,0
1994-02-16,16.6875,16.7812,16.6562,16.6875,0
1994-02-17,16.7188,16.8125,16.5938,16.6875,0
1994-02-18,16.6875,16.7500,16.5312,16.5312,0
1994-02-22,16.5938,16.6562,16.5625,16.6562,0
1994-02-23,16.6250,16.6875,16.5625,16.6250,0
1994-02-24,16.5625,16.5938,16.3125,16.3125,0
1994-02-25,16.3438,16.3750,16.2812,16.3750,0
1994-02-28,16.3438,16.4062,16.2188,16.2188,0
1994-03-01,16.1562,16.2188,16.0938,16.2188,0
1994-03-02,16.1562,16.5000,16.1250,16.4688,0
1994-03-03,16.5000,16.5938,16.4375,16.5312,0
1994-03-04,16.5000,16.5000,16.2812,16.3125,0
1994-03-07,16.2812,16.3438,16.2188,16.3125,0
1994-03-08,16.3438,16.4375,16.3125,16.3438,0
1994-03-09,16.3438,16.4062,16.2812,16.3750,0
1994-03-10,16.3750,16.3750,16.1562,16.2188,0
1994-03-11,16.1875,16.3125,16.0938,16.3125,0
1994-03-14,16.2812,16.3125,16.2188,16.3125,0
1994-03-15,16.2500,16.2812,16.1562,16.1875,0
1994-03-16,16.1562,16.3125,16.0625,16.2188,0
1994-03-17,16.2500,16.4375,16.1875,16.4062,0
1994-03-18,16.4062,16.5000,16.3438,16.4688,0
1994-03-21,16.4375,16.4688,16.3438,16.3750,0
1994-03-22,16.3750,16.5312,16.3438,16.4062,0
1994-03-23,16.4062,16.4375,16.3438,16.3438,0
1994-03-24,16.3750,16.5000,16.2812,16.3750,0
1994-03-25,16.3125,16.5000,16.2812,16.3750,0
1994-03-28,16.2812,16.3438,16.1562,16.2500,0
1994-03-29,16.1875,16.3438,16.0938,16.2500,0
1994-03-30,16.1250,16.2500,15.8750,15.8750,0
1994-03-31,15.9062,15.9375,15.3750,15.7188,0
1994-04-04,15.4062,15.5312,15.0938,15.2500,0
1994-04-05,15.3750,15.3750,15.1875,15.2812,0
1994-04-06,15.2812,15.3750,15.1875,15.2812,0
1994-04-07,15.2812,15.3750,15.1562,15.3125,0
1994-04-08,15.3125,15.4375,15.1875,15.2500,0
1994-04-11,15.2500,15.4062,15.1875,15.4062,0
1994-04-12,15.4062,15.4688,15.3750,15.4062,0
1994-04-13,15.4375,15.4375,15.2188,15.4375,0
1994-04-14,15.4375,15.7188,15.4062,15.7188,0
1994-04-15,15.6250,15.8438,15.5625,15.7500,0
1994-04-18,15.7500,15.8750,15.4375,15.5625,0
1994-04-19,15.6250,15.8438,15.5938,15.7812,0
1994-04-20,15.6875,15.7812,15.6250,15.7500,0
1994-04-21,15.7812,15.8438,15.6250,15.6250,0
1994-04-22,15.6562,15.8125,15.5312,15.7812,0
1994-04-25,15.6875,15.9062,15.6250,15.9062,0
1994-04-26,15.8438,15.8750,15.6875,15.7188,0
1994-04-28,15.7500,15.7500,15.4375,15.4688,0
1994-04-29,15.4375,15.7500,15.4375,15.7188,0
1994-05-02,15.7188,15.7188,15.3750,15.3750,0
1994-05-03,15.4062,15.4375,15.1875,15.3125,0
1994-05-04,15.2812,15.2812,15.1562,15.1562,0
1994-05-05,15.1875,15.2500,15.0938,15.1875,0
1994-05-06,15.2500,15.6875,15.2500,15.6875,0
1994-05-09,15.4375,15.5938,15.2812,15.3438,0
1994-05-10,15.3750,15.5938,15.3125,15.5312,0
1994-05-11,15.5312,15.5625,15.2188,15.3438,0
1994-05-12,15.3438,15.5312,15.2812,15.5000,0
1994-05-13,15.5000,15.6250,15.3438,15.5000,0
1994-05-16,15.5000,15.5000,15.3438,15.3750,0
1994-05-17,15.4062,15.5000,15.3125,15.4688,0
1994-05-18,15.5000,15.5000,15.3750,15.4375,0
1994-05-19,15.4062,15.6562,15.4062,15.5625,0
1994-05-20,15.5625,15.5938,15.4062,15.5312,0
1994-05-23,15.4375,15.4688,15.2812,15.4375,0
1994-05-24,15.4375,15.4375,15.3438,15.3438,0
1994-05-25,15.3438,15.4062,15.2812,15.3750,0
1994-05-26,15.4062,15.4375,15.3125,15.3438,0
1994-05-27,15.3125,15.3750,15.2812,15.3125,0
1994-05-31,15.2812,15.3438,15.2500,15.2812,0
1994-06-01,15.2500,15.2500,15.0938,15.1875,0
1994-06-02,15.1875,15.2188,15.1250,15.2188,0
1994-06-03,15.1875,15.3750,15.1250,15.3438,0
1994-06-06,15.4375,15.4688,15.2500,15.2812,0
1994-06-07,15.1875,15.4375,15.1875,15.4062,0
1994-06-08,15.4062,15.4062,15.3125,15.3438,0
1994-06-09,15.4375,15.5000,15.3750,15.4375,0
1994-06-10,15.4375,15.5938,15.4062,15.5312,0
1994-06-13,15.5312,15.5625,14.7188,14.9062,0
1994-06-14,14.9062,15.0000,14.6875,14.7188,0
1994-06-15,14.6562,14.6875,14.2500,14.2500,0
1994-06-16,14.3125,14.7188,14.2812,14.7188,0
1994-06-17,14.7188,14.7812,14.5625,14.6875,0
1994-06-20,14.6250,14.6875,14.5625,14.6562,0
1994-06-21,14.5938,14.6250,14.4062,14.5000,0
1994-06-22,14.5000,14.6562,14.4688,14.5625,0
1994-06-23,14.6250,14.6875,14.5312,14.5312,0
1994-06-24,14.5938,14.5938,14.3125,14.3125,0
1994-06-27,14.2812,14.3125,14.2500,14.2812,0
1994-06-28,14.2812,14.3750,14.0312,14.1562,0
1994-06-29,14.1875,14.2500,14.0938,14.1250,0
1994-06-30,14.1250,14.2188,14.0938,14.1875,0
1994-07-01,14.2812,14.2812,14.1562,14.2812,0
1994-07-05,14.2188,14.3438,14.1875,14.2188,0
1994-07-06,14.1875,14.2500,14.1562,14.1875,0
1994-07-07,14.1875,14.3438,14.1250,14.3438,0
1994-07-08,14.2812,14.5312,14.2812,14.4688,0
1994-07-11,14.5000,14.6250,14.4062,14.6250,0
1994-07-12,14.6250,14.6250,14.5000,14.5938,0
1994-07-13,14.6562,14.6875,14.4688,14.5312,0
1994-07-14,14.6250,14.6250,14.4062,14.4688,0
1994-07-15,14.4375,14.5000,14.3125,14.5000,0
1994-07-18,14.5000,14.5625,14.4375,14.5625,0
1994-07-19,14.5625,14.6250,14.4688,14.6250,0
1994-07-20,14.5625,14.6562,14.5625,14.6250,0
1994-07-21,14.6562,14.6562,14.5625,14.5938,0
1994-07-22,14.5938,14.6562,14.4062,14.4688,0
1994-07-25,14.4062,14.5938,14.3125,14.5625,0
1994-07-26,14.5625,14.6250,14.5000,14.5625,0
1994-07-27,14.5625,14.6875,14.5312,14.6250,0
1994-07-28,14.5938,14.7812,14.5938,14.7500,0
1994-07-29,14.7500,14.9688,14.7188,14.8750,0
1994-08-01,14.8750,15.0312,14.8125,15.0312,0
1994-08-02,15.0312,15.0625,14.8125,14.8125,0
1994-08-03,14.8125,14.8438,14.7500,14.8125,0
1994-08-04,14.7812,14.9688,14.7812,14.8438,0
1994-08-05,14.7812,14.9062,14.6875,14.7812,0
1994-08-08,14.8125,14.9688,14.7500,14.9688,0
1994-08-09,14.7500,14.7812,14.5938,14.6562,0
1994-08-10,14.6875,14.8438,14.5938,14.7500,0
1994-08-11,14.6562,14.7188,14.5000,14.5312,0
1994-08-12,15.1250,15.2188,14.9688,15.0625,0
1994-08-15,15.0938,15.0938,14.9375,14.9688,0
1994-08-16,14.9688,15.0312,14.8125,14.8438,0
1994-08-17,14.9062,14.9688,14.8438,14.9062,0
1994-08-18,14.8750,15.0312,14.7812,14.8438,0
1994-08-19,14.8438,14.9688,14.7500,14.8750,0
1994-08-22,14.8750,14.9375,14.8125,14.8125,0
1994-08-23,14.7812,14.8125,14.7188,14.7500,0
1994-08-24,14.7500,15.0000,14.7188,14.9688,0
1994-08-25,14.9062,14.9688,14.7500,14.7812,0
1994-08-26,14.8438,14.9688,14.7500,14.9375,0
1994-08-29,15.0312,15.0938,14.9062,14.9375,0
1994-08-30,14.9375,15.0000,14.8438,14.9062,0
1994-08-31,14.8438,14.9062,14.7500,14.8750,0
1994-09-01,14.8750,14.9375,14.7500,14.8750,0
1994-09-02,14.9375,14.9688,14.8125,14.8750,0
1994-09-06,14.8438,14.9688,14.8125,14.9062,0
1994-09-07,14.9062,15.0625,14.8750,15.0000,0
1994-09-08,15.0625,15.1250,14.9375,15.0000,0
1994-09-09,14.8438,15.0000,14.7812,14.8438,0
1994-09-12,14.8438,14.8438,14.7188,14.7188,0
1994-09-13,14.7812,14.8125,14.6562,14.7500,0
1994-09-14,14.7188,14.8750,14.6562,14.6875,0
1994-09-15,14.6875,14.8750,14.5312,14.8750,0
1994-09-16,14.7188,15.0625,14.5938,15.0625,0
1994-09-19,15.0000,15.1562,14.8750,14.8750,0
1994-09-20,14.8750,14.8750,14.6250,14.6562,0
1994-09-21,14.6250,14.6562,14.4375,14.5625,0
1994-09-22,14.5938,14.5938,14.4375,14.4688,0
1994-09-23,14.5000,14.5312,14.4062,14.4688,0
1994-09-26,14.5000,14.5312,14.4688,14.5312,0
1994-09-27,14.5312,14.5312,14.3438,14.3750,0
1994-09-28,14.4062,14.5000,14.3750,14.5000,0
1994-09-29,14.4688,14.5000,14.4062,14.4688,0
1994-09-30,14.4688,14.4688,14.3750,14.3750,0
1994-10-03,14.4062,14.4375,14.2500,14.4375,0
1994-10-04,14.4062,14.4062,14.1875,14.2188,0
1994-10-05,14.1562,14.2500,14.0625,14.2188,0
1994-10-06,14.1562,14.3125,14.0938,14.2812,0
1994-10-07,14.2500,14.7812,14.2500,14.6562,0
1994-10-10,14.6562,14.7500,14.5938,14.6562,0
1994-10-11,14.6562,14.8125,14.6250,14.7500,0
1994-10-12,14.7500,14.7812,14.6562,14.6562,0
1994-10-13,14.7812,14.9375,14.7500,14.9062,0
1994-10-14,14.9062,15.0000,14.8438,15.0000,0
1994-10-17,15.0000,15.0938,14.9375,14.9688,0
1994-10-18,14.9688,14.9688,14.9062,14.9375,0
1994-10-19,14.8750,14.9375,14.8438,14.8750,0
1994-10-20,14.8750,15.0000,14.7812,14.9688,0
1994-10-21,14.9375,14.9688,14.8750,14.9688,0
1994-10-24,14.9688,15.1562,14.7812,14.8750,0
1994-10-25,14.8438,15.3125,14.8125,15.0938,0
1994-10-26,15.1250,15.3438,15.0625,15.3125,0
1994-10-27,15.2812,15.5312,15.2812,15.5312,0
1994-10-28,15.5000,15.7500,15.5000,15.6562,0
1994-10-31,15.7188,15.8125,15.6875,15.7188,0
1994-11-01,15.5625,15.5938,15.3438,15.4375,0
1994-11-02,15.4375,15.5938,15.4062,15.5000,0
1994-11-03,15.5000,15.6562,15.5000,15.6562,0
1994-11-04,15.6250,15.6875,15.3438,15.3750,0
1994-11-07,15.2500,15.3125,15.1875,15.2812,0
1994-11-08,15.2812,15.2812,15.1250,15.1875,0
1994-11-09,15.2500,15.2812,14.9688,15.0625,0
1994-11-10,15.0938,15.1250,14.8438,14.8750,0
1994-11-11,14.8750,14.9062,14.8125,14.8438,0
1994-11-14,14.9062,14.9688,14.8750,14.9375,0
1994-11-15,14.9688,15.0938,14.7812,14.9688,0
1994-11-16,15.0625,15.1562,15.0312,15.1562,0
1994-11-17,15.1875,15.3125,15.1250,15.2188,0
1994-11-18,15.1875,15.2500,15.1250,15.1562,0
1994-11-21,15.2188,15.3125,15.0625,15.0938,0
1994-11-22,15.0625,15.4062,15.0000,15.1250,0
1994-11-23,15.0312,15.1250,14.9375,15.1250,0
1994-11-25,15.1250,15.2188,15.1250,15.1875,0
1994-11-28,15.1875,15.2500,15.0625,15.1875,0
1994-11-29,15.1250,15.1875,15.0625,15.1250,0
1994-11-30,15.2500,15.2500,15.0000,15.0938,0
1994-12-01,15.0312,15.0312,14.7812,14.8438,0
1994-12-02,14.8750,15.1250,14.8438,15.0938,0
1994-12-05,15.0938,15.1250,14.8750,14.9375,0
1994-12-06,14.8750,15.0625,14.8750,15.0312,0
1994-12-07,14.9688,15.1875,14.9688,15.1875,0
1994-12-08,15.1562,15.4062,15.1562,15.2188,0
1994-12-09,15.2812,15.4062,15.1562,15.4062,0
1994-12-12,15.3438,15.5000,15.3438,15.5000,0
1994-12-13,15.5000,15.5000,15.2500,15.2500,0
1994-12-14,15.2188,15.2812,15.1875,15.2500,0
1994-12-15,15.2500,15.3438,15.1250,15.1562,0
1994-12-16,15.2812,15.4375,15.2188,15.4375,0
1994-12-19,15.3750,15.4375,15.3438,15.3750,0
1994-12-20,15.3438,15.4062,15.2812,15.3125,0
1994-12-21,15.3125,15.4375,15.2812,15.3750,0
1994-12-22,15.3750,15.4688,15.3438,15.4062,0
1994-12-23,15.4062,15.4688,15.3750,15.3750,0
1994-12-27,15.4062,15.5312,15.4062,15.4375,0
1994-12-28,15.4062,15.4375,15.2812,15.4375,0
1994-12-29,15.4062,15.4375,15.2812,15.3438,0
1994-12-30,15.3125,15.4062,15.1875,15.1875,0
1995-01-03,15.1250,15.2500,15.1250,15.1562,0
1995-01-04,15.1875,15.2500,15.1250,15.2188,0
1995-01-05,15.1875,15.3438,15.1875,15.2500,0
1995-01-06,15.2500,15.3125,15.2188,15.2500,0
1995-01-09,15.1562,15.2188,15.1250,15.1250,0
1995-01-10,15.1875,15.3125,15.1562,15.1875,0
1995-01-11,15.3125,15.3125,15.0312,15.0938,0
1995-01-12,15.0625,15.0938,15.0625,15.0938,0
1995-01-13,15.1562,15.2188,15.0938,15.2188,0
1995-01-16,15.2188,15.2500,15.1562,15.1875,0
1995-01-17,15.1562,15.3750,15.1250,15.3438,0
1995-01-18,15.3125,15.5625,15.3125,15.5312,0
1995-01-19,15.4688,15.5938,15.4688,15.5312,0
1995-01-20,15.5000,15.7812,15.4688,15.6875,0
1995-01-23,15.6250,16.0000,15.6250,15.9375,0
1995-01-24,15.8125,15.8438,15.6250,15.6250,0
1995-01-25,15.6250,15.7812,15.5625,15.6875,0
1995-01-26,15.6562,15.8438,15.6562,15.7812,0
1995-01-27,15.7812,15.8438,15.5938,15.6250,0
1995-01-30,15.5625,15.6250,15.4375,15.6250,0
1995-01-31,15.6250,15.7188,15.5625,15.6250,0
1995-02-01,15.6562,15.6562,15.4375,15.5312,0
1995-02-02,15.5000,15.5312,15.3438,15.4375,0
1995-02-03,15.5000,15.7188,15.4688,15.6875,0
1995-02-06,15.5000,15.5938,15.4375,15.5312,0
1995-02-07,15.5312,15.5938,15.4688,15.5625,0
1995-02-08,15.5938,15.7188,15.5625,15.6250,0
1995-02-09,15.6562,15.6562,15.4375,15.4375,0
1995-02-10,15.4375,15.5312,15.4062,15.4688,0
1995-02-13,15.4688,15.6562,15.4375,15.6250,0
1995-02-14,15.6875,15.7188,15.5938,15.7188,0
1995-02-15,15.7500,15.9375,15.7188,15.8438,0
1995-02-16,15.8438,16.0312,15.7812,16.0000,0
1995-02-17,16.0000,16.0000,15.8438,15.8438,0
1995-02-21,15.8750,16.0938,15.8125,16.0000,0
1995-02-22,16.0312,16.0625,15.9688,16.0312,0
1995-02-23,16.0312,16.0312,15.9062,15.9375,0
1995-02-24,15.9375,15.9375,15.7812,15.8438,0
1995-02-27,15.8125,15.9688,15.7812,15.9062,0
1995-02-28,15.9062,16.0000,15.8750,15.9688,0
1995-03-01,15.9688,16.0312,15.8438,15.8906,0
1995-03-02,15.9062,15.9375,15.7812,15.8438,0
1995-03-03,15.8438,15.8438,15.6875,15.8125,0
1995-03-06,15.8750,16.0625,15.8750,16.0000,0
1995-03-07,16.0000,16.1250,15.8438,16.0000,0
1995-03-08,16.0000,16.2188,15.9375,16.1875,0
1995-03-09,16.2188,16.2188,16.1250,16.1250,0
1995-03-10,16.1875,16.3125,16.1562,16.2500,0
1995-03-13,16.2500,16.2500,16.1875,16.2188,0
1995-03-14,16.2812,16.3438,16.1875,16.1875,0
1995-03-15,16.1875,16.2188,16.0938,16.1250,0
1995-03-16,16.1250,16.3125,16.1250,16.3125,0
1995-03-17,16.3125,16.3438,16.2500,16.3125,0
1995-03-20,16.3438,16.4062,16.2188,16.2812,0
1995-03-21,16.1875,16.2812,16.1250,16.1250,0
1995-03-22,16.1875,16.4375,16.1562,16.4062,0
1995-03-23,16.3750,16.4375,16.1562,16.3750,0
1995-03-24,16.3750,16.5000,16.3750,16.4688,0
1995-03-27,16.5938,16.6562,16.5312,16.5938,0
1995-03-28,16.5312,16.5625,16.4375,16.5000,0
1995-03-29,16.4375,16.6250,16.4062,16.5938,0
1995-03-30,16.5938,16.5938,16.5000,16.5312,0
1995-03-31,16.5000,16.7500,16.4062,16.6562,0
1995-04-03,16.6250,16.6562,16.5000,16.5625,0
1995-04-04,16.5625,16.8125,16.5625,16.8125,0
1995-04-05,16.8125,17.0312,16.7500,17.0000,0
1995-04-06,17.0000,17.0000,16.6562,16.6875,0
1995-04-07,16.6875,16.7188,16.5312,16.7188,0
1995-04-10,16.6562,16.7188,16.6250,16.7188,0
1995-04-11,16.7188,16.7812,16.6562,16.6875,0
1995-04-12,16.6875,16.7188,16.6250,16.7188,0
1995-04-13,16.7188,16.8438,16.7188,16.7812,0
1995-04-17,16.9062,16.9688,16.8125,16.8125,0
1995-04-18,16.8750,17.0312,16.8125,17.0000,0
1995-04-19,17.0312,17.1875,16.9688,17.1250,0
1995-04-20,17.0938,17.5000,17.0938,17.4375,0
1995-04-21,17.4375,17.4688,17.2188,17.3125,0
1995-04-24,17.3125,17.4688,17.2812,17.4062,0
1995-04-25,17.4062,17.5625,17.4062,17.5000,0
1995-04-26,17.5000,17.5000,17.3438,17.4375,0
1995-04-27,17.4062,17.4375,17.2812,17.4062,0
1995-04-28,17.4062,17.4375,17.2188,17.3750,0
1995-05-01,17.4375,17.7500,17.4375,17.7188,0
1995-05-02,17.6562,17.7812,17.6562,17.7188,0
1995-05-03,17.7188,17.7188,17.4688,17.6875,0
1995-05-04,17.6875,17.8438,17.5625,17.7500,0
1995-05-05,17.8125,17.8125,17.6250,17.7500,0
1995-05-08,17.7500,17.9688,17.6562,17.7812,0
1995-05-09,17.6875,17.7188,17.4062,17.4688,0
1995-05-10,17.5312,17.5938,17.3438,17.5625,0
1995-05-11,17.5938,17.6562,17.4062,17.4688,0
1995-05-12,17.4375,17.5000,17.3750,17.4688,0
1995-05-15,17.5000,17.6250,17.4688,17.6250,0
1995-05-16,17.6250,17.8438,17.5625,17.8125,0
1995-05-17,17.8125,17.8125,17.6875,17.8125,0
1995-05-18,17.7188,17.8125,17.5938,17.6562,0
1995-05-19,17.5000,17.5938,17.4375,17.5000,0
1995-05-22,17.5312,17.5312,17.4375,17.4688,0
1995-05-23,17.5312,17.7500,17.4688,17.7500,0
1995-05-24,17.7500,17.9375,17.7188,17.8750,0
1995-05-25,17.8438,17.9375,17.8125,17.8438,0
1995-05-26,17.8125,17.8438,17.4062,17.4375,0
1995-05-30,17.4688,17.5625,17.3438,17.5625,0
1995-05-31,17.5312,17.8438,17.4688,17.8438,0
1995-06-01,17.8125,17.9062,17.6875,17.8125,0
1995-06-02,17.6875,17.8750,17.5938,17.6562,0
1995-06-05,17.6250,17.7812,17.5625,17.7500,0
1995-06-06,17.7188,17.8750,17.6875,17.6875,0
1995-06-07,17.7188,17.7500,17.6250,17.7500,0
1995-06-08,17.6875,17.8438,17.6875,17.7812,0
1995-06-09,17.6875,17.7500,17.5938,17.6562,0
1995-06-12,17.6250,17.6875,17.5625,17.5938,0
1995-06-13,17.6875,17.6875,17.5625,17.6250,0
1995-06-14,17.6250,17.6562,17.5000,17.6562,0
1995-06-15,17.6250,17.8750,17.5938,17.8438,0
1995-06-16,17.8750,18.0625,17.8438,18.0312,0
1995-06-19,18.0625,18.0625,17.8750,17.9062,0
1995-06-20,17.8438,17.8438,17.5000,17.5312,0
1995-06-21,17.5000,17.5000,17.1875,17.3125,0
1995-06-22,17.2500,17.2812,17.1250,17.2500,0
1995-06-23,17.2500,17.5000,17.2500,17.4375,0
1995-06-26,17.5625,17.5938,17.4375,17.5312,0
1995-06-27,17.5312,17.8438,17.5312,17.6562,0
1995-06-28,17.7188,18.0312,17.7188,18.0312,0
1995-06-29,18.0312,18.0625,17.8438,18.0000,0
1995-06-30,18.0312,18.0938,17.6562,17.6562,0
1995-07-03,17.6562,17.7500,17.6562,17.7188,0
1995-07-05,17.7812,17.7812,17.6562,17.6875,0
1995-07-06,17.7500,18.0625,17.7188,18.0625,0
1995-07-07,18.0625,18.1562,17.8438,17.9062,0
1995-07-10,17.9375,17.9688,17.6875,17.7188,0
1995-07-11,17.7188,17.9062,17.7188,17.8438,0
1995-07-12,17.8438,18.0000,17.7500,17.9688,0
1995-07-13,17.9375,18.0938,17.9062,17.9688,0
1995-07-14,17.8750,18.0000,17.8438,17.9062,0
1995-07-17,17.9062,18.0938,17.8125,18.0625,0
1995-07-18,18.0625,18.0625,17.9062,17.9375,0
1995-07-19,17.9688,18.2188,17.9062,18.0938,0
1995-07-20,18.2188,18.4688,18.1250,18.2812,0
1995-07-21,18.3125,18.3750,18.0938,18.3125,0
1995-07-24,18.3125,18.4375,18.1875,18.1875,0
1995-07-25,18.2188,18.2500,18.0938,18.0938,0
1995-07-26,18.0938,18.2812,18.0312,18.2188,0
1995-07-27,18.2500,18.3438,18.0312,18.1875,0
1995-07-28,18.1250,18.1250,17.8750,17.9688,0
1995-07-31,17.9375,18.1250,17.8125,18.1250,0
1995-08-01,18.0938,18.0938,17.7500,17.8438,0
1995-08-02,17.9375,18.0938,17.7188,17.8125,0
1995-08-03,17.7812,17.8438,17.6562,17.8438,0
1995-08-04,17.9062,17.9062,17.6562,17.6562,0
1995-08-07,17.7500,17.7500,17.5625,17.6250,0
1995-08-08,17.6562,17.6562,17.5000,17.5938,0
1995-08-09,17.6250,17.7188,17.5938,17.7188,0
1995-08-10,17.5312,17.6250,17.4375,17.5000,0
1995-08-11,17.5625,17.5625,17.2188,17.3438,0
1995-08-14,17.3438,17.5000,17.3125,17.4688,0
1995-08-15,17.4062,17.4375,17.2500,17.4062,0
1995-08-16,17.3438,17.3750,17.1562,17.3125,0
1995-08-17,17.2812,17.3125,17.1250,17.1562,0
1995-08-18,17.1875,17.2812,17.0625,17.2188,0
1995-08-21,17.3125,17.3750,17.1875,17.1875,0
1995-08-22,17.1875,17.1875,17.0312,17.1562,0
1995-08-23,17.1875,17.2500,17.0938,17.0938,0
1995-08-24,17.0938,17.2188,17.0312,17.1562,0
1995-08-25,17.1562,17.4688,17.1250,17.3750,0
1995-08-28,17.3750,17.5312,17.1562,17.2188,0
1995-08-29,17.1875,17.2812,17.0625,17.1875,0
1995-08-30,17.2188,17.2812,17.0938,17.1562,0
1995-08-31,17.1562,17.2188,17.0938,17.1875,0
1995-09-01,17.1562,17.4688,17.1562,17.4375,0
1995-09-05,17.5000,17.6562,17.5000,17.5938,0
1995-09-06,17.4688,17.5938,17.4375,17.5625,0
1995-09-07,17.5938,17.8750,17.5625,17.8438,0
1995-09-08,17.8750,17.9062,17.7500,17.8125,0
1995-09-11,17.8438,17.9062,17.8125,17.8750,0
1995-09-12,17.9375,18.1875,17.8438,18.1562,0
1995-09-13,18.2188,18.3750,17.7812,18.3438,0
1995-09-14,18.3750,18.5625,18.3125,18.4688,0
1995-09-15,18.5000,18.5312,18.3438,18.4062,0
1995-09-18,18.2500,18.2812,18.0312,18.1562,0
1995-09-19,18.1562,18.3125,18.1250,18.3125,0
1995-09-20,18.2500,18.3125,18.1875,18.2500,0
1995-09-21,18.2812,18.2812,18.1562,18.1562,0
1995-09-22,18.0938,18.1562,18.0312,18.0938,0
1995-09-25,18.1250,18.3438,18.0938,18.1875,0
1995-09-26,18.2188,18.2812,17.8125,17.9375,0
1995-09-27,17.8438,18.0312,17.8438,18.0000,0
1995-09-28,18.0000,18.1562,18.0000,18.1250,0
1995-09-29,18.1562,18.1562,18.0000,18.0625,0
1995-10-02,18.0312,18.0312,17.8438,17.9375,0
1995-10-03,17.9375,18.0938,17.9062,18.0938,0
1995-10-04,18.0625,18.4375,18.0625,18.3750,0
1995-10-05,18.3750,18.5625,18.2500,18.3125,0
1995-10-06,18.3125,18.4688,18.2812,18.4062,0
1995-10-09,18.3438,18.4375,18.1875,18.3750,0
1995-10-10,18.2500,18.5312,18.2188,18.4375,0
1995-10-11,18.3750,18.4062,18.2812,18.3125,0
1995-10-12,18.3750,18.4375,18.2188,18.2500,0
1995-10-13,18.3438,18.7188,18.2812,18.6875,0
1995-10-16,18.6875,18.6875,18.5938,18.6250,0
1995-10-17,18.6250,18.8125,18.6250,18.6875,0
1995-10-18,18.6250,18.7500,18.5938,18.6875,0
1995-10-19,18.6875,18.7812,18.6562,18.7812,0
1995-10-20,18.7500,19.0312,18.7188,18.9375,0
1995-10-23,18.8750,18.9062,18.7500,18.7500,0
1995-10-24,18.7812,18.9375,18.6875,18.9375,0
1995-10-25,18.9375,19.1875,18.9062,19.1250,0
1995-10-26,19.0625,19.0938,18.6250,18.7500,0
1995-10-27,18.6875,18.7188,18.4375,18.6562,0
1995-10-30,18.6875,19.0625,18.6875,19.0000,0
1995-10-31,19.0000,19.2188,18.9375,19.0938,0
1995-11-01,19.0938,19.2812,19.0625,19.1875,0
1995-11-02,19.1875,19.2500,18.7812,18.8125,0
1995-11-03,18.9375,19.0312,18.8125,19.0312,0
1995-11-06,18.9688,19.1250,18.7812,18.8438,0
1995-11-07,18.7812,18.7812,18.6562,18.6562,0
1995-11-08,18.6875,19.2188,18.6875,19.1562,0
1995-11-09,19.0312,19.0625,18.8125,18.9688,0
1995-11-10,18.8750,18.9375,18.7500,18.8750,0
1995-11-13,18.8750,19.1562,18.8750,19.0938,0
1995-11-14,19.0625,19.2188,19.0312,19.1875,0
1995-11-15,19.1875,19.4375,19.1875,19.4375,0
1995-11-16,19.4062,19.5625,19.4062,19.4688,0
1995-11-17,19.4688,19.8750,19.4375,19.8438,0
1995-11-20,19.8438,19.8438,19.6875,19.8438,0
1995-11-21,19.7812,20.0312,19.7812,19.9375,0
1995-11-22,19.9062,19.9688,19.6562,19.6875,0
1995-11-24,19.6250,19.6562,19.5312,19.6562,0
1995-11-27,19.6250,19.8750,19.5938,19.7812,0
1995-11-28,19.6875,19.8125,19.6250,19.7812,0
1995-11-29,19.7812,19.8438,19.6250,19.6875,0
1995-11-30,19.6250,19.6875,19.3438,19.3438,0
1995-12-01,19.3125,19.4688,19.2812,19.4375,0
1995-12-04,19.4375,19.6562,19.4062,19.6562,0
1995-12-05,19.6250,19.9688,19.5938,19.9375,0
1995-12-06,20.0000,20.2188,20.0000,20.1250,0
1995-12-07,20.1250,20.3125,20.0938,20.1914,0
1995-12-08,20.2812,20.4688,20.1875,20.4375,0
1995-12-11,20.4062,21.1562,20.4062,21.0312,0
1995-12-12,20.8438,21.3438,20.7812,21.1250,0
1995-12-13,21.1250,21.5000,21.0938,21.4375,0
1995-12-14,21.4062,21.4688,20.7188,20.7500,0
1995-12-15,20.6875,20.7188,20.3125,20.5625,0
1995-12-18,20.2812,20.2812,20.0625,20.1875,0
1995-12-19,20.1250,20.5625,20.0625,20.5000,0
1995-12-20,20.5938,20.7188,20.0938,20.0938,0
1995-12-21,20.1562,20.4062,20.0938,20.2500,0
1995-12-22,20.3438,20.5312,20.3125,20.3438,0
1995-12-26,20.4688,20.5000,20.3750,20.3750,0
1995-12-27,20.3750,20.5312,20.3125,20.5000,0
1995-12-28,20.4062,20.8438,20.4062,20.7188,0
1995-12-29,20.7812,20.8125,20.0312,20.2812,0
1996-01-02,20.0625,20.1875,20.0312,20.1562,0
1996-01-03,20.2188,20.2812,20.0938,20.2188,0
1996-01-04,20.2812,20.5312,20.2188,20.3438,0
1996-01-05,20.2812,20.9062,20.2812,20.8438,0
1996-01-08,20.8125,21.0938,20.8125,21.0938,0
1996-01-09,21.1875,21.2500,20.6250,20.6875,0
1996-01-10,20.5000,20.6250,20.0625,20.0625,0
1996-01-11,20.1875,20.3438,20.0938,20.1875,0
1996-01-12,20.2500,20.2812,19.7812,19.9062,0
1996-01-15,19.8750,19.9688,19.6250,19.6875,0
1996-01-16,19.8125,19.9688,19.7500,19.9688,0
1996-01-17,19.9688,20.2188,19.9375,20.0625,0
1996-01-18,20.0938,20.2812,19.9688,20.2500,0
1996-01-19,20.1875,20.4375,20.1875,20.2812,0
1996-01-22,20.3438,20.3438,19.7812,19.9062,0
1996-01-23,19.8125,19.8438,19.4062,19.5000,0
1996-01-24,19.5625,19.6562,19.4375,19.4688,0
1996-01-25,19.5000,19.7188,19.4062,19.6875,0
1996-01-26,19.7188,19.9375,19.6875,19.9375,0
1996-01-29,19.9375,20.0938,19.7188,19.8125,0
1996-01-30,19.8438,19.8438,19.4375,19.6562,0
1996-01-31,19.7500,20.0625,19.6562,20.0625,0
1996-02-01,20.0625,20.2812,20.0000,20.2812,0
1996-02-02,20.3438,20.5312,20.1250,20.1875,0
1996-02-05,20.1250,20.3438,20.0625,20.1875,0
1996-02-06,20.1875,20.5000,20.1562,20.3438,0
1996-02-07,20.2812,20.4062,20.2500,20.3750,0
1996-02-08,20.2500,20.6875,20.1562,20.6562,0
1996-02-09,20.6562,21.0000,20.5938,20.6562,0
1996-02-12,20.7500,21.0312,20.7500,20.8438,0
1996-02-13,20.8438,21.1562,20.7812,20.8438,0
1996-02-14,20.8125,20.8438,20.5938,20.6562,0
1996-02-15,20.5938,20.9062,20.5938,20.6875,0
1996-02-16,20.6250,20.6250,20.3125,20.3750,0
1996-02-20,20.3125,20.5312,20.0312,20.2188,0
1996-02-21,20.2500,20.4688,20.2500,20.4688,0
1996-02-22,20.5625,21.0000,20.4375,20.8750,0
1996-02-23,21.0312,21.0312,20.1250,20.5625,0
1996-02-26,20.5625,20.6875,20.0625,20.0938,0
1996-02-27,20.0312,20.0312,19.6875,19.8438,0
1996-02-28,19.9375,20.0312,19.5312,19.5625,0
1996-02-29,19.6250,19.9375,19.6250,19.8750,0
1996-03-01,19.9062,20.0000,19.4062,19.9375,0
1996-03-04,19.9062,19.9688,19.7188,19.8438,0
1996-03-05,19.8125,20.2188,19.8125,20.2188,0
1996-03-06,20.2500,20.8125,20.2188,20.5625,0
1996-03-07,20.5312,20.6875,20.4375,20.6875,0
1996-03-08,20.5000,20.6250,19.7500,19.8125,0
1996-03-11,19.7500,19.9062,19.6562,19.8750,0
1996-03-12,19.7812,20.0625,19.5625,19.9375,0
1996-03-13,19.9688,20.0312,19.7500,20.0000,0
1996-03-14,20.0000,20.4375,19.9688,20.2500,0
1996-03-15,20.2188,20.2188,19.7188,19.7500,0
1996-03-18,19.9375,20.3750,19.8438,20.3750,0
1996-03-19,20.4688,20.7188,20.4062,20.7188,0
1996-03-20,20.7188,20.7188,20.0938,20.1250,0
1996-03-21,20.1562,20.3438,20.0312,20.1250,0
1996-03-22,20.2188,20.4688,20.1562,20.3438,0
1996-03-25,20.5000,20.9062,20.4688,20.9062,0
1996-03-26,20.8750,21.5000,20.8438,21.5000,0
1996-03-27,21.4375,21.4375,20.7500,21.0312,0
1996-03-28,20.9375,21.1250,20.9062,20.9375,0
1996-03-29,21.1250,21.1562,20.3125,20.3750,0
1996-04-01,20.5312,20.7500,20.4688,20.7500,0
1996-04-02,20.7500,21.0000,20.5938,20.9375,0
1996-04-03,20.9375,21.0000,20.8125,20.9688,0
1996-04-04,20.9375,21.4062,20.8750,21.3438,0
1996-04-08,20.9375,20.9688,20.7812,20.8438,0
1996-04-09,20.9062,21.0625,20.8438,20.8438,0
1996-04-10,20.8750,20.9375,20.5312,20.5938,0
1996-04-11,20.4375,20.6875,19.9688,20.5938,0
1996-04-12,20.6875,20.7500,20.3125,20.4688,0
1996-04-15,20.5938,20.9062,20.4375,20.9062,0
1996-04-16,20.9062,21.0938,20.7812,20.9062,0
1996-04-17,20.9688,20.9688,20.6562,20.8750,0
1996-04-18,20.8438,20.8438,20.2500,20.4688,0
1996-04-19,20.4688,20.6875,20.4375,20.5000,0
1996-04-22,20.7188,20.8125,20.3750,20.5000,0
1996-04-23,20.6250,21.1562,20.5938,21.1562,0
1996-04-24,21.1875,21.3125,20.9375,21.0625,0
1996-04-25,21.0000,21.1562,20.7812,21.1250,0
1996-04-26,21.1250,21.2188,20.9688,21.0938,0
1996-04-29,21.0625,21.5000,21.0625,21.4688,0
1996-04-30,21.3125,21.3438,21.0625,21.2500,0
1996-05-01,21.1562,21.1875,20.8438,20.9062,0
1996-05-02,20.7500,21.0625,20.6562,20.6562,0
1996-05-03,20.8125,20.8125,20.5312,20.5938,0
1996-05-06,20.6250,20.7812,20.5938,20.6562,0
1996-05-07,20.6875,20.6875,20.5625,20.5938,0
1996-05-08,20.5000,20.9375,20.5000,20.9062,0
1996-05-09,20.7188,20.8438,20.6250,20.7500,0
1996-05-10,20.8750,20.9688,20.7500,20.8750,0
1996-05-13,20.9062,21.1562,20.8125,21.1250,0
1996-05-14,21.1562,21.3438,21.1250,21.1875,0
1996-05-15,21.1562,21.3750,21.0938,21.1562,0
1996-05-16,21.1250,21.1562,20.9062,20.9688,0
1996-05-17,21.0625,21.2500,20.9688,21.1875,0
1996-05-20,21.2188,22.0625,21.1875,21.8125,0
1996-05-21,21.8750,21.9375,21.4062,21.5312,0
1996-05-22,21.5000,21.9688,21.5000,21.9375,0
1996-05-23,21.9062,22.1875,21.8438,21.9688,0
1996-05-24,21.9688,22.0312,21.6250,21.7500,0
1996-05-28,21.8125,21.8125,21.5000,21.5938,0
1996-05-29,21.5000,21.5625,21.2812,21.2812,0
1996-05-30,21.2812,21.7188,21.1875,21.6562,0
1996-05-31,21.6562,21.6562,21.1875,21.1875,0
1996-06-03,21.1250,21.1875,21.0000,21.0000,0
1996-06-04,21.1875,21.3125,21.1250,21.2188,0
1996-06-05,21.2188,21.2500,21.1250,21.2188,0
1996-06-06,21.2812,21.3125,20.9688,21.0938,0
1996-06-07,20.9688,21.5000,20.9375,21.4688,0
1996-06-10,21.4062,21.4688,21.2812,21.3438,0
1996-06-11,21.4062,21.5625,21.1875,21.2500,0
1996-06-12,21.2500,21.3125,21.0312,21.0312,0
1996-06-13,21.0625,21.1250,20.8750,21.0000,0
1996-06-14,20.9688,21.0000,20.8438,20.8750,0
1996-06-17,20.9375,21.2188,20.8438,21.1250,0
1996-06-18,21.0000,21.0938,20.9375,21.0938,0
1996-06-19,21.1250,21.3438,21.0312,21.2188,0
1996-06-20,21.3125,21.4688,21.2812,21.4062,0
1996-06-21,21.4688,21.5625,21.4375,21.5625,0
1996-06-24,21.5625,21.7500,21.5000,21.5000,0
1996-06-25,21.5938,21.6875,21.5625,21.5938,0
1996-06-26,21.6250,21.8438,21.5938,21.7500,0
1996-06-27,21.6875,21.8750,21.5625,21.8750,0
1996-06-28,21.8125,21.8750,21.6875,21.7188,0
1996-07-01,21.7500,21.8125,21.6250,21.8125,0
1996-07-02,21.8750,22.1562,21.7812,22.1562,0
1996-07-03,22.0938,22.3750,22.0625,22.3125,0
1996-07-05,22.0938,22.1250,21.9688,22.0000,0
1996-07-08,21.9375,22.2188,21.9375,22.0000,0
1996-07-09,22.1250,22.1875,22.0000,22.1250,0
1996-07-10,22.1562,22.2500,22.0625,22.2188,0
1996-07-11,22.3125,22.5000,22.2188,22.3438,0
1996-07-12,22.3750,22.5312,22.2500,22.4219,0
1996-07-15,22.4375,22.4688,21.9375,22.0938,0
1996-07-16,22.0000,22.0312,21.0312,21.5938,0
1996-07-17,21.7188,21.7812,21.2188,21.2812,0
1996-07-18,21.3125,21.5625,21.2812,21.4375,0
1996-07-19,21.4688,21.5312,21.1562,21.3438,0
1996-07-22,21.2812,21.5000,21.1562,21.3438,0
1996-07-23,21.3750,21.4062,21.0625,21.1562,0
1996-07-24,20.9375,21.1562,20.7812,20.9062,0
1996-07-25,20.9062,20.9688,20.7500,20.9688,0
1996-07-26,20.9688,21.0625,20.7812,20.8125,0
1996-07-29,20.6875,20.7812,20.5938,20.6562,0
1996-07-30,20.6562,20.6875,20.3438,20.4375,0
1996-07-31,20.5000,20.5938,20.3750,20.5625,0
1996-08-01,20.5469,20.9062,20.5469,20.8438,0
1996-08-02,21.0000,21.2188,20.8125,21.1875,0
1996-08-05,21.1875,21.2500,21.0000,21.0625,0
1996-08-06,21.0625,21.0625,20.9062,21.0000,0
1996-08-07,20.9375,20.9375,20.6250,20.7500,0
1996-08-08,20.5938,20.7188,20.5625,20.6562,0
1996-08-09,20.5000,20.5000,20.1250,20.1562,0
1996-08-12,20.1250,20.4062,20.1250,20.4062,0
1996-08-13,20.3750,20.4375,20.1562,20.3438,0
1996-08-14,20.2812,20.2812,20.0938,20.2188,0
1996-08-15,20.2188,20.2812,20.1250,20.1875,0
1996-08-16,20.2500,20.6562,20.2188,20.5938,0
1996-08-19,20.7188,20.9375,20.6875,20.8750,0
1996-08-20,20.8750,21.0938,20.8438,20.9375,0
1996-08-21,20.9375,20.9375,20.6875,20.7188,0
1996-08-22,20.7188,21.0000,20.6562,20.9062,0
1996-08-23,20.7500,20.8125,20.4688,20.6250,0
1996-08-26,20.5938,20.5938,20.2812,20.4062,0
1996-08-27,20.4375,20.6250,20.3125,20.6250,0
1996-08-28,20.4688,20.4688,20.3750,20.4375,0
1996-08-29,20.3125,20.3438,20.0000,20.0000,0
1996-08-30,20.0625,20.3750,20.0625,20.3750,0
1996-09-03,20.7500,20.9375,20.6875,20.9375,0
1996-09-04,20.8125,21.0312,20.7812,20.9688,0
1996-09-05,20.8438,21.0312,20.7500,20.7812,0
1996-09-06,20.8438,21.0938,20.8125,21.0000,0
1996-09-09,21.1250,21.1250,20.8750,21.0625,0
1996-09-10,21.1250,21.1250,20.7812,20.8438,0
1996-09-11,20.8750,21.3125,20.8750,21.2188,0
1996-09-12,21.1875,21.2812,21.0625,21.2500,0
1996-09-13,21.2500,21.4062,21.1250,21.1250,0
1996-09-16,21.1562,21.3125,20.8750,21.2812,0
1996-09-17,21.2500,21.3438,21.0938,21.2812,0
1996-09-18,21.3438,21.5312,21.3438,21.4375,0
1996-09-19,21.4375,21.5938,21.4062,21.4688,0
1996-09-20,21.5312,21.7812,21.5000,21.7188,0
1996-09-23,21.6875,21.6875,21.4375,21.6562,0
1996-09-24,21.6250,21.8125,21.4688,21.5625,0
1996-09-25,21.5625,21.6250,21.2500,21.2812,0
1996-09-26,21.2500,21.2812,20.9688,21.0000,0
1996-09-27,21.0000,21.0625,20.7812,20.8438,0
1996-09-30,20.9375,20.9688,20.8125,20.8125,0
1996-10-01,20.8125,21.3438,20.7188,21.3125,0
1996-10-02,21.3750,21.5312,21.2812,21.4375,0
1996-10-03,21.4062,21.5312,21.3125,21.5000,0
1996-10-04,21.5938,21.9688,21.5938,21.9688,0
1996-10-07,22.0312,22.1875,21.8750,21.9688,0
1996-10-08,21.9688,22.1562,21.8125,21.8750,0
1996-10-09,21.8750,21.8750,21.3438,21.5312,0
1996-10-10,21.5312,21.5312,21.3750,21.4688,0
1996-10-11,21.5000,21.6562,21.4688,21.5938,0
1996-10-14,21.5938,22.0000,21.5938,21.9062,0
1996-10-15,21.9375,22.0625,21.6562,21.7812,0
1996-10-16,21.7812,21.9062,21.6250,21.8438,0
1996-10-17,21.8125,22.0938,21.7812,22.0312,0
1996-10-18,22.0625,22.3750,21.8125,22.3438,0
1996-10-21,22.3438,22.6250,22.0625,22.2500,0
1996-10-22,22.2812,22.2812,21.9062,22.0000,0
1996-10-23,21.9375,22.1875,21.8125,22.1562,0
1996-10-24,22.1250,22.1250,21.7812,21.8125,0
1996-10-25,21.8125,22.1875,21.7812,22.1250,0
1996-10-28,22.2812,22.6250,22.0625,22.0625,0
1996-10-29,22.1875,22.5000,21.9375,22.4062,0
1996-10-30,22.5000,22.5000,22.2500,22.2812,0
1996-10-31,22.3125,22.3125,21.9688,22.1562,0
1996-11-01,22.1875,22.2812,21.9375,22.0625,0
1996-11-04,22.0625,22.2188,22.0000,22.1250,0
1996-11-05,22.2500,22.2812,21.9688,22.0625,0
1996-11-06,22.1250,22.1562,21.9375,22.1562,0
1996-11-07,21.9375,22.2188,21.9375,22.1250,0
1996-11-08,22.2500,22.3438,22.0625,22.3438,0
1996-11-11,22.3750,22.5312,22.3750,22.5000,0
1996-11-12,22.5312,22.5625,22.2188,22.2500,0
1996-11-13,22.1875,22.6875,22.1875,22.5625,0
1996-11-14,22.4375,22.7500,22.4375,22.5312,0
1996-11-15,22.5938,22.6562,22.4062,22.5625,0
1996-11-18,22.5938,22.9688,22.5312,22.8125,0
1996-11-19,22.8750,23.0312,22.8438,23.0000,0
1996-11-20,22.8438,22.9375,22.7500,22.8125,0
1996-11-21,22.8438,22.9062,22.6875,22.7188,0
1996-11-22,22.8438,23.2188,22.8125,23.2188,0
1996-11-25,23.3438,23.8438,23.3125,23.7188,0
1996-11-26,23.7500,23.9062,23.7188,23.7188,0
1996-11-27,23.7188,23.7500,23.3125,23.4375,0
1996-11-29,23.4688,23.6875,23.4688,23.5938,0
1996-12-02,23.5312,23.7188,23.3750,23.7188,0
1996-12-03,23.7188,23.9062,23.6250,23.6250,0
1996-12-04,23.6562,23.6562,23.2812,23.4688,0
1996-12-05,23.5000,23.8438,23.5000,23.7500,0
1996-12-06,23.5312,23.7500,23.5312,23.7188,0
1996-12-09,23.8750,23.8750,23.4375,23.7500,0
1996-12-10,23.6562,23.7188,23.5000,23.5000,0
1996-12-11,23.4062,23.7188,23.3750,23.6250,0
1996-12-12,23.7500,23.8750,23.4688,23.6250,0
1996-12-13,23.5000,23.6875,23.3125,23.6875,0
1996-12-16,23.7500,24.1250,23.5625,23.6250,0
1996-12-17,23.5000,24.2500,23.5000,24.1250,0
1996-12-18,24.0625,24.3438,23.9062,24.3125,0
1996-12-19,24.7188,24.9062,24.6562,24.9062,0
1996-12-20,25.3125,25.3125,24.8438,24.9062,0
1996-12-23,24.9375,25.2812,24.8125,25.0625,0
1996-12-24,25.1250,25.1562,24.9062,25.0625,0
1996-12-26,25.0625,25.1250,24.9688,25.0625,0
1996-12-27,25.0625,25.0938,24.9375,24.9688,0
1996-12-30,25.0000,25.2500,24.8125,24.8438,0
1996-12-31,24.8438,24.9375,24.5000,24.5000,0
1997-01-02,24.5625,24.6250,24.1250,24.5938,0
1997-01-03,24.7188,25.0312,24.6250,24.6562,0
1997-01-06,24.7500,25.0312,24.7188,25.0000,0
1997-01-07,24.9062,25.0625,24.7500,25.0625,0
1997-01-08,25.1875,25.2188,24.6875,24.8750,0
1997-01-09,24.8125,25.8125,24.8125,25.7188,0
1997-01-10,25.5312,26.5000,25.4688,26.4375,0
1997-01-13,26.5000,26.5312,25.5625,25.7812,0
1997-01-14,25.8750,26.1875,25.7812,25.9062,0
1997-01-15,25.6250,26.3750,25.6250,26.0000,0
1997-01-16,26.0625,26.2188,25.6562,25.8125,0
1997-01-17,25.7812,25.9375,25.6250,25.7188,0
1997-01-20,25.7500,25.8750,25.4062,25.6250,0
1997-01-21,25.4688,26.0625,25.3438,25.9062,0
1997-01-22,25.8750,26.6250,25.6250,26.5000,0
1997-01-23,26.7188,26.7500,25.6250,25.7188,0
1997-01-24,25.6875,25.6875,25.0625,25.0625,0
1997-01-27,25.2188,25.9375,25.1562,25.8125,0
1997-01-28,26.1562,26.1562,25.0938,25.1250,0
1997-01-29,25.1250,25.8750,24.9375,25.8125,0
1997-01-30,25.8750,26.0938,25.5938,26.0312,0
1997-01-31,26.1250,26.2188,25.6875,25.9062,0
1997-02-03,25.9062,25.9062,25.4688,25.5625,0
1997-02-04,25.6562,25.8438,25.5312,25.8438,0
1997-02-05,26.0000,26.3125,25.6562,25.7188,0
1997-02-06,25.4688,25.5312,25.0938,25.4688,0
1997-02-07,25.5000,25.7500,25.0312,25.2500,0
1997-02-10,25.3438,25.5312,25.0312,25.0312,0
1997-02-11,25.1250,25.4062,25.0312,25.4062,0
1997-02-12,25.4688,25.8438,25.4375,25.7500,0
1997-02-13,25.9375,26.0938,25.8438,26.0000,0
1997-02-14,25.9375,26.1875,25.8438,25.9688,0
1997-02-18,26.1562,26.1562,25.6250,26.0312,0
1997-02-19,26.0312,26.2188,25.7812,25.8125,0
1997-02-20,25.6875,26.1250,25.6875,25.7812,0
1997-02-21,25.7500,26.0625,25.7188,25.9375,0
1997-02-24,25.9375,26.0000,25.6250,25.6562,0
1997-02-25,25.6562,25.9688,25.3750,25.8750,0
1997-02-26,25.8125,25.9062,25.2500,25.5312,0
1997-02-27,25.5625,25.5938,24.9688,24.9688,0
1997-02-28,25.0000,25.3750,24.9688,25.0625,0
1997-03-03,24.7500,25.0312,24.7188,24.8125,0
1997-03-04,24.7812,25.2500,24.7812,25.0000,0
1997-03-05,25.1562,25.3750,25.1250,25.3125,0
1997-03-06,25.5000,25.7812,25.2188,25.2188,0
1997-03-07,25.3125,25.4062,25.0625,25.0938,0
1997-03-10,25.3125,25.7812,25.2188,25.7500,0
1997-03-11,25.9062,25.9375,25.5312,25.6875,0
1997-03-12,25.5000,25.5625,25.1250,25.3750,0
1997-03-13,25.2188,25.2812,24.9688,25.0000,0
1997-03-14,25.0938,25.5625,25.0312,25.2812,0
1997-03-17,25.2500,25.4688,25.0625,25.2188,0
1997-03-18,25.2500,25.3750,25.0938,25.3125,0
1997-03-19,25.2812,25.6250,25.1875,25.3125,0
1997-03-20,25.3438,25.4062,25.0625,25.2812,0
1997-03-21,25.4688,25.9062,25.4062,25.8750,0
1997-03-24,25.8750,26.1250,25.6875,26.1250,0
1997-03-25,26.2500,26.7344,26.1875,26.4375,0
1997-03-26,26.7812,27.5625,26.6875,27.3438,0
1997-03-27,27.3125,27.8125,26.5625,27.0312,0
1997-03-31,26.8750,27.1875,26.7188,26.9375,0
1997-04-01,26.7500,26.8750,26.2188,26.7188,0
1997-04-02,26.5312,26.5625,26.1562,26.1875,0
1997-04-03,26.0938,26.1250,25.1875,25.5625,0
1997-04-04,25.2500,25.6250,25.0938,25.4688,0
1997-04-07,25.4062,26.2812,25.3750,26.2500,0
1997-04-08,26.1562,26.1875,25.9062,26.0000,0
1997-04-09,26.0000,26.2188,25.8750,25.9062,0
1997-04-10,25.9688,26.0625,25.6875,25.8750,0
1997-04-11,25.8125,25.8438,25.1562,25.3125,0
1997-04-14,25.2500,25.9375,24.9375,25.8750,0
1997-04-15,26.0000,26.1250,25.5625,26.1250,0
1997-04-16,26.1250,26.3125,25.5000,26.1250,0
1997-04-17,26.0000,26.0625,25.6250,25.7500,0
1997-04-18,25.7500,26.7500,25.7500,26.7500,0
1997-04-21,27.3750,27.5625,26.3125,26.6875,0
1997-04-22,27.0625,27.8125,26.7500,27.6250,0
1997-04-23,27.6875,28.0000,27.3125,27.4375,0
1997-04-24,27.6250,27.7500,27.1250,27.1250,0
1997-04-25,27.1250,27.2500,26.3125,26.3750,0
1997-04-28,26.2500,27.0625,26.1875,26.9375,0
1997-04-29,27.8750,27.8750,27.3750,27.8125,0
1997-04-30,27.8125,28.5000,27.6875,28.3125,0
1997-05-01,27.8750,28.1250,27.4375,27.9375,0
1997-05-02,28.0000,28.3125,27.3125,28.1875,0
1997-05-05,28.3125,29.3125,28.0625,29.2500,0
1997-05-06,29.3125,29.6875,29.0000,29.3125,0
1997-05-07,29.3125,29.5000,28.8750,29.0000,0
1997-05-08,28.8750,29.7500,28.6250,29.0000,0
1997-05-09,29.0000,29.1875,28.0000,28.8750,0
1997-05-12,29.0000,29.7500,29.0000,29.5625,0
1997-05-13,29.6875,29.8125,29.5000,29.8125,0
1997-05-14,30.0625,30.1250,29.6250,29.9375,0
1997-05-15,29.7500,29.8750,29.1250,29.4375,0
1997-05-16,29.3125,29.5625,29.0625,29.0625,0
1997-05-19,29.1250,29.5625,29.0000,29.5625,0
1997-05-20,29.1250,29.6250,28.6875,29.5625,0
1997-05-21,29.6875,29.8750,29.2500,29.7500,0
1997-05-22,29.9375,30.0625,29.1875,29.2500,0
1997-05-23,29.5000,30.0000,29.3750,29.9375,0
1997-05-27,29.6250,30.1250,29.3750,29.8125,0
1997-05-28,29.6250,29.8125,29.1250,29.3750,0
1997-05-29,29.5000,29.6875,29.2500,29.3750,0
1997-05-30,29.0625,29.8125,28.9375,29.6250,0
1997-06-02,29.7500,30.1875,29.4375,30.0000,0
1997-06-03,29.7500,30.5625,29.5000,29.9375,0
1997-06-04,29.6875,30.2500,29.5000,30.0000,0
1997-06-05,30.0000,30.0625,29.5000,30.0625,0
1997-06-06,30.0000,31.0000,29.9375,30.6250,0
1997-06-09,30.6250,30.8125,30.3750,30.7500,0
1997-06-10,30.6250,31.0625,30.3750,30.5000,0
1997-06-11,30.6875,31.2500,30.6875,31.0000,0
1997-06-12,31.2500,32.0000,31.0625,31.8125,0
1997-06-13,31.8750,32.0625,31.4375,31.8750,0
1997-06-16,31.9375,32.5625,31.9375,32.1875,0
1997-06-17,32.0625,32.2500,31.6875,31.8125,0
1997-06-18,31.7500,31.8750,31.5625,31.6875,0
1997-06-19,31.6250,31.8750,31.2500,31.4375,0
1997-06-20,31.3750,31.8125,31.3125,31.7500,0
1997-06-23,31.8125,31.9375,30.8125,30.8750,0
1997-06-24,31.0000,31.2500,30.2500,31.2500,0
1997-06-25,31.1250,31.1875,29.8125,30.4688,0
1997-06-26,30.4688,31.1875,30.3750,30.5938,0
1997-06-27,30.8125,31.2500,30.2188,30.2188,0
1997-06-30,30.8750,30.9375,29.9062,30.6250,0
1997-07-01,30.7500,31.6562,30.6250,31.6250,0
1997-07-02,31.8750,31.8750,31.0625,31.5625,0
1997-07-03,32.0625,32.4688,32.0312,32.3125,0
1997-07-07,32.5000,32.8125,31.5312,31.6562,0
1997-07-08,31.6562,31.7812,31.3750,31.7812,0
1997-07-09,31.7812,31.7812,30.4062,30.9688,0
1997-07-10,31.4375,31.5000,30.4062,30.9062,0
1997-07-11,30.9688,31.2500,30.7812,30.8750,0
1997-07-14,30.7188,30.7812,30.0000,30.3750,0
1997-07-15,30.3750,31.1562,30.0000,31.1250,0
1997-07-16,31.2188,31.7500,31.1875,31.3750,0
1997-07-17,31.6250,31.7500,31.2500,31.4375,0
1997-07-18,31.4688,31.5312,30.1875,30.2188,0
1997-07-21,31.0000,31.1250,30.2812,30.6562,0
1997-07-22,31.2500,31.5938,31.1250,31.4375,0
1997-07-23,31.5000,31.5625,30.5938,30.7188,0
1997-07-24,30.7812,31.0000,30.2812,31.0000,0
1997-07-25,31.0625,31.5000,30.9375,31.4062,0
1997-07-28,31.5000,31.9688,31.5000,31.6875,0
1997-07-29,31.5938,31.6250,31.1875,31.3750,0
1997-07-30,31.6875,32.0312,31.5625,31.9688,0
1997-07-31,32.0000,32.5938,31.8750,32.1250,0
1997-08-01,32.1250,32.3750,31.0312,31.8125,0
1997-08-04,31.7500,32.1875,31.6875,32.0000,0
1997-08-05,32.0000,32.0000,31.5312,31.7812,0
1997-08-06,31.6875,32.7188,31.6875,32.4375,0
1997-08-07,32.3750,32.5000,32.0000,32.0625,0
1997-08-08,31.5625,31.5625,30.6875,31.0000,0
1997-08-11,31.0938,31.8438,30.9688,31.4375,0
1997-08-12,31.5000,31.7188,31.0625,31.2500,0
1997-08-13,31.1562,31.4688,30.0000,30.3750,0
1997-08-14,30.7500,30.8438,29.9688,30.1875,0
1997-08-15,29.9375,30.1875,29.5000,29.5000,0
1997-08-18,29.5938,31.1562,29.3125,31.0938,0
1997-08-19,31.1250,31.1875,30.4375,31.1250,0
1997-08-20,31.0938,31.7812,30.9688,31.6875,0
1997-08-21,31.8125,31.8125,30.7500,31.1562,0
1997-08-22,30.6250,31.4375,30.3438,31.3750,0
1997-08-25,31.4688,31.7500,30.9062,31.1562,0
1997-08-26,31.1875,31.4062,30.5625,30.8750,0
1997-08-27,30.7500,31.7188,30.4688,31.6250,0
1997-08-28,31.5312,31.5938,30.5625,30.9375,0
1997-08-29,30.5312,31.0938,30.5312,30.5938,0
1997-09-02,30.6562,32.0000,30.6562,32.0000,0
1997-09-03,32.0000,32.2500,31.4375,32.0625,0
1997-09-04,31.9375,32.3750,31.6250,32.1250,0
1997-09-05,32.3438,32.5000,31.5312,32.0000,0
1997-09-08,32.2500,32.4688,31.9688,32.1250,0
1997-09-09,32.1250,32.4688,31.7188,32.2500,0
1997-09-10,31.8750,32.1562,31.4062,31.4688,0
1997-09-11,31.2812,31.4062,30.5938,31.0625,0
1997-09-12,31.1250,31.5312,30.6562,31.5312,0
1997-09-15,31.3125,31.8125,31.3125,31.3750,0
1997-09-16,31.5625,32.5938,31.5625,32.3125,0
1997-09-17,32.4688,32.7500,32.1875,32.3125,0
1997-09-18,32.2188,33.6250,32.2188,33.0000,0
1997-09-19,33.0000,33.0000,32.5000,32.9062,0
1997-09-22,32.9688,33.0312,31.6250,32.0938,0
1997-09-23,32.0625,32.6250,31.9375,32.5625,0
1997-09-24,32.5938,32.8750,32.0625,32.0938,0
1997-09-25,32.2188,32.7500,31.9062,31.9375,0
1997-09-26,32.0000,32.1562,31.7500,32.1250,0
1997-09-29,31.8750,32.5625,31.7812,32.4062,0
1997-09-30,32.1875,32.6250,31.9375,32.0312,0
1997-10-01,32.1250,32.8750,32.0625,32.6562,0
1997-10-02,32.5000,32.6250,32.1562,32.4688,0
1997-10-03,32.8125,33.2188,32.0625,32.5938,0
1997-10-06,33.2500,33.4375,32.8750,33.3750,0
1997-10-07,33.3125,33.4375,33.0312,33.4062,0
1997-10-08,33.0625,33.2500,32.1875,32.6250,0
1997-10-09,32.2812,32.6562,32.2812,32.4062,0
1997-10-10,32.2188,32.4062,31.8125,32.2812,0
1997-10-13,32.4375,32.5625,32.1875,32.2812,0
1997-10-14,32.4688,32.5312,31.7812,32.2812,0
1997-10-15,32.1250,32.5938,32.1250,32.4062,0
1997-10-16,32.6250,32.7812,31.6875,32.0000,0
1997-10-17,31.6875,32.2188,31.5312,31.8125,0
1997-10-20,31.7812,32.5625,31.5312,32.5000,0
1997-10-21,32.5938,32.6562,32.1875,32.5625,0
1997-10-22,32.6250,32.6562,32.3125,32.4375,0
1997-10-23,31.9375,32.3750,31.2812,31.5625,0
1997-10-24,31.9375,31.9688,30.8438,31.3125,0
1997-10-27,31.3750,31.9062,28.9375,29.0000,0
1997-10-28,28.5625,30.7500,27.3750,30.7188,0
1997-10-29,30.6250,30.6250,29.7500,30.1562,0
1997-10-30,29.8750,30.8125,29.7500,30.3438,0
1997-10-31,30.6250,30.9375,29.7188,30.7188,0
1997-11-03,31.0625,31.7500,30.9375,31.1250,0
1997-11-04,31.0000,31.4062,30.7500,31.2812,0
1997-11-05,31.2812,31.4375,30.6875,30.9375,0
1997-11-06,30.8438,31.0000,30.2812,30.6250,0
1997-11-07,30.0000,30.2812,29.4688,30.0625,0
1997-11-10,30.5625,30.6250,29.6250,29.8438,0
1997-11-11,30.0000,30.3438,29.7812,29.9062,0
1997-11-12,29.4062,29.8438,29.3125,29.4375,0
1997-11-13,29.7500,30.0312,29.5312,29.9375,0
1997-11-14,30.1562,30.7188,29.8125,30.4688,0
1997-11-17,30.8750,31.3125,30.5938,30.9688,0
1997-11-18,31.0938,31.4375,31.0000,31.0938,0
1997-11-19,31.0000,31.2188,30.6875,31.0312,0
1997-11-20,31.0312,31.7188,30.7500,31.3438,0
1997-11-21,31.5000,32.0625,31.2500,31.9688,0
1997-11-24,31.6875,31.9062,31.2188,31.4375,0
1997-11-25,31.4688,31.5625,30.1875,30.5625,0
1997-11-26,30.4688,30.9688,30.4375,30.5938,0
1997-11-28,30.6562,30.7500,30.4688,30.5000,0
1997-12-01,30.5000,30.8750,30.0000,30.7812,0
1997-12-02,30.6562,31.1250,30.5312,30.5938,0
1997-12-03,30.5312,31.5938,30.5312,31.2188,0
1997-12-04,31.4688,31.6250,31.0625,31.1562,0
1997-12-05,31.2188,32.3750,31.2188,32.0000,0
1997-12-08,32.0625,32.1250,31.4062,31.5938,0
1997-12-09,31.6250,31.7188,31.0625,31.1875,0
1997-12-10,31.1562,31.5938,31.0312,31.3750,0
1997-12-11,31.4688,31.8125,31.0000,31.1875,0
1997-12-12,31.1875,31.2188,30.7812,31.0000,0
1997-12-15,31.0625,31.6250,31.0625,31.4062,0
1997-12-16,31.5938,31.9375,31.5000,31.7812,0
1997-12-17,31.8750,31.9375,31.2188,31.3750,0
1997-12-18,31.2500,31.6250,30.8125,30.8438,0
1997-12-19,30.4062,30.5938,29.6250,30.1250,0
1997-12-22,30.1250,30.6562,29.9062,30.1562,0
1997-12-23,30.2812,30.6875,29.7812,30.0938,0
1997-12-24,30.2188,30.5312,29.9688,30.0625,0
1997-12-26,30.1562,30.5312,30.1562,30.3438,0
1997-12-29,30.3750,30.9688,30.2812,30.7812,0
1997-12-30,31.1875,31.2500,30.5625,31.1562,0
1997-12-31,30.8125,30.8750,30.3750,30.5938,0
1998-01-02,30.5312,31.0312,30.4688,30.9375,0
1998-01-05,31.0000,31.0938,30.1562,30.5938,0
1998-01-06,30.0625,30.2812,29.3125,29.5000,0
1998-01-07,29.5312,30.4688,29.4375,30.4375,0
1998-01-08,30.3125,30.5000,29.7500,29.7812,0
1998-01-09,29.7812,29.8438,28.7812,29.0625,0
1998-01-12,28.3750,29.5000,28.3125,29.3750,0
1998-01-13,29.7500,30.0625,29.5000,30.0312,0
1998-01-14,30.0938,30.5000,29.8750,30.4062,0
1998-01-15,30.2812,30.7188,29.6250,29.7500,0
1998-01-16,30.1562,30.7812,30.0000,30.4062,0
1998-01-20,30.3438,30.6250,30.1562,30.4375,0
1998-01-21,30.7500,30.9688,30.2500,30.5312,0
1998-01-22,30.1250,30.1250,29.5000,29.7812,0
1998-01-23,29.7812,29.9688,29.0938,29.5312,0
1998-01-26,29.5312,30.2188,29.5312,30.1250,0
1998-01-27,30.1875,30.5000,30.0938,30.1875,0
1998-01-28,30.0938,30.2500,29.5000,29.5938,0
1998-01-29,29.8750,30.4375,29.6562,30.3750,0
1998-01-30,30.2812,30.3125,29.5625,29.6562,0
1998-02-02,30.3750,30.4062,30.0938,30.2500,0
1998-02-03,30.1250,30.6250,30.0938,30.4062,0
1998-02-04,30.2812,31.0000,30.2812,30.7812,0
1998-02-05,31.0000,31.2188,30.6875,30.9688,0
1998-02-06,30.7500,31.1250,30.7500,31.0000,0
1998-02-09,31.0000,31.0938,30.6250,31.0000,0
1998-02-10,31.0000,31.0938,30.7812,31.0312,0
1998-02-11,31.0625,31.4688,30.9375,31.3438,0
1998-02-12,31.3125,31.7188,30.9375,31.5312,0
1998-02-13,31.4375,31.6875,31.3125,31.5625,0
1998-02-17,31.6250,31.6250,30.9688,31.0625,0
1998-02-18,31.1562,32.0312,31.1250,31.9062,0
1998-02-19,31.9375,32.0000,31.6562,31.8125,0
1998-02-20,31.7812,32.2188,31.5938,32.1562,0
1998-02-23,31.7188,31.7188,30.8750,31.2500,0
1998-02-24,31.3438,31.5938,31.1250,31.3750,0
1998-02-25,31.4688,31.5625,31.1250,31.4062,0
1998-02-26,31.4062,31.7500,31.3125,31.5312,0
1998-02-27,31.4688,32.0312,31.4062,31.8750,0
1998-03-02,31.9375,32.0625,31.5312,31.7500,0
1998-03-03,31.7500,32.1562,31.6875,32.1250,0
1998-03-04,32.1250,32.2188,31.6250,31.7188,0
1998-03-05,31.4375,31.7188,31.2812,31.4688,0
1998-03-06,31.4688,31.4688,31.0938,31.3750,0
1998-03-09,31.4688,31.4688,31.0938,31.2500,0
1998-03-10,31.4375,31.7812,31.3750,31.7188,0
1998-03-11,32.0000,32.0938,31.6875,31.9688,0
1998-03-12,31.8438,32.0000,31.5938,31.9375,0
1998-03-13,31.9688,32.1875,31.8750,32.1562,0
1998-03-16,32.1562,32.2188,31.9688,32.0938,0
1998-03-17,32.0000,32.0000,31.0625,31.4688,0
1998-03-18,31.5938,32.3438,31.4688,32.3125,0
1998-03-19,32.3438,32.5000,32.1875,32.4062,0
1998-03-20,32.5000,33.8750,32.4062,33.5625,0
1998-03-23,34.9688,35.0000,33.8750,34.0000,0
1998-03-24,34.3125,34.3750,33.9688,34.1875,0
1998-03-25,34.3438,34.5938,33.7188,33.8750,0
1998-03-26,33.8438,34.5000,33.7812,34.0938,0
1998-03-27,34.2188,34.2812,33.4688,33.8125,0
1998-03-30,33.8750,34.1562,33.3438,33.9688,0
1998-03-31,34.2500,34.2500,33.5938,33.8125,0
1998-04-01,33.8750,34.5000,33.6875,34.4688,0
1998-04-02,34.3438,34.9688,34.3438,34.9375,0
1998-04-03,34.9375,34.9688,34.3750,34.5938,0
1998-04-06,34.6562,34.8750,34.2188,34.2188,0
1998-04-07,34.2188,34.4062,33.5625,33.8750,0
1998-04-08,33.9062,33.9688,32.6875,33.0625,0
1998-04-09,33.0625,33.5312,33.0625,33.3750,0
1998-04-13,33.5312,33.9688,33.2500,33.8438,0
1998-04-14,33.7188,33.8125,33.3125,33.5938,0
1998-04-15,33.9375,34.4688,33.6250,34.3438,0
1998-04-16,34.4375,35.5000,34.2500,35.1562,0
1998-04-17,35.4688,36.1875,35.2188,36.0312,0
1998-04-20,36.5000,36.6250,36.0312,36.4688,0
1998-04-21,36.6250,36.7188,36.1875,36.6562,0
1998-04-22,36.7812,36.8438,36.3438,36.4688,0
1998-04-23,36.3438,37.0000,36.3438,36.8750,0
1998-04-24,36.9688,37.3438,36.7500,36.7500,0
1998-04-27,36.5312,37.3125,36.5312,37.1562,0
1998-04-28,37.2500,37.2500,36.4375,36.6875,0
1998-04-29,36.6875,36.8125,36.4688,36.4688,0
1998-04-30,36.5000,36.7188,36.1562,36.5312,0
1998-05-01,37.0000,37.9375,36.9062,37.8125,0
1998-05-04,38.0000,38.0000,37.2188,37.3750,0
1998-05-05,37.0625,37.5000,36.7500,37.0000,0
1998-05-06,37.0312,37.5625,37.0312,37.2188,0
1998-05-07,37.0938,37.1250,36.5000,36.6250,0
1998-05-08,36.5938,37.2188,36.1562,36.5938,0
1998-05-11,36.2500,36.6562,36.0938,36.4688,0
1998-05-12,36.5000,37.0000,36.4688,36.9062,0
1998-05-13,36.8125,37.2500,36.6875,36.8125,0
1998-05-14,36.7812,36.9375,36.4688,36.8125,0
1998-05-15,36.8750,37.3750,36.8438,36.8438,0
1998-05-18,36.8438,36.9688,36.1875,36.2812,0
1998-05-19,36.3125,36.4688,35.8125,36.1562,0
1998-05-20,36.0625,36.2812,35.3750,35.6250,0
1998-05-21,35.5312,35.7812,34.9062,35.1875,0
1998-05-22,35.4062,35.4062,35.0938,35.2812,0
1998-05-26,35.4062,35.4062,34.7812,34.7812,0
1998-05-27,34.8125,35.3750,34.5000,35.1875,0
1998-05-28,35.2500,35.5625,35.0000,35.4688,0
1998-05-29,35.4688,35.6250,34.9688,35.2500,0
1998-06-01,35.2500,35.3438,34.9375,35.3125,0
1998-06-02,35.5000,35.5312,34.7812,34.9688,0
1998-06-03,34.6875,35.1562,34.5000,34.5000,0
1998-06-04,34.5312,35.2500,34.5312,35.1562,0
1998-06-05,35.2812,35.9375,35.1562,35.9062,0
1998-06-08,35.9062,35.9062,35.4688,35.5938,0
1998-06-09,35.3750,35.4688,34.7812,34.9688,0
1998-06-10,34.8438,35.2500,34.3125,34.4062,0
1998-06-11,34.8750,34.8750,33.6875,34.0312,0
1998-06-12,34.0938,34.7812,33.8750,34.6562,0
1998-06-15,34.5000,34.5625,34.0625,34.2500,0
1998-06-16,34.2500,34.9688,33.9375,34.7812,0
1998-06-17,35.1875,35.7500,34.9688,35.5000,0
1998-06-18,35.3750,35.4688,34.9375,35.3750,0
1998-06-19,35.5000,35.7188,35.0312,35.0312,0
1998-06-22,35.0312,35.7812,35.0312,35.3125,0
1998-06-23,35.5625,35.9375,35.5312,35.9062,0
1998-06-24,36.0000,36.2188,35.7812,36.2188,0
1998-06-25,36.2188,36.5312,36.0000,36.2500,0
1998-06-26,36.3750,36.5000,35.8125,36.1250,0
1998-06-29,36.0938,36.1562,35.7500,35.7500,0
1998-06-30,36.1250,36.5000,35.6250,35.6875,0
1998-07-01,36.0312,36.4688,35.7812,36.4688,0
1998-07-02,36.1562,36.9062,36.1250,36.4375,0
1998-07-06,36.3438,36.7188,36.3125,36.6562,0
1998-07-07,36.5312,36.6875,36.3438,36.3750,0
1998-07-08,36.3750,36.7188,36.3750,36.5938,0
1998-07-09,36.2188,36.4062,35.4062,35.8750,0
1998-07-10,35.7500,36.1875,35.5625,35.8438,0
1998-07-13,35.7500,35.7812,35.0312,35.2500,0
1998-07-14,35.1250,36.1250,35.1250,36.0312,0
1998-07-15,35.9062,36.1250,35.6562,35.8125,0
1998-07-16,35.7500,35.7812,35.0625,35.6875,0
1998-07-17,35.7812,36.2188,35.5000,36.1875,0
1998-07-20,36.1250,36.1875,35.0312,35.2812,0
1998-07-21,35.2812,35.7188,35.0000,35.0938,0
1998-07-22,35.2188,36.0000,35.0000,35.9062,0
1998-07-23,35.7500,35.9375,34.9375,35.0625,0
1998-07-24,34.9062,35.4062,34.8125,35.1875,0
1998-07-27,35.0000,35.7500,34.9062,35.7188,0
1998-07-28,35.3750,35.5312,34.0938,34.8125,0
1998-07-29,34.8438,35.3750,34.6562,35.3438,0
1998-07-30,35.4688,36.1250,35.3750,36.0625,0
1998-07-31,36.0000,36.0000,34.8125,35.1250,0
1998-08-03,34.8125,34.8125,34.0312,34.2500,0
1998-08-04,34.3750,34.5938,33.5000,33.5625,0
1998-08-05,33.5625,33.5625,32.0000,33.0938,0
1998-08-06,32.9688,33.0000,32.0000,32.4688,0
1998-08-07,32.5312,33.8125,32.2812,33.4688,0
1998-08-10,33.4062,34.2812,33.1875,33.8125,0
1998-08-11,33.6562,34.2500,32.9062,34.0000,0
1998-08-12,33.7812,34.1562,33.0625,33.5312,0
1998-08-13,33.5625,34.1250,33.4688,34.0938,0
1998-08-14,34.0938,34.5938,33.9688,34.1875,0
1998-08-17,33.9375,34.9688,33.9062,34.8125,0
1998-08-18,34.5000,35.2188,34.3750,35.0938,0
1998-08-19,35.0312,35.4062,34.9375,35.3750,0
1998-08-20,35.4062,36.0312,35.0625,35.6562,0
1998-08-21,35.5000,35.6875,34.7812,35.4375,0
1998-08-24,35.7500,35.8125,35.0000,35.2812,0
1998-08-25,35.4062,35.8438,35.0000,35.1875,0
1998-08-26,34.7812,35.4375,34.7500,35.1875,0
1998-08-27,34.7500,35.3125,34.6250,34.6250,0
1998-08-28,34.6250,34.9062,33.6562,33.7812,0
1998-08-31,33.9688,34.5625,32.5000,32.7188,0
1998-09-01,32.2500,33.3125,31.0625,33.1875,0
1998-09-02,33.1250,33.3438,31.7500,32.0000,0
1998-09-03,31.6875,32.2500,31.0000,31.9688,0
1998-09-04,32.2500,33.2500,31.6875,33.0312,0
1998-09-08,33.5625,33.8438,32.8750,33.7188,0
1998-09-09,33.7188,34.6250,33.5312,34.3438,0
1998-09-10,34.1875,35.3438,33.6875,34.8438,0
1998-09-11,34.9062,35.4688,34.3125,35.2812,0
1998-09-14,35.4062,35.7188,35.1250,35.2500,0
1998-09-15,35.0312,35.7812,35.0312,35.6250,0
1998-09-16,35.5000,35.5312,34.3438,34.9062,0
1998-09-17,34.5312,34.6875,34.1875,34.2812,0
1998-09-18,34.0000,34.0938,33.2188,34.0625,0
1998-09-21,33.5625,34.2812,33.4062,34.0938,0
1998-09-22,34.2188,34.2188,33.2500,33.5312,0
1998-09-23,33.7500,35.1875,33.7188,35.1562,0
1998-09-24,34.8125,35.2812,34.4062,34.6875,0
1998-09-25,34.4062,34.9375,34.1562,34.1875,0
1998-09-28,34.2188,34.5000,33.7500,34.0312,0
1998-09-29,34.2812,35.6250,33.8125,35.6250,0
1998-09-30,35.5000,35.5625,34.6875,35.3125,0
1998-10-01,35.0938,35.8750,35.0312,35.2812,0
1998-10-02,35.3125,36.7812,35.3125,36.5000,0
1998-10-05,36.2812,37.6250,36.2812,37.4375,0
1998-10-06,37.6250,37.9375,37.2812,37.8750,0
1998-10-07,37.8750,37.9375,36.6250,37.0312,0
1998-10-08,36.6250,36.6250,35.5000,35.8438,0
1998-10-09,36.0625,36.2500,35.1250,35.3750,0
1998-10-12,36.0625,36.0938,35.4375,35.9062,0
1998-10-13,36.2188,36.9375,35.8750,36.5000,0
1998-10-14,36.8125,37.1875,36.6562,37.0000,0
1998-10-15,37.0312,37.9688,36.7812,37.8125,0
1998-10-16,38.0938,38.2812,37.7500,38.1562,0
1998-10-19,38.1250,38.3750,37.1875,37.4375,0
1998-10-20,37.4688,38.4688,37.4375,38.2812,0
1998-10-21,38.3438,38.4688,37.7500,37.7812,0
1998-10-22,37.6562,37.6875,35.4688,35.8750,0
1998-10-23,35.9375,35.9375,35.2500,35.6250,0
1998-10-26,35.6875,36.0938,35.5312,35.5938,0
1998-10-27,35.9062,36.2500,34.7188,34.7812,0
1998-10-28,34.8438,35.5000,34.7812,35.2188,0
1998-10-29,35.2812,36.4062,35.1875,36.3438,0
1998-10-30,36.7188,36.7500,35.6250,35.8125,0
1998-11-02,35.6875,36.4688,35.6875,36.0312,0
1998-11-03,36.3125,36.9375,35.8125,36.5000,0
1998-11-04,36.6250,36.9688,35.9062,36.0000,0
1998-11-05,35.9688,36.4375,35.3125,36.4375,0
1998-11-06,36.3125,36.8125,36.1875,36.7500,0
1998-11-09,36.4688,36.5625,35.6250,36.0000,0
1998-11-10,35.9375,36.1250,35.0625,35.0625,0
1998-11-11,35.5625,35.6875,34.8750,35.1250,0
1998-11-12,35.4375,36.6875,35.4062,36.4062,0
1998-11-13,36.6562,36.9062,35.5000,36.4375,0
1998-11-16,36.2188,36.3125,35.5000,35.7188,0
1998-11-17,35.5938,36.2188,35.2500,35.2812,0
1998-11-18,35.1875,35.5000,34.9062,35.3438,0
1998-11-19,35.3438,35.4688,34.7812,34.9375,0
1998-11-20,35.2500,36.0625,35.0625,36.0000,0
1998-11-23,36.0938,36.2500,35.4688,36.0312,0
1998-11-24,36.0000,36.6562,35.9375,36.3438,0
1998-11-25,35.9375,36.6562,35.7188,36.3438,0
1998-11-27,37.4375,38.6562,37.1250,37.1875,0
1998-11-30,37.1250,37.8750,36.7188,37.5000,0
1998-12-01,36.2500,36.3125,35.5000,35.8125,0
1998-12-02,35.7812,36.2500,35.4375,35.6250,0
1998-12-03,35.5000,35.5000,35.0312,35.2812,0
1998-12-04,35.5938,35.7500,35.1250,35.7500,0
1998-12-07,35.7500,36.5938,35.7188,36.5000,0
1998-12-08,36.3750,36.7500,36.1875,36.5938,0
1998-12-09,36.4688,37.0000,36.4688,36.9688,0
1998-12-10,37.0000,37.0938,36.7812,36.8750,0
1998-12-11,36.9062,37.3750,36.7812,37.3125,0
1998-12-14,37.2500,37.4688,36.8125,37.2188,0
1998-12-15,37.3750,37.4062,36.8125,37.0000,0
1998-12-16,37.2812,37.8750,37.0625,37.7812,0
1998-12-17,37.5312,37.6875,36.9375,37.4375,0
1998-12-18,37.3750,38.0938,37.2500,37.9688,0
1998-12-21,37.9688,38.3438,37.3750,37.4062,0
1998-12-22,37.2812,37.7500,37.2500,37.4688,0
1998-12-23,37.5000,37.6562,37.2500,37.5312,0
1998-12-24,37.5625,37.6562,37.2500,37.3125,0
1998-12-28,37.2500,37.3750,37.0000,37.2500,0
1998-12-29,37.2188,37.8750,36.9688,37.8125,0
1998-12-30,37.6875,37.9688,37.2500,37.3125,0
1998-12-31,37.1250,37.1875,36.5312,36.5625,0
1999-01-04,36.3750,37.0625,36.1250,36.3125,0
1999-01-05,36.2500,36.4688,35.8438,36.0000,0
1999-01-06,36.5625,37.9062,36.3438,37.4375,0
1999-01-07,37.2188,37.4688,36.8750,37.3750,0
1999-01-08,37.1250,37.3438,36.4688,37.1562,0
1999-01-11,36.3750,36.7500,35.4062,35.6250,0
1999-01-12,35.6562,36.1875,35.2500,35.3750,0
1999-01-13,35.0000,35.9375,34.8750,35.2500,0
1999-01-14,35.1250,35.4688,34.7812,34.8750,0
1999-01-15,35.2188,35.5625,34.9062,35.5312,0
1999-01-19,35.5000,35.6562,35.3125,35.5312,0
1999-01-20,35.5312,35.7812,35.3438,35.5000,0
1999-01-21,35.5000,35.9062,35.4062,35.5625,0
1999-01-22,35.5312,35.8438,35.4062,35.6875,0
1999-01-25,35.6562,36.0938,35.3125,36.0000,0
1999-01-26,35.8750,36.2500,35.6875,36.1250,0
1999-01-27,36.1250,36.2500,35.3750,35.5000,0
1999-01-28,35.1250,35.7500,35.1250,35.5000,0
1999-01-29,35.2812,35.5000,35.0312,35.1250,0
1999-02-01,35.0312,35.2500,34.7812,34.8125,0
1999-02-02,34.6875,34.9375,34.1250,34.3438,0
1999-02-03,34.5000,35.2812,34.3125,35.1875,0
1999-02-04,35.2812,35.2812,34.6250,34.9062,0
1999-02-05,35.0312,35.9688,34.9062,35.8438,0
1999-02-08,35.6250,36.3438,35.4688,36.3438,0
1999-02-09,36.3125,36.7188,36.0938,36.0938,0
1999-02-10,35.7812,36.6562,35.7812,36.2812,0
1999-02-11,35.9375,36.0938,34.5000,35.1875,0
1999-02-12,35.1250,35.6875,34.4062,34.7188,0
1999-02-16,34.5938,34.9688,33.9062,34.2812,0
1999-02-17,34.4375,34.9375,34.2500,34.3125,0
1999-02-18,34.4062,34.5312,33.9062,34.4375,0
1999-02-19,34.0000,34.4688,33.8750,34.2500,0
1999-02-22,34.1875,34.4688,34.0312,34.0938,0
1999-02-23,34.0625,34.3438,33.7500,33.8750,0
1999-02-24,33.9062,34.2188,33.5625,33.9297,0
1999-02-25,33.6250,33.9062,33.3125,33.6562,0
1999-02-26,33.7500,33.8125,33.1875,33.2812,0
1999-03-01,33.1562,33.1562,32.4062,32.5938,0
1999-03-02,32.7188,32.9375,32.2812,32.4062,0
1999-03-03,32.4062,32.8438,32.1562,32.8438,0
1999-03-04,32.8438,34.2188,32.7500,33.9062,0
1999-03-05,34.6250,35.0625,34.4062,34.8438,0
1999-03-08,35.0000,35.4688,34.7500,35.4688,0
1999-03-09,35.3438,35.7188,34.9688,34.9688,0
1999-03-10,35.5625,36.8125,35.4375,36.6562,0
1999-03-11,37.0000,38.1875,37.0000,37.3750,0
1999-03-12,37.9688,37.9688,36.8750,36.9688,0
1999-03-15,36.6562,36.9688,36.5625,36.8438,0
1999-03-16,36.8438,36.9688,36.3750,36.5625,0
1999-03-17,36.6250,37.2812,36.6250,37.1875,0
1999-03-18,37.3125,37.6875,37.2500,37.3438,0
1999-03-19,37.4688,37.4688,36.4062,36.5312,0
1999-03-22,36.5625,37.0625,36.1875,36.8750,0
1999-03-23,36.9062,36.9375,36.0938,36.3750,0
1999-03-24,36.4062,36.6250,35.2500,35.4688,0
1999-03-25,35.4062,35.8438,35.2500,35.7188,0
1999-03-26,35.8438,36.0938,35.5625,35.7812,0
1999-03-29,35.8438,36.5938,35.8438,36.5000,0
1999-03-30,36.3750,36.3750,35.5000,35.6562,0
1999-03-31,35.6562,35.8750,35.2500,35.2812,0
1999-04-01,35.1562,35.1875,34.7188,35.0625,0
1999-04-05,35.1875,36.2500,35.0312,36.0938,0
1999-04-06,36.1250,36.4375,36.0312,36.3438,0
1999-04-07,36.3438,36.6250,36.0312,36.5938,0
1999-04-08,36.7188,37.3125,36.4688,37.1250,0
1999-04-09,37.0312,37.4688,36.6875,37.3438,0
1999-04-12,37.3438,37.9375,37.0000,37.7188,0
1999-04-13,37.5000,37.8750,37.2812,37.5938,0
1999-04-14,37.5312,37.6250,37.0938,37.0938,0
1999-04-15,37.1250,39.1875,37.1250,38.7812,0
1999-04-16,38.8125,40.0000,38.6562,39.9688,0
1999-04-19,40.3750,41.7500,40.2188,41.1250,0
1999-04-20,40.9375,40.9375,40.1875,40.3750,0
1999-04-21,40.3125,40.3125,38.5938,39.2188,0
1999-04-22,39.1875,39.6250,38.3125,39.4688,0
1999-04-23,39.4688,39.5625,38.6875,39.1562,0
1999-04-26,39.1562,39.1562,38.3750,38.8438,0
1999-04-27,38.9375,39.4688,38.7812,39.1250,0
1999-04-28,39.5000,41.2500,39.2812,40.7500,0
1999-04-29,40.8750,42.6250,40.3125,42.2500,0
1999-04-30,42.1250,42.1250,41.0938,41.5312,0
1999-05-03,41.5000,43.2500,41.2812,43.0312,0
1999-05-04,43.3125,43.6250,43.0000,43.2188,0
1999-05-05,43.1875,43.1875,42.0625,42.4062,0
1999-05-06,41.9375,42.2812,40.8125,41.1875,0
1999-05-07,41.1875,41.5938,40.7500,41.4688,0
1999-05-10,41.0000,41.8125,40.9688,41.1875,0
1999-05-11,41.2812,41.3125,40.6562,40.8125,0
1999-05-12,40.2500,40.2500,39.0000,39.5312,0
1999-05-13,39.6562,40.0625,39.6562,39.6875,0
1999-05-14,39.5938,39.9688,39.1250,39.3750,0
1999-05-17,39.3125,39.6250,39.1562,39.5000,0
1999-05-18,39.5625,39.5625,38.7812,38.8750,0
1999-05-19,39.0625,39.4688,38.8750,39.3438,0
1999-05-20,39.3750,40.0312,39.1250,40.0000,0
1999-05-21,40.0625,41.5000,39.8125,41.3750,0
1999-05-24,41.3750,41.8125,39.5000,39.8125,0
1999-05-25,39.8125,41.1562,39.8125,40.0938,0
1999-05-26,40.2188,41.3750,40.0625,40.9688,0
1999-05-27,40.9375,40.9375,39.3125,39.4062,0
1999-05-28,39.4375,39.9375,39.0000,39.9375,0
1999-06-01,39.8125,39.8125,38.6562,39.3750,0
1999-06-02,39.6250,40.4688,39.6250,40.1250,0
1999-06-03,40.2500,40.6250,39.4375,39.9688,0
1999-06-04,40.0625,40.3750,39.4375,40.3438,0
1999-06-07,40.2188,40.4688,40.0000,40.4375,0
1999-06-08,40.3125,40.4375,39.6250,39.9062,0
1999-06-09,39.8438,40.2500,39.4688,40.0625,0
1999-06-10,39.8750,40.1875,39.5312,39.8125,0
1999-06-11,39.9375,40.1562,39.3438,39.4688,0
1999-06-14,39.4688,40.8125,39.4688,40.5625,0
1999-06-15,40.5000,41.7188,40.4062,41.0625,0
1999-06-16,41.4375,41.5000,40.1562,40.2812,0
1999-06-17,40.3438,40.6562,40.0000,40.6250,0
1999-06-18,40.4062,41.0625,40.0938,40.1875,0
1999-06-21,39.7188,39.9375,38.6875,39.1250,0
1999-06-22,38.6250,38.9375,38.4062,38.5000,0
1999-06-23,38.7812,39.2500,38.7812,39.0625,0
1999-06-24,39.0312,39.1250,37.9062,38.2500,0
1999-06-25,38.1250,38.4062,37.9375,38.0938,0
1999-06-28,38.1562,38.2500,37.4375,37.5312,0
1999-06-29,37.7188,38.5625,37.4688,38.5000,0
1999-06-30,38.7188,39.0625,38.4688,38.5625,0
1999-07-01,38.5625,39.3750,38.5000,39.2188,0
1999-07-02,39.5000,39.8125,38.9375,39.7500,0
1999-07-06,39.7188,40.1562,39.6562,40.0312,0
1999-07-07,40.1250,40.2812,39.2500,40.2188,0
1999-07-08,40.3125,40.8125,39.7812,39.8125,0
1999-07-09,39.6875,39.9375,39.3750,39.7188,0
1999-07-12,39.8438,39.9375,39.5312,39.7188,0
1999-07-13,39.3438,39.6562,39.0625,39.2188,0
1999-07-14,39.2812,39.4688,39.1250,39.2188,0
1999-07-15,39.3125,39.6250,39.2188,39.4688,0
1999-07-16,39.5000,39.7188,38.9375,39.6562,0
1999-07-19,39.3125,39.5625,39.0312,39.4062,0
1999-07-20,39.4375,39.5000,38.6250,38.9688,0
1999-07-21,38.4688,39.3125,38.1250,39.0625,0
1999-07-22,39.0000,39.1250,37.6562,39.0938,0
1999-07-23,39.0938,39.5938,38.8750,39.5625,0
1999-07-26,39.5312,40.3125,38.9062,39.0000,0
1999-07-27,39.1562,39.3125,38.5625,38.7812,0
1999-07-28,38.6875,39.8750,38.5625,39.4688,0
1999-07-29,39.0625,39.1875,38.7188,38.9375,0
1999-07-30,39.4062,39.9688,39.2188,39.6875,0
1999-08-02,39.8750,39.8750,38.8125,38.9375,0
1999-08-03,39.0000,39.4062,38.6562,39.4062,0
1999-08-04,39.4062,40.1875,39.2188,39.9375,0
1999-08-05,40.1875,41.0938,40.0000,41.0938,0
1999-08-06,40.8750,40.9062,39.9062,40.1875,0
1999-08-09,40.2812,40.5000,39.9688,40.1875,0
1999-08-10,40.3125,40.8125,40.1875,40.5938,0
1999-08-11,40.4375,41.0625,40.2500,40.9688,0
1999-08-12,41.0000,41.1250,40.5625,40.9062,0
1999-08-13,41.0312,41.0938,40.4688,40.7812,0
1999-08-16,40.6562,40.7812,40.1562,40.7812,0
1999-08-17,40.8125,41.0000,40.4688,40.9062,0
1999-08-18,40.7812,41.3438,40.5625,41.2812,0
1999-08-19,40.6875,41.3125,40.6250,40.9062,0
1999-08-20,41.1250,41.3125,40.6562,41.2812,0
1999-08-23,41.3125,41.4688,41.0000,41.4062,0
1999-08-24,41.1875,41.2812,40.4062,40.8125,0
1999-08-25,41.0625,41.2500,40.5000,41.1250,0
1999-08-26,40.8125,40.9688,40.0000,40.1562,0
1999-08-27,40.2500,40.4688,39.5625,39.6562,0
1999-08-30,39.6562,39.8750,38.9062,38.9062,0
1999-08-31,39.0312,39.9375,39.0000,39.4375,0
1999-09-01,39.5000,39.5938,39.0625,39.1562,0
1999-09-02,38.9375,39.2500,38.3750,38.7500,0
1999-09-03,38.8750,39.6250,38.8125,39.5312,0
1999-09-07,39.5312,40.0000,39.3125,39.7500,0
1999-09-08,39.6250,40.6562,39.6250,40.5938,0
1999-09-09,40.7812,41.5000,40.5938,40.6250,0
1999-09-10,40.7500,40.8750,40.1562,40.2188,0
1999-09-13,39.8750,40.0625,39.2500,39.3125,0
1999-09-14,39.1875,40.1250,39.1562,39.5938,0
1999-09-15,39.5938,39.5938,38.4062,38.6250,0
1999-09-16,38.6875,39.0000,38.1875,38.8438,0
1999-09-17,39.1875,40.0938,38.9375,39.9375,0
1999-09-20,40.0000,40.0000,38.9062,39.0938,0
1999-09-21,38.7500,38.9375,38.0312,38.3750,0
1999-09-22,38.4062,38.7188,37.6875,37.6875,0
1999-09-23,37.9375,38.7188,37.1562,37.4062,0
1999-09-24,37.1250,37.5312,36.8750,37.4062,0
1999-09-27,37.3750,38.0312,37.1875,37.5625,0
1999-09-28,37.2812,37.4375,36.0625,37.3438,0
1999-09-29,38.1250,38.2188,37.3125,37.3750,0
1999-09-30,37.5938,38.1250,37.3438,38.0000,0
1999-10-01,37.9688,38.0625,37.2812,37.3125,0
1999-10-04,37.2500,37.4688,36.0625,36.5000,0
1999-10-05,36.3750,36.6875,35.6250,36.0938,0
1999-10-06,36.0625,37.0000,35.8125,37.0000,0
1999-10-07,36.9062,36.9062,36.3125,36.5625,0
1999-10-08,36.3125,36.6562,36.0312,36.3750,0
1999-10-11,36.3750,36.8438,36.2500,36.6875,0
1999-10-12,36.7188,37.0625,36.5312,36.6562,0
1999-10-13,37.0625,37.1250,36.6875,36.8125,0
1999-10-14,36.6250,37.3750,36.4375,37.1875,0
1999-10-15,37.1562,37.1562,36.0000,36.0000,0
1999-10-18,36.1250,36.5938,35.7500,36.5000,0
1999-10-19,36.9375,37.0000,36.4688,36.7188,0
1999-10-20,36.9375,38.3125,36.7812,38.2500,0
1999-10-21,37.7500,38.1875,37.5312,38.0312,0
1999-10-22,38.4375,38.4688,37.9375,38.4375,0
1999-10-25,37.8750,38.0625,36.8750,37.0000,0
1999-10-26,36.5000,36.6875,35.8438,36.0312,0
1999-10-27,36.0625,36.4375,35.7500,35.8750,0
1999-10-28,36.3750,36.9688,36.1875,36.5625,0
1999-10-29,36.8125,37.2500,36.3438,37.0312,0
1999-11-01,37.0312,37.5000,36.7812,37.3750,0
1999-11-02,37.1875,37.5938,36.9688,37.0625,0
1999-11-03,37.3125,37.3125,36.2812,36.5000,0
1999-11-04,36.8438,36.9688,36.2500,36.5000,0
1999-11-05,36.5000,36.5000,35.0312,35.3125,0
1999-11-08,35.5000,37.4062,35.5000,37.1562,0
1999-11-09,37.4688,37.6875,37.1875,37.6562,0
1999-11-10,37.8125,38.0938,37.6562,38.0000,0
1999-11-11,38.0312,38.4375,37.6875,38.4062,0
1999-11-12,38.4688,38.9688,38.2500,38.9375,0
1999-11-15,38.9375,39.0312,38.6875,39.0000,0
1999-11-16,39.1250,39.5938,38.5000,39.5938,0
1999-11-17,39.5625,40.6250,39.5000,40.1250,0
1999-11-18,40.5000,40.6875,40.0938,40.5312,0
1999-11-19,40.5000,40.5312,39.8125,39.8438,0
1999-11-22,39.8438,40.0312,39.5938,39.7734,0
1999-11-23,39.9375,39.9688,38.8438,39.0000,0
1999-11-24,38.9375,39.8125,38.7812,39.5625,0
1999-11-26,39.2500,39.5312,39.0000,39.0000,0
1999-11-29,38.9375,39.7500,38.7812,39.6875,0
1999-11-30,40.0000,40.0938,39.4375,39.6562,0
1999-12-01,39.6250,41.4375,39.6250,41.2500,0
1999-12-02,41.4375,41.4375,40.6250,41.0391,0
1999-12-03,41.0000,41.5625,40.8125,41.2656,0
1999-12-06,41.1250,42.0000,41.0000,41.9375,0
1999-12-07,42.0000,42.5938,41.8750,41.9375,0
1999-12-08,41.8125,42.2500,41.3125,41.7422,0
1999-12-09,42.1875,43.2812,41.9375,43.0625,0
1999-12-10,42.9062,42.9062,41.3438,41.4062,0
1999-12-13,41.6875,41.9062,40.5312,41.3281,0
1999-12-14,41.0000,41.5625,41.0000,41.1875,0
1999-12-15,41.6250,42.1250,41.5312,41.5312,0
1999-12-16,40.8750,42.4062,40.8750,41.8750,0
1999-12-17,41.9688,42.1250,41.1250,41.3125,0
1999-12-20,41.6250,41.8438,40.5000,40.9609,0
1999-12-21,40.5000,41.0000,40.3125,40.3750,0
1999-12-22,40.3438,40.9375,40.0312,40.5000,0
1999-12-23,41.2188,42.0312,40.7500,41.9062,0
1999-12-27,41.9688,42.0938,40.6250,41.0000,0
1999-12-28,40.7812,41.2812,40.2500,40.3438,0
1999-12-29,40.5000,41.1562,40.4375,40.5938,0
1999-12-30,40.6875,40.6875,39.8750,40.2188,0
1999-12-31,40.2812,40.5000,40.0938,40.2812,0
2000-01-03,39.7500,40.3750,38.9375,39.1562,0
2000-01-04,38.6875,39.0938,38.2500,38.4062,0
2000-01-05,39.0000,40.8750,38.9062,40.5000,0
2000-01-06,40.3125,42.9062,40.0938,42.5938,0
2000-01-07,42.9688,43.1250,42.0000,42.4688,0
2000-01-10,42.0938,42.3125,41.7812,41.8750,0
2000-01-11,41.8750,42.6250,41.8125,42.0000,0
2000-01-12,41.6250,42.1875,41.4062,41.7500,0
2000-01-13,41.7500,43.0000,41.5625,42.7188,0
2000-01-14,42.7500,42.7500,41.5000,41.8750,0
2000-01-18,41.3750,42.7500,41.1875,42.3750,0
2000-01-19,42.1250,42.9375,41.8438,42.7812,0
2000-01-20,42.5938,42.6250,41.3438,41.8438,0
2000-01-21,42.0000,42.5938,41.6562,42.5000,0
2000-01-24,42.7188,43.1562,41.5000,42.1250,0
2000-01-25,42.0000,43.0625,41.9062,42.0312,0
2000-01-26,42.0312,42.2812,41.3438,41.7500,0
2000-01-27,41.6562,41.6562,39.8750,40.5000,0
2000-01-28,40.0000,40.5000,39.4375,39.4375,0
2000-01-31,39.3125,41.7812,38.9375,41.4375,0
2000-02-01,41.6562,41.7188,40.6875,41.5938,0
2000-02-02,41.6250,42.4375,41.6250,41.9062,0
2000-02-03,41.7188,42.0000,40.0312,41.1875,0
2000-02-04,41.7500,41.7500,40.0312,40.4375,0
2000-02-07,39.7500,40.6250,39.7500,40.3750,0
2000-02-08,40.5000,40.9375,39.3438,39.4688,0
2000-02-09,38.3750,38.6562,38.0000,38.1250,0
2000-02-10,38.1250,38.8438,37.6562,37.9375,0
2000-02-11,38.0000,38.3438,36.3438,36.9375,0
2000-02-14,37.2500,38.4688,37.2188,38.2188,0
2000-02-15,38.8750,40.2812,38.7188,39.6562,0
2000-02-16,39.5000,40.1875,39.1875,40.0000,0
2000-02-17,39.5000,39.5000,38.6562,38.9375,0
2000-02-18,38.6562,38.6875,37.5000,37.5000,0
2000-02-22,38.1250,38.4688,37.2500,37.7188,0
2000-02-23,37.0625,37.9062,36.5625,37.3125,0
2000-02-24,36.3438,36.7188,35.7500,36.4062,0
2000-02-25,36.2812,37.1875,35.0000,35.5312,0
2000-02-28,35.5000,37.6562,34.9375,36.7500,0
2000-02-29,36.7500,37.8125,36.4688,37.6562,0
2000-03-01,37.6875,38.1250,36.5938,38.0312,0
2000-03-02,38.0000,38.8438,37.7812,38.5000,0
2000-03-03,38.2500,38.2500,37.1250,37.8438,0
2000-03-06,37.0000,37.5000,36.0000,36.4688,0
2000-03-07,36.0625,40.5000,36.0000,40.0000,0
2000-03-08,38.7500,41.0000,38.7500,39.8125,0
2000-03-09,39.0000,40.2812,38.7188,40.2188,0
2000-03-10,40.0000,40.0938,38.1562,38.5156,0
2000-03-13,38.2500,38.9688,37.1875,37.9375,0
2000-03-14,37.5625,39.0000,37.3125,38.6250,0
2000-03-15,38.5938,39.0000,37.3438,38.8750,0
2000-03-16,39.0000,39.9688,37.9375,39.8750,0
2000-03-17,39.6562,39.8438,38.5000,38.5625,0
2000-03-20,38.0938,38.6562,37.1562,37.4375,0
2000-03-21,37.8750,38.8750,37.8125,38.5000,0
2000-03-22,38.5000,38.5000,37.2188,37.4688,0
2000-03-23,37.3125,38.0312,37.1562,37.7500,0
2000-03-24,37.8750,38.7812,37.8125,38.6250,0
2000-03-27,38.6250,39.0938,37.8750,38.2578,0
2000-03-28,37.8125,39.5000,37.8125,39.5000,0
2000-03-29,39.0938,40.9688,38.8750,40.2500,0
2000-03-30,40.7188,40.9062,38.8438,39.3125,0
2000-03-31,39.4375,39.9688,38.9062,39.0000,0
2000-04-03,38.8750,40.3750,38.8438,40.2500,0
2000-04-04,39.9688,41.4375,39.9688,41.2500,0
2000-04-05,41.0000,41.5625,39.7500,39.8750,0
2000-04-06,40.2812,41.0000,40.0312,40.8750,0
2000-04-07,40.5000,40.6875,39.5312,39.7812,0
2000-04-10,39.5000,39.8125,39.0625,39.1250,0
2000-04-11,39.4688,40.4688,39.3438,39.6875,0
2000-04-12,40.0000,40.7500,39.8438,39.9688,0
2000-04-13,39.9688,40.5000,39.4062,40.0000,0
2000-04-14,39.9062,40.8750,39.0000,39.3750,0
2000-04-17,39.3125,39.6875,37.5625,37.7500,0
2000-04-18,38.0000,38.4062,37.5000,38.0938,0
2000-04-19,38.1250,39.2188,38.0000,38.7188,0
2000-04-20,38.7188,39.5000,38.5312,39.5000,0
2000-04-24,39.3125,40.5000,38.5938,39.9375,0
2000-04-25,40.1250,40.7500,40.0625,40.5000,0
2000-04-26,40.5000,40.5000,39.6562,40.0625,0
2000-04-27,39.8125,40.4688,39.3125,40.3438,0
2000-04-28,40.2188,40.2188,38.8438,38.8438,0
2000-05-01,39.1562,39.5312,38.8438,39.0000,0
2000-05-02,39.0938,39.7812,39.0000,39.1250,0
2000-05-03,39.1875,39.2188,38.5000,38.7500,0
2000-05-04,39.0000,39.8438,38.9062,39.7500,0
2000-05-05,39.3750,40.0000,39.3438,40.0000,0
2000-05-08,39.9375,40.3750,39.6875,40.2188,0
2000-05-09,40.2500,40.4375,39.3750,39.7188,0
2000-05-10,39.8438,41.0625,39.8125,40.7500,0
2000-05-11,40.9062,41.6875,40.7500,41.4688,0
2000-05-12,41.2188,41.3438,40.8438,41.0156,0
2000-05-15,40.9688,41.9375,40.8750,41.8125,0
2000-05-16,41.6250,41.8438,41.1250,41.6250,0
2000-05-17,41.0000,41.2500,40.2500,40.6875,0
2000-05-18,40.7500,41.1875,40.4688,40.7266,0
2000-05-19,40.0938,41.0625,39.9688,40.8750,0
2000-05-22,41.1875,41.9688,41.1250,41.6562,0
2000-05-23,41.7188,41.7812,40.8125,41.5000,0
2000-05-24,41.4062,41.7188,41.0312,41.4688,0
2000-05-25,41.1875,41.2812,40.3438,40.7188,0
2000-05-26,40.8438,41.5625,40.7812,41.1875,0
2000-05-30,41.0000,41.8125,40.9062,41.7500,0
2000-05-31,41.5000,41.9375,41.1562,41.6562,0
2000-06-01,41.7812,41.7812,40.4375,41.4688,0
2000-06-02,40.5312,40.9688,39.3125,39.5938,0
2000-06-05,39.5000,39.8750,39.5000,39.6562,0
2000-06-06,39.5000,41.2500,39.3750,41.1562,0
2000-06-07,41.0000,41.2188,40.4375,40.5625,0
2000-06-08,40.0625,40.3125,39.9688,40.0312,0
2000-06-09,40.0000,40.2812,39.5625,39.5938,0
2000-06-12,39.9375,40.8438,39.9375,40.3750,0
2000-06-13,40.6250,41.0000,40.5000,40.5938,0
2000-06-14,40.9688,41.8750,40.8750,41.3125,0
2000-06-15,41.2500,41.7500,40.8750,41.2188,0
2000-06-16,41.3125,42.1875,41.3125,42.1875,0
2000-06-19,41.9688,42.1250,41.2500,42.0312,0
2000-06-20,41.2500,41.6875,40.8750,41.6250,0
2000-06-21,41.0000,42.2188,40.9062,41.9766,0
2000-06-22,42.1875,42.3750,41.0000,41.3438,0
2000-06-23,41.6875,41.8750,41.3438,41.5625,0
2000-06-26,41.6250,42.0938,41.3750,41.6797,0
2000-06-27,41.7188,41.8125,40.9688,41.0312,0
2000-06-28,41.0312,41.3125,40.7812,41.0625,0
2000-06-29,40.7812,41.0000,40.5000,40.6016,0
2000-06-30,40.3438,40.4688,38.8438,39.2500,0
2000-07-03,39.4062,39.8750,39.3750,39.7734,0
2000-07-05,39.4688,39.4688,38.2812,38.4688,0
2000-07-06,38.8750,39.6875,38.7812,39.0938,0
2000-07-07,39.3125,39.6875,39.0000,39.2578,0
2000-07-10,39.2500,39.5938,39.0000,39.0625,0
2000-07-11,39.0625,40.3750,39.0625,40.2812,0
2000-07-12,40.1562,40.2500,39.3047,39.3047,0
2000-07-13,39.2500,39.3125,38.6875,39.0000,0
2000-07-14,38.7188,38.9375,38.2188,38.7812,0
2000-07-17,39.9688,39.9688,38.8750,39.3750,0
2000-07-18,39.0312,39.4688,38.7500,39.0938,0
2000-07-19,39.3125,39.6562,39.0625,39.3438,0
2000-07-20,39.2812,39.7500,39.0000,39.0625,0
2000-07-21,39.3438,39.3750,38.4375,38.5625,0
2000-07-24,38.5000,38.6562,37.9375,38.6250,0
2000-07-25,38.5000,38.7500,37.5625,37.6875,0
2000-07-26,38.1562,38.4375,37.8750,38.0938,0
2000-07-27,38.5000,40.5000,38.5000,40.2500,0
2000-07-28,40.0312,40.4688,39.8125,40.0000,0
2000-07-31,40.0312,40.5625,39.5938,40.0938,0
2000-08-01,40.4688,40.7812,39.8750,40.0000,0
2000-08-02,40.7188,41.5625,40.6250,41.4375,0
2000-08-03,41.3750,41.7812,40.5000,40.7188,0
2000-08-04,40.6250,41.0625,39.9688,40.8516,0
2000-08-07,40.4375,40.7188,40.3438,40.4453,0
2000-08-08,40.4375,40.5938,40.1875,40.3984,0
2000-08-09,40.8125,41.1250,40.5312,40.5312,0
2000-08-10,40.5000,41.0312,40.5000,40.5000,0
2000-08-11,41.2188,41.2188,40.5625,40.6875,0
2000-08-14,41.0938,41.5000,40.7812,41.2812,0
2000-08-15,41.5000,41.6875,40.6250,40.6562,0
2000-08-16,40.8438,41.3828,40.8125,41.3828,0
2000-08-17,41.3750,42.0000,41.3750,41.9062,0
2000-08-18,41.5938,41.8438,41.1250,41.4609,0
2000-08-21,41.5000,41.8750,41.3750,41.7500,0
2000-08-22,41.9062,42.0000,41.5000,41.5625,0
2000-08-23,41.8750,42.3750,41.8750,42.2500,0
2000-08-24,41.6875,41.6875,41.2500,41.4688,0
2000-08-25,41.5000,41.8438,41.2188,41.4688,0
2000-08-28,41.3438,41.9062,41.2812,41.4062,0
2000-08-29,41.4062,41.5000,41.1250,41.2578,0
2000-08-30,41.1562,41.1875,40.5938,40.6797,0
2000-08-31,40.8750,41.1250,40.6875,40.8203,0
2000-09-01,41.0000,41.4375,40.8750,41.2500,0
2000-09-05,41.5625,41.7500,41.2812,41.6875,0
2000-09-06,41.7812,42.0312,41.5000,41.5000,0
2000-09-07,41.7500,42.0938,41.7500,41.8750,0
2000-09-08,41.5312,41.7500,41.1250,41.7500,0
2000-09-11,41.7500,42.7500,41.7188,42.4922,0
2000-09-12,42.8750,43.2188,42.3750,42.8750,0
2000-09-13,42.9062,42.9062,42.6250,42.9062,0
2000-09-14,42.7812,42.8438,42.4062,42.6328,0
2000-09-15,43.4375,44.9375,43.3125,44.0000,0
2000-09-18,44.5625,45.3750,44.5000,44.8203,0
2000-09-19,44.5312,44.6250,43.9375,44.0000,0
2000-09-20,44.0938,44.7188,43.2188,43.2500,0
2000-09-21,43.1250,43.4375,42.7812,43.1562,0
2000-09-22,43.1562,43.3750,42.4375,43.2500,0
2000-09-25,42.9375,43.0312,42.1562,42.9297,0
2000-09-26,43.0000,43.9062,43.0000,43.3125,0
2000-09-27,43.3750,44.7500,43.3438,44.6250,0
2000-09-28,44.6562,44.9375,44.2812,44.5703,0
2000-09-29,44.8125,44.9688,44.5000,44.5547,0
2000-10-02,44.6875,45.8438,44.6875,45.7188,0
2000-10-03,45.4688,45.8125,45.2500,45.4062,0
2000-10-04,45.0938,45.1562,44.3750,44.6250,0
2000-10-05,44.3125,44.8750,43.9688,44.5938,0
2000-10-06,44.9688,45.6562,44.5312,44.7188,0
2000-10-09,44.7188,45.7812,44.6250,45.5625,0
2000-10-10,45.8438,46.9062,45.7500,46.6562,0
2000-10-11,46.9688,47.7188,46.6875,46.8750,0
2000-10-12,46.5000,47.4375,46.4688,47.0625,0
2000-10-13,46.5938,46.7188,44.7812,45.2500,0
2000-10-16,45.2500,45.2500,43.7188,43.9062,0
2000-10-17,44.4375,44.8750,43.6562,43.9062,0
2000-10-18,44.5000,44.8438,43.2188,43.2812,0
2000-10-19,43.1875,44.0938,42.9062,43.2500,0
2000-10-20,43.1562,44.2188,43.1562,44.2188,0
2000-10-23,44.1875,44.5938,43.5625,44.5312,0
2000-10-24,45.0000,45.1250,43.2500,43.3750,0
2000-10-25,44.2500,44.2500,43.5000,43.5938,0
2000-10-26,44.0938,44.4688,43.7812,43.8750,0
2000-10-27,43.2500,43.8438,43.1250,43.7812,0
2000-10-30,43.7812,44.9062,43.7812,44.7188,0
2000-10-31,44.7188,44.9375,43.7812,44.5938,0
2000-11-01,44.9688,46.0312,44.9688,46.0312,0
2000-11-02,45.4688,45.5000,44.0625,44.0938,0
2000-11-03,44.0000,44.4688,43.6875,43.7500,0
2000-11-06,43.8750,44.5938,43.4062,44.3438,0
2000-11-07,44.4688,45.1875,44.3125,44.5000,0
2000-11-08,44.5000,45.5312,44.5000,45.3438,0
2000-11-09,45.4375,45.6250,44.0938,44.9375,0
2000-11-10,44.9375,45.3438,44.7812,44.7812,0
2000-11-13,44.8125,45.5938,44.1562,44.9688,0
2000-11-14,44.8750,45.3438,44.6250,44.9375,0
2000-11-15,45.3750,45.6875,44.9375,45.1875,0
2000-11-16,45.1562,45.8438,44.9688,45.3438,0
2000-11-17,45.3438,45.5000,44.9062,45.1562,0
2000-11-20,45.2812,45.9688,45.2812,45.6875,0
2000-11-21,45.5938,47.1875,45.5938,46.5625,0
2000-11-22,46.2500,47.1875,46.0625,47.1250,0
2000-11-24,47.0312,47.3438,46.9688,47.2188,0
2000-11-27,46.7500,47.0000,46.3750,46.5625,0
2000-11-28,46.2812,47.1562,46.1562,46.5312,0
2000-11-29,46.0938,46.0938,44.3438,44.4688,0
2000-11-30,44.7500,45.0000,43.2812,44.0000,0
2000-12-01,43.9688,44.7188,43.9688,44.4062,0
2000-12-04,44.4062,45.5000,44.3750,45.3438,0
2000-12-05,45.1250,45.6875,43.8750,44.1875,0
2000-12-06,43.5625,44.0000,42.8438,43.1250,0
2000-12-07,43.2500,44.6250,43.2500,44.0000,0
2000-12-08,44.0312,44.6562,43.4062,44.2500,0
2000-12-11,44.2812,44.3438,42.8125,42.8750,0
2000-12-12,43.5938,43.6875,42.9688,43.2812,0
2000-12-13,43.3750,44.1562,43.3750,43.8438,0
2000-12-14,43.3750,43.5938,42.5625,42.7500,0
2000-12-15,42.2500,43.2500,42.0625,42.0625,0
2000-12-18,42.1250,43.4375,42.0312,43.1875,0
2000-12-19,43.0625,44.2500,43.0625,43.5938,0
2000-12-20,43.6250,43.7500,42.5625,42.5938,0
2000-12-21,42.5000,43.3750,42.3750,42.3750,0
2000-12-22,42.4375,43.4688,42.3125,43.4062,0
2000-12-26,43.4062,44.4062,43.4062,44.2812,0
2000-12-27,44.4062,44.6562,43.5938,43.8750,0
2000-12-28,43.8125,43.8750,43.3125,43.4375,0
2000-12-29,43.5000,44.0000,43.0000,43.4688,0
2001-01-02,43.3438,44.6875,43.2500,44.5625,0
2001-01-03,44.5625,44.8750,42.6250,42.6250,0
2001-01-04,42.8125,42.8750,40.9688,41.4375,0
2001-01-05,41.4375,42.5312,41.4062,41.6250,0
2001-01-08,41.7500,42.0938,41.3750,41.4375,0
2001-01-09,41.3125,41.3125,40.7188,41.0000,0
2001-01-10,41.1250,41.2188,40.2188,40.5000,0
2001-01-11,40.8125,41.4375,40.6875,40.8750,0
2001-01-12,40.8750,41.5000,40.4688,41.4062,0
2001-01-16,40.9375,41.2188,40.2812,40.9062,0
2001-01-17,40.5312,40.7188,39.8125,40.1250,0
2001-01-18,40.2812,40.3125,39.5000,39.5625,0
2001-01-19,39.4375,39.9375,39.3438,39.7188,0
2001-01-22,39.8750,40.3125,39.6250,40.1250,0
2001-01-23,40.2500,40.9688,40.0625,40.9062,0
2001-01-24,41.1250,41.2500,40.5000,40.8125,0
2001-01-25,41.1562,41.4062,41.0000,41.2500,0
2001-01-26,41.2500,41.2812,40.3438,40.5000,0
2001-01-29,40.0250,40.6000,39.8450,40.1000,0
2001-01-30,40.7500,41.2250,40.1000,40.9900,0
2001-01-31,41.3750,42.1900,41.3750,42.0750,0
2001-02-01,42.0750,42.0750,41.4000,41.7450,0
2001-02-02,41.9000,42.2500,41.4500,41.4950,0
2001-02-05,41.6250,42.5500,41.6250,42.4000,0
2001-02-06,42.4750,42.4800,41.8000,42.1700,0
2001-02-07,42.2500,42.5750,41.9050,42.1800,0
2001-02-08,42.3750,42.7000,42.0000,42.2500,0
2001-02-09,42.3750,43.3250,42.3750,42.9300,0
2001-02-12,42.9300,43.1250,42.6850,42.8800,0
2001-02-13,42.4750,42.6750,42.2000,42.3950,0
2001-02-14,41.9750,42.4750,41.7500,41.9650,0
2001-02-15,41.6000,41.7000,40.7750,41.2500,0
2001-02-16,41.6000,42.3700,41.5000,42.0100,0
2001-02-20,41.8000,42.1950,41.3250,41.9000,0
2001-02-21,42.4000,42.6000,41.7500,41.7600,0
2001-02-22,42.0000,42.2500,41.7500,42.1050,0
2001-02-23,42.0000,42.1050,41.3800,41.7500,0
2001-02-26,41.4250,42.0000,41.3250,41.9000,0
2001-02-27,41.9500,42.0500,40.9500,41.1500,0
2001-02-28,41.2500,41.4800,40.4500,40.5250,0
2001-03-01,40.4000,41.2500,40.3850,40.7000,0
2001-03-02,41.3500,41.9350,41.0900,41.6050,0
2001-03-05,41.4750,42.2000,41.4350,41.9250,0
2001-03-06,42.0500,42.1500,41.6000,41.8000,0
2001-03-07,42.0500,42.1750,41.7050,42.1050,0
2001-03-08,42.1050,42.9250,42.0050,42.9250,0
2001-03-09,42.8000,43.2450,42.6300,42.9950,0
2001-03-12,42.9950,42.9950,41.8750,41.8800,0
2001-03-13,41.6000,41.7650,41.2400,41.6500,0
2001-03-14,41.1500,41.5000,40.9750,41.3200,0
2001-03-15,41.8750,41.8750,40.7250,41.4750,0
2001-03-16,40.9250,41.4500,40.8400,40.8500,0
2001-03-19,40.7000,41.4200,40.6250,40.6300,0
2001-03-20,40.6500,41.3350,40.3050,40.3300,0
2001-03-21,40.2150,40.6200,39.7900,39.9050,0
2001-03-22,39.8750,40.0250,37.6000,38.8500,0
2001-03-23,38.3750,38.9750,38.2550,38.4500,0
2001-03-26,38.9950,39.3700,38.8950,39.1250,0
2001-03-27,39.6500,40.5500,39.5350,40.3200,0
2001-03-28,39.8500,40.0000,38.9000,39.3250,0
2001-03-29,38.9500,39.3500,38.7000,39.1450,0
2001-03-30,39.5250,40.5000,39.5000,40.5000,0
2001-04-02,40.5000,40.6500,39.5300,39.8000,0
2001-04-03,39.6500,39.7250,38.5000,38.9500,0
2001-04-04,38.9500,39.8600,38.9150,39.3500,0
2001-04-05,39.9500,40.4950,39.6500,40.4650,0
2001-04-06,40.5000,41.0500,39.5500,41.0500,0
2001-04-09,41.0500,41.5200,40.9600,41.2550,0
2001-04-10,41.7500,42.2450,41.5000,42.0000,0
2001-04-11,41.5250,41.6000,40.8000,40.9700,0
2001-04-12,40.9750,41.4300,40.7550,41.0000,0
2001-04-16,41.0600,42.2900,41.0600,42.2750,0
2001-04-17,41.7500,42.3950,41.7500,42.3550,0
2001-04-18,42.3500,42.7050,41.8550,42.5650,0
2001-04-19,42.2750,42.6000,41.8450,42.2250,0
2001-04-20,42.1500,42.6950,42.1500,42.5850,0
2001-04-23,42.9750,44.0150,42.9500,44.0000,0
2001-04-24,44.0000,44.5000,43.6000,43.7450,0
2001-04-25,44.0000,44.9150,43.8500,44.5450,0
2001-04-26,44.6500,44.7750,44.2750,44.4250,0
2001-04-27,44.5500,44.6300,44.1000,44.5300,0
2001-04-30,44.4500,44.9400,44.2750,44.3000,0
2001-05-01,44.4000,44.5200,44.0750,44.4000,0
2001-05-02,43.8250,43.8300,43.1300,43.2500,0
2001-05-03,43.2500,43.4000,42.7250,43.0500,0
2001-05-04,43.0550,43.8950,43.0550,43.7750,0
2001-05-07,43.7750,44.4100,43.6250,44.0950,0
2001-05-08,44.0500,44.5750,43.8000,44.3700,0
2001-05-09,44.5500,44.8750,44.4450,44.8600,0
2001-05-10,44.6500,44.6900,44.0150,44.0500,0
2001-05-11,44.0500,44.0500,43.3250,43.8200,0
2001-05-14,44.1000,44.7200,44.0500,44.5300,0
2001-05-15,44.5300,44.7700,44.3250,44.7250,0
2001-05-16,44.7250,45.0000,44.5200,44.7500,0
2001-05-17,44.5750,44.5800,44.1350,44.3650,0
2001-05-18,44.4750,45.1250,44.4000,45.1000,0
2001-05-21,45.2250,45.3250,44.3600,44.3750,0
2001-05-22,44.4000,44.5100,44.2400,44.4050,0
2001-05-23,44.4050,44.4050,43.4900,43.6350,0
2001-05-24,43.9250,44.0800,43.6500,43.9650,0
2001-05-25,43.8650,44.3400,43.8550,44.0500,0
2001-05-29,44.4500,44.6100,43.9000,43.9000,0
2001-05-30,44.2000,45.0000,43.9950,44.4350,0
2001-05-31,44.1500,44.6700,44.1500,44.3750,0
2001-06-01,44.5000,44.5500,44.0850,44.4750,0
2001-06-04,44.9000,45.4250,44.8550,45.4150,0
2001-06-05,45.4150,45.8350,44.9150,45.7750,0
2001-06-06,45.2750,45.3750,44.6100,44.7000,0
2001-06-07,44.8250,44.9900,44.4750,44.5900,0
2001-06-08,44.5000,44.7600,44.1950,44.6950,0
2001-06-11,44.7500,45.2500,44.6500,44.8500,0
2001-06-12,45.2400,45.2400,44.7050,45.0600,0
2001-06-13,45.1850,45.3600,44.7500,44.9900,0
2001-06-14,44.5000,44.9000,44.2750,44.4250,0
2001-06-15,44.4000,45.1400,44.3750,44.4500,0
2001-06-18,44.6100,44.6100,44.1600,44.2500,0
2001-06-19,44.3750,44.4400,44.0250,44.1850,0
2001-06-20,43.9500,44.5750,43.8500,43.8650,0
2001-06-21,43.8500,44.2050,43.3550,44.2050,0
2001-06-22,44.2500,44.5100,43.9250,44.4550,0
2001-06-25,44.0100,44.5650,44.0100,44.2600,0
2001-06-26,44.2000,44.5000,44.1900,44.2800,0
2001-06-27,44.0250,44.0750,43.6050,43.6100,0
2001-06-28,43.1750,43.5150,43.0800,43.4100,0
2001-06-29,43.4100,43.9550,43.2750,43.6750,0
2001-07-02,44.1250,44.4000,43.7250,43.8500,0
2001-07-03,43.8250,43.8250,43.4300,43.6700,0
2001-07-05,43.7500,44.0950,43.4300,43.5000,0
2001-07-06,43.8000,43.9000,43.1500,43.4000,0
2001-07-09,43.5250,43.5250,43.0900,43.3600,0
2001-07-10,43.2500,43.3150,42.8750,42.8800,0
2001-07-11,42.7500,42.8800,42.0250,42.4750,0
2001-07-12,42.0750,42.9600,42.0500,42.7250,0
2001-07-13,42.7250,43.4900,42.6650,42.9900,0
2001-07-16,43.0750,43.4950,42.7800,42.9950,0
2001-07-17,43.1100,43.2950,42.4750,42.6500,0
2001-07-18,42.2500,42.3750,41.7250,42.1250,0
2001-07-19,43.2000,43.5500,42.6000,43.0800,0
2001-07-20,43.1500,43.6000,43.1500,43.3600,0
2001-07-23,43.5000,43.7200,42.1500,42.5000,0
2001-07-24,42.4800,42.4800,40.5200,40.9700,0
2001-07-25,41.4000,42.4000,41.1500,42.1300,0
2001-07-26,41.3000,42.7500,41.2900,42.7200,0
2001-07-27,42.5500,42.9500,41.8600,42.7300,0
2001-07-30,42.4000,42.7000,42.1600,42.4100,0
2001-07-31,42.2000,42.8900,41.7500,41.7600,0
2001-08-01,42.4500,42.4900,41.5100,41.6000,0
2001-08-02,41.5200,41.9000,41.3900,41.7300,0
2001-08-03,41.9000,41.9200,40.8000,41.2600,0
2001-08-06,41.2600,41.3500,40.7300,40.8500,0
2001-08-07,41.0000,41.4000,40.8800,41.3800,0
2001-08-08,41.7500,41.9500,40.9900,41.2500,0
2001-08-09,40.8000,41.2400,40.6000,40.9500,0
2001-08-10,41.3000,41.8000,40.7500,41.3500,0
2001-08-13,41.4000,41.7900,41.2600,41.4000,0
2001-08-14,41.4600,41.7000,40.8200,41.1500,0
2001-08-15,41.5000,41.8500,41.0000,41.5000,0
2001-08-16,41.3500,41.6400,40.8600,41.2900,0
2001-08-17,41.2900,41.2900,40.1800,40.4700,0
2001-08-20,40.4200,40.8700,40.3500,40.7500,0
2001-08-21,40.8500,41.0000,40.0500,40.3900,0
2001-08-22,40.8500,41.2500,40.6200,40.7100,0
2001-08-23,40.5100,41.2400,40.5100,40.8900,0
2001-08-24,41.1400,41.7000,40.7200,41.7000,0
2001-08-27,41.7000,41.7700,41.0000,41.0500,0
2001-08-28,41.1000,41.2300,40.5000,40.5100,0
2001-08-29,40.9700,41.1700,40.3800,40.3800,0
2001-08-30,40.7900,41.2600,40.1500,40.1500,0
2001-08-31,40.4700,40.8900,40.1100,40.1500,0
2001-09-04,40.6000,41.3500,40.5100,40.7500,0
2001-09-05,40.8500,41.3000,40.1000,41.2200,0
2001-09-06,41.1900,41.5000,40.6000,40.9000,0
2001-09-07,40.4800,41.2900,40.3500,40.9000,0
2001-09-10,40.7000,41.3500,40.4000,41.2400,0
2001-09-17,41.2400,41.4500,39.7700,40.1500,0
2001-09-18,40.1500,40.2500,39.0200,39.4800,0
2001-09-19,39.4800,39.4900,36.1300,38.4100,0
2001-09-20,37.4500,37.7500,36.8000,37.0200,0
2001-09-21,35.5000,37.0500,35.0100,35.8300,0
2001-09-24,36.0000,36.8500,35.4000,35.8600,0
2001-09-25,35.6100,36.3000,35.2500,36.2800,0
2001-09-26,36.7500,36.9500,35.7800,36.0100,0
2001-09-27,36.7000,38.5500,36.5000,38.4200,0
2001-09-28,39.5000,39.6000,38.9000,39.4000,0
2001-10-01,39.2500,39.7500,38.0500,39.0900,0
2001-10-02,39.0800,39.9900,38.6000,39.9900,0
2001-10-03,39.6000,40.0500,39.0000,39.8400,0
2001-10-04,39.7000,41.2900,39.6600,40.5800,0
2001-10-05,41.1500,41.2900,39.9600,40.6900,0
2001-10-08,40.3900,41.2600,40.0200,40.9400,0
2001-10-09,41.2000,41.2500,40.3800,41.0600,0
2001-10-10,41.0600,42.4900,40.9000,42.2800,0
2001-10-11,42.2800,42.7000,41.7700,42.0900,0
2001-10-12,42.0900,42.5400,41.5100,42.2900,0
2001-10-15,41.9500,42.1900,41.4100,41.6500,0
2001-10-16,41.6600,42.0000,41.3200,41.7500,0
2001-10-17,41.8000,42.3500,41.4200,41.4400,0
2001-10-18,40.8000,41.2600,40.1600,40.4000,0
2001-10-19,40.2900,40.9000,39.6100,40.5400,0
2001-10-22,40.4900,41.3400,40.2000,41.1200,0
2001-10-23,40.6800,41.5200,40.4600,40.8700,0
2001-10-24,40.5000,40.5400,39.7800,39.8600,0
2001-10-25,39.3000,40.5900,39.3000,40.5600,0
2001-10-26,40.4000,41.2000,40.3000,41.0600,0
2001-10-29,40.6300,40.9900,40.4800,40.6800,0
2001-10-30,39.7500,40.0700,39.2700,39.4600,0
2001-10-31,39.4600,40.3900,39.3500,39.4500,0
2001-11-01,39.4500,40.5300,39.0500,40.4900,0
2001-11-02,39.8000,39.9300,39.3700,39.7600,0
2001-11-05,40.0000,40.0900,39.0000,39.3900,0
2001-11-06,38.8500,39.4900,38.2600,39.4700,0
2001-11-07,39.0000,39.5300,38.6500,39.0800,0
2001-11-08,39.2800,39.6400,39.1500,39.5000,0
2001-11-09,39.9000,40.4000,39.8100,40.2500,0
2001-11-12,39.4000,40.2100,39.4000,40.0600,0
2001-11-13,40.0200,40.5800,39.9000,40.5000,0
2001-11-14,39.9000,40.3400,38.4200,38.7000,0
2001-11-15,38.1000,38.1100,36.7900,37.1900,0
2001-11-16,37.3100,37.6100,36.9300,37.5400,0
2001-11-19,37.4000,37.5000,36.7600,37.0100,0
2001-11-20,37.9700,38.4400,37.6000,37.9600,0
2001-11-21,38.3000,38.7000,37.8000,37.8800,0
2001-11-23,37.7500,38.6500,37.4100,38.4400,0
2001-11-26,38.0500,38.2500,37.3500,37.7700,0
2001-11-27,37.5200,37.9300,37.0000,37.3500,0
2001-11-28,37.1500,37.4300,36.8100,37.1000,0
2001-11-29,37.3500,37.6900,37.1100,37.4500,0
2001-11-30,37.6300,37.7000,37.1900,37.4000,0
2001-12-03,37.4000,38.2000,37.0400,37.6600,0
2001-12-04,38.0000,38.3700,37.6000,38.3100,0
2001-12-05,38.8500,38.9500,38.5000,38.8800,0
2001-12-06,38.7500,38.7500,37.3000,37.3300,0
2001-12-07,37.5000,38.2500,37.3000,38.0700,0
2001-12-10,38.0700,38.0900,37.5100,37.5500,0
2001-12-11,37.6700,38.0500,36.7500,36.8100,0
2001-12-12,37.1500,37.5400,36.9100,37.4200,0
2001-12-13,37.6000,37.6000,36.4100,36.4400,0
2001-12-14,36.6400,37.2000,36.5200,36.8600,0
2001-12-17,36.8000,37.5200,36.5400,37.4700,0
2001-12-18,37.5800,37.7500,37.4100,37.5500,0
2001-12-19,37.5500,38.5000,37.4100,38.3500,0
2001-12-20,38.5500,38.7600,38.1400,38.3000,0
2001-12-21,38.6000,39.4700,38.5000,38.5000,0
2001-12-24,38.8500,39.4500,38.8200,39.0000,0
2001-12-26,39.1500,40.3000,39.1200,39.6000,0
2001-12-27,39.6100,40.1400,39.4500,39.7900,0
2001-12-28,39.9500,40.1000,39.6600,39.7800,0
2001-12-31,39.8800,40.0000,39.1600,39.3000,0
2002-01-02,39.3000,39.6000,38.9000,39.6000,0
2002-01-03,39.8500,39.9800,39.4100,39.6600,0
2002-01-04,39.7000,40.0700,39.6000,40.0000,0
2002-01-07,39.7500,40.0900,39.4900,39.6500,0
2002-01-08,39.9000,39.9900,39.5000,39.7000,0
2002-01-09,39.6000,39.9700,39.1000,39.2400,0
2002-01-10,39.2400,39.7700,39.0600,39.3900,0
2002-01-11,39.3900,39.6000,38.4500,38.5000,0
2002-01-14,38.6000,39.2000,38.5000,38.6400,0
2002-01-15,38.8900,39.5500,38.8800,39.3000,0
2002-01-16,39.0000,39.0100,38.4600,38.5000,0
2002-01-17,38.6200,39.0300,38.6000,38.6400,0
2002-01-18,38.6400,38.8500,38.2800,38.4000,0
2002-01-22,38.8500,39.5000,38.0100,38.0200,0
2002-01-23,38.5000,39.1700,38.5000,38.9000,0
2002-01-24,38.6000,38.9900,38.5100,38.8000,0
2002-01-25,38.9800,39.6400,38.7000,39.1600,0
2002-01-28,39.4500,39.8700,38.7100,38.9600,0
2002-01-29,38.5000,38.9000,37.9500,37.9500,0
2002-01-30,37.9500,38.7300,37.8000,38.6900,0
2002-01-31,38.5100,39.0500,38.3000,39.0500,0
2002-02-01,39.1500,39.2000,38.8000,39.0000,0
2002-02-04,39.1000,39.2000,38.2600,38.3500,0
2002-02-05,38.6000,38.9000,37.8500,38.3300,0
2002-02-06,38.3400,38.9800,38.1300,38.9200,0
2002-02-07,38.6900,38.9900,38.2100,38.3000,0
2002-02-08,38.0500,38.3600,37.9900,38.2900,0
2002-02-11,38.2900,38.9100,37.9600,38.5000,0
2002-02-12,38.6800,38.7400,37.6000,38.4000,0
2002-02-13,38.5000,38.6700,38.1200,38.6400,0
2002-02-14,38.9800,39.4000,38.6700,39.0000,0
2002-02-15,39.1800,39.4000,38.9000,38.9000,0
2002-02-19,38.9000,39.4400,38.7200,38.7700,0
2002-02-20,38.8800,38.9900,38.4500,38.9900,0
2002-02-21,39.4500,39.7400,39.0600,39.1500,0
2002-02-22,39.4000,40.9600,39.0500,40.7200,0
2002-02-25,40.8500,41.1500,40.6200,41.0000,0
2002-02-26,41.0000,41.1100,40.6000,40.7200,0
2002-02-27,40.9200,41.5400,40.5800,40.9200,0
2002-02-28,41.4000,41.8000,41.2500,41.3000,0
2002-03-01,41.7500,42.0000,41.6500,42.0000,0
2002-03-04,42.1500,42.7000,42.1100,42.6500,0
2002-03-05,42.5000,42.9000,42.1900,42.5000,0
2002-03-06,42.5500,43.4800,42.3800,43.2100,0
2002-03-07,43.3500,43.3500,42.6000,42.8900,0
2002-03-08,43.5000,43.5200,42.6700,42.9100,0
2002-03-11,43.2500,43.7800,43.1800,43.4900,0
2002-03-12,43.5900,44.0000,43.4600,44.0000,0
2002-03-13,43.9500,44.0900,42.9500,43.1200,0
2002-03-14,43.4400,43.4500,43.0100,43.2400,0
2002-03-15,43.5000,43.9800,43.3100,43.6100,0
2002-03-18,43.7500,43.9900,43.3400,43.7400,0
2002-03-19,43.9800,43.9800,43.5200,43.8000,0
2002-03-20,43.6400,43.6700,43.3300,43.5300,0
2002-03-21,43.6700,43.6900,43.2000,43.5300,0
2002-03-22,43.5000,43.6600,43.1200,43.4700,0
2002-03-25,43.2200,43.3100,42.8400,42.8500,0
2002-03-26,42.9500,43.7500,42.9500,43.7400,0
2002-03-27,43.5800,44.1500,43.5800,43.9500,0
2002-03-28,44.0500,44.2900,43.7100,43.8300,0
2002-04-01,44.2000,44.3200,43.8000,43.8300,0
2002-04-02,43.9000,44.5700,43.8700,44.3800,0
2002-04-03,44.3800,44.4000,43.4000,43.6900,0
2002-04-04,44.1000,44.1000,42.9500,43.1500,0
2002-04-05,43.1000,43.9700,42.2500,42.6300,0
2002-04-08,43.3500,43.6900,43.0300,43.2400,0
2002-04-09,42.7000,42.9100,42.4700,42.7200,0
2002-04-10,42.5000,43.1800,42.5000,43.1800,0
2002-04-11,43.1300,43.1400,42.3400,42.4000,0
2002-04-12,41.9500,42.1000,41.2500,41.3000,0
2002-04-15,42.1000,42.3000,41.6000,41.6000,0
2002-04-16,41.9900,42.5000,41.9000,42.2800,0
2002-04-17,42.4800,42.7400,41.9200,42.2200,0
2002-04-18,42.5200,42.7500,42.0500,42.4600,0
2002-04-19,42.4600,42.6500,42.0600,42.5200,0
2002-04-22,42.4500,42.5000,41.6400,41.8500,0
2002-04-23,40.5000,41.5600,40.4200,41.3500,0
2002-04-24,41.0500,41.1700,40.2000,40.3000,0
2002-04-25,40.1000,40.7500,40.0100,40.5400,0
2002-04-26,40.6000,40.7100,39.8000,40.0000,0
2002-04-29,40.0000,40.3600,39.6000,39.7000,0
2002-04-30,40.0000,40.7000,39.8900,40.1700,0
2002-05-01,39.9000,40.6900,39.6900,40.6900,0
2002-05-02,40.5900,40.8500,40.3100,40.8000,0
2002-05-03,40.9500,41.1300,40.2100,40.5900,0
2002-05-06,40.1200,40.1700,39.1200,39.2500,0
2002-05-07,39.4900,39.5400,39.0300,39.1000,0
2002-05-08,38.8500,40.1500,38.8500,40.0100,0
2002-05-09,39.7500,39.8500,39.2500,39.3600,0
2002-05-10,39.8000,39.8000,38.7500,38.9600,0
2002-05-13,38.8200,40.1000,38.6800,40.0100,0
2002-05-14,40.4700,40.7800,40.0700,40.5800,0
2002-05-15,40.0000,40.2500,39.5100,39.7100,0
2002-05-16,39.9500,40.3800,39.9400,40.2700,0
2002-05-17,40.2800,40.3700,39.7400,40.2000,0
2002-05-20,39.9500,40.0000,39.5000,39.5900,0
2002-05-21,39.7900,40.2200,39.7300,39.7700,0
2002-05-22,40.0200,40.5900,39.8400,40.4300,0
2002-05-23,40.7500,41.0300,40.3000,40.9000,0
2002-05-24,41.0000,41.1000,40.0100,40.2300,0
2002-05-28,40.0000,40.1000,39.5500,39.8400,0
2002-05-29,39.7000,40.4200,39.5100,40.3000,0
2002-05-30,39.8500,40.3000,39.1200,39.3500,0
2002-05-31,39.6000,40.4400,39.5800,39.9300,0
2002-06-03,40.0000,40.1700,38.9900,39.0800,0
2002-06-04,39.0700,39.6400,38.7400,39.2300,0
2002-06-05,38.9800,39.7000,38.7100,39.5600,0
2002-06-06,39.9800,40.1700,38.9100,39.1500,0
2002-06-07,39.1500,39.8000,39.1100,39.4200,0
2002-06-10,39.4200,39.5500,38.9600,39.1300,0
2002-06-11,39.7300,39.7400,38.9300,39.0300,0
2002-06-12,39.2000,39.9500,39.1400,39.7000,0
2002-06-13,39.3500,39.9000,39.2200,39.3600,0
2002-06-14,39.3000,39.3500,38.5000,39.1500,0
2002-06-17,39.4500,40.2000,39.3500,40.0300,0
2002-06-18,40.0000,40.1700,39.6900,39.9300,0
2002-06-19,39.9500,40.0700,38.9900,39.3700,0
2002-06-20,39.4100,40.0800,39.4100,39.7400,0
2002-06-21,39.0000,39.9800,39.0000,39.2500,0
2002-06-24,39.2500,40.1200,39.2500,40.0000,0
2002-06-25,40.2500,40.5800,39.3400,39.6000,0
2002-06-26,39.6000,39.8000,38.9000,39.4500,0
2002-06-27,39.7400,40.2500,39.3000,40.2500,0
2002-06-28,40.1000,41.0200,40.0700,40.9200,0
2002-07-01,40.7700,41.1000,40.4800,40.6500,0
2002-07-02,40.8000,40.8500,39.8000,40.1600,0
2002-07-03,40.1500,40.3700,39.6200,39.9100,0
2002-07-05,39.9500,40.5200,39.7900,40.5200,0
2002-07-08,40.3500,40.6400,40.1600,40.3600,0
2002-07-09,40.3500,40.5300,39.7000,39.8000,0
2002-07-10,40.2500,40.2700,37.7000,38.2300,0
2002-07-11,38.2300,38.5000,37.0600,37.1000,0
2002-07-12,37.2600,37.4500,36.1500,36.5300,0
2002-07-15,36.1000,36.3000,33.8700,35.7500,0
2002-07-16,35.0100,35.9400,34.5200,35.2000,0
2002-07-17,35.9000,36.3900,35.3000,35.6100,0
2002-07-18,35.7600,36.3900,34.5000,34.7500,0
2002-07-19,33.6500,34.4900,31.7000,32.4000,0
2002-07-22,32.4000,32.7000,29.7500,30.2700,0
2002-07-23,30.7000,31.2500,29.9900,30.9200,0
2002-07-24,30.9000,34.1500,30.5000,33.9300,0
2002-07-25,33.9400,34.7000,33.0900,33.9000,0
2002-07-26,34.0000,35.2000,33.7500,35.0900,0
2002-07-29,35.9000,36.4400,35.3400,36.3300,0
2002-07-30,36.3700,36.3700,35.2000,35.6700,0
2002-07-31,35.5200,36.8800,35.2500,36.7600,0
2002-08-01,35.2500,35.7900,33.5100,33.6500,0
2002-08-02,33.8500,34.2500,32.8000,33.6100,0
2002-08-05,33.6500,34.2400,32.3200,32.5000,0
2002-08-06,33.1500,34.2500,33.0700,33.4000,0
2002-08-07,33.7500,34.4000,33.0000,34.3000,0
2002-08-08,34.3100,36.0100,34.1000,36.0000,0
2002-08-09,35.7700,36.3000,34.9500,36.1000,0
2002-08-12,35.2700,35.9500,35.1000,35.7300,0
2002-08-13,35.1000,35.9000,34.8000,34.8400,0
2002-08-14,35.4000,36.5000,34.9100,36.3900,0
2002-08-15,36.8000,37.3700,36.5800,37.1400,0
2002-08-16,37.0900,37.2300,36.5100,36.8500,0
2002-08-19,36.5500,37.2800,36.4500,37.1600,0
2002-08-20,36.9100,37.0600,35.6100,36.1800,0
2002-08-21,36.2800,36.6200,35.8000,36.4400,0
2002-08-22,36.4400,37.2400,36.3400,37.0300,0
2002-08-23,36.8000,36.8500,35.8600,36.1500,0
2002-08-26,36.2000,36.9200,35.9500,36.6700,0
2002-08-27,37.4500,37.8000,36.4400,36.9000,0
2002-08-28,36.3500,36.6400,35.3200,35.6200,0
2002-08-29,35.0200,35.4000,34.6500,35.3900,0
2002-08-30,34.7500,36.2000,34.7500,35.4500,0
2002-09-03,34.2500,34.7000,33.4100,33.6200,0
2002-09-04,33.6900,34.0400,32.5100,33.8200,0
2002-09-05,33.0600,34.1000,32.9500,33.7700,0
2002-09-06,34.7100,34.9100,33.9800,34.3100,0
2002-09-09,34.2500,34.5000,33.6500,34.0000,0
2002-09-10,34.3900,34.8500,34.1800,34.7900,0
2002-09-11,35.0000,35.8000,34.4700,34.6000,0
2002-09-12,34.4300,34.4300,33.5000,33.5900,0
2002-09-13,33.5900,34.2500,32.8000,34.0800,0
2002-09-16,33.8300,34.4700,33.7000,34.4000,0
2002-09-17,34.4000,34.4000,32.9700,33.0700,0
2002-09-18,33.0000,33.8700,32.7600,33.2000,0
2002-09-19,32.5600,33.2800,32.2200,32.3600,0
2002-09-20,32.5900,33.0800,32.5000,32.8700,0
2002-09-23,32.6200,33.2600,32.4900,32.7200,0
2002-09-24,32.5000,32.5700,31.8000,31.9500,0
2002-09-25,32.8800,32.9400,31.7000,32.6100,0
2002-09-26,33.3500,34.3000,32.5000,34.1500,0
2002-09-27,33.9000,34.2600,32.7900,32.8200,0
2002-09-30,32.8200,32.8200,31.1800,31.9000,0
2002-10-01,32.1800,33.9200,32.0300,33.9200,0
2002-10-02,33.1000,34.5200,32.2500,32.6500,0
2002-10-03,32.8500,33.7900,32.6500,33.1800,0
2002-10-04,33.4000,33.7900,32.6800,33.0600,0
2002-10-07,33.0000,34.4000,33.0000,33.1900,0
2002-10-08,33.7000,33.7000,32.4200,32.7000,0
2002-10-09,32.1000,33.5000,32.0700,32.8300,0
2002-10-10,33.0800,33.8300,32.5300,33.7900,0
2002-10-11,34.0100,34.7400,33.6800,34.5400,0
2002-10-14,34.5000,34.9900,34.2300,34.9300,0
2002-10-15,35.2500,36.3200,35.2000,36.3000,0
2002-10-16,36.3000,36.4400,35.4800,35.5300,0
2002-10-17,36.3500,36.5000,35.7500,36.3000,0
2002-10-18,36.0500,36.5000,35.6000,36.0000,0
2002-10-21,35.7500,36.3000,35.5000,36.0000,0
2002-10-22,36.0100,36.0100,34.4600,35.1800,0
2002-10-23,34.6500,35.2400,33.9700,35.1300,0
2002-10-24,35.5000,35.5600,34.3200,34.6700,0
2002-10-25,34.2000,35.1500,34.1400,35.1100,0
2002-10-28,34.8600,35.1400,34.2200,34.6400,0
2002-10-29,33.5000,34.1100,32.5700,33.2300,0
2002-10-30,33.4500,34.1900,33.3000,34.0800,0
2002-10-31,34.3200,35.2400,33.1100,33.6600,0
2002-11-01,33.8000,34.8400,33.7200,34.6600,0
2002-11-04,34.5000,34.7500,34.0200,34.2600,0
2002-11-05,34.5100,35.8500,34.3000,35.5800,0
2002-11-06,35.3500,35.4800,34.2000,35.1100,0
2002-11-07,34.9500,35.1000,34.0100,34.4800,0
2002-11-08,34.7000,34.8000,34.4100,34.6100,0
2002-11-11,34.6500,34.8400,33.6000,33.8700,0
2002-11-12,34.2500,34.5900,33.7800,34.0400,0
2002-11-13,34.1500,34.3700,33.0000,33.4000,0
2002-11-14,33.9500,34.8500,33.8300,34.5000,0
2002-11-15,34.2500,34.9900,34.2200,34.8500,0
2002-11-18,35.0100,35.2800,34.5300,34.9700,0
2002-11-19,35.0000,35.4800,34.8600,35.2000,0
2002-11-20,34.9000,35.4000,34.8500,35.2400,0
2002-11-21,35.3800,35.4000,34.6000,34.8600,0
2002-11-22,34.8100,34.8400,34.0500,34.2200,0
2002-11-25,34.1000,34.7400,33.9200,34.6000,0
2002-11-26,34.1000,34.3700,33.8200,33.9600,0
2002-11-27,34.5500,35.0300,34.2500,34.9600,0
2002-11-29,34.9800,34.9800,34.6300,34.8000,0
2002-12-02,35.1500,35.4000,34.1000,34.5800,0
2002-12-03,34.3000,35.0700,34.3000,34.9000,0
2002-12-04,34.9100,35.1700,34.1700,34.7700,0
2002-12-05,34.7700,34.9000,34.4100,34.7700,0
2002-12-06,34.4000,35.1500,34.3400,35.1500,0
2002-12-09,35.1500,35.3500,34.3900,34.5100,0
2002-12-10,34.3000,35.0800,34.2500,35.0400,0
2002-12-11,35.1500,35.3800,34.6500,35.0200,0
2002-12-12,35.0000,35.0700,34.6600,34.8800,0
2002-12-13,34.6300,35.5400,34.5200,35.0400,0
2002-12-16,35.4000,36.0600,35.3000,35.8600,0
2002-12-17,35.9000,36.0500,35.2000,35.5200,0
2002-12-18,35.3800,35.6400,35.0100,35.5400,0
2002-12-19,35.1500,35.5800,34.9100,35.1500,0
2002-12-20,35.6500,35.8000,35.1200,35.7000,0
2002-12-23,36.0500,36.2200,35.6500,35.7500,0
2002-12-24,35.7500,35.9000,35.4000,35.4200,0
2002-12-26,35.6200,35.9600,35.2100,35.3200,0
2002-12-27,35.3500,35.5200,34.6000,34.6400,0
2002-12-30,34.8800,35.1000,34.7200,34.7500,0
2002-12-31,34.7400,35.0000,34.2100,34.9400,0
2003-01-02,35.0000,35.5500,34.9700,35.4700,0
2003-01-03,35.2500,35.6300,35.2000,35.5000,0
2003-01-06,35.4500,36.6000,35.4100,36.3800,0
2003-01-07,36.0500,36.0600,35.1400,35.1500,0
2003-01-08,35.1500,35.1900,34.8100,35.0000,0
2003-01-09,35.1000,35.8500,35.1000,35.7400,0
2003-01-10,35.3500,35.7000,35.1000,35.2400,0
2003-01-13,35.1900,35.3600,34.8800,35.1000,0
2003-01-14,34.9800,35.4500,34.8500,35.4200,0
2003-01-15,35.4000,35.4100,34.7500,34.9300,0
2003-01-16,35.1800,35.4400,34.8900,35.0900,0
2003-01-17,35.0900,35.0900,34.7000,34.7200,0
2003-01-21,34.4100,34.5500,33.9000,33.9200,0
2003-01-22,33.7600,34.1000,33.3900,33.4900,0
2003-01-23,33.3500,33.6300,33.2100,33.4100,0
2003-01-24,33.2000,33.3200,32.4000,32.6900,0
2003-01-27,32.5000,32.8500,31.5800,31.8200,0
2003-01-28,32.2500,32.9400,32.0500,32.6600,0
2003-01-29,33.4500,34.2500,32.9600,33.8500,0
2003-01-30,34.4300,34.4400,33.1900,33.2300,0
2003-01-31,33.2300,34.3600,32.9900,34.1500,0
2003-02-03,34.1600,34.6700,34.0300,34.6300,0
2003-02-04,34.5000,34.7800,33.8500,34.6300,0
2003-02-05,34.9800,35.0900,33.9500,34.1300,0
2003-02-06,33.7000,33.7700,33.1700,33.6100,0
2003-02-07,33.8500,33.9000,33.0600,33.3500,0
2003-02-10,33.5500,33.7400,33.1600,33.6100,0
2003-02-11,33.8500,33.8600,33.0100,33.3700,0
2003-02-12,33.3700,33.4500,32.6900,32.7000,0
2003-02-13,32.7000,33.3300,32.3200,33.1300,0
2003-02-14,33.0500,33.4900,32.6000,33.4400,0
2003-02-18,33.7000,34.0900,33.3600,33.7500,0
2003-02-19,33.7600,33.9300,33.4700,33.7800,0
2003-02-20,34.0000,34.1400,33.4500,33.6300,0
2003-02-21,33.9500,34.2800,33.5300,34.1800,0
2003-02-24,33.9300,34.4000,33.8200,34.0000,0
2003-02-25,33.6500,34.1900,33.5400,34.1400,0
2003-02-26,33.9100,34.1400,33.6300,33.8400,0
2003-02-27,33.9400,34.3000,33.8100,33.9800,0
2003-02-28,34.1500,34.4300,33.9200,34.0200,0
2003-03-03,34.3900,34.7300,34.2000,34.4600,0
2003-03-04,34.7000,34.7400,34.1700,34.2300,0
2003-03-05,34.2300,34.9200,34.2200,34.9200,0
2003-03-06,34.7500,34.8600,34.4100,34.5600,0
2003-03-07,34.1000,34.8800,34.0800,34.7900,0
2003-03-10,34.7900,34.8800,34.3500,34.3500,0
2003-03-11,34.7500,34.9400,34.5500,34.5700,0
2003-03-12,34.5700,34.5700,33.2300,34.0600,0
2003-03-13,34.3800,34.6400,33.9200,34.4900,0
2003-03-14,34.5500,34.8000,34.0400,34.3900,0
2003-03-17,34.4500,35.2500,34.3200,35.0500,0
2003-03-18,34.9800,35.2500,34.6200,35.2500,0
2003-03-19,35.3000,35.7300,35.2100,35.5900,0
2003-03-20,35.3700,35.8900,35.2600,35.5900,0
2003-03-21,36.0000,36.0100,35.5700,36.0000,0
2003-03-24,35.9500,36.0100,35.3000,35.3100,0
2003-03-25,35.6500,36.1500,35.5500,35.6700,0
2003-03-26,35.7500,36.1200,35.7300,35.8600,0
2003-03-27,35.7000,36.1500,35.5200,35.9200,0
2003-03-28,35.6200,36.2000,35.6200,36.0300,0
2003-03-31,35.4500,35.6500,34.8700,34.9500,0
2003-04-01,35.2500,35.8500,35.1300,35.6500,0
2003-04-02,35.9500,35.9900,35.6100,35.7000,0
2003-04-03,35.7100,35.8400,34.9400,35.0500,0
2003-04-04,35.2600,35.5700,35.2000,35.5200,0
2003-04-07,35.9800,36.0000,35.0000,35.0500,0
2003-04-08,35.0000,35.0800,34.4500,34.5800,0
2003-04-09,34.9000,35.2100,34.4000,34.4700,0
2003-04-10,34.4900,34.8000,34.3200,34.6800,0
2003-04-11,34.6000,34.9000,34.2000,34.3300,0
2003-04-14,34.2600,34.9100,34.2600,34.8700,0
2003-04-15,34.8900,35.1000,34.6100,35.0500,0
2003-04-16,35.1700,35.1700,34.4800,34.6900,0
2003-04-17,34.4700,35.0600,34.4700,35.0300,0
2003-04-21,35.1000,35.1600,34.7000,34.8700,0
2003-04-22,34.6900,35.5700,34.5000,35.4200,0
2003-04-23,35.1700,35.3400,34.8100,35.3400,0
2003-04-24,35.0500,35.3300,34.9000,35.1300,0
2003-04-25,35.0000,35.0100,34.5000,34.7900,0
2003-04-28,34.8800,35.6000,34.8200,35.4100,0
2003-04-29,35.2500,35.4000,34.7000,34.8300,0
2003-04-30,34.7200,35.3000,34.6900,35.2000,0
2003-05-01,35.3200,35.7700,34.9900,35.4800,0
2003-05-02,35.4800,36.0900,35.4800,36.0400,0
2003-05-05,36.1500,36.2100,35.4000,35.4500,0
2003-05-06,35.4800,35.6700,35.0600,35.2000,0
2003-05-07,35.2100,35.6000,35.1100,35.4100,0
2003-05-08,35.2000,35.7100,35.1300,35.3400,0
2003-05-09,35.3300,35.5600,35.1700,35.4700,0
2003-05-12,35.3700,35.6000,35.2100,35.5500,0
2003-05-13,35.5900,35.6600,35.3200,35.5300,0
2003-05-14,35.5700,35.6300,35.1200,35.2100,0
2003-05-15,35.3200,35.4400,35.0800,35.2900,0
2003-05-16,35.3000,35.5600,35.2300,35.4500,0
2003-05-19,35.1700,35.3000,35.0200,35.0400,0
2003-05-20,35.1900,35.4900,35.1200,35.3200,0
2003-05-21,35.3200,35.8300,35.0800,35.7900,0
2003-05-22,35.6400,35.9700,35.5900,35.9500,0
2003-05-23,35.8500,36.3100,35.7200,35.9800,0
2003-05-27,35.8000,36.7700,35.7500,36.7100,0
2003-05-28,36.5100,36.6900,36.2000,36.4500,0
2003-05-29,36.4500,36.5800,35.8200,35.9700,0
2003-05-30,35.9700,36.4800,35.9500,36.4000,0
2003-06-02,36.5300,36.7500,36.3600,36.5800,0
2003-06-03,36.7300,36.9800,36.5500,36.9800,0
2003-06-04,36.9700,37.4700,36.8800,37.4000,0
2003-06-05,37.3000,37.3000,36.7800,37.1600,0
2003-06-06,37.2900,37.7100,37.1500,37.3400,0
2003-06-09,37.2600,37.6000,37.2100,37.4600,0
2003-06-10,37.6000,37.6400,37.2300,37.5400,0
2003-06-11,37.7500,38.2000,37.7100,38.2000,0
2003-06-12,38.2000,38.4500,37.8700,38.2000,0
2003-06-13,38.1900,38.2500,37.4500,37.9300,0
2003-06-16,37.9300,38.3100,37.7300,38.3100,0
2003-06-17,38.3100,38.3100,37.5600,37.6700,0
2003-06-18,37.6700,37.7200,37.0500,37.3400,0
2003-06-19,37.3000,37.3000,36.8500,36.8800,0
2003-06-20,36.9800,37.2000,36.7900,36.8900,0
2003-06-23,36.8300,36.9900,36.6500,36.9400,0
2003-06-24,36.9400,37.0000,36.7500,36.9000,0
2003-06-25,36.8400,37.2200,36.6000,36.6600,0
2003-06-26,36.4500,36.8000,36.3100,36.7000,0
2003-06-27,36.6300,36.7700,36.2100,36.3700,0
2003-06-30,36.4300,36.6100,35.9100,35.9100,0
2003-07-01,35.9500,36.3000,35.5500,36.1800,0
2003-07-02,36.0300,36.2900,35.8600,36.2800,0
2003-07-03,36.1000,36.2500,35.8000,36.0600,0
2003-07-07,36.1000,36.4000,36.0000,36.0500,0
2003-07-08,35.8500,36.0100,35.5100,35.6500,0
2003-07-09,35.6500,35.9500,35.3100,35.8600,0
2003-07-10,35.8600,35.8600,35.4900,35.5000,0
2003-07-11,35.3200,35.7900,35.3200,35.6000,0
2003-07-14,35.6200,35.8500,35.2500,35.3000,0
2003-07-15,35.4000,35.4000,34.9400,35.1900,0
2003-07-16,35.2700,35.4500,34.9100,34.9200,0
2003-07-17,34.9200,35.3300,34.9000,35.2000,0
2003-07-18,35.5000,35.8900,35.1700,35.8800,0
2003-07-21,35.8000,35.8400,35.2800,35.3800,0
2003-07-22,35.4100,35.9000,35.2600,35.7200,0
2003-07-23,35.7200,35.7700,35.3000,35.6700,0
2003-07-24,35.7400,35.9300,35.2100,35.2500,0
2003-07-25,35.2500,35.7900,35.1700,35.7600,0
2003-07-28,35.7000,35.9800,35.5800,35.7500,0
2003-07-29,35.7500,35.8100,35.3200,35.4300,0
2003-07-30,35.6800,35.7400,35.3200,35.3200,0
2003-07-31,35.8700,36.1800,35.4600,35.5800,0
2003-08-01,35.5700,35.5800,35.2100,35.3300,0
2003-08-04,35.5000,35.7400,35.1200,35.6100,0
2003-08-05,35.7000,35.8400,35.3100,35.3500,0
2003-08-06,35.4000,35.9400,35.2500,35.7500,0
2003-08-07,35.6100,36.3500,35.6100,36.2500,0
2003-08-08,36.3500,36.6100,36.3500,36.5200,0
2003-08-11,36.5000,36.7800,35.5800,36.5200,0
2003-08-12,36.7500,36.7500,36.3500,36.7100,0
2003-08-13,36.8000,36.8400,36.3900,36.5000,0
2003-08-14,36.7500,36.9500,36.5600,36.9400,0
2003-08-15,36.9400,36.9400,36.6600,36.8300,0
2003-08-18,36.8600,37.0200,36.8300,36.9200,0
2003-08-19,36.8800,37.1000,36.4500,36.6800,0
2003-08-20,36.5000,36.9200,36.4600,36.8000,0
2003-08-21,36.9800,37.1400,36.7000,37.0500,0
2003-08-22,37.0200,37.2500,36.5000,36.5300,0
2003-08-25,36.3500,36.8100,36.3200,36.7700,0
2003-08-26,36.7700,36.9100,36.3600,36.8300,0
2003-08-27,37.1000,37.2500,37.0500,37.2500,0
2003-08-28,37.3600,37.5700,36.9900,37.5500,0
2003-08-29,37.5500,37.7400,37.3000,37.7000,0
2003-09-02,37.7900,37.9800,37.5000,37.9700,0
2003-09-03,37.9800,38.2000,37.9000,38.0800,0
2003-09-04,38.0000,38.2500,37.9700,38.1600,0
2003-09-05,38.0000,38.1300,37.7800,37.9700,0
2003-09-08,38.1000,38.5000,37.9000,38.4700,0
2003-09-09,38.2500,38.4000,37.8000,38.1100,0
2003-09-10,38.1000,38.2000,37.8000,38.0000,0
2003-09-11,38.1000,38.3500,37.9400,38.0000,0
2003-09-12,38.0000,38.0700,37.5700,37.7300,0
2003-09-15,37.7000,37.7700,37.4600,37.5100,0
2003-09-16,37.3700,37.7100,37.2700,37.7100,0
2003-09-17,37.5500,37.5500,36.8100,36.8400,0
2003-09-18,36.7500,37.1400,36.7500,37.0800,0
2003-09-19,36.8500,37.1600,36.8100,36.9900,0
2003-09-22,36.6500,36.8000,36.3500,36.7200,0
2003-09-23,36.8000,37.1000,36.7500,37.0600,0
2003-09-24,37.3800,37.4900,36.8300,36.9000,0
2003-09-25,37.1000,37.4400,37.0000,37.1500,0
2003-09-26,37.0000,37.0000,36.5500,36.7800,0
2003-09-29,36.7800,37.0700,36.6100,37.0200,0
2003-09-30,36.7700,36.9700,36.4100,36.6000,0
2003-10-01,36.9200,37.3500,36.6000,37.3500,0
2003-10-02,37.3500,37.6700,37.0100,37.5600,0
2003-10-03,37.9000,38.2300,37.7500,37.7500,0
2003-10-06,37.8600,38.1700,37.8200,38.0900,0
2003-10-07,37.7900,38.3900,37.7400,38.3400,0
2003-10-08,38.2700,38.3600,37.8100,38.0400,0
2003-10-09,38.2500,38.4000,37.8400,37.9500,0
2003-10-10,38.1000,38.4300,38.0500,38.3000,0
2003-10-13,38.3700,38.7300,38.3600,38.4800,0
2003-10-14,38.4500,38.7500,38.2000,38.7400,0
2003-10-15,38.7500,38.9000,38.3000,38.4900,0
2003-10-16,38.4900,38.9300,38.4900,38.9100,0
2003-10-17,38.9100,38.9100,38.5200,38.6600,0
2003-10-20,38.6600,38.7900,38.3300,38.6200,0
2003-10-21,38.6300,38.6900,38.2700,38.3500,0
2003-10-22,37.8000,37.9800,37.2500,37.3500,0
2003-10-23,37.1000,37.6000,36.9500,37.6000,0
2003-10-24,37.1200,37.8500,37.1200,37.8500,0
2003-10-27,37.8100,38.0700,37.6400,37.7400,0
2003-10-28,37.9800,38.1500,37.6200,38.0000,0
2003-10-29,38.0000,38.1300,37.0100,37.8100,0
2003-10-30,37.3100,37.4400,36.1200,36.3000,0
2003-10-31,36.4500,36.8200,36.4400,36.5800,0
2003-11-03,36.9200,36.9900,36.5500,36.6800,0
2003-11-04,36.5200,36.7000,36.2000,36.3200,0
2003-11-05,36.2400,36.3700,35.9300,36.0300,0
2003-11-06,35.9000,36.0500,35.7500,35.9200,0
2003-11-07,35.9000,35.9300,35.4900,35.5600,0
2003-11-10,35.5600,35.8500,35.4500,35.7600,0
2003-11-11,36.1200,36.2800,35.9600,36.0500,0
2003-11-12,36.1000,36.2500,35.9200,36.0200,0
2003-11-13,35.9900,36.3400,35.9000,36.2600,0
2003-11-14,36.3500,36.4700,35.4000,36.0000,0
2003-11-17,35.5200,35.7600,35.3700,35.6000,0
2003-11-18,35.5500,35.7000,35.1400,35.1500,0
2003-11-19,35.0600,35.5800,35.0500,35.4400,0
2003-11-20,35.2500,36.3000,35.1100,35.3100,0
2003-11-21,35.6400,35.7000,35.1600,35.3400,0
2003-11-24,35.4800,35.7600,35.4000,35.5600,0
2003-11-25,35.5000,35.9500,35.4600,35.8200,0
2003-11-26,35.9000,36.3800,35.8400,36.2800,0
2003-11-28,36.4200,36.4300,36.1300,36.2000,0
2003-12-01,36.5000,36.7000,36.2200,36.3900,0
2003-12-02,36.3200,36.5900,36.2700,36.5000,0
2003-12-03,36.4500,36.6900,36.4500,36.5400,0
2003-12-04,36.3200,37.0900,36.2500,37.0200,0
2003-12-05,37.1300,37.1300,36.6100,36.7800,0
2003-12-08,36.9000,37.4800,36.8600,37.4000,0
2003-12-09,37.7000,37.8700,37.5300,37.6400,0
2003-12-10,37.8200,37.8700,37.5800,37.7900,0
2003-12-11,37.9700,38.0000,37.7600,37.9100,0
2003-12-12,37.9400,38.1200,37.7700,38.0600,0
2003-12-15,37.9100,38.0000,37.6000,37.8000,0
2003-12-16,37.9500,38.6300,37.8600,38.4700,0
2003-12-17,38.6300,38.9100,38.4200,38.8800,0
2003-12-18,39.0000,39.5000,38.9800,39.4100,0
2003-12-19,39.4900,39.6600,39.3000,39.6000,0
2003-12-22,39.3500,39.5200,39.2000,39.4700,0
2003-12-23,39.2500,39.7500,39.2000,39.7500,0
2003-12-24,39.6200,39.9700,39.5600,39.8300,0
2003-12-26,39.8100,40.1400,39.8100,40.0500,0
2003-12-29,40.1000,40.6000,40.0900,40.5800,0
2003-12-30,40.5800,40.9700,40.5300,40.6800,0
2003-12-31,40.9300,41.1300,40.6900,41.0000,0
2004-01-02,41.0200,41.2200,40.4000,40.6300,0
2004-01-05,41.1000,41.6300,40.9800,41.5800,0
2004-01-06,41.5200,41.5500,40.9600,41.3000,0
2004-01-07,41.0800,41.2500,40.5400,41.0000,0
2004-01-08,40.9100,40.9100,40.3100,40.9000,0
2004-01-09,40.4500,40.5900,40.0200,40.2900,0
2004-01-12,40.7000,40.8900,40.5200,40.8600,0
2004-01-13,40.8700,40.9800,40.4300,40.6800,0
2004-01-14,40.5800,40.7100,40.3100,40.6800,0
2004-01-15,40.6800,40.7500,40.2200,40.2800,0
2004-01-16,40.3500,40.5000,40.0800,40.5000,0
2004-01-20,40.5000,40.9600,40.5000,40.8800,0
2004-01-21,40.9600,41.4600,40.8100,41.4300,0
2004-01-22,41.4300,41.5000,40.9500,41.2800,0
2004-01-23,41.3500,41.4300,40.7500,41.0400,0
2004-01-26,41.0500,41.5500,40.8800,41.5500,0
2004-01-27,41.4300,41.7700,41.1100,41.1900,0
2004-01-28,41.4000,41.5600,40.4100,40.8100,0
2004-01-29,41.4600,41.5900,41.1600,41.4700,0
2004-01-30,41.1500,41.2500,40.5700,40.7900,0
2004-02-02,41.2600,41.2600,40.3900,40.6900,0
2004-02-03,40.8000,40.8000,40.3800,40.4100,0
2004-02-04,40.0500,40.5100,40.0500,40.3500,0
2004-02-05,40.4800,40.5500,40.0900,40.3800,0
2004-02-06,40.2300,40.5600,40.1000,40.5100,0
2004-02-09,40.3100,40.9000,40.2100,40.7300,0
2004-02-10,40.5800,41.2300,40.5000,41.0900,0
2004-02-11,41.0100,41.9800,40.9800,41.9200,0
2004-02-12,41.7800,42.0000,41.5500,41.9100,0
2004-02-13,41.8900,42.1500,41.6200,41.9100,0
2004-02-17,42.2000,42.4500,42.1300,42.2300,0
2004-02-18,42.1100,42.2800,41.8000,41.8000,0
2004-02-19,41.9000,42.3800,41.8600,41.9500,0
2004-02-20,42.2000,42.4500,41.9000,42.0300,0
2004-02-23,42.2300,42.6900,42.1500,42.5800,0
2004-02-24,42.5000,42.6000,42.2100,42.3100,0
2004-02-25,42.4500,42.7500,42.2900,42.6500,0
2004-02-26,42.6200,42.7500,42.3000,42.3100,0
2004-02-27,42.4600,42.7300,42.1100,42.1700,0
2004-03-01,42.5800,42.6400,42.3100,42.5200,0
2004-03-02,42.2000,42.3800,42.0100,42.0400,0
2004-03-03,42.0300,42.0400,41.6000,41.9000,0
2004-03-04,41.8000,41.8700,41.6800,41.7500,0
2004-03-05,41.7200,42.5600,41.6500,42.4900,0
2004-03-08,42.5000,42.7400,42.4000,42.5600,0
2004-03-09,42.3500,42.9500,42.3200,42.7800,0
2004-03-10,43.0000,43.4000,42.4300,42.4300,0
2004-03-11,42.3000,42.5500,41.1400,41.3500,0
2004-03-12,41.4500,42.0900,41.3600,42.0300,0
2004-03-15,41.7800,42.2900,41.6500,41.7800,0
2004-03-16,41.9500,42.2500,41.6900,42.0700,0
2004-03-17,42.2400,42.6300,42.1600,42.2400,0
2004-03-18,42.1000,42.5500,41.9600,42.4600,0
2004-03-19,42.2100,42.4200,41.4700,41.5000,0
2004-03-22,41.2500,41.4800,40.8300,40.9400,0
2004-03-23,41.0100,41.2000,40.4600,40.7600,0
2004-03-24,40.7000,40.9400,39.9100,40.1000,0
2004-03-25,40.2000,40.3600,40.0100,40.2500,0
2004-03-26,40.3500,41.1400,40.3200,40.7400,0
2004-03-29,40.8700,41.4100,40.8600,41.0900,0
2004-03-30,41.4100,41.6600,41.2600,41.5500,0
2004-03-31,41.6500,41.9700,41.4300,41.5900,0
2004-04-01,41.9000,41.9900,41.4300,41.5200,0
2004-04-02,41.9900,41.9900,41.6000,41.9100,0
2004-04-05,41.9700,42.3300,41.9500,42.2500,0
2004-04-06,42.0600,42.4000,42.0000,42.1900,0
2004-04-07,42.0200,42.2800,41.8800,41.9000,0
2004-04-08,42.2300,42.9300,42.1600,42.4500,0
2004-04-12,42.7000,43.3700,42.6000,43.1100,0
2004-04-13,43.3900,43.4400,42.8000,42.8200,0
2004-04-14,42.5800,43.3000,42.5100,43.3000,0
2004-04-15,43.3000,43.8300,42.5000,43.6800,0
2004-04-16,43.7400,43.9000,43.5500,43.8600,0
2004-04-19,43.8500,43.8600,43.4700,43.7300,0
2004-04-20,43.7200,43.7200,42.7000,43.3000,0
2004-04-21,42.5600,42.9900,42.4000,42.9500,0
2004-04-22,42.6900,43.5500,42.6000,43.3000,0
2004-04-23,43.2500,43.2500,42.7700,42.9700,0
2004-04-26,43.2500,43.4400,42.9700,43.0100,0
2004-04-27,43.0700,43.9700,43.0600,43.7500,0
2004-04-28,43.6800,43.8000,43.1200,43.1200,0
2004-04-29,43.2500,43.7200,42.5000,42.5400,0
2004-04-30,42.9000,43.4600,42.5500,42.5500,0
2004-05-03,42.9000,43.7000,42.8300,43.6800,0
2004-05-04,43.6400,43.8900,43.2500,43.5200,0
2004-05-05,43.3800,44.0000,43.2100,43.9900,0
2004-05-06,43.9000,44.2400,43.5100,43.8300,0
2004-05-07,43.5000,43.8000,43.0500,43.2500,0
2004-05-10,42.6300,42.8500,41.5900,42.0500,0
2004-05-11,42.3000,42.6400,42.0000,42.6000,0
2004-05-12,42.2700,43.0300,42.2600,43.0000,0
2004-05-13,42.6500,43.2200,42.5500,42.7300,0
2004-05-14,42.8000,43.5600,42.7300,43.2700,0
2004-05-17,43.3000,43.5400,43.0100,43.0500,0
2004-05-18,43.0500,43.0600,42.5500,42.6900,0
2004-05-19,42.8000,43.1200,42.4400,42.6000,0
2004-05-20,42.5600,43.0700,42.5200,42.7300,0
2004-05-21,42.9800,43.2800,42.4500,42.6000,0
2004-05-24,42.6600,43.0500,42.5000,42.8000,0
2004-05-25,43.0000,43.8200,43.0000,43.8200,0
2004-05-26,43.7800,43.8200,43.2800,43.5500,0
2004-05-27,43.6500,43.7000,43.0100,43.3700,0
2004-05-28,43.1000,43.5200,43.0600,43.2500,0
2004-06-01,43.5000,43.8500,43.3800,43.7000,0
2004-06-02,43.8500,43.9900,43.7100,43.7800,0
2004-06-03,43.7100,43.9500,43.5500,43.5500,0
2004-06-04,43.5000,43.5900,43.2100,43.3700,0
2004-06-07,44.0000,44.0000,43.6200,44.0000,0
2004-06-08,43.9900,44.2400,43.7200,43.8900,0
2004-06-09,43.3500,43.6900,43.1000,43.4500,0
2004-06-10,43.6500,44.1400,43.6200,43.9800,0
2004-06-14,43.9900,44.0700,43.7100,43.8500,0
2004-06-15,44.0100,44.4400,43.9300,44.0800,0
2004-06-16,44.4000,44.8600,44.2500,44.7300,0
2004-06-17,44.8000,44.9000,44.6500,44.7700,0
2004-06-18,44.7700,44.9800,44.6500,44.9800,0
2004-06-21,44.8900,45.0000,44.6500,44.7300,0
2004-06-22,44.4300,44.9900,44.4000,44.9000,0
2004-06-23,44.9100,45.4700,44.8300,45.4600,0
2004-06-24,45.3100,45.5300,45.2600,45.2700,0
2004-06-25,45.2800,45.2800,44.2500,44.2500,0
2004-06-28,44.5000,44.6200,44.0000,44.3800,0
2004-06-29,44.2500,44.7500,44.2300,44.5700,0
2004-06-30,44.5200,44.6300,44.1700,44.4100,0
2004-07-01,44.5300,44.6300,44.2000,44.5900,0
2004-07-02,44.4000,44.8900,44.3300,44.7200,0
2004-07-06,44.8000,45.1000,44.7400,45.1000,0
2004-07-07,45.1000,45.3700,44.9000,45.3700,0
2004-07-08,45.4900,45.5300,45.2100,45.3200,0
2004-07-09,45.4500,45.5500,45.2200,45.4500,0
2004-07-12,45.2500,45.4800,45.1400,45.4400,0
2004-07-13,45.1000,45.2900,44.8500,45.2100,0
2004-07-14,44.9500,45.4900,44.9500,45.4600,0
2004-07-15,45.3700,45.5900,45.2000,45.3200,0
2004-07-16,45.7000,45.9500,45.4800,45.8300,0
2004-07-19,45.8000,46.0900,44.4000,45.9000,0
2004-07-20,45.7400,46.1300,45.7400,45.9000,0
2004-07-21,45.7800,46.8200,45.1700,45.1700,0
2004-07-22,45.1100,45.6500,45.0800,45.3900,0
2004-07-23,45.2700,45.4800,45.0800,45.3200,0
2004-07-26,45.2700,45.5500,45.1000,45.3300,0
2004-07-27,45.3200,45.4500,45.1500,45.4100,0
2004-07-28,45.2500,45.9400,44.6000,45.8100,0
2004-07-29,46.0600,46.2100,45.7600,46.0300,0
2004-07-30,46.1300,46.3400,45.9800,46.3000,0
2004-08-02,46.2900,46.4200,45.8600,46.2500,0
2004-08-03,46.3200,46.9400,46.3100,46.8900,0
2004-08-04,46.8600,46.8600,46.1400,46.2400,0
2004-08-05,46.2500,46.3300,45.5800,45.8300,0
2004-08-06,45.5700,45.8500,45.0000,45.1200,0
2004-08-09,45.2400,46.0400,45.2300,45.5600,0
2004-08-10,45.5100,45.6500,45.1200,45.2900,0
2004-08-11,45.1500,45.3700,44.5000,45.1300,0
2004-08-12,45.0000,45.4300,44.5300,44.5600,0
2004-08-13,44.5600,45.1200,44.5600,44.9200,0
2004-08-16,45.0200,45.2800,44.8600,45.0900,0
2004-08-17,44.7700,44.9600,44.2000,44.3600,0
2004-08-18,44.4000,44.9600,44.3200,44.8100,0
2004-08-19,44.7800,45.1800,44.7600,45.0900,0
2004-08-20,45.1900,45.6500,45.1400,45.2500,0
2004-08-23,45.4500,45.5500,44.8500,44.9900,0
2004-08-24,44.9900,44.9900,44.5100,44.8500,0
2004-08-25,44.9600,45.1900,44.9000,45.1900,0
2004-08-26,45.0000,45.3900,44.9300,45.2500,0
2004-08-27,45.3700,45.5800,45.3500,45.4400,0
2004-08-30,45.3500,45.6900,45.0900,45.1300,0
2004-08-31,45.2400,46.1300,45.2400,46.1000,0
2004-09-01,46.2000,46.5500,46.0300,46.4400,0
2004-09-02,46.7100,46.9900,46.4500,46.9800,0
2004-09-03,46.9800,47.2400,46.8800,47.0600,0
2004-09-07,47.0700,47.2500,46.6500,47.1500,0
2004-09-08,47.0000,47.2300,46.9500,47.0700,0
2004-09-09,47.2100,47.5500,47.1000,47.4800,0
2004-09-10,47.5900,47.6400,47.1200,47.3700,0
2004-09-13,47.5300,47.6800,47.3700,47.5000,0
2004-09-14,47.6300,47.7800,47.3800,47.4700,0
2004-09-15,47.5500,47.7600,47.3600,47.4300,0
2004-09-16,47.3100,47.5900,47.3000,47.5500,0
2004-09-17,47.7800,48.5600,47.7200,48.3700,0
2004-09-20,48.3800,48.6200,48.1200,48.2100,0
2004-09-21,48.5000,49.6200,48.4900,49.4900,0
2004-09-22,49.2000,49.2100,48.7100,48.8600,0
2004-09-23,48.1000,48.3600,47.6800,47.7600,0
2004-09-24,47.6500,48.0300,47.6000,47.8300,0
2004-09-27,47.6500,48.2700,47.6500,47.9600,0
2004-09-28,48.1500,48.7700,48.1300,48.5300,0
2004-09-29,48.4200,49.7900,47.6100,48.1500,0
2004-09-30,48.1500,48.3800,47.9900,48.3300,0
2004-10-01,48.4500,48.9600,48.3600,48.8900,0
2004-10-04,48.7500,49.4500,48.5200,48.9200,0
2004-10-05,49.1200,49.5200,49.1000,49.3200,0
2004-10-06,49.3500,50.0300,48.4000,50.0300,0
2004-10-07,49.3300,50.4600,49.3300,49.7400,0
2004-10-08,49.8000,50.2400,49.7400,49.8400,0
2004-10-11,50.0000,50.0400,49.4100,49.7900,0
2004-10-12,49.5500,49.8800,49.3300,49.3700,0
2004-10-13,48.9500,48.9600,48.1800,48.4800,0
2004-10-14,48.5400,49.1300,48.5300,48.7100,0
2004-10-15,48.9500,49.2000,48.6500,49.0200,0
2004-10-18,48.8000,49.1600,48.7000,48.7500,0
2004-10-19,48.5000,48.8400,48.2300,48.3100,0
2004-10-20,48.3000,48.9800,48.2500,48.8700,0
2004-10-21,48.8500,49.0900,48.5000,48.8100,0
2004-10-22,48.8900,49.3000,48.6300,48.7000,0
2004-10-25,48.6000,49.0800,48.5200,48.8100,0
2004-10-26,48.7400,49.3900,48.7000,49.3900,0
2004-10-27,49.3500,49.3800,48.5000,48.9500,0
2004-10-28,48.6000,49.1000,48.2500,48.6100,0
2004-10-29,48.3200,49.2500,48.3200,49.2200,0
2004-11-01,49.4000,49.5000,48.5100,48.8200,0
2004-11-02,48.5600,48.9300,48.2500,48.4300,0
2004-11-03,49.0000,49.4000,48.5800,49.2700,0
2004-11-04,49.4800,50.2000,49.4500,50.1900,0
2004-11-05,50.0000,50.4300,49.7600,50.3900,0
2004-11-08,50.3500,50.4500,49.9600,50.1700,0
2004-11-09,49.8100,49.9500,49.2600,49.3100,0
2004-11-10,49.3100,49.7400,48.9000,49.6700,0
2004-11-11,49.5500,49.7700,49.3100,49.6600,0
2004-11-12,49.5000,50.5000,49.4300,50.4200,0
2004-11-15,50.1300,50.1800,49.1600,49.5800,0
2004-11-16,49.5000,49.9200,49.4000,49.4100,0
2004-11-17,49.6000,50.1500,49.5600,50.0000,0
2004-11-18,50.1300,50.1700,49.8000,50.0500,0
2004-11-19,50.1000,50.4000,49.9900,50.3800,0
2004-11-22,50.3800,50.9700,50.3000,50.9100,0
2004-11-23,50.9100,51.2700,50.8700,51.2000,0
2004-11-24,51.2000,51.5000,51.0600,51.4900,0
2004-11-26,51.5900,52.0000,51.5900,51.6500,0
2004-11-29,51.6800,51.7800,50.8200,51.3700,0
2004-11-30,51.2100,51.7200,51.2100,51.2500,0
2004-12-01,51.2600,51.7000,50.8400,51.1500,0
2004-12-02,50.7000,50.8800,49.9400,50.1700,0
2004-12-03,49.7000,50.4400,49.6000,50.2700,0
2004-12-06,50.2800,50.4700,49.9200,50.1400,0
2004-12-07,50.1400,50.3000,49.5000,49.7000,0
2004-12-08,49.3600,50.0800,48.9000,50.0200,0
2004-12-09,49.9000,50.3200,49.3500,50.3200,0
2004-12-10,50.3000,50.4500,49.8900,50.1500,0
2004-12-13,50.4500,50.6800,50.3500,50.6700,0
2004-12-14,50.4000,50.8000,50.3800,50.6600,0
2004-12-15,50.5500,50.6800,50.3200,50.5100,0
2004-12-16,50.4800,50.4800,49.6500,50.1000,0
2004-12-17,49.6500,50.3400,49.6400,49.8000,0
2004-12-20,50.0500,51.1600,50.0000,51.0600,0
2004-12-21,51.2300,51.7400,50.8600,51.6900,0
2004-12-22,51.5200,51.7000,50.7500,51.2900,0
2004-12-23,51.2500,52.0500,51.1700,51.9700,0
2004-12-27,51.8000,51.9500,50.8600,50.8800,0
2004-12-28,51.0200,51.4000,51.0000,51.0500,0
2004-12-29,50.8100,51.1800,50.8000,51.1300,0
2004-12-30,51.1300,51.4000,51.0200,51.0300,0
2004-12-31,51.0100,51.4000,51.0000,51.2600,0
2005-01-03,51.0200,51.0200,49.8700,50.0900,0
2005-01-04,50.3400,50.6000,49.6800,49.7500,0
2005-01-05,49.8300,50.1100,49.4500,49.4900,0
2005-01-06,49.3000,50.1900,49.2500,50.1200,0
2005-01-07,50.1200,50.2600,49.5200,49.7900,0
2005-01-10,49.8600,50.5000,49.8100,49.9800,0
2005-01-11,49.8300,50.1500,49.6300,49.8500,0
2005-01-12,50.0500,50.6300,49.8200,50.5900,0
2005-01-13,50.5900,51.0000,50.4000,50.5500,0
2005-01-14,50.5600,51.2100,50.5200,51.0700,0
2005-01-18,50.9500,51.5000,50.9000,51.5000,0
2005-01-19,51.4500,51.4900,51.0000,51.0500,0
2005-01-20,50.6500,50.9300,50.3500,50.7200,0
2005-01-21,50.8000,51.5500,50.4400,50.4400,0
2005-01-24,50.9400,51.4100,50.9100,51.1300,0
2005-01-25,51.2000,51.4200,51.1000,51.3300,0
2005-01-26,51.5000,51.9400,51.3100,51.7000,0
2005-01-27,51.2400,51.9500,51.2300,51.7500,0
2005-01-28,51.3700,51.5800,51.1100,51.2700,0
2005-01-31,51.5000,51.9700,51.3500,51.6000,0
2005-02-01,51.9800,53.2800,51.9300,53.2700,0
2005-02-02,53.3300,54.0100,53.3100,53.9300,0
2005-02-03,53.8500,54.6400,53.5400,54.5200,0
2005-02-04,54.4700,55.3200,54.2800,55.2900,0
2005-02-07,55.1200,55.4200,54.6100,55.4000,0
2005-02-08,54.8500,55.9000,54.8400,55.7800,0
2005-02-09,55.4800,55.8300,55.0900,55.5400,0
2005-02-10,55.8800,56.6200,55.6000,56.3400,0
2005-02-11,56.3400,56.8700,55.9600,56.1100,0
2005-02-14,56.2500,56.8500,56.0700,56.8300,0
2005-02-15,56.6900,56.9400,56.5200,56.9200,0
2005-02-16,56.9200,58.7000,56.8400,58.4800,0
2005-02-17,58.7000,58.9400,58.0200,58.1300,0
2005-02-18,58.1300,59.8500,58.0200,59.4100,0
2005-02-22,59.5000,60.0800,58.2500,58.2500,0
2005-02-23,58.5000,59.5400,58.3700,59.4200,0
2005-02-24,59.6000,61.2000,59.5300,61.1300,0
2005-02-25,61.5000,63.6900,61.5000,63.2600,0
2005-02-28,63.2600,64.0400,62.1000,63.3100,0
2005-03-01,62.9700,63.1200,61.9900,62.1000,0
2005-03-02,62.0500,63.1700,62.0300,62.6800,0
2005-03-03,62.7000,63.1300,62.3000,63.0500,0
2005-03-04,63.1200,64.0100,62.7500,63.5700,0
2005-03-07,63.5800,63.6000,62.5800,63.0000,0
2005-03-08,63.1500,63.6000,62.8000,63.1000,0
2005-03-09,63.1000,64.3700,60.7000,60.7900,0
2005-03-10,60.9000,61.0400,59.5000,60.3700,0
2005-03-11,60.3700,61.5900,60.1700,61.0500,0
2005-03-14,61.0600,61.5000,60.0400,61.2800,0
2005-03-15,61.2900,61.8600,60.2700,60.3500,0
2005-03-16,60.0000,60.8500,59.4700,60.2900,0
2005-03-17,60.8800,61.6400,60.6400,61.4900,0
2005-03-18,61.5900,62.8500,61.5300,62.6500,0
2005-03-21,62.6500,62.9800,61.8000,62.1500,0
2005-03-22,61.7500,62.8400,60.8100,60.9000,0
2005-03-23,60.9000,60.9000,59.6100,60.0900,0
2005-03-24,60.3000,60.6500,58.5500,59.0000,0
2005-03-28,59.0400,59.4400,58.3600,58.8900,0
2005-03-29,58.8900,59.7500,58.0400,58.2700,0
2005-03-30,58.6500,59.3200,57.3800,59.2400,0
2005-03-31,59.8300,60.3200,59.5400,59.6000,0
2005-04-01,60.1000,60.7000,59.9300,60.5500,0
2005-04-04,60.9500,61.7400,60.1200,60.6500,0
2005-04-05,60.5000,61.0400,59.8500,60.0600,0
2005-04-06,60.2500,61.0500,59.9700,60.9000,0
2005-04-07,61.3500,61.3700,60.1700,60.8500,0
2005-04-08,60.7500,60.8700,60.0000,60.0100,0
2005-04-11,59.9900,60.4300,59.3600,60.2900,0
2005-04-12,59.9400,60.5700,59.8000,60.4300,0
2005-04-13,60.1500,60.7500,58.9400,59.1500,0
2005-04-14,59.2800,59.6900,58.6000,58.7500,0
2005-04-15,58.4500,59.4000,56.1000,56.1900,0
2005-04-18,55.6500,57.3500,55.4000,57.2500,0
2005-04-19,57.3500,59.2400,57.3500,58.6300,0
2005-04-20,58.0500,58.9100,57.0100,57.1400,0
2005-04-21,57.5500,59.3000,57.3900,59.2800,0
2005-04-22,59.2800,59.9500,58.4500,59.4200,0
2005-04-25,59.9600,60.4700,59.6000,59.9600,0
2005-04-26,59.9600,60.1600,59.2700,59.2700,0
2005-04-27,59.2500,59.4500,58.1000,58.3800,0
2005-04-28,57.3500,57.7500,56.0000,56.0000,0
2005-04-29,56.5000,57.2400,56.1000,57.0300,0
2005-05-02,57.0000,57.7500,56.4700,57.7400,0
2005-05-03,57.3300,57.5000,56.1500,56.5000,0
2005-05-04,56.8500,57.3000,56.0700,57.2300,0
2005-05-05,57.3500,57.9700,57.1100,57.8000,0
2005-05-06,58.0500,58.6500,57.5000,57.6000,0
2005-05-09,57.7500,58.0500,57.6000,58.0100,0
2005-05-10,57.5300,57.8700,57.0000,57.2300,0
2005-05-11,56.9400,57.4100,56.5500,57.2900,0
2005-05-12,57.2500,57.2500,54.5000,54.8200,0
2005-05-13,54.9900,55.0000,53.5800,53.7000,0
2005-05-16,53.5000,53.6500,52.7800,53.3500,0
2005-05-17,53.5000,53.9900,53.0800,53.8600,0
2005-05-18,54.3400,54.5500,53.4200,53.6500,0
2005-05-19,53.7800,54.8800,53.5200,54.8300,0
2005-05-20,54.8300,54.9700,53.9600,54.0100,0
2005-05-23,54.3800,55.2500,54.1400,54.7500,0
2005-05-24,54.8500,55.2000,54.6200,55.0400,0
2005-05-25,55.0600,55.9800,54.8100,55.6800,0
2005-05-26,56.0500,56.4100,55.7100,56.2200,0
2005-05-27,56.4000,56.9000,56.2900,56.8000,0
2005-05-31,57.0000,57.1000,56.1000,56.2000,0
2005-06-01,56.4500,57.4100,56.3300,57.1500,0
2005-06-02,56.9500,57.5700,56.7600,57.3200,0
2005-06-03,57.2000,57.7800,57.0000,57.1500,0
2005-06-06,57.3000,57.7000,57.0200,57.6000,0
2005-06-07,57.6200,58.1500,57.4200,57.4500,0
2005-06-08,57.3600,57.9900,56.7000,56.7300,0
2005-06-09,57.0000,58.6100,56.7000,58.4400,0
2005-06-10,58.2000,58.5400,57.5700,58.3800,0
2005-06-13,58.2500,58.8800,57.7900,58.4500,0
2005-06-14,58.2500,58.8800,58.1800,58.5500,0
2005-06-15,58.9400,59.2900,58.6500,59.2500,0
2005-06-16,59.2500,60.2000,59.1200,60.1200,0
2005-06-17,60.7900,61.0200,60.1200,60.8900,0
2005-06-20,61.1000,61.1300,60.3200,60.8500,0
2005-06-21,60.4000,60.8000,59.5000,59.5100,0
2005-06-22,59.8500,60.4600,59.1000,59.6700,0
2005-06-23,59.6500,60.2800,59.0200,59.0200,0
2005-06-24,59.1200,59.2900,58.1500,58.1500,0
2005-06-27,58.3300,59.4000,58.3200,59.3000,0
2005-06-28,59.3500,59.8000,58.8400,59.0900,0
2005-06-29,58.8100,59.1000,57.9400,58.4400,0
2005-06-30,58.4400,58.8400,57.4600,57.4700,0
2005-07-01,57.7500,58.4400,57.6000,58.3100,0
2005-07-05,58.5600,60.2300,58.4600,60.1400,0
2005-07-06,60.5000,60.7300,59.0300,59.1100,0
2005-07-07,58.6500,59.5400,58.2900,59.5200,0
2005-07-08,59.6800,60.1200,58.9700,59.4000,0
2005-07-11,59.3900,60.0000,58.7200,59.9700,0
2005-07-12,59.9700,60.2400,59.4000,59.8900,0
2005-07-13,59.8900,60.0500,59.3700,59.7600,0
2005-07-14,59.8900,60.1500,58.3100,58.5900,0
2005-07-15,58.5900,58.9400,57.8800,58.1600,0
2005-07-18,58.0200,58.4700,57.6900,58.1500,0
2005-07-19,58.4800,58.8200,57.9300,58.7800,0
2005-07-20,58.5000,59.0200,57.9900,59.0000,0
2005-07-21,58.7500,59.0500,57.8500,57.8900,0
2005-07-22,58.2000,59.7000,58.1500,59.5000,0
2005-07-25,59.9500,60.4700,59.4500,59.9400,0
2005-07-26,59.8500,59.9700,59.5000,59.6000,0
2005-07-27,59.8000,59.9000,58.8500,59.6000,0
2005-07-28,59.8200,60.1100,58.9700,60.0000,0
2005-07-29,60.0400,60.1700,58.7500,58.7500,0
2005-08-01,59.2300,59.7400,59.1400,59.2300,0
2005-08-02,59.3600,59.8100,59.2700,59.8100,0
2005-08-03,60.0900,60.0900,58.8700,59.0000,0
2005-08-04,58.9700,59.3700,58.5000,58.5200,0
2005-08-05,58.5400,58.7000,57.7600,58.0900,0
2005-08-08,58.6500,59.4500,58.4400,58.8500,0
2005-08-09,59.1600,59.7500,59.1100,59.4600,0
2005-08-10,59.7500,60.2400,59.5700,59.9000,0
2005-08-11,60.1200,60.9800,60.0600,60.9500,0
2005-08-12,61.0000,61.3400,60.6300,61.0500,0
2005-08-15,60.9500,61.0800,60.4100,60.4200,0
2005-08-16,60.4200,60.4800,59.0700,59.0700,0
2005-08-17,59.0500,59.4900,57.8400,58.1800,0
2005-08-18,58.1500,58.5400,57.7800,58.1100,0
2005-08-19,58.5200,58.9900,58.3700,58.8200,0
2005-08-22,59.5400,59.7500,58.5100,59.0700,0
2005-08-23,59.1100,59.3000,58.3700,59.0000,0
2005-08-24,59.1500,59.6100,58.7400,58.8800,0
2005-08-25,58.8500,59.2000,58.5000,59.1800,0
2005-08-26,58.9300,59.1800,58.4100,58.4100,0
2005-08-29,59.2400,59.2400,58.1200,58.4200,0
2005-08-30,58.4300,59.1200,58.1900,58.6100,0
2005-08-31,58.8000,60.0000,58.6500,59.9000,0
2005-09-01,60.1000,62.0400,60.1000,61.6800,0
2005-09-02,61.5500,61.5500,60.4600,60.6800,0
2005-09-06,60.6200,61.1100,60.2500,61.0600,0
2005-09-07,60.9500,61.7000,60.7000,61.4600,0
2005-09-08,61.4400,61.6300,61.0000,61.3000,0
2005-09-09,61.6100,63.2000,61.6000,63.2000,0
2005-09-12,62.8500,63.0500,62.3500,62.5200,0
2005-09-13,62.2000,62.9000,61.7300,61.8700,0
2005-09-14,62.0100,62.7500,61.8900,62.4700,0
2005-09-15,62.8700,63.1800,61.8000,62.4600,0
2005-09-16,63.0000,63.8900,62.8800,63.7000,0
2005-09-19,64.0000,64.9500,63.9000,64.6300,0
2005-09-20,64.3800,64.9900,64.2100,64.5300,0
2005-09-21,65.0400,65.2900,64.7700,64.9700,0
2005-09-22,65.3100,65.9600,64.0800,64.9800,0
2005-09-23,64.6000,64.7100,63.6000,63.8300,0
2005-09-26,63.7000,65.0100,63.5000,64.6000,0
2005-09-27,64.3200,64.6700,63.7500,64.6200,0
2005-09-28,64.6500,64.8300,63.8500,64.7000,0
2005-09-29,64.5000,64.9100,64.1100,64.8000,0
2005-09-30,64.6100,64.6200,63.3000,63.5400,0
2005-10-03,63.5500,63.8900,62.4000,62.4900,0
2005-10-04,62.3500,62.3500,60.4100,60.5500,0
2005-10-05,60.5500,61.0500,58.9000,58.9500,0
2005-10-06,58.7000,59.3600,57.9000,58.5700,0
2005-10-07,59.0800,60.0400,58.8000,59.6000,0
2005-10-10,59.6000,59.6100,58.3000,58.5000,0
2005-10-11,58.9900,59.7200,58.8400,59.4000,0
2005-10-12,59.3800,59.7900,58.5100,58.9400,0
2005-10-13,58.5000,58.8200,57.3200,58.1600,0
2005-10-14,57.8000,58.7200,57.1400,58.6400,0
2005-10-17,59.0500,59.4500,58.6600,58.8600,0
2005-10-18,58.3000,58.5800,56.3000,56.3000,0
2005-10-19,56.5000,57.3500,55.6500,57.1700,0
2005-10-20,57.0000,57.1800,54.5000,55.2000,0
2005-10-21,55.2800,56.2700,55.0600,55.3700,0
2005-10-24,55.3100,56.9400,55.3100,56.8500,0
2005-10-25,56.9500,57.4300,56.2500,57.2000,0
2005-10-26,57.2500,57.8900,56.2000,56.2000,0
2005-10-27,56.5500,57.0000,55.2800,55.6000,0
2005-10-28,56.0500,56.6100,54.7900,56.3100,0
2005-10-31,57.0300,57.3700,56.0600,56.1400,0
2005-11-01,56.0900,56.8700,56.0100,56.4000,0
2005-11-02,56.5000,57.5000,56.1700,57.3800,0
2005-11-03,57.8300,58.8200,57.3900,58.5700,0
2005-11-04,58.5700,58.7000,57.2500,57.9000,0
2005-11-07,57.8000,57.8400,56.8700,57.1000,0
2005-11-08,56.8100,57.5800,56.7500,57.3700,0
2005-11-09,57.3700,58.3300,56.8500,57.5000,0
2005-11-10,57.3000,57.3000,55.8400,56.4500,0
2005-11-11,56.2900,56.7600,56.1800,56.5200,0
2005-11-14,56.8200,56.9900,56.1600,56.6500,0
2005-11-15,56.4200,57.2100,56.2600,56.4300,0
2005-11-16,56.3900,57.3000,56.1300,57.1800,0
2005-11-17,57.5400,57.8900,57.1500,57.3800,0
2005-11-18,58.1000,58.3900,57.1500,58.2500,0
2005-11-21,58.5100,59.3800,58.5000,59.3700,0
2005-11-22,59.5500,59.7200,59.1200,59.6600,0
2005-11-23,59.4800,60.2400,59.2100,59.8700,0
2005-11-25,60.1900,60.2600,59.9600,60.1100,0
2005-11-28,59.5500,59.8500,58.6400,58.7400,0
2005-11-29,59.0000,59.4300,58.2600,58.3400,0
2005-11-30,58.2100,58.8700,58.0000,58.0300,0
2005-12-01,58.3700,59.4000,58.3700,59.3500,0
2005-12-02,59.4200,59.4400,58.6800,59.0700,0
2005-12-05,59.3800,60.1100,59.3300,59.5100,0
2005-12-06,59.7700,60.3800,59.5500,59.6900,0
2005-12-07,59.8700,59.9600,58.5700,59.0200,0
2005-12-08,59.2100,59.5400,58.8200,59.4200,0
2005-12-09,59.2400,59.3300,58.0500,58.5000,0
2005-12-12,58.8100,59.1300,58.5000,58.8600,0
2005-12-13,59.0500,59.8400,58.9100,59.0600,0
2005-12-14,59.0800,59.9300,59.0500,59.8600,0
2005-12-15,59.8600,59.8800,59.2000,59.4900,0
2005-12-16,59.6200,59.6500,58.0500,58.0600,0
2005-12-19,58.2200,58.5900,57.6300,57.7000,0
2005-12-20,57.6700,58.2900,57.6600,57.9300,0
2005-12-21,58.0800,58.2500,57.3000,57.6000,0
2005-12-22,57.7800,57.9800,56.9000,57.1000,0
2005-12-23,56.7500,57.4700,56.6500,57.1000,0
2005-12-27,57.0000,57.0000,55.6000,55.8700,0
2005-12-28,56.0500,56.6300,56.0500,56.2500,0
2005-12-29,56.2500,56.7600,56.1000,56.2400,0
2005-12-30,56.1000,56.6900,55.7800,56.1700,0
2006-01-03,56.4200,58.4700,56.4200,58.4700,0
2006-01-04,58.6000,58.8400,58.0600,58.5700,0
2006-01-05,58.5700,58.8200,57.8700,58.2800,0
2006-01-06,58.7600,59.5600,58.7600,59.4300,0
2006-01-09,59.8000,59.8700,59.2700,59.4000,0
2006-01-10,59.2000,60.1600,59.1600,59.8600,0
2006-01-11,59.6800,60.4900,59.3200,60.2700,0
2006-01-12,60.5000,61.0000,59.6000,59.6400,0
2006-01-13,59.5100,60.9900,59.5100,60.9700,0
2006-01-17,61.2600,61.7400,61.0800,61.5400,0
2006-01-18,61.7200,61.7500,60.1200,60.6800,0
2006-01-19,60.6800,61.7000,60.4200,61.5000,0
2006-01-20,61.8100,62.0600,60.3500,60.5300,0
2006-01-23,60.5300,61.6400,60.1200,61.2000,0
2006-01-24,60.9000,61.5300,60.7500,60.9600,0
2006-01-25,61.3400,61.6500,59.5500,60.2100,0
2006-01-26,60.7900,61.0200,59.5700,59.9500,0
2006-01-27,60.3600,61.5300,60.3100,61.2900,0
2006-01-30,62.8800,63.9600,62.7900,63.1100,0
2006-01-31,62.7500,63.4500,62.3000,62.7500,0
2006-02-01,62.7700,63.0800,61.9100,61.9500,0
2006-02-02,61.9000,62.2900,61.2100,61.9500,0
2006-02-03,61.6500,61.8200,61.0300,61.3900,0
2006-02-06,61.7000,62.6100,61.6500,61.9700,0
2006-02-07,61.5900,61.8500,60.4000,60.5500,0
2006-02-08,60.0000,60.6400,59.6800,60.3900,0
2006-02-09,60.5500,61.3900,59.7400,59.9200,0
2006-02-10,60.0500,60.4900,58.6000,59.4300,0
2006-02-13,59.4300,60.3500,59.1100,59.6000,0
2006-02-14,59.2600,59.9000,58.8000,59.5500,0
2006-02-15,59.8100,59.9500,59.0500,59.7600,0
2006-02-16,59.9000,60.2500,59.5100,60.2500,0
2006-02-17,60.3700,60.6800,60.2100,60.5500,0
2006-02-21,61.0000,61.3000,60.6500,60.7600,0
2006-02-22,60.6000,60.7400,59.9600,60.2600,0
2006-02-23,60.0100,60.5400,59.6300,59.8300,0
2006-02-24,60.3400,60.7300,60.1800,60.4200,0
2006-02-27,60.2000,60.5200,59.9000,59.9200,0
2006-02-28,59.5200,59.7500,59.1000,59.3700,0
2006-03-01,59.5900,60.5400,59.5300,60.3400,0
2006-03-02,60.0400,60.9800,59.9800,60.8500,0
2006-03-03,60.8300,61.5000,60.8100,60.9800,0
2006-03-06,60.9500,61.0900,59.9400,59.9800,0
2006-03-07,59.9000,60.0200,59.4500,59.8500,0
2006-03-08,59.4500,60.4100,59.1500,59.7100,0
2006-03-09,59.9400,60.0100,58.8600,58.9200,0
2006-03-10,58.9200,59.2100,58.4400,59.1800,0
2006-03-13,59.6800,59.9600,59.4500,59.6400,0
2006-03-14,59.5500,60.8700,59.4400,60.8100,0
2006-03-15,60.6700,61.2000,60.4100,61.0200,0
2006-03-16,60.9700,61.9200,60.8500,61.6400,0
2006-03-17,61.8000,61.8000,60.9900,61.0500,0
2006-03-20,60.7700,61.3500,60.3300,60.6600,0
2006-03-21,60.6600,61.2300,60.3700,60.7200,0
2006-03-22,60.6300,61.4900,60.6200,61.0500,0
2006-03-23,61.1100,61.3500,60.9200,61.2500,0
2006-03-24,61.1500,61.6900,60.9100,61.1700,0
2006-03-27,61.1100,61.4700,60.9300,61.2900,0
2006-03-28,61.4500,61.8900,60.8600,60.9500,0
2006-03-29,60.9500,61.5000,60.9500,61.2800,0
2006-03-30,61.2500,61.7300,61.0000,61.1200,0
2006-03-31,60.9000,61.1800,60.8200,60.8600,0
2006-04-03,61.3600,61.9800,60.8700,61.0300,0
2006-04-04,60.6500,62.0100,60.4300,61.7500,0
2006-04-05,61.6300,62.1800,61.5500,62.1600,0
2006-04-06,61.6000,62.7000,61.6000,62.0900,0
2006-04-07,61.7700,62.5900,61.2300,61.3300,0
2006-04-10,61.9000,62.1000,61.5000,61.9400,0
2006-04-11,62.2000,62.7300,61.8000,62.0000,0
2006-04-12,62.0500,62.2600,61.2000,61.4600,0
2006-04-13,61.2900,61.7800,61.0000,61.5600,0
2006-04-17,61.9400,62.1900,61.6100,62.0500,0
2006-04-18,62.4900,63.8000,62.4500,63.5400,0
2006-04-19,63.1000,64.4800,62.9300,64.3000,0
2006-04-20,64.0000,64.7800,63.3300,63.9200,0
2006-04-21,64.2000,65.0000,64.1000,65.0000,0
2006-04-24,64.7600,64.8700,64.2400,64.4100,0
2006-04-25,64.8500,64.9800,63.1300,63.9500,0
2006-04-26,63.9800,64.8000,63.0100,63.1000,0
2006-04-27,61.5000,63.4000,61.0000,62.4200,0
2006-04-28,62.5700,63.5000,62.5200,63.0800,0
2006-05-01,63.4000,64.3300,63.3200,63.4200,0
2006-05-02,63.8200,64.7700,63.8200,64.6700,0
2006-05-03,64.6000,64.7700,63.2000,63.7700,0
2006-05-04,63.7700,64.4100,62.8900,63.3100,0
2006-05-05,63.9000,64.0500,63.2000,64.0000,0
2006-05-08,63.6000,64.0900,63.1700,63.7100,0
2006-05-09,63.6000,64.1700,63.4300,63.9400,0
2006-05-10,63.5000,63.9500,63.0000,63.8800,0
2006-05-11,64.1000,64.2600,63.2500,63.4600,0
2006-05-12,63.4600,63.5000,62.0600,62.2400,0
2006-05-15,61.5100,62.4800,61.3500,62.0000,0
2006-05-16,62.1100,62.7100,61.5400,61.9600,0
2006-05-17,61.4500,61.7400,59.9400,60.1800,0
2006-05-18,60.2500,61.0000,59.8600,59.8900,0
2006-05-19,59.9000,61.0400,59.5000,60.4500,0
2006-05-22,59.9500,61.4100,59.5600,60.7800,0
2006-05-23,61.3000,61.7200,60.1900,60.3900,0
2006-05-24,60.0000,60.9000,59.1500,60.1000,0
2006-05-25,60.7800,61.9300,60.5200,61.5200,0
2006-05-26,61.5300,61.7100,60.8600,61.5800,0
2006-05-30,61.7000,61.8000,60.1100,60.2000,0
2006-05-31,60.2100,61.0600,59.7600,60.9100,0
2006-06-01,60.4000,61.1500,60.0100,61.1100,0
2006-06-02,61.5000,61.8500,60.5100,61.6500,0
2006-06-05,62.1000,62.2000,60.0000,60.0500,0
2006-06-06,60.0000,61.3100,59.9000,60.4000,0
2006-06-07,60.3000,60.3600,58.8000,58.8200,0
2006-06-08,58.3800,59.7000,57.8200,59.5700,0
2006-06-09,59.8900,59.9000,58.5000,58.8000,0
2006-06-12,59.0500,59.3500,58.1300,58.2400,0
2006-06-13,57.7500,58.3000,56.6500,56.6500,0
2006-06-14,56.6500,57.9900,56.6400,57.8000,0
2006-06-15,58.4800,59.5500,57.9600,59.1200,0
2006-06-16,58.9500,59.4900,58.1700,58.8000,0
2006-06-19,58.7700,58.8100,57.2100,57.3900,0
2006-06-20,57.6600,58.3400,57.2600,57.3900,0
2006-06-21,57.3500,58.8700,57.2500,58.0600,0
2006-06-22,57.7200,58.2600,57.6500,57.9700,0
2006-06-23,58.1500,58.8500,58.0100,58.1000,0
2006-06-26,58.1000,59.0200,57.9100,58.8200,0
2006-06-27,58.9700,59.9100,58.9700,59.6500,0
2006-06-28,59.8000,61.2200,59.8000,61.1200,0
2006-06-29,61.2200,62.5400,61.1300,62.3700,0
2006-06-30,62.6500,62.6500,61.3500,61.3500,0
2006-07-03,61.8000,62.4700,61.7100,62.1500,0
2006-07-05,61.9000,62.9200,61.6300,62.5500,0
2006-07-06,62.7500,63.5000,62.6600,63.4700,0
2006-07-07,63.7000,63.8900,62.4900,62.8400,0
2006-07-10,63.0000,63.5900,62.7800,63.0400,0
2006-07-11,63.2000,64.2700,63.2000,63.9800,0
2006-07-12,64.0000,64.2700,63.3500,63.9700,0
2006-07-13,64.1500,64.7000,63.6900,64.0700,0
2006-07-14,64.5700,65.0000,63.9700,64.9000,0
2006-07-17,64.5000,64.9000,63.5700,64.0000,0
2006-07-18,64.4000,64.9400,63.9500,64.6100,0
2006-07-19,64.6200,64.8900,63.6500,64.6600,0
2006-07-20,64.4500,64.8600,64.1200,64.2500,0
2006-07-21,64.5700,64.7800,63.9100,63.9300,0
2006-07-24,64.3500,65.5300,64.2000,65.3600,0
2006-07-25,65.3600,66.0000,64.9200,65.7400,0
2006-07-26,65.5100,67.1800,65.4700,66.6000,0
2006-07-27,67.4000,67.6500,66.4500,66.4700,0
2006-07-28,66.2500,67.3000,66.2400,67.0000,0
2006-07-31,67.4300,67.9400,66.7600,67.7400,0
2006-08-01,67.2400,68.2500,67.2100,68.1800,0
2006-08-02,68.3700,69.2300,68.1200,68.4800,0
2006-08-03,68.0700,69.2800,68.0400,68.3700,0
2006-08-04,68.6000,68.8200,67.9400,68.6900,0
2006-08-07,69.0000,69.6200,68.4800,69.2300,0
2006-08-08,69.2400,69.8300,69.0100,69.2700,0
2006-08-09,69.6900,70.4200,69.1800,69.2900,0
2006-08-10,68.8700,69.4700,68.3900,69.3400,0
2006-08-11,69.3500,69.9600,68.8500,69.7300,0
2006-08-14,69.5400,69.6500,68.7900,69.2500,0
2006-08-15,69.9000,69.9200,68.1700,68.6900,0
2006-08-16,68.3000,68.9400,67.3100,67.5700,0
2006-08-17,67.1800,68.1600,67.0100,68.0800,0
2006-08-18,68.4000,69.1000,67.7200,69.1000,0
2006-08-21,69.3000,70.0300,69.3000,69.8300,0
2006-08-22,69.7100,70.2500,69.3600,70.2100,0
2006-08-23,70.0800,70.2300,69.0400,69.6300,0
2006-08-24,69.7900,70.8300,69.6100,70.7200,0
2006-08-25,70.7200,71.2200,70.3400,70.4300,0
2006-08-28,70.0500,70.2000,69.7500,70.1000,0
2006-08-29,69.7200,69.8500,68.8400,69.4100,0
2006-08-30,69.4300,69.5000,67.7500,68.3000,0
2006-08-31,68.0500,68.2600,67.6000,67.6700,0
2006-09-01,67.8500,68.4400,67.3700,68.1000,0
2006-09-05,67.6800,68.6500,67.5000,68.4800,0
2006-09-06,68.4900,68.4900,67.0800,67.1800,0
2006-09-07,67.0000,68.0400,66.8500,67.6900,0
2006-09-08,67.6900,67.9400,66.7800,66.8100,0
2006-09-11,66.3600,66.4000,64.6200,64.9400,0
2006-09-12,65.2500,65.4500,64.1100,64.7000,0
2006-09-13,64.8200,65.7500,64.7000,65.3600,0
2006-09-14,65.2100,65.5300,64.4300,64.7100,0
2006-09-15,64.9000,65.2700,64.4200,64.6500,0
2006-09-18,64.9000,66.5000,64.9000,66.3000,0
2006-09-19,66.4900,66.5800,65.1300,65.5000,0
2006-09-20,65.5100,66.0700,63.9300,64.1100,0
2006-09-21,64.3000,65.3500,64.2900,64.7800,0
2006-09-22,65.2800,65.3400,64.3000,64.9100,0
2006-09-25,64.6000,65.4500,63.8700,65.0600,0
2006-09-26,65.0600,66.6200,64.5000,66.4300,0
2006-09-27,66.6800,67.4300,66.1400,67.1300,0
2006-09-28,67.1300,67.8100,66.9200,67.4600,0
2006-09-29,67.1800,67.6700,66.7900,67.1000,0
2006-10-02,67.2900,67.7600,66.9000,67.0000,0
2006-10-03,66.4000,66.5000,65.2500,65.4100,0
2006-10-04,65.4900,66.7600,64.8400,66.6100,0
2006-10-05,67.2600,67.7200,66.9400,67.3200,0
2006-10-06,67.0000,67.6200,66.5000,67.5200,0
2006-10-09,67.7600,67.8900,66.5000,66.5500,0
2006-10-10,66.2100,67.4700,65.9600,67.2000,0
2006-10-11,66.8500,67.0500,66.2500,66.5300,0
2006-10-12,66.8800,67.7500,66.8600,67.6500,0
2006-10-13,68.0800,68.7300,67.8700,68.4000,0
2006-10-16,68.4500,69.8800,68.4200,69.8300,0
2006-10-17,69.8300,69.8400,68.9700,69.4100,0
2006-10-18,69.5000,69.9900,68.7700,69.1700,0
2006-10-19,69.8400,70.0700,69.0700,69.7300,0
2006-10-20,70.0100,70.0200,69.3300,69.5500,0
2006-10-23,68.8500,69.9200,68.7200,69.9200,0
2006-10-24,69.6700,70.2300,69.5800,69.8900,0
2006-10-25,69.7200,71.4000,69.3600,71.0100,0
2006-10-26,72.0000,72.3300,70.6600,71.6200,0
2006-10-27,71.4600,72.1300,71.2800,71.4600,0
2006-10-30,71.1500,71.5800,70.5100,70.8400,0
2006-10-31,70.6900,71.4800,70.0100,71.4200,0
2006-11-01,71.5800,71.7500,70.2700,71.0600,0
2006-11-02,70.7100,71.3600,70.4300,71.1900,0
2006-11-03,71.4400,72.3900,71.3300,72.1500,0
2006-11-06,72.1600,73.0500,71.9000,72.9100,0
2006-11-07,72.9100,73.1900,72.1800,72.5300,0
2006-11-08,72.5300,74.2000,72.2300,74.1300,0
2006-11-09,74.2000,74.8000,73.6500,74.6100,0
2006-11-10,74.5500,74.8000,74.0500,74.4200,0
2006-11-13,74.1000,74.8500,73.8700,74.4300,0
2006-11-14,74.4300,74.6600,73.7500,74.4500,0
2006-11-15,74.0000,74.9300,74.0000,74.8000,0
2006-11-16,74.9500,74.9700,72.6100,72.6700,0
2006-11-17,71.9500,73.1800,71.7600,73.0800,0
2006-11-20,72.5500,73.2600,72.3000,72.4300,0
2006-11-21,72.7700,73.5300,72.4900,73.3900,0
2006-11-22,73.0200,73.5300,72.1200,72.9100,0
2006-11-24,71.9000,72.8200,71.8500,72.3800,0
2006-11-27,72.2900,73.1800,72.1400,72.4700,0
2006-11-28,72.6500,74.2500,72.6500,74.1600,0
2006-11-29,74.3000,76.4400,74.1700,76.0300,0
2006-11-30,76.4200,77.3700,76.0500,76.8100,0
2006-12-01,76.7800,77.5000,75.8100,77.2000,0
2006-12-04,77.2000,77.8000,76.5100,77.7700,0
2006-12-05,78.1100,78.5200,77.4700,78.0600,0
2006-12-06,77.8200,78.2000,76.2500,76.3100,0
2006-12-07,76.3000,76.7000,75.2800,75.7100,0
2006-12-08,76.2000,76.4200,75.4400,75.5000,0
2006-12-11,75.2500,75.8400,74.8200,75.3600,0
2006-12-12,75.3100,76.4000,75.3100,76.2500,0
2006-12-13,76.4500,77.4100,75.9400,77.3600,0
2006-12-14,77.5100,79.0000,77.2500,78.7300,0
2006-12-15,78.9500,79.0000,77.1300,77.3000,0
2006-12-18,77.2600,77.2600,75.3600,75.5100,0
2006-12-19,75.3000,77.3100,74.9000,76.9900,0
2006-12-20,76.8500,76.9900,75.7400,76.0800,0
2006-12-21,76.0900,76.5500,75.1600,75.8700,0
2006-12-22,76.0000,76.2400,75.2900,75.4100,0
2006-12-26,75.5100,76.2500,75.4000,76.0500,0
2006-12-27,76.3000,77.0000,76.0100,76.9600,0
2006-12-28,76.7700,77.4400,76.6500,77.3300,0
2006-12-29,77.0100,77.2400,76.2000,76.6300,0
2007-01-03,76.2600,76.2700,73.5100,74.1100,0
2007-01-04,73.8500,73.9000,72.2100,72.7200,0
2007-01-05,72.4500,73.3800,72.2200,73.2400,0
2007-01-08,73.8800,74.2500,71.8500,72.6500,0
2007-01-09,71.8500,72.8400,71.4400,72.0900,0
2007-01-10,71.8100,73.1100,70.6400,70.9900,0
2007-01-11,70.9900,72.8500,70.7700,70.9800,0
2007-01-12,71.2100,72.7100,71.2000,72.6600,0
2007-01-16,72.5000,72.6500,71.2500,71.6300,0
2007-01-17,71.4900,72.6200,71.4100,72.4600,0
2007-01-18,72.6700,73.1300,71.1900,71.9600,0
2007-01-19,72.5000,73.6300,72.2000,73.5300,0
2007-01-22,73.6500,73.7500,72.5000,72.9000,0
2007-01-23,73.5500,74.9100,73.4700,74.4900,0
2007-01-24,74.5000,74.9900,73.7500,74.9000,0
2007-01-25,74.6200,74.9400,73.3600,73.5200,0
2007-01-26,73.8900,74.4900,73.4500,73.6100,0
2007-01-29,73.6500,74.0900,72.8000,73.2000,0
2007-01-30,73.4500,74.5900,73.3300,74.3900,0
2007-01-31,74.3900,74.7200,73.4800,74.1000,0
2007-02-01,74.5800,75.2800,73.8100,75.0800,0
2007-02-02,75.0000,75.7900,74.4500,75.5400,0
2007-02-05,75.6500,75.8800,75.0600,75.6700,0
2007-02-06,75.8600,75.9700,75.0400,75.4600,0
2007-02-07,75.4000,75.8800,74.5300,74.7900,0
2007-02-08,74.2800,75.6300,74.2400,75.4600,0
2007-02-09,75.4600,75.7300,74.9100,75.2200,0
2007-02-12,74.9300,75.0700,74.3300,74.6000,0
2007-02-13,74.8000,75.5000,74.5900,75.4500,0
2007-02-14,75.9000,76.0000,74.9900,75.6000,0
2007-02-15,75.1900,75.4900,74.7200,75.3400,0
2007-02-16,75.2600,75.5500,75.0100,75.2900,0
2007-02-20,74.9000,75.0500,74.2900,74.8700,0
2007-02-21,74.7200,75.2700,74.2500,74.7800,0
2007-02-22,74.6200,75.2100,74.2000,75.0800,0
2007-02-23,75.2900,75.5500,75.0400,75.2200,0
2007-02-26,75.5200,76.1000,75.2600,75.4000,0
2007-02-27,74.8900,75.2300,71.3800,71.8300,0
2007-02-28,72.2300,73.6000,71.1800,71.6800,0
2007-03-01,70.9000,72.0800,70.0500,70.9900,0
2007-03-02,70.9500,71.2500,69.3100,70.0100,0
2007-03-05,69.3500,70.8400,69.0200,69.9800,0
2007-03-06,70.7000,71.0200,70.2000,71.0000,0
2007-03-07,71.0000,72.8600,70.5600,71.6400,0
2007-03-08,72.1500,72.1800,71.2000,71.8500,0
2007-03-09,71.9500,72.3800,70.9000,71.1200,0
2007-03-12,70.8000,71.4000,70.7000,70.8700,0
2007-03-13,70.3700,71.5600,69.7300,69.9100,0
2007-03-14,70.1000,71.0200,69.6400,71.0200,0
2007-03-15,70.7100,71.2400,70.4000,70.6900,0
2007-03-16,70.7700,70.8700,69.5200,69.8600,0
2007-03-19,70.1200,71.1800,70.1100,71.1000,0
2007-03-20,71.1200,72.0000,71.0200,72.0000,0
2007-03-21,72.4400,73.3300,71.8700,73.2300,0
2007-03-22,73.5300,74.9200,73.4700,74.3600,0
2007-03-23,74.6600,75.4200,74.6500,75.0200,0
2007-03-26,75.4400,75.6900,74.5100,75.4700,0
2007-03-27,75.3700,75.9700,75.0000,75.7100,0
2007-03-28,76.1600,76.2500,75.2100,75.5600,0
2007-03-29,75.8300,76.2900,75.5700,76.2400,0
2007-03-30,76.2400,76.3500,74.9400,75.4500,0
2007-04-02,75.3500,76.4000,75.2800,76.1600,0
2007-04-03,76.1000,76.9700,75.6300,76.8000,0
2007-04-04,76.5900,77.2200,76.0300,77.1100,0
2007-04-05,77.1000,77.3100,76.8800,77.2200,0
2007-04-09,76.7700,77.7200,76.6800,76.8000,0
2007-04-10,76.8000,77.8500,76.7500,77.5700,0
2007-04-11,77.6000,77.6700,76.6800,76.7700,0
2007-04-12,76.9700,77.4900,76.4600,77.3900,0
2007-04-13,77.5000,77.6700,77.0800,77.4100,0
2007-04-16,77.6400,78.2200,77.0400,78.1700,0
2007-04-17,78.2700,78.7400,77.9500,78.4000,0
2007-04-18,78.1700,78.4000,77.7600,78.2000,0
2007-04-19,77.9300,78.0100,77.1500,77.4600,0
2007-04-20,78.3800,79.8000,78.0000,79.7600,0
2007-04-23,79.5000,79.9800,79.1000,79.2000,0
2007-04-24,79.0000,79.3500,78.5000,78.6000,0
2007-04-25,78.8400,80.2000,78.7600,79.9200,0
2007-04-26,80.0300,80.8600,79.5700,80.5500,0
2007-04-27,80.2400,80.7500,79.8800,80.3600,0
2007-04-30,80.3000,80.8800,79.3800,79.3800,0
2007-05-01,79.5000,79.9900,79.0500,79.6600,0
2007-05-02,79.8300,80.1900,79.3700,79.8200,0
2007-05-03,79.8300,80.9200,79.8000,80.6800,0
2007-05-04,81.0000,81.7600,80.2200,80.5500,0
2007-05-07,80.5000,81.1300,80.2200,80.8300,0
2007-05-08,80.5700,81.4100,80.2600,81.3800,0
2007-05-09,81.1900,81.4500,80.4000,81.4200,0
2007-05-10,81.0600,81.0600,79.3100,79.3900,0
2007-05-11,79.6900,81.2300,79.6300,81.2300,0
2007-05-14,81.2100,81.6200,80.7300,81.2500,0
2007-05-15,81.0100,81.7800,80.9500,81.1300,0
2007-05-16,80.8400,81.4900,80.3100,81.4500,0
2007-05-17,81.2500,82.4400,81.0100,81.8000,0
2007-05-18,82.1400,83.3300,82.0800,83.2600,0
2007-05-21,83.4200,84.3200,83.3000,83.5900,0
2007-05-22,83.4000,84.1400,82.7300,82.7700,0
2007-05-23,83.1200,83.6200,82.6900,82.9900,0
2007-05-24,83.1800,83.8400,81.8900,82.2800,0
2007-05-25,82.6600,83.6800,82.6600,83.5100,0
2007-05-29,83.2700,83.2900,81.9100,82.6200,0
2007-05-30,82.1800,84.1000,81.9600,84.0000,0
2007-05-31,83.9000,84.2500,83.1200,83.1700,0
2007-06-01,83.5600,84.2400,83.4700,84.2200,0
2007-06-04,83.9600,84.4400,83.8000,84.2200,0
2007-06-05,83.9500,84.6000,83.6500,84.2600,0
2007-06-06,84.1700,84.3500,83.0500,83.6200,0
2007-06-07,83.4000,84.4700,81.7600,81.9600,0
2007-06-08,81.7700,82.7100,81.2300,82.6800,0
2007-06-11,82.6800,83.8500,82.3400,83.0600,0
2007-06-12,82.7700,83.3100,81.9500,82.0000,0
2007-06-13,82.3200,83.5000,82.2500,83.3500,0
2007-06-14,83.4500,84.9700,83.4500,84.7700,0
2007-06-15,85.0700,86.4500,85.0400,85.9400,0
2007-06-18,86.0900,86.5800,85.8600,86.3600,0
2007-06-19,86.1900,86.4300,85.7100,85.8400,0
2007-06-20,85.8800,85.9400,82.7700,82.8200,0
2007-06-21,83.3600,84.6800,83.1200,84.3000,0
2007-06-22,84.2000,84.2000,82.1100,82.5200,0
2007-06-25,82.4000,83.7600,82.1100,82.3700,0
2007-06-26,82.6400,83.0900,81.5600,81.8200,0
2007-06-27,81.3200,83.5200,80.8500,83.4800,0
2007-06-28,83.8100,84.3900,83.1800,83.6000,0
2007-06-29,84.1500,84.9900,83.0600,83.8800,0
2007-07-02,84.5000,85.0000,84.1200,84.8200,0
2007-07-03,85.0000,85.6500,84.6400,85.3600,0
2007-07-05,85.3900,85.8700,84.1500,85.1600,0
2007-07-06,85.6300,86.9500,85.3700,86.4600,0
2007-07-09,86.5300,87.8900,86.2500,87.4400,0
2007-07-10,86.9500,87.9700,86.3200,86.5000,0
2007-07-11,86.4000,87.3800,85.9000,87.2900,0
2007-07-12,87.7000,89.7300,87.2900,89.6200,0
2007-07-13,89.7000,90.8000,89.3900,90.3300,0
2007-07-16,89.3300,90.2200,88.7300,89.7000,0
2007-07-17,90.1700,90.5600,89.0100,89.0900,0
2007-07-18,88.8200,91.4000,88.7500,91.1500,0
2007-07-19,91.5400,92.7400,91.2000,92.2900,0
2007-07-20,92.0100,93.0900,91.2700,91.9400,0
2007-07-23,91.9300,93.6200,91.3000,93.4400,0
2007-07-24,92.5200,92.8900,90.8400,90.8400,0
2007-07-25,91.2400,93.1800,89.3500,92.7900,0
2007-07-26,90.4100,91.0000,86.5300,88.2300,0
2007-07-27,87.9100,88.5000,85.4900,85.5900,0
2007-07-30,86.0000,86.4800,84.2800,86.0100,0
2007-07-31,86.7700,87.3200,84.9200,85.1300,0
2007-08-01,84.9900,87.3000,83.6100,85.8400,0
2007-08-02,85.7500,86.0400,83.5100,85.1800,0
2007-08-03,84.6200,85.8800,81.5300,82.0800,0
2007-08-06,81.9500,83.8000,80.4200,83.5400,0
2007-08-07,83.1500,86.4800,82.5200,85.7000,0
2007-08-08,85.7100,87.9000,85.3500,87.9000,0
2007-08-09,85.6900,86.7900,83.6000,83.6000,0
2007-08-10,82.5100,85.1500,82.1000,84.5100,0
2007-08-13,85.2400,85.2400,82.5100,82.9200,0
2007-08-14,83.3400,83.9000,81.9900,83.1300,0
2007-08-15,83.2700,84.4000,81.3600,81.6900,0
2007-08-16,80.8500,81.9300,78.7600,80.6700,0
2007-08-17,82.2900,84.7800,81.9800,84.1400,0
2007-08-20,83.8500,84.9800,82.8000,84.5300,0
2007-08-21,84.5000,84.6700,82.5100,83.1500,0
2007-08-22,83.7300,84.2400,83.0300,83.5800,0
2007-08-23,84.0500,84.5600,83.0500,83.7500,0
2007-08-24,83.7500,85.8500,83.7400,85.6900,0
2007-08-27,85.1100,85.5900,84.7200,85.1200,0
2007-08-28,84.8600,84.8600,83.0000,83.0000,0
2007-08-29,83.4900,85.6000,83.2200,85.2300,0
2007-08-30,84.9300,86.2500,84.3600,85.4000,0
2007-08-31,86.5400,86.9900,85.4100,85.7300,0
2007-09-04,85.3100,87.7600,85.3100,87.2300,0
2007-09-05,86.9100,87.3900,86.2800,87.2200,0
2007-09-06,87.6700,88.2400,87.0200,87.4900,0
2007-09-07,86.7200,87.1400,85.2100,85.7500,0
2007-09-10,85.6700,86.2400,83.8800,84.8600,0
2007-09-11,85.1900,87.2300,84.5700,86.9400,0
2007-09-12,86.7700,88.3700,86.7300,87.6500,0
2007-09-13,87.8500,89.1500,87.7100,88.6200,0
2007-09-14,88.1000,89.6800,87.8700,88.6700,0
2007-09-17,88.5000,89.7400,88.3000,89.2600,0
2007-09-18,89.6200,91.9300,89.1600,91.7600,0
2007-09-19,92.3000,93.1000,91.8700,92.1200,0
2007-09-20,92.4200,92.6300,91.8400,92.0900,0
2007-09-21,92.8700,93.4000,92.0900,92.3100,0
2007-09-24,92.0800,92.5200,91.3000,91.7300,0
2007-09-25,90.6800,91.9600,90.2100,91.9600,0
2007-09-26,92.4300,92.7500,91.5100,92.3700,0
2007-09-27,92.9000,93.3000,91.6800,92.9700,0
2007-09-28,93.1300,93.6600,92.1400,92.5600,0
2007-10-01,92.4500,93.9900,92.2100,93.9500,0
2007-10-02,93.3200,93.4000,91.3000,92.2400,0
2007-10-03,91.6300,91.6800,90.7200,91.3300,0
2007-10-04,91.3400,91.6500,90.3300,90.9200,0
2007-10-05,91.2000,91.6500,90.6400,91.3600,0
2007-10-08,90.6000,90.8200,90.1600,90.6800,0
2007-10-09,90.9900,92.7800,90.9900,92.6700,0
2007-10-10,91.6900,93.6800,91.5500,93.1300,0
2007-10-11,93.6000,95.0700,91.8700,92.6600,0
2007-10-12,93.1000,93.8400,92.8100,93.4800,0
2007-10-15,94.1500,95.1500,94.1500,94.8200,0
2007-10-16,94.7400,95.2200,94.4600,94.7400,0
2007-10-17,95.0800,95.2700,93.3300,94.8000,0
2007-10-18,94.6300,95.2400,94.1500,95.0500,0
2007-10-19,94.7000,94.7500,92.0000,92.1400,0
2007-10-22,91.1700,91.6800,89.6700,90.9100,0
2007-10-23,91.4700,92.4000,90.0000,91.3500,0
2007-10-24,90.8700,92.3400,90.5000,92.1300,0
2007-10-25,92.4900,92.4900,90.6200,91.5700,0
2007-10-26,92.7400,92.9100,91.5000,92.2100,0
2007-10-29,92.3600,94.2700,92.2900,93.6100,0
2007-10-30,92.9300,93.1900,90.7600,91.1400,0
2007-10-31,91.4600,92.1800,90.5000,91.9900,0
2007-11-01,89.8300,90.9500,88.0000,88.5000,0
2007-11-02,88.6900,89.2000,86.8400,87.9300,0
2007-11-05,87.0200,88.2700,86.5100,87.6600,0
2007-11-06,87.7600,90.5000,87.7600,90.3800,0
2007-11-07,89.7800,90.1000,87.1600,87.2000,0
2007-11-08,88.0100,90.0400,87.6100,89.4200,0
2007-11-09,88.9400,88.9900,86.5200,86.8500,0
2007-11-12,86.2400,86.4000,83.7400,84.5400,0
2007-11-13,84.3500,87.0000,83.3700,86.8800,0
2007-11-14,87.4600,88.6400,85.7400,86.3100,0
2007-11-15,85.7000,86.6700,83.8500,84.4900,0
2007-11-16,85.1600,86.2600,84.5000,85.1000,0
2007-11-19,84.6300,85.4300,84.0000,84.1100,0
2007-11-20,84.9800,88.7200,84.9700,87.8200,0
2007-11-21,87.9600,88.6200,86.7300,87.0400,0
2007-11-23,87.0500,88.4300,86.9100,88.2900,0
2007-11-26,88.1200,88.7800,85.4700,85.6800,0
2007-11-27,85.2300,86.5800,84.0000,86.3800,0
2007-11-28,86.8800,88.2700,86.0100,87.9200,0
2007-11-29,87.5000,89.4600,87.5000,88.5900,0
2007-11-30,88.5200,89.4700,87.8100,89.1600,0
2007-12-03,88.9700,89.1800,88.1400,88.8500,0
2007-12-04,88.1800,88.8300,87.7100,88.1200,0
2007-12-05,88.7600,90.5500,88.7600,89.9200,0
2007-12-06,89.8900,91.6700,89.5100,91.4400,0
2007-12-07,91.2500,92.0000,90.7700,91.5000,0
2007-12-10,91.7500,92.5600,91.5800,92.0300,0
2007-12-11,92.3600,92.9500,90.0000,90.2800,0
2007-12-12,91.7700,93.0900,90.8700,91.9200,0
2007-12-13,91.2900,92.8500,90.8600,92.7200,0
2007-12-14,92.1600,92.8900,91.1800,91.1800,0
2007-12-17,90.6500,90.9000,89.4000,89.8900,0
2007-12-18,90.7200,91.5400,89.0400,91.4200,0
2007-12-19,91.0600,92.0000,90.4400,91.4300,0
2007-12-20,91.5200,92.2200,90.9300,92.1300,0
2007-12-21,92.7400,93.9500,92.3200,93.4300,0
2007-12-24,93.5100,94.0000,93.3300,93.6600,0
2007-12-26,93.6800,95.0000,93.6400,94.8100,0
2007-12-27,94.8100,94.9800,93.6700,93.6700,0
2007-12-28,94.0500,95.1000,93.5200,95.0000,0
2007-12-31,94.6100,94.9600,93.5100,93.6900,0
2008-01-02,94.1500,94.5500,92.7800,93.5100,0
2008-01-03,93.8600,94.7400,93.5100,93.8300,0
2008-01-04,93.2400,94.3600,91.8800,92.0800,0
2008-01-07,92.5000,93.1500,90.2500,91.2200,0
2008-01-08,91.8600,92.0500,89.6800,90.0500,0
2008-01-09,90.1100,91.7300,89.5000,91.5600,0
2008-01-10,90.7500,92.1600,90.0700,91.6600,0
2008-01-11,91.0100,91.8600,90.0000,90.3000,0
2008-01-14,90.8400,91.2500,90.0800,90.8300,0
2008-01-15,89.8900,89.8900,88.4900,89.0200,0
2008-01-16,88.4500,89.3500,85.9100,86.5300,0
2008-01-17,87.4700,87.9100,83.4900,83.9100,0
2008-01-18,84.0000,86.4700,82.8000,85.0800,0
2008-01-22,80.0000,83.9800,79.5000,82.4500,0
2008-01-23,80.0100,83.4900,77.5500,83.4500,0
2008-01-24,84.2900,86.0700,83.0300,86.0000,0
2008-01-25,86.7000,86.9900,83.6000,83.9400,0
2008-01-28,83.5000,85.3400,82.5400,85.1300,0
2008-01-29,85.2200,86.3600,84.4500,85.0800,0
2008-01-30,84.5400,87.4700,84.3500,85.2800,0
2008-01-31,84.2200,86.4000,83.1000,85.7000,0
2008-02-01,87.7000,87.8600,84.8500,85.9500,0
2008-02-04,86.0400,86.2900,84.8500,85.4400,0
2008-02-05,84.1100,84.2200,82.1000,82.1100,0
2008-02-06,82.6900,83.0700,81.0900,81.4400,0
2008-02-07,80.9700,82.5100,80.3600,81.8900,0
2008-02-08,82.0000,82.4000,80.9600,81.7100,0
2008-02-11,81.8500,83.3000,81.0400,83.2200,0
2008-02-12,83.6000,85.0800,83.3000,84.3800,0
2008-02-13,84.7100,85.7000,84.5000,85.4900,0
2008-02-14,85.6500,86.7000,85.3200,85.5500,0
2008-02-15,85.1900,85.6000,84.3900,85.3700,0
2008-02-19,86.5200,87.9700,86.5200,87.0100,0
2008-02-20,86.3100,88.6000,86.1700,88.1000,0
2008-02-21,87.7100,88.0000,86.1800,86.9200,0
2008-02-22,87.4600,87.7900,86.0300,87.1700,0
2008-02-25,87.1700,89.3700,87.0700,89.1300,0
2008-02-26,88.7500,90.0000,88.4000,89.8900,0
2008-02-27,89.4000,90.1700,89.1200,89.3900,0
2008-02-28,89.1200,90.0000,88.8500,89.3800,0
2008-02-29,88.7700,89.2900,86.2500,87.0100,0
2008-03-03,86.8300,88.4100,86.5800,87.7500,0
2008-03-04,87.4700,87.9900,85.5000,86.6900,0
2008-03-05,86.8000,87.6200,86.0500,87.1900,0
2008-03-06,86.9300,87.0700,84.4400,84.5100,0
2008-03-07,83.9100,84.0600,81.9700,82.4900,0
2008-03-10,82.7500,83.5000,82.0000,82.4600,0
2008-03-11,83.9600,86.6800,83.5500,86.6800,0
2008-03-12,86.6100,87.2300,85.6800,85.9700,0
2008-03-13,85.3300,87.5000,84.9000,87.0500,0
2008-03-14,87.7400,87.8600,84.7900,85.9100,0
2008-03-17,83.8800,86.7500,83.5400,85.7900,0
2008-03-18,86.6100,88.4700,86.1200,88.4700,0
2008-03-19,87.8100,88.5000,84.3500,84.4300,0
2008-03-20,84.1800,85.4100,82.7500,85.0000,0
2008-03-24,85.1700,86.9500,85.0400,85.9500,0
2008-03-25,86.2600,86.3800,84.3300,85.2000,0
2008-03-26,85.2300,87.0000,84.9100,86.2600,0
2008-03-27,86.8200,87.5000,86.0700,86.2000,0
2008-03-28,86.0500,87.0800,85.0000,85.2200,0
2008-03-31,85.6900,86.3800,84.5800,84.5800,0
2008-04-01,84.8000,87.0400,84.2600,87.0200,0
2008-04-02,86.8500,89.1200,86.6900,88.5200,0
2008-04-03,88.0000,89.3800,87.9000,88.2300,0
2008-04-04,88.4800,89.5000,88.3100,88.7400,0
2008-04-07,89.3200,89.9500,88.6900,88.9200,0
2008-04-08,88.7300,89.7400,88.2300,89.6100,0
2008-04-09,89.7200,90.1500,89.1100,89.7000,0
2008-04-10,89.5300,89.9900,88.6600,89.5500,0
2008-04-11,88.9000,89.7500,88.4900,88.6200,0
2008-04-14,88.7400,89.9800,88.5300,89.7000,0
2008-04-15,90.0600,90.8900,89.6500,90.8000,0
2008-04-16,90.9000,93.0000,90.7600,92.8900,0
2008-04-17,92.4800,93.7900,92.2000,93.3800,0
2008-04-18,93.3600,94.4500,92.9300,94.0000,0
2008-04-21,94.0000,94.4700,93.3800,94.2600,0
2008-04-22,94.1000,94.9300,93.8100,94.3900,0
2008-04-23,94.2700,94.4800,93.2800,94.2200,0
2008-04-24,93.4100,93.6600,92.1400,92.6000,0
2008-04-25,93.2100,93.4000,91.7100,92.4600,0
2008-04-28,92.5700,93.7100,92.3200,92.4500,0
2008-04-29,92.4200,93.6400,91.7900,91.7900,0
2008-04-30,92.2500,94.5100,92.1700,93.0700,0
2008-05-01,90.1000,90.4300,88.3000,89.7000,0
2008-05-02,90.0500,90.5400,89.1100,89.6100,0
2008-05-05,89.7000,90.5500,89.2600,89.5100,0
2008-05-06,89.2800,90.3900,89.0000,90.0700,0
2008-05-07,90.0700,90.1800,88.6700,88.8200,0
2008-05-08,89.0000,89.9500,88.5200,89.9300,0
2008-05-09,89.3700,89.5900,87.9700,88.8200,0
2008-05-12,88.4300,89.4700,87.6000,89.1900,0
2008-05-13,88.8700,89.9500,88.5300,89.6800,0
2008-05-14,89.8500,90.9900,89.5900,89.9100,0
2008-05-15,90.3300,91.3000,89.9600,91.3000,0
2008-05-16,91.8500,92.9500,91.6100,92.6700,0
2008-05-19,92.9100,94.5900,92.7800,94.3600,0
2008-05-20,94.4700,94.8800,93.9300,94.5600,0
2008-05-21,94.6300,96.1200,93.4600,93.6700,0
2008-05-22,93.7600,94.2900,92.4100,92.5100,0
2008-05-23,92.6400,92.9600,90.6600,90.7000,0
2008-05-27,90.0400,90.1400,89.0300,89.8000,0
2008-05-28,89.1300,90.5800,88.8800,90.4300,0
2008-05-29,89.8700,90.5300,89.2500,89.3500,0
2008-05-30,89.5800,89.8600,88.4200,88.7600,0
2008-06-02,88.0900,88.7100,87.4200,87.8100,0
2008-06-03,87.6800,88.2600,85.6100,85.7100,0
2008-06-04,85.3000,86.7300,85.0000,85.7500,0
2008-06-05,86.2500,89.3100,86.1200,89.3100,0
2008-06-06,89.7900,90.5000,86.6700,86.7900,0
2008-06-09,87.6100,89.1300,87.1600,89.0700,0
2008-06-10,88.7700,88.9900,86.8200,87.8900,0
2008-06-11,88.8000,89.4000,87.7700,88.6100,0
2008-06-12,87.9800,88.4300,86.8200,87.0600,0
2008-06-13,86.5300,88.4000,86.3200,88.3600,0
2008-06-16,88.4900,88.7100,87.7900,87.9900,0
2008-06-17,87.8700,88.9900,87.4800,88.6200,0
2008-06-18,88.0800,88.6600,87.2000,87.8300,0
2008-06-19,88.0400,88.2000,85.5000,85.7900,0
2008-06-20,86.3000,86.4300,84.7700,84.9100,0
2008-06-23,85.1000,87.7000,85.0900,87.7000,0
2008-06-24,87.5300,88.0000,86.3400,86.9200,0
2008-06-25,87.2500,88.5000,85.9500,87.6000,0
2008-06-26,87.6900,88.5200,86.3700,86.4100,0
2008-06-27,86.8400,87.5400,86.1400,86.5500,0
2008-06-30,86.8100,88.2000,86.8100,88.1300,0
2008-07-01,87.8700,88.3500,86.7500,88.3500,0
2008-07-02,88.5000,89.6300,87.2400,87.4100,0
2008-07-03,87.9700,89.5300,86.9000,88.2700,0
2008-07-07,87.8600,88.8800,86.3800,86.9500,0
2008-07-08,86.1200,86.7900,84.8600,85.9400,0
2008-07-09,86.1500,87.2000,84.1200,84.3100,0
2008-07-10,84.3000,86.0600,83.7600,86.0600,0
2008-07-11,86.2800,86.6400,84.3100,85.4800,0
2008-07-14,86.0000,86.4700,84.4800,85.4200,0
2008-07-15,85.6500,85.6700,81.8700,82.1900,0
2008-07-16,81.8900,81.9900,79.4100,80.8100,0
2008-07-17,81.3000,81.7900,79.1000,80.3300,0
2008-07-18,80.6300,81.5400,79.9300,81.5400,0
2008-07-21,81.8400,82.9800,81.1100,82.9800,0
2008-07-22,82.5600,83.2300,81.5700,82.8600,0
2008-07-23,82.9800,83.0000,80.6000,80.9900,0
2008-07-24,81.2000,81.9500,79.7300,80.8000,0
2008-07-25,81.0100,82.4100,80.7600,81.7000,0
2008-07-28,81.8700,82.2300,80.6500,80.6800,0
2008-07-29,80.8300,81.2000,79.7500,80.9000,0
2008-07-30,80.9000,84.7600,80.5300,84.3800,0
2008-07-31,81.8200,82.5500,80.1900,80.4300,0
2008-08-01,80.5500,81.1000,79.4500,79.7200,0
2008-08-04,79.6300,80.1300,76.1400,76.6000,0
2008-08-05,76.5000,78.3500,76.2100,78.3500,0
2008-08-06,78.5000,78.6500,77.2400,78.3300,0
2008-08-07,78.6800,79.1100,77.3100,77.4400,0
2008-08-08,76.9000,78.8500,76.3100,78.7200,0
2008-08-11,78.5200,78.9500,77.0400,78.1600,0
2008-08-12,78.5700,78.6500,76.5100,76.8800,0
2008-08-13,76.8100,78.6300,76.8000,78.1700,0
2008-08-14,77.6000,78.1500,76.9100,77.4500,0
2008-08-15,77.0900,77.2800,76.1900,77.0700,0
2008-08-18,77.4600,78.0500,76.3000,76.5300,0
2008-08-19,76.3800,78.2700,76.3700,77.9500,0
2008-08-20,78.5400,79.6600,77.3800,78.8100,0
2008-08-21,79.2800,80.9500,79.0000,80.3500,0
2008-08-22,80.0000,80.7000,79.1500,80.3000,0
2008-08-25,80.2700,80.5600,78.6400,78.7100,0
2008-08-26,78.8200,80.0000,78.8200,79.9500,0
2008-08-27,80.6700,81.2800,80.0000,80.4700,0
2008-08-28,81.0600,81.1900,79.8900,81.1800,0
2008-08-29,81.5000,81.5000,80.0100,80.0100,0
2008-09-02,78.0400,78.8900,77.2800,77.3200,0
2008-09-03,77.0100,78.6000,77.0100,78.0200,0
2008-09-04,77.6800,78.3400,75.7000,76.1400,0
2008-09-05,76.0000,76.3900,74.6900,75.6200,0
2008-09-08,76.7600,77.5500,76.0000,76.7700,0
2008-09-09,76.0700,76.9900,73.2600,73.2600,0
2008-09-10,73.8800,75.8000,73.5400,75.2500,0
2008-09-11,74.5600,75.7500,73.6200,75.5600,0
2008-09-12,75.5200,77.7000,75.5100,77.5000,0
2008-09-15,74.9400,77.9000,73.2500,73.2500,0
2008-09-16,71.9900,76.7500,71.5100,76.4300,0
2008-09-17,75.6000,79.1200,74.8200,75.2800,0
2008-09-18,76.2900,77.7500,74.5500,77.7500,0
2008-09-19,80.4900,82.0000,78.2200,79.6100,0
2008-09-22,80.2000,81.8000,78.5300,78.8800,0
2008-09-23,78.5700,80.5000,77.5800,77.6900,0
2008-09-24,77.9500,79.5000,77.0200,78.0300,0
2008-09-25,78.5400,81.3000,78.5000,80.6700,0
2008-09-26,79.0300,81.0300,78.6100,80.6500,0
2008-09-29,78.9200,80.0000,74.0600,74.0600,0
2008-09-30,75.6200,78.6100,75.1700,77.6600,0
2008-10-01,77.1900,79.2300,74.9300,78.5800,0
2008-10-02,77.7700,79.4100,76.4400,77.5000,0
2008-10-03,77.8500,81.7500,77.5500,77.9400,0
2008-10-06,75.6500,77.5000,73.7300,77.3200,0
2008-10-07,78.0000,79.8800,74.9600,76.0700,0
2008-10-08,74.8500,79.3900,74.0000,77.0000,0
2008-10-09,77.6000,78.4500,67.4700,68.0000,0
2008-10-10,63.8600,66.0600,56.5100,62.3600,0
2008-10-13,64.9000,73.7400,63.8800,73.0800,0
2008-10-14,75.0500,75.6600,68.7100,72.4600,0
2008-10-15,70.7600,70.7600,61.3300,62.3500,0
2008-10-16,63.3100,69.6800,59.1700,69.4500,0
2008-10-17,67.0500,72.4400,65.6000,68.0400,0
2008-10-20,70.3700,75.0000,69.7400,74.9900,0
2008-10-21,72.4500,74.3300,69.2100,71.5000,0
2008-10-22,68.7400,69.3600,63.9000,64.5700,0
2008-10-23,65.8800,70.3900,64.3900,70.3900,0
2008-10-24,64.0100,70.9800,64.0000,69.0400,0
2008-10-27,67.5800,70.9800,65.0000,66.0900,0
2008-10-28,68.8700,75.4500,67.0600,74.8600,0
2008-10-29,74.8700,77.9900,73.0600,74.6500,0
2008-10-30,75.0000,75.7500,71.4400,75.0500,0
2008-10-31,74.3700,77.3600,73.2500,74.1200,0
2008-11-03,73.4500,75.1800,72.5000,74.2900,0
2008-11-04,75.1300,77.9600,75.0700,77.4900,0
2008-11-05,76.2500,77.3400,72.8400,73.6900,0
2008-11-06,73.1200,73.8800,69.4000,69.9600,0
2008-11-07,70.4800,75.5900,70.4800,73.9500,0
2008-11-10,75.1000,75.8400,72.8000,74.0200,0
2008-11-11,72.6500,74.1600,71.5900,72.6500,0
2008-11-12,71.3500,72.2200,68.7000,68.9300,0
2008-11-13,69.5400,76.5000,67.5400,75.4100,0
2008-11-14,73.8000,77.7500,71.9000,73.6800,0
2008-11-17,73.5000,76.4600,73.0000,73.3800,0
2008-11-18,73.5000,76.9900,73.0300,76.3300,0
2008-11-19,76.2000,77.1300,73.0500,73.4200,0
2008-11-20,71.8400,75.4200,68.3000,68.5100,0
2008-11-21,69.7800,76.2000,69.1500,75.8100,0
2008-11-24,76.8200,80.2300,75.3100,78.8000,0
2008-11-25,78.3900,79.5600,76.9200,78.1100,0
2008-11-26,77.3800,81.0300,76.5800,80.8900,0
2008-11-28,79.8600,80.4400,79.2000,80.1500,0
2008-12-01,77.8900,77.9800,74.3100,74.3100,0
2008-12-02,75.5900,78.0000,74.9300,77.6100,0
2008-12-03,76.1600,79.4400,75.7300,78.9300,0
2008-12-04,77.5400,79.0000,75.0200,76.2700,0
2008-12-05,75.6700,77.9800,72.6800,76.6000,0
2008-12-08,78.5900,80.0600,78.1900,79.6000,0
2008-12-09,79.0200,79.6300,77.5100,78.2000,0
2008-12-10,79.2200,81.7100,78.8700,80.0700,0
2008-12-11,80.3300,81.9200,79.4100,80.0200,0
2008-12-12,78.0400,81.0000,77.8400,80.4500,0
2008-12-15,81.3200,81.5000,78.8600,79.9500,0
2008-12-16,80.4100,83.6400,80.0700,83.1400,0
2008-12-17,82.5700,83.2400,81.0600,81.0600,0
2008-12-18,80.5600,80.9800,76.2000,77.0000,0
2008-12-19,76.8000,78.3300,75.0200,75.0200,0
2008-12-22,75.2100,75.8700,73.2700,74.9100,0
2008-12-23,75.5000,76.3600,74.5200,75.1000,0
2008-12-24,74.6200,76.1000,74.4500,75.7800,0
2008-12-26,76.0400,77.4000,76.0400,77.1900,0
2008-12-29,78.2800,78.5500,77.0900,78.0200,0
2008-12-30,78.0200,79.2000,77.5800,78.5900,0
2008-12-31,78.4200,80.5900,78.2900,79.8300,0
2009-01-02,80.0600,82.1100,78.9000,81.6400,0
2009-01-05,81.2700,82.4200,80.6800,81.6300,0
2009-01-06,82.1400,82.7300,79.6300,80.3000,0
2009-01-07,79.2500,80.1900,77.5600,78.2500,0
2009-01-08,77.9100,79.5700,77.9000,79.0900,0
2009-01-09,78.8800,79.2500,77.3800,77.5700,0
2009-01-12,76.5400,77.5200,76.0100,76.5400,0
2009-01-13,76.4600,78.3400,76.4600,77.9200,0
2009-01-14,77.0400,77.3100,74.3200,75.1000,0
2009-01-15,74.7000,76.7000,74.0100,76.6600,0
2009-01-16,77.6200,78.4500,76.5200,78.1000,0
2009-01-20,77.0800,78.6300,76.0000,76.2900,0
2009-01-21,76.2500,79.3800,76.0000,79.2600,0
2009-01-22,77.6900,78.9200,76.5900,78.2300,0
2009-01-23,76.4000,78.8000,75.7800,78.0400,0
2009-01-26,78.6800,80.1700,77.8700,78.6000,0
2009-01-27,78.2700,79.4300,77.6200,78.9200,0
2009-01-28,79.3700,79.6000,77.1400,79.2500,0
2009-01-29,77.5800,78.0000,76.6400,77.0000,0
2009-01-30,78.2500,78.8900,76.0000,76.4800,0
2009-02-02,76.0600,77.1200,75.6600,76.6900,0
2009-02-03,76.8500,78.6400,76.6700,78.1200,0
2009-02-04,78.5500,78.8900,77.0500,77.6600,0
2009-02-05,77.5700,79.9200,76.4300,79.7800,0
2009-02-06,78.8100,80.4900,78.7000,80.3400,0
2009-02-09,80.3900,80.5000,78.7000,79.4800,0
2009-02-10,79.2800,79.6000,75.6900,76.1400,0
2009-02-11,76.6100,76.7700,73.6100,74.5800,0
2009-02-12,73.5700,75.2500,72.7000,75.2200,0
2009-02-13,74.9900,75.5800,74.4400,74.5900,0
2009-02-17,72.7200,72.9100,71.1600,71.2800,0
2009-02-18,71.5100,72.5800,71.2700,71.9400,0
2009-02-19,71.8700,72.9600,71.7700,72.1600,0
2009-02-20,70.9400,72.2200,70.2100,71.2300,0
2009-02-23,72.2500,72.8000,69.0600,69.3000,0
2009-02-24,69.7200,72.2900,69.6500,72.0900,0
2009-02-25,71.4000,73.4900,70.5000,72.0500,0
2009-02-26,71.7700,73.4800,70.8700,70.9500,0
2009-02-27,69.7900,70.2300,67.9000,67.9000,0
2009-03-02,67.0000,67.4300,64.8400,64.9100,0
2009-03-03,65.8400,66.1200,64.0800,64.3600,0
2009-03-04,65.5600,66.5400,64.7900,65.6800,0
2009-03-05,64.1800,64.5800,62.1300,62.2200,0
2009-03-06,62.9800,64.5900,61.8600,64.0300,0
2009-03-09,62.8800,65.9800,62.8700,64.5700,0
2009-03-10,65.5900,67.4800,65.3400,67.3900,0
2009-03-11,67.3800,67.9600,65.3500,65.7700,0
2009-03-12,66.0100,67.4900,65.7200,67.1500,0
2009-03-13,67.3900,67.6300,66.3700,67.2000,0
2009-03-16,67.0400,68.2300,66.5700,66.9700,0
2009-03-17,66.8100,69.2400,66.3600,69.0900,0
2009-03-18,68.5100,70.0000,66.8600,69.1700,0
2009-03-19,70.4000,70.4300,67.9400,68.3300,0
2009-03-20,68.6400,69.4400,65.6700,66.0900,0
2009-03-23,66.9900,70.8200,66.8600,70.5300,0
2009-03-24,69.6000,70.6900,69.1500,69.3800,0
2009-03-25,69.7000,71.1700,68.7600,70.1600,0
2009-03-26,70.6800,71.4900,69.8200,71.2300,0
2009-03-27,70.0500,70.6000,69.2900,69.9800,0
2009-03-30,68.5400,68.8500,67.5800,68.6300,0
2009-03-31,69.0400,69.3400,67.7400,68.1000,0
2009-04-01,67.0400,69.4800,66.5000,69.2300,0
2009-04-02,70.7300,71.1500,69.7000,70.2500,0
2009-04-03,69.7600,70.7900,69.4000,70.4400,0
2009-04-06,69.6600,70.4300,69.0100,70.0500,0
2009-04-07,69.0300,69.2500,68.0300,68.7100,0
2009-04-08,68.5700,69.5900,67.8900,68.9600,0
2009-04-09,69.9500,70.4100,69.2500,69.8400,0
2009-04-13,68.6400,69.0600,67.7600,68.0200,0
2009-04-14,67.2400,67.9300,66.3500,67.7000,0
2009-04-15,67.5900,68.5000,67.2300,68.1400,0
2009-04-16,68.6100,68.6100,66.8200,67.4100,0
2009-04-17,67.8400,68.0600,66.5800,66.7500,0
2009-04-20,66.0200,66.4200,65.1800,65.2900,0
2009-04-21,65.2900,66.2800,64.8700,66.2300,0
2009-04-22,65.6400,65.8400,64.5600,64.7500,0
2009-04-23,65.3100,65.7600,64.5000,65.7100,0
2009-04-24,66.2100,67.0000,65.9100,66.5700,0
2009-04-27,65.2900,66.6500,65.0500,66.1300,0
2009-04-28,65.3600,67.7300,65.3600,67.0800,0
2009-04-29,67.3200,68.6300,67.1100,68.4400,0
2009-04-30,68.6400,68.7400,66.2200,66.6700,0
2009-05-01,67.1300,68.0600,66.0800,68.0100,0
2009-05-04,68.5000,68.9100,67.6700,68.2000,0
2009-05-05,68.0800,68.3200,67.1600,67.6500,0
2009-05-06,68.0400,68.6000,67.4400,68.5800,0
2009-05-07,69.0000,69.0400,67.6200,68.9300,0
2009-05-08,69.4000,71.2300,69.3900,70.8000,0
2009-05-11,69.4800,69.6400,68.8400,69.2700,0
2009-05-12,69.7700,71.2000,69.5500,70.8200,0
2009-05-13,69.9800,70.5700,69.4300,69.7700,0
2009-05-14,69.5200,70.0800,65.6000,69.7600,0
2009-05-15,69.3100,69.7500,68.5900,69.1100,0
2009-05-18,69.7400,70.7600,69.5000,70.5000,0
2009-05-19,70.3100,71.1300,70.0700,70.5200,0
2009-05-20,71.0000,71.3900,69.3500,69.6100,0
2009-05-21,68.7200,68.9800,67.9900,68.3900,0
2009-05-22,68.6200,69.6800,68.3900,68.8300,0
2009-05-26,68.3900,69.9500,67.9100,69.8100,0
2009-05-27,69.8000,70.6200,68.1700,68.3000,0
2009-05-28,68.5400,69.8000,68.1300,69.2300,0
2009-05-29,69.8000,70.2500,68.9500,69.3500,0
2009-06-01,70.4600,72.0400,70.2500,71.7600,0
2009-06-02,71.4400,73.2100,71.4400,72.9200,0
2009-06-03,72.3900,72.4500,71.3300,72.0800,0
2009-06-04,72.6700,73.0500,72.0700,72.9800,0
2009-06-05,73.2500,73.5000,72.0300,72.9700,0
2009-06-08,72.4800,73.6900,72.0000,73.1700,0
2009-06-09,73.5600,73.8200,72.3700,73.1200,0
2009-06-10,73.9700,74.1200,72.8400,73.8400,0
2009-06-11,74.0000,74.8300,73.1200,74.0500,0
2009-06-12,73.4300,74.1600,73.1000,73.7800,0
2009-06-15,72.6400,72.9600,72.2500,72.8100,0
2009-06-16,73.3400,73.4300,71.5800,71.6300,0
2009-06-17,71.0600,71.7800,70.8400,71.4200,0
2009-06-18,71.2300,72.0900,71.1600,71.4400,0
2009-06-19,71.8500,72.0000,70.4200,71.0500,0
2009-06-22,70.1000,70.1700,68.6900,68.8400,0
2009-06-23,69.2800,69.6400,68.5100,68.9500,0
2009-06-24,69.3000,69.6200,68.1800,68.4500,0
2009-06-25,68.3100,70.0300,68.0800,69.8800,0
2009-06-26,69.6700,69.7900,68.8600,69.0500,0
2009-06-29,69.4500,70.7800,69.1300,70.5800,0
2009-06-30,70.6000,70.9700,69.1100,69.9100,0
2009-07-01,70.6700,71.5100,70.4100,70.5600,0
2009-07-02,69.5700,69.7200,68.0000,68.4900,0
2009-07-06,67.6700,68.1500,66.3600,68.1000,0
2009-07-07,67.6100,67.8100,66.3700,66.5600,0
2009-07-08,66.5600,67.1300,65.5000,66.2600,0
2009-07-09,66.8000,66.9700,65.7100,65.9700,0
2009-07-10,65.1000,65.4000,64.7500,65.1200,0
2009-07-13,65.1700,65.7300,64.4600,65.7000,0
2009-07-14,66.2000,66.3500,65.4600,66.2200,0
2009-07-15,67.2000,68.5100,66.8900,68.4400,0
2009-07-16,68.2000,68.8000,67.4800,68.4600,0
2009-07-17,68.3000,68.7500,67.8500,68.5200,0
2009-07-20,69.1100,69.3800,68.1300,68.9400,0
2009-07-21,69.4200,70.5100,69.3300,70.4700,0
2009-07-22,69.8800,70.7200,69.5200,69.9900,0
2009-07-23,69.8200,71.7400,69.7300,71.6100,0
2009-07-24,71.3600,72.3800,71.2600,72.2900,0
2009-07-27,72.4100,72.7900,71.7500,72.7500,0
2009-07-28,71.8800,72.5000,71.1100,71.8900,0
2009-07-29,71.0700,71.5800,70.3000,71.4300,0
2009-07-30,70.3000,71.5200,69.9100,70.7200,0
2009-07-31,70.3600,70.5000,69.4300,70.3900,0
2009-08-03,70.9600,71.4000,70.3000,70.6500,0
2009-08-04,70.2500,70.6400,70.0000,70.6000,0
2009-08-05,70.4800,70.4900,69.6100,70.0300,0
2009-08-06,70.0100,70.0300,69.4100,69.7300,0
2009-08-07,70.0100,70.3900,69.3500,69.4700,0
2009-08-10,69.1200,69.7100,69.0300,69.1800,0
2009-08-11,68.7000,68.7900,67.9500,68.1300,0
2009-08-12,68.2300,69.5500,68.1500,69.1100,0
2009-08-13,69.2200,69.2200,68.1700,68.7500,0
2009-08-14,68.5200,68.6600,67.6500,68.2100,0
2009-08-17,67.3700,67.3700,66.5100,66.5500,0
2009-08-18,66.7000,66.8100,66.2600,66.4900,0
2009-08-19,66.0900,68.1900,66.0900,68.0000,0
2009-08-20,68.0900,68.7800,67.8700,68.5900,0
2009-08-21,69.4500,70.0000,69.2100,69.9200,0
2009-08-24,70.0400,71.6500,69.9300,71.3000,0
2009-08-25,71.7000,71.8900,70.5500,70.6800,0
2009-08-26,70.0500,71.4700,69.9000,71.3700,0
2009-08-27,71.0700,71.1700,69.9900,70.8600,0
2009-08-28,71.2000,71.2000,69.9500,70.1200,0
2009-08-31,69.4500,69.8500,68.9500,69.1500,0
2009-09-01,68.9300,69.5000,68.1100,68.4100,0
2009-09-02,68.3500,68.9000,68.1200,68.1800,0
2009-09-03,68.4700,68.6500,67.8300,68.2600,0
2009-09-04,68.2200,69.3000,68.1300,69.1800,0
2009-09-08,69.8500,70.9700,69.7000,70.6500,0
2009-09-09,70.8000,71.0500,70.0900,70.5000,0
2009-09-10,70.8300,71.0400,70.4000,70.6500,0
2009-09-11,70.8900,71.0800,69.7500,69.9800,0
2009-09-14,69.1100,70.2900,69.0400,70.0000,0
2009-09-15,70.1800,70.1800,69.4500,69.4900,0
2009-09-16,69.8600,70.3800,69.1800,70.3400,0
2009-09-17,69.9500,70.4500,69.8000,69.8400,0
2009-09-18,70.2700,70.4800,69.6800,69.9900,0
2009-09-21,69.1500,69.6800,69.0000,69.5700,0
2009-09-22,70.0300,70.1400,69.7000,69.8300,0
2009-09-23,69.8700,70.3400,68.8500,69.0000,0
2009-09-24,69.0000,69.3600,68.3500,68.9300,0
2009-09-25,68.8600,69.5400,68.4100,68.7000,0
2009-09-28,68.8100,69.8500,68.6400,69.5900,0
2009-09-29,69.3600,69.7100,68.9500,69.0700,0
2009-09-30,68.9800,69.2400,68.0400,68.6100,0
2009-10-01,68.3900,68.5000,67.0900,67.2700,0
2009-10-02,66.9700,67.1400,66.5000,66.5800,0
2009-10-05,66.7900,67.7800,66.1100,67.5800,0
2009-10-06,68.0100,69.1000,67.7800,68.6600,0
2009-10-07,68.4800,68.9300,67.9600,68.6700,0
2009-10-08,68.9700,69.3000,68.7000,69.0500,0
2009-10-09,68.9600,69.2700,68.6300,69.2700,0
2009-10-12,69.5100,70.5000,69.4400,70.1300,0
2009-10-13,70.2500,70.3900,69.5200,70.2600,0
2009-10-14,70.8400,71.8800,70.7500,71.8400,0
2009-10-15,71.5100,73.0000,71.5100,72.9400,0
2009-10-16,72.7300,73.3500,72.3100,73.1200,0
2009-10-19,73.1500,73.9700,73.0000,73.6200,0
2009-10-20,73.3800,73.5400,72.3600,73.0200,0
2009-10-21,72.6500,74.3000,72.5100,73.3100,0
2009-10-22,73.0200,74.6500,73.0100,74.4400,0
2009-10-23,74.3300,74.3300,72.9700,73.5700,0
2009-10-26,73.8100,74.9200,73.1300,73.2300,0
2009-10-27,73.3000,75.0000,73.3000,74.9100,0
2009-10-28,74.5200,74.9600,73.8400,73.8400,0
2009-10-29,72.5700,74.0000,72.1000,73.9600,0
2009-10-30,73.3700,73.8200,71.0500,71.6700,0
2009-11-02,72.0500,72.8500,71.1600,72.1500,0
2009-11-03,71.3200,72.3000,71.1600,71.7400,0
2009-11-04,72.0700,72.5300,71.0400,71.3000,0
2009-11-05,71.9500,72.7500,71.5800,72.5000,0
2009-11-06,71.8200,72.6900,71.5000,72.5800,0
2009-11-09,72.9600,73.1700,72.4500,72.8500,0
2009-11-10,72.4600,73.2300,72.4500,72.6100,0
2009-11-11,73.0400,73.4300,72.5300,72.9100,0
2009-11-12,72.6800,73.0500,71.7100,71.9000,0
2009-11-13,72.0500,73.1600,71.7300,72.4700,0
2009-11-16,73.6500,74.6700,73.3300,74.4300,0
2009-11-17,74.7300,75.1600,74.4900,75.0300,0
2009-11-18,75.2500,75.4000,74.7100,75.2700,0
2009-11-19,74.7700,74.9000,74.0500,74.6500,0
2009-11-20,74.3800,74.8100,74.0300,74.3800,0
2009-11-23,75.4400,75.9600,75.3200,75.7000,0
2009-11-24,75.7000,75.9900,74.8000,75.9700,0
2009-11-25,76.0000,76.5400,75.6600,76.4700,0
2009-11-27,74.6500,75.3800,74.3500,74.8700,0
2009-11-30,74.4900,75.3500,74.3500,75.0700,0
2009-12-01,76.0000,76.2400,75.2900,76.0400,0
2009-12-02,75.9700,76.3000,75.3500,75.7900,0
2009-12-03,75.5800,75.7600,74.9100,74.9900,0
2009-12-04,75.6900,75.9700,73.9100,74.2500,0
2009-12-07,73.9500,74.7200,73.5900,73.7700,0
2009-12-08,73.4700,73.5000,72.4100,72.9500,0
2009-12-09,73.0000,73.5500,72.1000,72.7900,0
2009-12-10,73.3200,73.5600,72.2100,72.4000,0
2009-12-11,72.8900,73.1500,72.3200,72.8300,0
2009-12-14,70.8000,71.3000,69.2800,69.6900,0
2009-12-15,69.9700,70.1100,68.8200,69.1700,0
2009-12-16,69.5800,69.6000,68.4200,68.4300,0
2009-12-17,68.3600,68.8600,68.1300,68.2200,0
2009-12-18,68.5600,68.8000,67.6400,68.2100,0
2009-12-21,68.4700,68.7500,68.2200,68.5100,0
2009-12-22,68.6200,69.2100,68.5000,68.5700,0
2009-12-23,68.7500,68.7800,68.2000,68.2600,0
2009-12-24,68.3500,68.7500,68.1600,68.6600,0
2009-12-28,69.0800,69.1200,68.7400,69.0800,0
2009-12-29,69.2800,69.4000,68.8000,68.8400,0
2009-12-30,68.7100,68.9600,68.3900,68.7700,0
2009-12-31,68.8400,68.8600,68.1100,68.1900,0
2010-01-04,68.7200,69.2600,68.1900,69.1500,0
2010-01-05,69.1900,69.4500,68.8000,69.4200,0
2010-01-06,69.4500,70.6000,69.3400,70.0200,0
2010-01-07,69.9000,70.0600,69.4200,69.8000,0
2010-01-08,69.6900,69.7500,69.2200,69.5200,0
2010-01-11,69.9400,70.5200,69.6500,70.3000,0
2010-01-12,69.7200,69.9900,69.5200,69.9500,0
2010-01-13,69.9600,70.0400,69.2600,69.6700,0
2010-01-14,69.5400,69.7400,69.3500,69.6800,0
2010-01-15,69.6500,69.6900,68.6500,69.1100,0
2010-01-19,68.7400,69.3500,68.4200,69.2700,0
2010-01-20,68.5600,68.6600,67.9300,68.0300,0
2010-01-21,68.1200,68.1500,66.5000,66.7000,0
2010-01-22,66.5200,67.1400,66.0000,66.1000,0
2010-01-25,66.5500,66.7600,65.6900,65.8500,0
2010-01-26,65.6400,66.7400,65.5000,65.9200,0
2010-01-27,65.6600,66.0600,65.0000,65.5400,0
2010-01-28,65.8500,65.8500,64.5700,64.9600,0
2010-01-29,65.1500,65.8200,64.0200,64.4300,0
2010-02-01,65.7700,66.4100,65.3500,66.1800,0
2010-02-02,66.7300,67.1200,66.4700,66.9600,0
2010-02-03,66.8800,67.2300,66.5600,66.6000,0
2010-02-04,66.2700,66.3500,64.6800,64.7200,0
2010-02-05,64.7000,64.9000,63.5600,64.8000,0
2010-02-08,64.9100,65.4900,64.3400,64.3500,0
2010-02-09,65.1100,65.7100,64.5600,65.2000,0
2010-02-10,65.0800,65.2200,64.1600,64.8500,0
2010-02-11,64.6900,65.4800,64.4100,65.2400,0
2010-02-12,64.6200,65.1400,64.2800,64.8000,0
2010-02-16,65.4400,66.3800,65.0800,66.2800,0
2010-02-17,66.3400,66.4500,65.5700,65.7600,0
2010-02-18,65.8000,66.0900,65.3500,65.9600,0
2010-02-19,65.5900,66.2400,65.4300,65.8700,0
2010-02-22,66.1000,66.1200,65.2500,65.4000,0
2010-02-23,65.2600,65.5600,64.1500,64.9400,0
2010-02-24,65.0100,65.8700,64.7700,65.5500,0
2010-02-25,64.6100,65.1700,64.3700,65.1400,0
2010-02-26,65.2600,65.4000,64.9200,65.0000,0
2010-03-01,65.3600,65.5400,65.0900,65.4000,0
2010-03-02,65.6600,65.7900,65.1500,65.4900,0
2010-03-03,65.7700,65.9700,65.3800,65.4300,0
2010-03-04,65.3500,65.6300,65.0800,65.4000,0
2010-03-05,65.9600,66.5200,65.7800,66.4700,0
2010-03-08,66.7700,66.7900,66.2300,66.4800,0
2010-03-09,66.3200,67.1900,66.2200,66.7800,0
2010-03-10,67.1600,67.4200,66.7800,67.2200,0
2010-03-11,67.3900,67.5600,66.9800,67.2200,0
2010-03-12,67.5800,67.5800,66.5000,66.8000,0
2010-03-15,66.6700,66.6900,65.9000,66.3000,0
2010-03-16,66.5500,66.6800,66.0000,66.5700,0
2010-03-17,66.9100,67.7900,66.8000,67.3600,0
2010-03-18,67.5000,67.7400,67.0100,67.3900,0
2010-03-19,67.0400,67.8900,66.4300,67.0400,0
2010-03-22,66.4900,67.2000,66.3200,66.9700,0
2010-03-23,66.9400,66.9800,66.4500,66.9500,0
2010-03-24,66.5700,66.8600,66.2300,66.5000,0
2010-03-25,66.8100,66.9200,66.2400,66.3000,0
2010-03-26,66.4400,66.8800,66.1700,66.5400,0
2010-03-29,66.6600,67.4800,66.5900,67.3000,0
2010-03-30,67.1900,67.3000,66.7900,67.0500,0
2010-03-31,66.9400,67.1900,66.6000,66.9800,0
2010-04-01,67.2700,67.8000,67.1900,67.6100,0
2010-04-05,67.8400,68.3600,67.7200,68.1900,0
2010-04-06,67.9900,68.3500,67.8000,67.9000,0
2010-04-07,67.8300,67.8500,66.9700,67.3400,0
2010-04-08,67.0100,68.2200,66.8500,67.8600,0
2010-04-09,68.1100,68.9800,68.0700,68.7600,0
2010-04-12,68.8000,69.0500,68.5800,68.7100,0
2010-04-13,68.4700,68.7600,68.0700,68.6600,0
2010-04-14,68.7200,68.8200,68.3600,68.6100,0
2010-04-15,68.5000,68.7200,68.1500,68.2600,0
2010-04-16,68.1200,68.7000,67.7100,67.9300,0
2010-04-19,67.7500,68.4400,67.5700,68.2300,0
2010-04-20,68.6200,69.2200,68.5000,68.9700,0
2010-04-21,69.0000,69.4300,68.5700,68.9200,0
2010-04-22,68.5200,68.7300,68.2200,68.5600,0
2010-04-23,68.5000,69.2700,68.1800,69.2400,0
2010-04-26,69.0300,69.5300,68.9300,69.2900,0
2010-04-27,69.0100,70.0000,68.2000,68.2700,0
2010-04-28,68.8700,69.5400,68.6100,69.1900,0
2010-04-29,68.4500,69.6600,68.2400,68.6600,0
2010-04-30,68.9000,69.3100,67.7300,67.7700,0
2010-05-03,68.1100,68.2200,67.1800,67.8400,0
2010-05-04,67.1500,67.2600,66.0000,66.4700,0
2010-05-05,65.9400,66.9400,65.8300,66.1700,0
2010-05-06,65.7900,66.2300,58.4600,63.8900,0
2010-05-07,64.5000,64.9200,63.2300,63.7000,0
2010-05-10,65.4200,65.7500,64.5200,65.2300,0
2010-05-11,64.6200,65.0000,64.2300,64.4600,0
2010-05-12,64.6400,65.3400,64.5000,64.9100,0
2010-05-13,64.8700,65.2700,64.3200,64.7400,0
2010-05-14,64.5000,64.7300,62.9100,63.6000,0
2010-05-17,63.7400,63.8800,62.2600,63.2700,0
2010-05-18,64.0500,64.2700,62.4200,62.7900,0
2010-05-19,62.4600,62.9400,62.0000,62.4500,0
2010-05-20,61.4700,61.6800,60.2100,60.3300,0
2010-05-21,59.1600,60.9500,59.1600,60.8800,0
2010-05-24,60.7400,61.0000,60.1300,60.1900,0
2010-05-25,58.9900,59.7800,58.4600,59.7100,0
2010-05-26,60.0800,60.4600,59.1200,59.3100,0
2010-05-27,60.5000,61.5500,60.1000,61.4600,0
2010-05-28,61.2100,61.6700,60.2800,60.4600,0
2010-06-01,60.3800,60.8600,59.1400,59.2500,0
2010-06-02,59.5100,60.8000,59.2300,60.7700,0
2010-06-03,61.2300,62.0100,60.6000,61.5600,0
2010-06-04,60.7400,61.0500,59.2900,59.5300,0
2010-06-07,59.9800,60.4100,59.2000,59.3000,0
2010-06-08,59.6200,61.4400,59.3800,61.2400,0
2010-06-09,61.5800,61.6000,59.8200,60.0300,0
2010-06-10,61.5000,62.0000,61.1600,61.8900,0
2010-06-11,61.6800,61.9200,61.1800,61.8600,0
2010-06-14,62.0600,62.4600,61.3200,61.3700,0
2010-06-15,61.8900,62.5700,61.4900,62.5100,0
2010-06-16,61.9700,62.6200,61.9000,62.5100,0
2010-06-17,62.4200,62.7000,61.9500,62.6000,0
2010-06-18,62.7800,63.3700,62.4000,63.1000,0
2010-06-21,64.1000,64.5000,62.8500,63.1300,0
2010-06-22,63.1300,63.2000,61.7900,61.9400,0
2010-06-23,61.7100,62.2600,60.9000,61.1000,0
2010-06-24,60.8200,61.2000,59.8700,60.0700,0
2010-06-25,60.1500,60.2400,59.1000,59.1000,0
2010-06-28,59.3100,59.3900,58.4700,58.4700,0
2010-06-29,58.0000,58.0900,57.0000,57.2900,0
